15|32|[ 32, 37 ]|[ [ [ 1, 1, 1, 1, 1, 1, 1, 1, 1, 1, 1, 1, 1, 1, 1, 1 ], 1 ], [ [ 1, 1, 1, 1, 1, 1, 1, 1, 2, 2, 2, 2 ], 2 ], [ [ 2, 2, 2, 2, 2, 2, 2, 2 ], 1 ], [ [ 2, 2, 2, 2, 2, 2, 2, 2 ], 2 ], [ [ 8, 8 ], 2 ], [ [ 8, 8 ], 2 ], [ [ 8, 8 ], 2 ], [ [ 8, 8 ], 2 ], [ [ 4, 4, 4, 4 ], 1 ], [ [ 4, 4, 4, 4 ], 2 ], [ [ 4, 4, 4, 4 ], 1 ], [ [ 4, 4, 4, 4 ], 2 ], [ [ 8, 8 ], 2 ], [ [ 8, 8 ], 2 ], [ [ 8, 8 ], 2 ], [ [ 8, 8 ], 2 ], [ [ 2, 2, 2, 2, 2, 2, 2, 2 ], 1 ], [ [ 2, 2, 2, 2, 2, 2, 2, 2 ], 1 ], [ [ 4, 4, 4, 4 ], 1 ], [ [ 4, 4, 4, 4 ], 1 ] ]
16|32|[ 32, 38 ]|[ [ [ 1, 1, 1, 1, 1, 1, 1, 1, 1, 1, 1, 1, 1, 1, 1, 1 ], 1 ], [ [ 1, 1, 1, 1, 1, 1, 1, 1, 2, 2, 2, 2 ], 2 ], [ [ 2, 2, 2, 2, 2, 2, 2, 2 ], 1 ], [ [ 8, 8 ], 2 ], [ [ 8, 8 ], 1 ], [ [ 8, 8 ], 1 ], [ [ 4, 4, 4, 4 ], 2 ], [ [ 4, 4, 4, 4 ], 1 ], [ [ 4, 4, 4, 4 ], 1 ], [ [ 8, 8 ], 1 ], [ [ 8, 8 ], 2 ], [ [ 8, 8 ], 1 ], [ [ 8, 8 ], 2 ], [ [ 8, 8 ], 2 ], [ [ 4, 4, 4, 4 ], 2 ], [ [ 2, 2, 2, 2, 2, 2, 2, 2 ], 2 ], [ [ 8, 8 ], 2 ], [ [ 8, 8 ], 2 ], [ [ 2, 2, 2, 2, 2, 2, 2, 2 ], 2 ], [ [ 4, 4, 4, 4 ], 2 ] ]
17|32|[ 32, 24 ]|[ [ [ 1, 1, 1, 1, 1, 1, 1, 1, 1, 1, 1, 1, 1, 1, 1, 1 ], 1 ], [ [ 1, 1, 1, 1, 1, 1, 1, 1, 2, 2, 2, 2 ], 2 ], [ [ 2, 2, 2, 2, 2, 2, 2, 2 ], 1 ], [ [ 2, 2, 2, 2, 2, 2, 2, 2 ], 2 ], [ [ 4, 4, 4, 4 ], 2 ], [ [ 4, 4, 4, 4 ], 2 ], [ [ 4, 4, 4, 4 ], 2 ], [ [ 4, 4, 4, 4 ], 2 ], [ [ 4, 4, 4, 4 ], 1 ], [ [ 4, 4, 4, 4 ], 2 ], [ [ 4, 4, 4, 4 ], 1 ], [ [ 4, 4, 4, 4 ], 2 ], [ [ 4, 4, 4, 4 ], 2 ], [ [ 4, 4, 4, 4 ], 2 ], [ [ 4, 4, 4, 4 ], 2 ], [ [ 4, 4, 4, 4 ], 2 ], [ [ 2, 2, 2, 2, 2, 2, 2, 2 ], 1 ], [ [ 2, 2, 2, 2, 2, 2, 2, 2 ], 1 ], [ [ 4, 4, 4, 4 ], 1 ], [ [ 4, 4, 4, 4 ], 1 ] ]
18|32|[ 32, 48 ]|[ [ [ 1, 1, 1, 1, 1, 1, 1, 1, 1, 1, 1, 1, 1, 1, 1, 1 ], 1 ], [ [ 1, 1, 1, 1, 1, 1, 1, 1, 2, 2, 2, 2 ], 2 ], [ [ 2, 2, 2, 2, 2, 2, 2, 2 ], 1 ], [ [ 2, 2, 2, 2, 2, 2, 2, 2 ], 2 ], [ [ 2, 2, 2, 2, 2, 2, 2, 2 ], 2 ], [ [ 4, 4, 4, 4 ], 2 ], [ [ 2, 2, 2, 2, 2, 2, 2, 2 ], 2 ], [ [ 4, 4, 4, 4 ], 2 ], [ [ 4, 4, 4, 4 ], 1 ], [ [ 4, 4, 4, 4 ], 2 ], [ [ 4, 4, 4, 4 ], 1 ], [ [ 4, 4, 4, 4 ], 2 ], [ [ 4, 4, 4, 4 ], 2 ], [ [ 2, 2, 2, 2, 2, 2, 2, 2 ], 2 ], [ [ 4, 4, 4, 4 ], 2 ], [ [ 2, 2, 2, 2, 2, 2, 2, 2 ], 2 ], [ [ 2, 2, 2, 2, 2, 2, 2, 2 ], 1 ], [ [ 2, 2, 2, 2, 2, 2, 2, 2 ], 1 ], [ [ 4, 4, 4, 4 ], 1 ], [ [ 4, 4, 4, 4 ], 1 ] ]
19|32|[ 32, 25 ]|[ [ [ 1, 1, 1, 1, 1, 1, 1, 1, 1, 1, 1, 1, 1, 1, 1, 1 ], 1 ], [ [ 1, 1, 1, 1, 1, 1, 1, 1, 2, 2, 2, 2 ], 2 ], [ [ 2, 2, 2, 2, 2, 2, 2, 2 ], 1 ], [ [ 2, 2, 2, 2, 2, 2, 2, 2 ], 2 ], [ [ 4, 4, 4, 4 ], 2 ], [ [ 4, 4, 4, 4 ], 1 ], [ [ 4, 4, 4, 4 ], 2 ], [ [ 4, 4, 4, 4 ], 1 ], [ [ 4, 4, 4, 4 ], 1 ], [ [ 4, 4, 4, 4 ], 1 ], [ [ 2, 2, 2, 2, 2, 2, 2, 2 ], 2 ], [ [ 4, 4, 4, 4 ], 2 ], [ [ 2, 2, 2, 2, 2, 2, 2, 2 ], 2 ], [ [ 4, 4, 4, 4 ], 2 ], [ [ 4, 4, 4, 4 ], 2 ], [ [ 4, 4, 4, 4 ], 2 ], [ [ 4, 4, 4, 4 ], 2 ], [ [ 4, 4, 4, 4 ], 2 ], [ [ 2, 2, 2, 2, 2, 2, 2, 2 ], 1 ], [ [ 2, 2, 2, 2, 2, 2, 2, 2 ], 1 ] ]
20|32|[ 32, 50 ]|[ [ [ 1, 1, 1, 1, 1, 1, 1, 1, 1, 1, 1, 1, 1, 1, 1, 1 ], 1 ], [ [ 1, 1, 1, 1, 1, 1, 1, 1, 2, 2, 2, 2 ], 2 ], [ [ 2, 2, 2, 2, 2, 2, 2, 2 ], 1 ], [ [ 4, 4, 4, 4 ], 2 ], [ [ 4, 4, 4, 4 ], 2 ], [ [ 4, 4, 4, 4 ], 2 ], [ [ 4, 4, 4, 4 ], 2 ], [ [ 4, 4, 4, 4 ], 2 ], [ [ 4, 4, 4, 4 ], 2 ], [ [ 2, 2, 2, 2, 2, 2, 2, 2 ], 2 ], [ [ 4, 4, 4, 4 ], 2 ], [ [ 4, 4, 4, 4 ], 2 ], [ [ 2, 2, 2, 2, 2, 2, 2, 2 ], 2 ], [ [ 2, 2, 2, 2, 2, 2, 2, 2 ], 2 ], [ [ 4, 4, 4, 4 ], 2 ], [ [ 4, 4, 4, 4 ], 2 ], [ [ 2, 2, 2, 2, 2, 2, 2, 2 ], 2 ] ]
21|32|[ 32, 22 ]|[ [ [ 1, 1, 1, 1, 1, 1, 1, 1, 1, 1, 1, 1, 1, 1, 1, 1 ], 1 ], [ [ 1, 1, 1, 1, 1, 1, 1, 1, 2, 2, 2, 2 ], 2 ], [ [ 2, 2, 2, 2, 2, 2, 2, 2 ], 1 ], [ [ 2, 2, 2, 2, 2, 2, 2, 2 ], 2 ], [ [ 2, 2, 2, 2, 2, 2, 2, 2 ], 2 ], [ [ 2, 2, 2, 2, 2, 2, 2, 2 ], 1 ], [ [ 2, 2, 2, 2, 2, 2, 2, 2 ], 2 ], [ [ 2, 2, 2, 2, 2, 2, 2, 2 ], 1 ], [ [ 2, 2, 2, 2, 2, 2, 2, 2 ], 1 ], [ [ 2, 2, 2, 2, 2, 2, 2, 2 ], 1 ], [ [ 4, 4, 4, 4 ], 2 ], [ [ 4, 4, 4, 4 ], 2 ], [ [ 4, 4, 4, 4 ], 2 ], [ [ 4, 4, 4, 4 ], 2 ], [ [ 4, 4, 4, 4 ], 2 ], [ [ 4, 4, 4, 4 ], 2 ], [ [ 4, 4, 4, 4 ], 2 ], [ [ 4, 4, 4, 4 ], 2 ], [ [ 2, 2, 2, 2, 2, 2, 2, 2 ], 1 ], [ [ 2, 2, 2, 2, 2, 2, 2, 2 ], 1 ] ]
22|32|[ 32, 17 ]|[ [ [ 1, 1, 1, 1, 1, 1, 1, 1, 1, 1, 1, 1, 1, 1, 1, 1 ], 1 ], [ [ 1, 1, 1, 1, 1, 1, 1, 1, 2, 2, 2, 2 ], 2 ], [ [ 2, 2, 2, 2, 2, 2, 2, 2 ], 1 ], [ [ 8, 8 ], 2 ], [ [ 8, 8 ], 1 ], [ [ 8, 8 ], 1 ], [ [ 4, 4, 4, 4 ], 1 ], [ [ 4, 4, 4, 4 ], 2 ], [ [ 4, 4, 4, 4 ], 1 ], [ [ 8, 8 ], 1 ], [ [ 8, 8 ], 2 ], [ [ 8, 8 ], 1 ], [ [ 16 ], 2 ], [ [ 16 ], 2 ], [ [ 16 ], 2 ], [ [ 16 ], 2 ], [ [ 16 ], 2 ], [ [ 16 ], 2 ], [ [ 16 ], 2 ], [ [ 16 ], 2 ] ]
23|32|[ 32, 49 ]|[ [ [ 1, 1, 1, 1, 1, 1, 1, 1, 1, 1, 1, 1, 1, 1, 1, 1 ], 1 ], [ [ 1, 1, 1, 1, 1, 1, 1, 1, 2, 2, 2, 2 ], 2 ], [ [ 2, 2, 2, 2, 2, 2, 2, 2 ], 2 ], [ [ 2, 2, 2, 2, 2, 2, 2, 2 ], 2 ], [ [ 2, 2, 2, 2, 2, 2, 2, 2 ], 2 ], [ [ 4, 4, 4, 4 ], 2 ], [ [ 2, 2, 2, 2, 2, 2, 2, 2 ], 2 ], [ [ 4, 4, 4, 4 ], 2 ], [ [ 2, 2, 2, 2, 2, 2, 2, 2 ], 2 ], [ [ 2, 2, 2, 2, 2, 2, 2, 2 ], 2 ], [ [ 4, 4, 4, 4 ], 2 ], [ [ 4, 4, 4, 4 ], 2 ], [ [ 2, 2, 2, 2, 2, 2, 2, 2 ], 2 ], [ [ 4, 4, 4, 4 ], 2 ], [ [ 4, 4, 4, 4 ], 2 ], [ [ 2, 2, 2, 2, 2, 2, 2, 2 ], 2 ], [ [ 2, 2, 2, 2, 2, 2, 2, 2 ], 1 ] ]
24|32|[ 32, 5 ]|[ [ [ 1, 1, 1, 1, 1, 1, 1, 1, 1, 1, 1, 1, 1, 1, 1, 1 ], 1 ], [ [ 1, 1, 1, 1, 1, 1, 1, 1, 2, 2, 2, 2 ], 2 ], [ [ 2, 2, 2, 2, 2, 2, 2, 2 ], 1 ], [ [ 2, 2, 2, 2, 2, 2, 2, 2 ], 2 ], [ [ 8, 8 ], 2 ], [ [ 8, 8 ], 2 ], [ [ 8, 8 ], 2 ], [ [ 8, 8 ], 2 ], [ [ 4, 4, 4, 4 ], 1 ], [ [ 4, 4, 4, 4 ], 2 ], [ [ 4, 4, 4, 4 ], 1 ], [ [ 4, 4, 4, 4 ], 2 ], [ [ 8, 8 ], 2 ], [ [ 8, 8 ], 2 ], [ [ 8, 8 ], 2 ], [ [ 8, 8 ], 2 ], [ [ 2, 2, 2, 2, 2, 2, 2, 2 ], 1 ], [ [ 2, 2, 2, 2, 2, 2, 2, 2 ], 1 ], [ [ 4, 4, 4, 4 ], 1 ], [ [ 4, 4, 4, 4 ], 1 ] ]
25|32|[ 32, 46 ]|[ [ [ 1, 1, 1, 1, 1, 1, 1, 1, 1, 1, 1, 1, 1, 1, 1, 1 ], 1 ], [ [ 1, 1, 1, 1, 1, 1, 1, 1, 2, 2, 2, 2 ], 2 ], [ [ 2, 2, 2, 2, 2, 2, 2, 2 ], 1 ], [ [ 2, 2, 2, 2, 2, 2, 2, 2 ], 2 ], [ [ 2, 2, 2, 2, 2, 2, 2, 2 ], 2 ], [ [ 2, 2, 2, 2, 2, 2, 2, 2 ], 1 ], [ [ 2, 2, 2, 2, 2, 2, 2, 2 ], 2 ], [ [ 2, 2, 2, 2, 2, 2, 2, 2 ], 1 ], [ [ 2, 2, 2, 2, 2, 2, 2, 2 ], 1 ], [ [ 2, 2, 2, 2, 2, 2, 2, 2 ], 1 ], [ [ 2, 2, 2, 2, 2, 2, 2, 2 ], 2 ], [ [ 4, 4, 4, 4 ], 2 ], [ [ 2, 2, 2, 2, 2, 2, 2, 2 ], 2 ], [ [ 4, 4, 4, 4 ], 2 ], [ [ 4, 4, 4, 4 ], 2 ], [ [ 2, 2, 2, 2, 2, 2, 2, 2 ], 2 ], [ [ 4, 4, 4, 4 ], 2 ], [ [ 2, 2, 2, 2, 2, 2, 2, 2 ], 2 ], [ [ 2, 2, 2, 2, 2, 2, 2, 2 ], 1 ], [ [ 2, 2, 2, 2, 2, 2, 2, 2 ], 1 ] ]
26|32|[ 32, 9 ]|[ [ [ 1, 1, 1, 1, 1, 1, 1, 1, 1, 1, 1, 1, 1, 1, 1, 1 ], 1 ], [ [ 1, 1, 1, 1, 2, 2, 2, 2, 2, 2 ], 4 ], [ [ 2, 2, 2, 2, 2, 2, 2, 2 ], 1 ], [ [ 2, 2, 2, 2, 2, 2, 2, 2 ], 4 ], [ [ 4, 4, 4, 4 ], 4 ], [ [ 8, 8 ], 2 ], [ [ 4, 4, 4, 4 ], 4 ], [ [ 8, 8 ], 2 ], [ [ 4, 4, 4, 4 ], 2 ], [ [ 4, 4, 4, 4 ], 2 ], [ [ 8, 8 ], 2 ], [ [ 8, 8 ], 2 ], [ [ 2, 2, 2, 2, 2, 2, 2, 2 ], 1 ], [ [ 2, 2, 2, 2, 2, 2, 2, 2 ], 1 ] ]
27|32|[ 32, 33 ]|[ [ [ 1, 1, 1, 1, 1, 1, 1, 1, 1, 1, 1, 1, 1, 1, 1, 1 ], 1 ], [ [ 1, 1, 1, 1, 2, 2, 2, 2, 2, 2 ], 4 ], [ [ 2, 2, 2, 2, 2, 2, 2, 2 ], 1 ], [ [ 4, 4, 4, 4 ], 4 ], [ [ 4, 4, 4, 4 ], 2 ], [ [ 4, 4, 4, 4 ], 2 ], [ [ 4, 4, 4, 4 ], 2 ], [ [ 4, 4, 4, 4 ], 4 ], [ [ 4, 4, 4, 4 ], 4 ], [ [ 4, 4, 4, 4 ], 2 ], [ [ 4, 4, 4, 4 ], 2 ], [ [ 2, 2, 2, 2, 2, 2, 2, 2 ], 1 ], [ [ 2, 2, 2, 2, 2, 2, 2, 2 ], 1 ], [ [ 4, 4, 4, 4 ], 2 ] ]
28|32|[ 32, 11 ]|[ [ [ 1, 1, 1, 1, 1, 1, 1, 1, 1, 1, 1, 1, 1, 1, 1, 1 ], 1 ], [ [ 1, 1, 1, 1, 2, 2, 2, 2, 2, 2 ], 4 ], [ [ 2, 2, 2, 2, 2, 2, 2, 2 ], 1 ], [ [ 8, 8 ], 4 ], [ [ 4, 4, 4, 4 ], 2 ], [ [ 4, 4, 4, 4 ], 2 ], [ [ 4, 4, 4, 4 ], 4 ], [ [ 4, 4, 4, 4 ], 1 ], [ [ 4, 4, 4, 4 ], 1 ], [ [ 4, 4, 4, 4 ], 2 ], [ [ 8, 8 ], 4 ], [ [ 4, 4, 4, 4 ], 2 ], [ [ 4, 4, 4, 4 ], 2 ], [ [ 2, 2, 2, 2, 2, 2, 2, 2 ], 2 ] ]
29|32|[ 32, 39 ]|[ [ [ 1, 1, 1, 1, 1, 1, 1, 1, 1, 1, 1, 1, 1, 1, 1, 1 ], 1 ], [ [ 1, 1, 1, 1, 2, 2, 2, 2, 2, 2 ], 4 ], [ [ 2, 2, 2, 2, 2, 2, 2, 2 ], 1 ], [ [ 2, 2, 2, 2, 2, 2, 2, 2 ], 4 ], [ [ 2, 2, 2, 2, 2, 2, 2, 2 ], 4 ], [ [ 8, 8 ], 2 ], [ [ 2, 2, 2, 2, 2, 2, 2, 2 ], 4 ], [ [ 8, 8 ], 2 ], [ [ 4, 4, 4, 4 ], 2 ], [ [ 4, 4, 4, 4 ], 2 ], [ [ 8, 8 ], 2 ], [ [ 8, 8 ], 2 ], [ [ 2, 2, 2, 2, 2, 2, 2, 2 ], 1 ], [ [ 2, 2, 2, 2, 2, 2, 2, 2 ], 1 ] ]
30|32|[ 32, 31 ]|[ [ [ 1, 1, 1, 1, 1, 1, 1, 1, 1, 1, 1, 1, 1, 1, 1, 1 ], 1 ], [ [ 1, 1, 1, 1, 2, 2, 2, 2, 2, 2 ], 4 ], [ [ 2, 2, 2, 2, 2, 2, 2, 2 ], 1 ], [ [ 2, 2, 2, 2, 2, 2, 2, 2 ], 4 ], [ [ 4, 4, 4, 4 ], 2 ], [ [ 4, 4, 4, 4 ], 2 ], [ [ 4, 4, 4, 4 ], 4 ], [ [ 4, 4, 4, 4 ], 2 ], [ [ 4, 4, 4, 4 ], 2 ], [ [ 4, 4, 4, 4 ], 2 ], [ [ 4, 4, 4, 4 ], 4 ], [ [ 4, 4, 4, 4 ], 2 ], [ [ 2, 2, 2, 2, 2, 2, 2, 2 ], 1 ], [ [ 2, 2, 2, 2, 2, 2, 2, 2 ], 1 ] ]
31|32|[ 32, 29 ]|[ [ [ 1, 1, 1, 1, 1, 1, 1, 1, 1, 1, 1, 1, 1, 1, 1, 1 ], 1 ], [ [ 1, 1, 1, 1, 1, 1, 1, 1, 2, 2, 2, 2 ], 2 ], [ [ 2, 2, 2, 2, 2, 2, 2, 2 ], 1 ], [ [ 2, 2, 2, 2, 2, 2, 2, 2 ], 2 ], [ [ 4, 4, 4, 4 ], 2 ], [ [ 4, 4, 4, 4 ], 2 ], [ [ 4, 4, 4, 4 ], 2 ], [ [ 4, 4, 4, 4 ], 2 ], [ [ 4, 4, 4, 4 ], 4 ], [ [ 4, 4, 4, 4 ], 4 ], [ [ 4, 4, 4, 4 ], 4 ], [ [ 4, 4, 4, 4 ], 4 ], [ [ 2, 2, 2, 2, 2, 2, 2, 2 ], 1 ], [ [ 2, 2, 2, 2, 2, 2, 2, 2 ], 1 ] ]
32|32|[ 32, 44 ]|[ [ [ 1, 1, 1, 1, 1, 1, 1, 1, 1, 1, 1, 1, 1, 1, 1, 1 ], 1 ], [ [ 1, 1, 1, 1, 2, 2, 2, 2, 2, 2 ], 4 ], [ [ 2, 2, 2, 2, 2, 2, 2, 2 ], 1 ], [ [ 4, 4, 4, 4 ], 4 ], [ [ 4, 4, 4, 4 ], 2 ], [ [ 2, 2, 2, 2, 2, 2, 2, 2 ], 2 ], [ [ 4, 4, 4, 4 ], 4 ], [ [ 8, 8 ], 4 ], [ [ 4, 4, 4, 4 ], 4 ], [ [ 8, 8 ], 4 ], [ [ 4, 4, 4, 4 ], 2 ] ]
33|32|[ 32, 6 ]|[ [ [ 1, 1, 1, 1, 1, 1, 1, 1, 1, 1, 1, 1, 1, 1, 1, 1 ], 1 ], [ [ 1, 1, 1, 1, 1, 1, 1, 1, 2, 2, 2, 2 ], 2 ], [ [ 2, 2, 2, 2, 4, 4 ], 4 ], [ [ 2, 2, 2, 2, 4, 4 ], 4 ], [ [ 2, 2, 2, 2, 2, 2, 2, 2 ], 2 ], [ [ 2, 2, 2, 2, 2, 2, 2, 2 ], 2 ], [ [ 2, 2, 2, 2, 2, 2, 2, 2 ], 1 ], [ [ 4, 4, 4, 4 ], 4 ], [ [ 4, 4, 4, 4 ], 4 ], [ [ 2, 2, 2, 2, 2, 2, 2, 2 ], 4 ], [ [ 4, 4, 4, 4 ], 4 ] ]
34|32|[ 32, 28 ]|[ [ [ 1, 1, 1, 1, 1, 1, 1, 1, 1, 1, 1, 1, 1, 1, 1, 1 ], 1 ], [ [ 1, 1, 1, 1, 2, 2, 2, 2, 2, 2 ], 4 ], [ [ 2, 2, 2, 2, 2, 2, 2, 2 ], 1 ], [ [ 2, 2, 2, 2, 2, 2, 2, 2 ], 2 ], [ [ 4, 4, 4, 4 ], 4 ], [ [ 2, 2, 2, 2, 2, 2, 2, 2 ], 2 ], [ [ 4, 4, 4, 4 ], 2 ], [ [ 2, 2, 2, 2, 2, 2, 2, 2 ], 4 ], [ [ 4, 4, 4, 4 ], 2 ], [ [ 4, 4, 4, 4 ], 2 ], [ [ 4, 4, 4, 4 ], 4 ], [ [ 4, 4, 4, 4 ], 2 ], [ [ 2, 2, 2, 2, 2, 2, 2, 2 ], 1 ], [ [ 2, 2, 2, 2, 2, 2, 2, 2 ], 1 ] ]
35|32|[ 32, 43 ]|[ [ [ 1, 1, 1, 1, 1, 1, 1, 1, 1, 1, 1, 1, 1, 1, 1, 1 ], 1 ], [ [ 1, 1, 1, 1, 1, 1, 1, 1, 2, 2, 2, 2 ], 2 ], [ [ 2, 2, 2, 2, 2, 2, 2, 2 ], 4 ], [ [ 2, 2, 2, 2, 2, 2, 2, 2 ], 4 ], [ [ 2, 2, 2, 2, 2, 2, 2, 2 ], 4 ], [ [ 4, 4, 4, 4 ], 4 ], [ [ 8, 8 ], 4 ], [ [ 8, 8 ], 4 ], [ [ 4, 4, 4, 4 ], 2 ], [ [ 4, 4, 4, 4 ], 2 ], [ [ 2, 2, 2, 2, 2, 2, 2, 2 ], 1 ] ]
36|32|[ 32, 7 ]|[ [ [ 1, 1, 1, 1, 1, 1, 1, 1, 1, 1, 1, 1, 1, 1, 1, 1 ], 1 ], [ [ 1, 1, 1, 1, 1, 1, 1, 1, 2, 2, 2, 2 ], 2 ], [ [ 2, 2, 2, 2, 2, 2, 2, 2 ], 4 ], [ [ 8, 8 ], 4 ], [ [ 8, 8 ], 4 ], [ [ 2, 2, 2, 2, 2, 2, 2, 2 ], 4 ], [ [ 4, 4, 4, 4 ], 2 ], [ [ 4, 4, 4, 4 ], 2 ], [ [ 8, 8 ], 4 ], [ [ 8, 8 ], 4 ], [ [ 2, 2, 2, 2, 2, 2, 2, 2 ], 1 ] ]
37|32|[ 32, 30 ]|[ [ [ 1, 1, 1, 1, 1, 1, 1, 1, 1, 1, 1, 1, 1, 1, 1, 1 ], 1 ], [ [ 1, 1, 1, 1, 2, 2, 2, 2, 2, 2 ], 4 ], [ [ 2, 2, 2, 2, 2, 2, 2, 2 ], 1 ], [ [ 2, 2, 2, 2, 2, 2, 2, 2 ], 2 ], [ [ 4, 4, 4, 4 ], 4 ], [ [ 2, 2, 2, 2, 2, 2, 2, 2 ], 2 ], [ [ 4, 4, 4, 4 ], 2 ], [ [ 4, 4, 4, 4 ], 4 ], [ [ 4, 4, 4, 4 ], 2 ], [ [ 4, 4, 4, 4 ], 2 ], [ [ 4, 4, 4, 4 ], 4 ], [ [ 4, 4, 4, 4 ], 2 ], [ [ 2, 2, 2, 2, 2, 2, 2, 2 ], 1 ], [ [ 2, 2, 2, 2, 2, 2, 2, 2 ], 1 ] ]
38|32|[ 32, 43 ]|[ [ [ 1, 1, 1, 1, 1, 1, 1, 1, 1, 1, 1, 1, 1, 1, 1, 1 ], 1 ], [ [ 1, 1, 1, 1, 2, 2, 2, 2, 2, 2 ], 4 ], [ [ 2, 2, 2, 2, 2, 2, 2, 2 ], 2 ], [ [ 2, 2, 2, 2, 2, 2, 2, 2 ], 4 ], [ [ 2, 2, 2, 2, 2, 2, 2, 2 ], 4 ], [ [ 8, 8 ], 4 ], [ [ 8, 8 ], 4 ], [ [ 4, 4, 4, 4 ], 4 ], [ [ 4, 4, 4, 4 ], 2 ], [ [ 4, 4, 4, 4 ], 2 ], [ [ 2, 2, 2, 2, 2, 2, 2, 2 ], 1 ] ]
39|32|[ 32, 27 ]|[ [ [ 1, 1, 1, 1, 1, 1, 1, 1, 1, 1, 1, 1, 1, 1, 1, 1 ], 1 ], [ [ 1, 1, 1, 1, 1, 1, 1, 1, 2, 2, 2, 2 ], 2 ], [ [ 2, 2, 2, 2, 2, 2, 2, 2 ], 2 ], [ [ 2, 2, 2, 2, 2, 2, 2, 2 ], 2 ], [ [ 2, 2, 2, 2, 2, 2, 2, 2 ], 2 ], [ [ 2, 2, 2, 2, 2, 2, 2, 2 ], 2 ], [ [ 2, 2, 2, 2, 2, 2, 2, 2 ], 1 ], [ [ 2, 2, 2, 2, 2, 2, 2, 2 ], 1 ], [ [ 2, 2, 2, 2, 2, 2, 2, 2 ], 2 ], [ [ 2, 2, 2, 2, 2, 2, 2, 2 ], 4 ], [ [ 4, 4, 4, 4 ], 4 ], [ [ 4, 4, 4, 4 ], 4 ], [ [ 4, 4, 4, 4 ], 4 ], [ [ 2, 2, 2, 2, 2, 2, 2, 2 ], 1 ] ]
40|32|[ 32, 8 ]|[ [ [ 1, 1, 1, 1, 1, 1, 1, 1, 1, 1, 1, 1, 1, 1, 1, 1 ], 1 ], [ [ 1, 1, 1, 1, 1, 1, 1, 1, 2, 2, 2, 2 ], 2 ], [ [ 2, 2, 2, 2, 2, 2, 2, 2 ], 1 ], [ [ 4, 4, 4, 4 ], 2 ], [ [ 4, 4, 4, 4 ], 2 ], [ [ 4, 4, 4, 4 ], 4 ], [ [ 4, 4, 4, 4 ], 4 ], [ [ 8, 8 ], 4 ], [ [ 8, 8 ], 4 ], [ [ 8, 8 ], 4 ], [ [ 8, 8 ], 4 ] ]
41|32|[ 32, 7 ]|[ [ [ 1, 1, 1, 1, 1, 1, 1, 1, 1, 1, 1, 1, 1, 1, 1, 1 ], 1 ], [ [ 1, 1, 1, 1, 2, 2, 2, 2, 2, 2 ], 4 ], [ [ 2, 2, 2, 2, 2, 2, 2, 2 ], 2 ], [ [ 8, 8 ], 4 ], [ [ 8, 8 ], 4 ], [ [ 2, 2, 2, 2, 2, 2, 2, 2 ], 4 ], [ [ 4, 4, 4, 4 ], 2 ], [ [ 4, 4, 4, 4 ], 2 ], [ [ 8, 8 ], 4 ], [ [ 8, 8 ], 4 ], [ [ 2, 2, 2, 2, 2, 2, 2, 2 ], 1 ] ]
42|32|[ 32, 11 ]|[ [ [ 1, 1, 1, 1, 1, 1, 1, 1, 1, 1, 1, 1, 1, 1, 1, 1 ], 1 ], [ [ 1, 1, 1, 1, 1, 1, 1, 1, 2, 2, 2, 2 ], 2 ], [ [ 2, 2, 2, 2, 4, 4 ], 2 ], [ [ 2, 2, 2, 2, 4, 4 ], 2 ], [ [ 2, 2, 2, 2, 4, 4 ], 2 ], [ [ 4, 4, 4, 4 ], 1 ], [ [ 4, 4, 4, 4 ], 2 ], [ [ 2, 2, 2, 2, 2, 2, 2, 2 ], 1 ], [ [ 2, 2, 2, 2, 4, 4 ], 2 ], [ [ 2, 2, 2, 2, 2, 2, 2, 2 ], 4 ], [ [ 4, 4, 4, 4 ], 4 ], [ [ 8, 8 ], 4 ], [ [ 8, 8 ], 4 ], [ [ 4, 4, 4, 4 ], 1 ] ]
43|32|[ 32, 28 ]|[ [ [ 1, 1, 1, 1, 1, 1, 1, 1, 1, 1, 1, 1, 1, 1, 1, 1 ], 1 ], [ [ 1, 1, 1, 1, 1, 1, 1, 1, 2, 2, 2, 2 ], 2 ], [ [ 2, 2, 2, 2, 2, 2, 2, 2 ], 1 ], [ [ 2, 2, 2, 2, 2, 2, 2, 2 ], 2 ], [ [ 4, 4, 4, 4 ], 2 ], [ [ 4, 4, 4, 4 ], 2 ], [ [ 4, 4, 4, 4 ], 2 ], [ [ 4, 4, 4, 4 ], 2 ], [ [ 2, 2, 2, 2, 2, 2, 2, 2 ], 4 ], [ [ 4, 4, 4, 4 ], 4 ], [ [ 4, 4, 4, 4 ], 4 ], [ [ 2, 2, 2, 2, 2, 2, 2, 2 ], 4 ], [ [ 2, 2, 2, 2, 2, 2, 2, 2 ], 1 ], [ [ 2, 2, 2, 2, 2, 2, 2, 2 ], 1 ] ]
44|32|[ 32, 42 ]|[ [ [ 1, 1, 1, 1, 1, 1, 1, 1, 1, 1, 1, 1, 1, 1, 1, 1 ], 1 ], [ [ 1, 1, 1, 1, 2, 2, 2, 2, 2, 2 ], 4 ], [ [ 2, 2, 2, 2, 2, 2, 2, 2 ], 1 ], [ [ 4, 4, 4, 4 ], 4 ], [ [ 4, 4, 4, 4 ], 1 ], [ [ 4, 4, 4, 4 ], 1 ], [ [ 2, 2, 2, 2, 2, 2, 2, 2 ], 2 ], [ [ 8, 8 ], 2 ], [ [ 2, 2, 2, 2, 2, 2, 2, 2 ], 4 ], [ [ 8, 8 ], 2 ], [ [ 8, 8 ], 2 ], [ [ 4, 4, 4, 4 ], 4 ], [ [ 8, 8 ], 2 ], [ [ 4, 4, 4, 4 ], 2 ] ]
45|32|[ 32, 43 ]|[ [ [ 1, 1, 1, 1, 1, 1, 1, 1, 1, 1, 1, 1, 1, 1, 1, 1 ], 1 ], [ [ 1, 1, 1, 1, 2, 2, 2, 2, 2, 2 ], 4 ], [ [ 2, 2, 2, 2, 2, 2, 2, 2 ], 1 ], [ [ 4, 4, 4, 4 ], 4 ], [ [ 4, 4, 4, 4 ], 2 ], [ [ 2, 2, 2, 2, 2, 2, 2, 2 ], 2 ], [ [ 8, 8 ], 4 ], [ [ 2, 2, 2, 2, 2, 2, 2, 2 ], 4 ], [ [ 8, 8 ], 4 ], [ [ 2, 2, 2, 2, 2, 2, 2, 2 ], 4 ], [ [ 4, 4, 4, 4 ], 2 ] ]
46|32|[ 32, 27 ]|[ [ [ 1, 1, 1, 1, 1, 1, 1, 1, 1, 1, 1, 1, 1, 1, 1, 1 ], 1 ], [ [ 1, 1, 1, 1, 2, 2, 2, 2, 2, 2 ], 4 ], [ [ 2, 2, 2, 2, 2, 2, 2, 2 ], 1 ], [ [ 2, 2, 2, 2, 2, 2, 2, 2 ], 2 ], [ [ 4, 4, 4, 4 ], 4 ], [ [ 2, 2, 2, 2, 2, 2, 2, 2 ], 2 ], [ [ 4, 4, 4, 4 ], 4 ], [ [ 2, 2, 2, 2, 2, 2, 2, 2 ], 2 ], [ [ 2, 2, 2, 2, 2, 2, 2, 2 ], 2 ], [ [ 4, 4, 4, 4 ], 4 ], [ [ 2, 2, 2, 2, 2, 2, 2, 2 ], 2 ], [ [ 2, 2, 2, 2, 2, 2, 2, 2 ], 2 ], [ [ 2, 2, 2, 2, 2, 2, 2, 2 ], 1 ], [ [ 2, 2, 2, 2, 2, 2, 2, 2 ], 1 ] ]
47|32|[ 32, 42 ]|[ [ [ 1, 1, 1, 1, 1, 1, 1, 1, 1, 1, 1, 1, 1, 1, 1, 1 ], 1 ], [ [ 1, 1, 1, 1, 1, 1, 1, 1, 2, 2, 2, 2 ], 2 ], [ [ 2, 2, 2, 2, 2, 2, 2, 2 ], 1 ], [ [ 8, 8 ], 2 ], [ [ 8, 8 ], 2 ], [ [ 8, 8 ], 2 ], [ [ 8, 8 ], 2 ], [ [ 4, 4, 4, 4 ], 2 ], [ [ 4, 4, 4, 4 ], 1 ], [ [ 4, 4, 4, 4 ], 1 ], [ [ 2, 2, 2, 2, 2, 2, 2, 2 ], 4 ], [ [ 4, 4, 4, 4 ], 4 ], [ [ 4, 4, 4, 4 ], 4 ], [ [ 2, 2, 2, 2, 2, 2, 2, 2 ], 4 ] ]
48|32|[ 32, 40 ]|[ [ [ 1, 1, 1, 1, 1, 1, 1, 1, 1, 1, 1, 1, 1, 1, 1, 1 ], 1 ], [ [ 1, 1, 1, 1, 2, 2, 2, 2, 2, 2 ], 4 ], [ [ 2, 2, 2, 2, 2, 2, 2, 2 ], 1 ], [ [ 2, 2, 2, 2, 2, 2, 2, 2 ], 4 ], [ [ 8, 8 ], 2 ], [ [ 4, 4, 4, 4 ], 4 ], [ [ 8, 8 ], 2 ], [ [ 4, 4, 4, 4 ], 4 ], [ [ 4, 4, 4, 4 ], 2 ], [ [ 4, 4, 4, 4 ], 2 ], [ [ 2, 2, 2, 2, 2, 2, 2, 2 ], 1 ], [ [ 2, 2, 2, 2, 2, 2, 2, 2 ], 1 ], [ [ 8, 8 ], 2 ], [ [ 8, 8 ], 2 ] ]
49|32|[ 32, 15 ]|[ [ [ 1, 1, 1, 1, 1, 1, 1, 1, 1, 1, 1, 1, 1, 1, 1, 1 ], 1 ], [ [ 1, 1, 1, 1, 1, 1, 1, 1, 2, 2, 2, 2 ], 2 ], [ [ 2, 2, 2, 2, 2, 2, 2, 2 ], 1 ], [ [ 8, 8 ], 2 ], [ [ 8, 8 ], 2 ], [ [ 8, 8 ], 2 ], [ [ 8, 8 ], 2 ], [ [ 4, 4, 4, 4 ], 2 ], [ [ 4, 4, 4, 4 ], 1 ], [ [ 4, 4, 4, 4 ], 1 ], [ [ 8, 8 ], 4 ], [ [ 8, 8 ], 4 ], [ [ 8, 8 ], 4 ], [ [ 8, 8 ], 4 ] ]
50|32|[ 32, 44 ]|[ [ [ 1, 1, 1, 1, 1, 1, 1, 1, 1, 1, 1, 1, 1, 1, 1, 1 ], 1 ], [ [ 1, 1, 1, 1, 1, 1, 1, 1, 2, 2, 2, 2 ], 2 ], [ [ 2, 2, 2, 2, 2, 2, 2, 2 ], 1 ], [ [ 4, 4, 4, 4 ], 2 ], [ [ 4, 4, 4, 4 ], 2 ], [ [ 4, 4, 4, 4 ], 4 ], [ [ 4, 4, 4, 4 ], 4 ], [ [ 8, 8 ], 4 ], [ [ 8, 8 ], 4 ], [ [ 4, 4, 4, 4 ], 4 ], [ [ 2, 2, 2, 2, 2, 2, 2, 2 ], 4 ] ]
51|32|[ 32, 34 ]|[ [ [ 1, 1, 1, 1, 1, 1, 1, 1, 1, 1, 1, 1, 1, 1, 1, 1 ], 1 ], [ [ 1, 1, 1, 1, 2, 2, 2, 2, 2, 2 ], 4 ], [ [ 2, 2, 2, 2, 2, 2, 2, 2 ], 1 ], [ [ 2, 2, 2, 2, 2, 2, 2, 2 ], 4 ], [ [ 4, 4, 4, 4 ], 2 ], [ [ 4, 4, 4, 4 ], 2 ], [ [ 4, 4, 4, 4 ], 2 ], [ [ 2, 2, 2, 2, 2, 2, 2, 2 ], 4 ], [ [ 4, 4, 4, 4 ], 2 ], [ [ 2, 2, 2, 2, 2, 2, 2, 2 ], 4 ], [ [ 4, 4, 4, 4 ], 2 ], [ [ 4, 4, 4, 4 ], 2 ], [ [ 2, 2, 2, 2, 2, 2, 2, 2 ], 1 ], [ [ 2, 2, 2, 2, 2, 2, 2, 2 ], 1 ] ]
52|32|[ 32, 6 ]|[ [ [ 1, 1, 1, 1, 1, 1, 1, 1, 1, 1, 1, 1, 1, 1, 1, 1 ], 1 ], [ [ 1, 1, 1, 1, 2, 2, 2, 2, 2, 2 ], 4 ], [ [ 2, 2, 2, 2, 2, 2, 2, 2 ], 2 ], [ [ 4, 4, 4, 4 ], 4 ], [ [ 4, 4, 4, 4 ], 4 ], [ [ 2, 2, 2, 2, 2, 2, 2, 2 ], 2 ], [ [ 4, 4, 4, 4 ], 4 ], [ [ 2, 2, 2, 2, 2, 2, 2, 2 ], 2 ], [ [ 4, 4, 4, 4 ], 4 ], [ [ 4, 4, 4, 4 ], 4 ], [ [ 2, 2, 2, 2, 2, 2, 2, 2 ], 1 ] ]
53|32|[ 32, 6 ]|[ [ [ 1, 1, 1, 1, 1, 1, 1, 1, 1, 1, 1, 1, 1, 1, 1, 1 ], 1 ], [ [ 1, 1, 1, 1, 1, 1, 1, 1, 2, 2, 2, 2 ], 2 ], [ [ 2, 2, 2, 2, 2, 2, 2, 2 ], 4 ], [ [ 4, 4, 4, 4 ], 4 ], [ [ 4, 4, 4, 4 ], 4 ], [ [ 2, 2, 2, 2, 2, 2, 2, 2 ], 2 ], [ [ 2, 2, 2, 2, 2, 2, 2, 2 ], 2 ], [ [ 4, 4, 4, 4 ], 4 ], [ [ 4, 4, 4, 4 ], 4 ], [ [ 4, 4, 4, 4 ], 4 ], [ [ 2, 2, 2, 2, 2, 2, 2, 2 ], 1 ] ]
54|32|[ 32, 30 ]|[ [ [ 1, 1, 1, 1, 1, 1, 1, 1, 1, 1, 1, 1, 1, 1, 1, 1 ], 1 ], [ [ 1, 1, 1, 1, 1, 1, 1, 1, 2, 2, 2, 2 ], 2 ], [ [ 2, 2, 2, 2, 2, 2, 2, 2 ], 1 ], [ [ 2, 2, 2, 2, 2, 2, 2, 2 ], 2 ], [ [ 2, 2, 2, 2, 2, 2, 2, 2 ], 4 ], [ [ 4, 4, 4, 4 ], 4 ], [ [ 4, 4, 4, 4 ], 2 ], [ [ 4, 4, 4, 4 ], 2 ], [ [ 4, 4, 4, 4 ], 2 ], [ [ 4, 4, 4, 4 ], 4 ], [ [ 4, 4, 4, 4 ], 4 ], [ [ 2, 2, 2, 2, 2, 2, 2, 2 ], 1 ], [ [ 2, 2, 2, 2, 2, 2, 2, 2 ], 1 ], [ [ 4, 4, 4, 4 ], 2 ] ]
55|32|[ 32, 19 ]|[ [ [ 1, 1, 1, 1, 1, 1, 1, 1, 1, 1, 1, 1, 1, 1, 1, 1 ], 1 ], [ [ 1, 1, 2, 2, 2, 2, 2, 2, 2 ], 8 ], [ [ 2, 2, 2, 2, 2, 2, 2, 2 ], 1 ], [ [ 4, 4, 4, 4 ], 8 ], [ [ 16 ], 2 ], [ [ 16 ], 2 ], [ [ 8, 8 ], 2 ], [ [ 8, 8 ], 2 ], [ [ 16 ], 2 ], [ [ 16 ], 2 ], [ [ 4, 4, 4, 4 ], 2 ] ]
56|32|[ 32, 18 ]|[ [ [ 1, 1, 1, 1, 1, 1, 1, 1, 1, 1, 1, 1, 1, 1, 1, 1 ], 1 ], [ [ 1, 1, 2, 2, 2, 2, 2, 2, 2 ], 8 ], [ [ 2, 2, 2, 2, 2, 2, 2, 2 ], 1 ], [ [ 2, 2, 2, 2, 2, 2, 2, 2 ], 8 ], [ [ 16 ], 2 ], [ [ 16 ], 2 ], [ [ 8, 8 ], 2 ], [ [ 8, 8 ], 2 ], [ [ 16 ], 2 ], [ [ 16 ], 2 ], [ [ 4, 4, 4, 4 ], 2 ] ]
67|64|[ 64, 266 ]|[ [ [ 1, 1, 1, 1, 1, 1, 1, 1, 1, 1, 1, 1, 1, 1, 1, 1 ], 1 ], [ [ 1, 1, 1, 1, 1, 1, 1, 1, 2, 2, 2, 2 ], 2 ], [ [ 1, 1, 1, 1, 1, 1, 1, 1, 2, 2, 2, 2 ], 2 ], [ [ 1, 1, 1, 1, 1, 1, 1, 1, 2, 2, 2, 2 ], 2 ], [ [ 2, 2, 2, 2, 2, 2, 2, 2 ], 1 ], [ [ 4, 4, 4, 4 ], 2 ], [ [ 4, 4, 4, 4 ], 2 ], [ [ 4, 4, 4, 4 ], 2 ], [ [ 4, 4, 4, 4 ], 1 ], [ [ 4, 4, 4, 4 ], 1 ], [ [ 2, 2, 2, 2, 2, 2, 2, 2 ], 2 ], [ [ 2, 2, 2, 2, 2, 2, 2, 2 ], 2 ], [ [ 4, 4, 4, 4 ], 2 ], [ [ 4, 4, 4, 4 ], 2 ], [ [ 2, 2, 2, 2, 2, 2, 2, 2 ], 2 ], [ [ 2, 2, 2, 2, 2, 2, 2, 2 ], 2 ], [ [ 4, 4, 4, 4 ], 2 ], [ [ 4, 4, 4, 4 ], 2 ], [ [ 2, 2, 2, 2, 2, 2, 2, 2 ], 2 ], [ [ 4, 4, 4, 4 ], 2 ], [ [ 2, 2, 2, 2, 2, 2, 2, 2 ], 2 ], [ [ 4, 4, 4, 4 ], 2 ], [ [ 2, 2, 2, 2, 2, 2, 2, 2 ], 2 ], [ [ 4, 4, 4, 4 ], 2 ], [ [ 2, 2, 2, 2, 2, 2, 2, 2 ], 2 ], [ [ 4, 4, 4, 4 ], 2 ], [ [ 4, 4, 4, 4 ], 2 ], [ [ 2, 2, 2, 2, 2, 2, 2, 2 ], 2 ], [ [ 2, 2, 2, 2, 2, 2, 2, 2 ], 2 ], [ [ 4, 4, 4, 4 ], 2 ], [ [ 2, 2, 2, 2, 2, 2, 2, 2 ], 2 ], [ [ 4, 4, 4, 4 ], 2 ], [ [ 4, 4, 4, 4 ], 2 ], [ [ 2, 2, 2, 2, 2, 2, 2, 2 ], 2 ] ]
68|64|[ 64, 199 ]|[ [ [ 1, 1, 1, 1, 1, 1, 1, 1, 1, 1, 1, 1, 1, 1, 1, 1 ], 1 ], [ [ 1, 1, 1, 1, 1, 1, 1, 1, 2, 2, 2, 2 ], 2 ], [ [ 1, 1, 1, 1, 1, 1, 1, 1, 2, 2, 2, 2 ], 2 ], [ [ 1, 1, 1, 1, 1, 1, 1, 1, 2, 2, 2, 2 ], 2 ], [ [ 2, 2, 2, 2, 2, 2, 2, 2 ], 1 ], [ [ 2, 2, 2, 2, 2, 2, 2, 2 ], 2 ], [ [ 2, 2, 2, 2, 2, 2, 2, 2 ], 2 ], [ [ 2, 2, 2, 2, 2, 2, 2, 2 ], 2 ], [ [ 4, 4, 4, 4 ], 2 ], [ [ 4, 4, 4, 4 ], 2 ], [ [ 4, 4, 4, 4 ], 2 ], [ [ 4, 4, 4, 4 ], 2 ], [ [ 4, 4, 4, 4 ], 2 ], [ [ 4, 4, 4, 4 ], 2 ], [ [ 4, 4, 4, 4 ], 2 ], [ [ 4, 4, 4, 4 ], 2 ], [ [ 4, 4, 4, 4 ], 2 ], [ [ 4, 4, 4, 4 ], 2 ], [ [ 4, 4, 4, 4 ], 2 ], [ [ 4, 4, 4, 4 ], 2 ], [ [ 4, 4, 4, 4 ], 2 ], [ [ 4, 4, 4, 4 ], 2 ], [ [ 4, 4, 4, 4 ], 2 ], [ [ 4, 4, 4, 4 ], 2 ], [ [ 2, 2, 2, 2, 2, 2, 2, 2 ], 2 ], [ [ 4, 4, 4, 4 ], 2 ], [ [ 4, 4, 4, 4 ], 2 ], [ [ 2, 2, 2, 2, 2, 2, 2, 2 ], 2 ], [ [ 2, 2, 2, 2, 2, 2, 2, 2 ], 2 ], [ [ 4, 4, 4, 4 ], 2 ], [ [ 4, 4, 4, 4 ], 2 ], [ [ 2, 2, 2, 2, 2, 2, 2, 2 ], 2 ], [ [ 2, 2, 2, 2, 2, 2, 2, 2 ], 1 ], [ [ 2, 2, 2, 2, 2, 2, 2, 2 ], 1 ] ]
69|64|[ 64, 264 ]|[ [ [ 1, 1, 1, 1, 1, 1, 1, 1, 1, 1, 1, 1, 1, 1, 1, 1 ], 1 ], [ [ 1, 1, 1, 1, 1, 1, 1, 1, 2, 2, 2, 2 ], 2 ], [ [ 1, 1, 1, 1, 1, 1, 1, 1, 2, 2, 2, 2 ], 2 ], [ [ 1, 1, 1, 1, 1, 1, 1, 1, 2, 2, 2, 2 ], 2 ], [ [ 2, 2, 2, 2, 2, 2, 2, 2 ], 1 ], [ [ 2, 2, 2, 2, 2, 2, 2, 2 ], 2 ], [ [ 2, 2, 2, 2, 2, 2, 2, 2 ], 2 ], [ [ 2, 2, 2, 2, 2, 2, 2, 2 ], 2 ], [ [ 2, 2, 2, 2, 2, 2, 2, 2 ], 2 ], [ [ 2, 2, 2, 2, 2, 2, 2, 2 ], 2 ], [ [ 4, 4, 4, 4 ], 2 ], [ [ 4, 4, 4, 4 ], 2 ], [ [ 2, 2, 2, 2, 2, 2, 2, 2 ], 2 ], [ [ 2, 2, 2, 2, 2, 2, 2, 2 ], 2 ], [ [ 4, 4, 4, 4 ], 2 ], [ [ 4, 4, 4, 4 ], 2 ], [ [ 2, 2, 2, 2, 2, 2, 2, 2 ], 2 ], [ [ 4, 4, 4, 4 ], 2 ], [ [ 2, 2, 2, 2, 2, 2, 2, 2 ], 2 ], [ [ 4, 4, 4, 4 ], 2 ], [ [ 2, 2, 2, 2, 2, 2, 2, 2 ], 2 ], [ [ 4, 4, 4, 4 ], 2 ], [ [ 2, 2, 2, 2, 2, 2, 2, 2 ], 2 ], [ [ 4, 4, 4, 4 ], 2 ], [ [ 2, 2, 2, 2, 2, 2, 2, 2 ], 2 ], [ [ 4, 4, 4, 4 ], 2 ], [ [ 4, 4, 4, 4 ], 2 ], [ [ 2, 2, 2, 2, 2, 2, 2, 2 ], 2 ], [ [ 2, 2, 2, 2, 2, 2, 2, 2 ], 2 ], [ [ 4, 4, 4, 4 ], 2 ], [ [ 4, 4, 4, 4 ], 2 ], [ [ 2, 2, 2, 2, 2, 2, 2, 2 ], 2 ], [ [ 2, 2, 2, 2, 2, 2, 2, 2 ], 1 ], [ [ 2, 2, 2, 2, 2, 2, 2, 2 ], 1 ] ]
70|64|[ 64, 249 ]|[ [ [ 1, 1, 1, 1, 1, 1, 1, 1, 1, 1, 1, 1, 1, 1, 1, 1 ], 1 ], [ [ 1, 1, 1, 1, 1, 1, 1, 1, 2, 2, 2, 2 ], 2 ], [ [ 1, 1, 1, 1, 1, 1, 1, 1, 2, 2, 2, 2 ], 2 ], [ [ 1, 1, 1, 1, 1, 1, 1, 1, 2, 2, 2, 2 ], 2 ], [ [ 2, 2, 2, 2, 2, 2, 2, 2 ], 1 ], [ [ 4, 4, 4, 4 ], 2 ], [ [ 4, 4, 4, 4 ], 2 ], [ [ 4, 4, 4, 4 ], 2 ], [ [ 4, 4, 4, 4 ], 1 ], [ [ 4, 4, 4, 4 ], 1 ], [ [ 8, 8 ], 2 ], [ [ 8, 8 ], 2 ], [ [ 8, 8 ], 2 ], [ [ 8, 8 ], 2 ], [ [ 8, 8 ], 2 ], [ [ 8, 8 ], 2 ], [ [ 8, 8 ], 2 ], [ [ 8, 8 ], 2 ], [ [ 2, 2, 2, 2, 2, 2, 2, 2 ], 2 ], [ [ 4, 4, 4, 4 ], 2 ], [ [ 2, 2, 2, 2, 2, 2, 2, 2 ], 2 ], [ [ 4, 4, 4, 4 ], 2 ], [ [ 2, 2, 2, 2, 2, 2, 2, 2 ], 2 ], [ [ 4, 4, 4, 4 ], 2 ], [ [ 2, 2, 2, 2, 2, 2, 2, 2 ], 2 ], [ [ 4, 4, 4, 4 ], 2 ], [ [ 8, 8 ], 2 ], [ [ 8, 8 ], 2 ], [ [ 8, 8 ], 2 ], [ [ 8, 8 ], 2 ], [ [ 8, 8 ], 2 ], [ [ 8, 8 ], 2 ], [ [ 8, 8 ], 2 ], [ [ 8, 8 ], 2 ] ]
71|64|[ 64, 94 ]|[ [ [ 1, 1, 1, 1, 1, 1, 1, 1, 1, 1, 1, 1, 1, 1, 1, 1 ], 1 ], [ [ 1, 1, 1, 1, 1, 1, 1, 1, 2, 2, 2, 2 ], 2 ], [ [ 1, 1, 1, 1, 1, 1, 1, 1, 2, 2, 2, 2 ], 2 ], [ [ 1, 1, 1, 1, 1, 1, 1, 1, 2, 2, 2, 2 ], 2 ], [ [ 2, 2, 2, 2, 2, 2, 2, 2 ], 1 ], [ [ 4, 4, 4, 4 ], 2 ], [ [ 4, 4, 4, 4 ], 2 ], [ [ 4, 4, 4, 4 ], 2 ], [ [ 4, 4, 4, 4 ], 1 ], [ [ 4, 4, 4, 4 ], 1 ], [ [ 8, 8 ], 4 ], [ [ 8, 8 ], 4 ], [ [ 8, 8 ], 4 ], [ [ 8, 8 ], 4 ], [ [ 2, 2, 2, 2, 2, 2, 2, 2 ], 4 ], [ [ 4, 4, 4, 4 ], 4 ], [ [ 2, 2, 2, 2, 2, 2, 2, 2 ], 4 ], [ [ 4, 4, 4, 4 ], 4 ], [ [ 8, 8 ], 4 ], [ [ 8, 8 ], 4 ], [ [ 8, 8 ], 4 ], [ [ 8, 8 ], 4 ] ]
72|64|[ 64, 92 ]|[ [ [ 1, 1, 1, 1, 1, 1, 1, 1, 1, 1, 1, 1, 1, 1, 1, 1 ], 1 ], [ [ 1, 1, 1, 1, 2, 2, 2, 2, 2, 2 ], 4 ], [ [ 1, 1, 1, 1, 2, 2, 2, 2, 2, 2 ], 4 ], [ [ 1, 1, 1, 1, 1, 1, 1, 1, 2, 2, 2, 2 ], 2 ], [ [ 2, 2, 2, 2, 2, 2, 2, 2 ], 1 ], [ [ 2, 2, 2, 2, 2, 2, 2, 2 ], 2 ], [ [ 8, 8 ], 4 ], [ [ 8, 8 ], 4 ], [ [ 8, 8 ], 4 ], [ [ 8, 8 ], 4 ], [ [ 4, 4, 4, 4 ], 2 ], [ [ 2, 2, 2, 2, 2, 2, 2, 2 ], 4 ], [ [ 4, 4, 4, 4 ], 2 ], [ [ 2, 2, 2, 2, 2, 2, 2, 2 ], 4 ], [ [ 4, 4, 4, 4 ], 2 ], [ [ 4, 4, 4, 4 ], 2 ], [ [ 8, 8 ], 4 ], [ [ 8, 8 ], 4 ], [ [ 8, 8 ], 4 ], [ [ 8, 8 ], 4 ], [ [ 2, 2, 2, 2, 2, 2, 2, 2 ], 1 ], [ [ 2, 2, 2, 2, 2, 2, 2, 2 ], 1 ] ]
73|64|[ 64, 216 ]|[ [ [ 1, 1, 1, 1, 1, 1, 1, 1, 1, 1, 1, 1, 1, 1, 1, 1 ], 1 ], [ [ 1, 1, 1, 1, 2, 2, 2, 2, 2, 2 ], 4 ], [ [ 1, 1, 1, 1, 1, 1, 1, 1, 2, 2, 2, 2 ], 2 ], [ [ 1, 1, 1, 1, 2, 2, 2, 2, 2, 2 ], 4 ], [ [ 2, 2, 2, 2, 2, 2, 2, 2 ], 1 ], [ [ 2, 2, 2, 2, 2, 2, 2, 2 ], 2 ], [ [ 2, 2, 2, 2, 2, 2, 2, 2 ], 4 ], [ [ 4, 4, 4, 4 ], 4 ], [ [ 4, 4, 4, 4 ], 4 ], [ [ 4, 4, 4, 4 ], 4 ], [ [ 4, 4, 4, 4 ], 4 ], [ [ 2, 2, 2, 2, 2, 2, 2, 2 ], 4 ], [ [ 4, 4, 4, 4 ], 4 ], [ [ 4, 4, 4, 4 ], 4 ], [ [ 2, 2, 2, 2, 2, 2, 2, 2 ], 4 ], [ [ 4, 4, 4, 4 ], 2 ], [ [ 4, 4, 4, 4 ], 2 ], [ [ 2, 2, 2, 2, 2, 2, 2, 2 ], 4 ], [ [ 4, 4, 4, 4 ], 2 ], [ [ 4, 4, 4, 4 ], 2 ], [ [ 2, 2, 2, 2, 2, 2, 2, 2 ], 1 ], [ [ 2, 2, 2, 2, 2, 2, 2, 2 ], 1 ] ]
74|64|[ 64, 18 ]|[ [ [ 1, 1, 1, 1, 1, 1, 1, 1, 1, 1, 1, 1, 1, 1, 1, 1 ], 1 ], [ [ 1, 1, 1, 1, 1, 1, 1, 1, 2, 2, 2, 2 ], 2 ], [ [ 1, 1, 1, 1, 2, 2, 4, 4 ], 4 ], [ [ 1, 1, 1, 1, 2, 2, 4, 4 ], 4 ], [ [ 2, 2, 2, 2, 2, 2, 2, 2 ], 1 ], [ [ 2, 2, 2, 2, 4, 4 ], 4 ], [ [ 2, 2, 2, 2, 4, 4 ], 4 ], [ [ 4, 4, 4, 4 ], 2 ], [ [ 4, 4, 4, 4 ], 2 ], [ [ 4, 4, 4, 4 ], 2 ], [ [ 4, 4, 4, 4 ], 1 ], [ [ 4, 4, 4, 4 ], 1 ], [ [ 2, 2, 2, 2, 2, 2, 2, 2 ], 2 ], [ [ 2, 2, 2, 2, 2, 2, 2, 2 ], 2 ], [ [ 4, 4, 4, 4 ], 4 ], [ [ 4, 4, 4, 4 ], 4 ], [ [ 8, 8 ], 4 ], [ [ 8, 8 ], 4 ], [ [ 4, 4, 4, 4 ], 4 ], [ [ 4, 4, 4, 4 ], 4 ], [ [ 8, 8 ], 4 ], [ [ 8, 8 ], 4 ] ]
75|64|[ 64, 99 ]|[ [ [ 1, 1, 1, 1, 1, 1, 1, 1, 1, 1, 1, 1, 1, 1, 1, 1 ], 1 ], [ [ 1, 1, 1, 1, 2, 2, 2, 2, 2, 2 ], 4 ], [ [ 1, 1, 1, 1, 1, 1, 1, 1, 2, 2, 2, 2 ], 2 ], [ [ 1, 1, 1, 1, 2, 2, 2, 2, 2, 2 ], 4 ], [ [ 2, 2, 2, 2, 2, 2, 2, 2 ], 1 ], [ [ 2, 2, 2, 2, 2, 2, 2, 2 ], 4 ], [ [ 2, 2, 2, 2, 2, 2, 2, 2 ], 2 ], [ [ 2, 2, 2, 2, 2, 2, 2, 2 ], 4 ], [ [ 4, 4, 4, 4 ], 4 ], [ [ 8, 8 ], 4 ], [ [ 4, 4, 4, 4 ], 4 ], [ [ 8, 8 ], 4 ], [ [ 4, 4, 4, 4 ], 4 ], [ [ 8, 8 ], 4 ], [ [ 4, 4, 4, 4 ], 4 ], [ [ 8, 8 ], 4 ], [ [ 4, 4, 4, 4 ], 2 ], [ [ 4, 4, 4, 4 ], 2 ], [ [ 4, 4, 4, 4 ], 2 ], [ [ 4, 4, 4, 4 ], 2 ], [ [ 2, 2, 2, 2, 2, 2, 2, 2 ], 1 ], [ [ 2, 2, 2, 2, 2, 2, 2, 2 ], 1 ] ]
76|64|[ 64, 90 ]|[ [ [ 1, 1, 1, 1, 1, 1, 1, 1, 1, 1, 1, 1, 1, 1, 1, 1 ], 1 ], [ [ 1, 1, 1, 1, 1, 1, 1, 1, 2, 2, 2, 2 ], 2 ], [ [ 1, 1, 1, 1, 2, 2, 4, 4 ], 4 ], [ [ 1, 1, 1, 1, 2, 2, 4, 4 ], 4 ], [ [ 2, 2, 2, 2, 2, 2, 2, 2 ], 1 ], [ [ 2, 2, 2, 2, 2, 2, 2, 2 ], 2 ], [ [ 2, 2, 2, 2, 4, 4 ], 4 ], [ [ 2, 2, 2, 2, 4, 4 ], 4 ], [ [ 2, 2, 2, 2, 2, 2, 2, 2 ], 2 ], [ [ 2, 2, 2, 2, 2, 2, 2, 2 ], 2 ], [ [ 2, 2, 2, 2, 2, 2, 2, 2 ], 2 ], [ [ 2, 2, 2, 2, 2, 2, 2, 2 ], 2 ], [ [ 2, 2, 2, 2, 2, 2, 2, 2 ], 1 ], [ [ 2, 2, 2, 2, 2, 2, 2, 2 ], 1 ], [ [ 4, 4, 4, 4 ], 4 ], [ [ 4, 4, 4, 4 ], 4 ], [ [ 2, 2, 2, 2, 2, 2, 2, 2 ], 4 ], [ [ 4, 4, 4, 4 ], 4 ], [ [ 4, 4, 4, 4 ], 4 ], [ [ 4, 4, 4, 4 ], 4 ], [ [ 2, 2, 2, 2, 2, 2, 2, 2 ], 4 ], [ [ 4, 4, 4, 4 ], 4 ] ]
77|64|[ 64, 23 ]|[ [ [ 1, 1, 1, 1, 1, 1, 1, 1, 1, 1, 1, 1, 1, 1, 1, 1 ], 1 ], [ [ 1, 1, 1, 1, 1, 1, 1, 1, 2, 2, 2, 2 ], 2 ], [ [ 1, 1, 1, 1, 1, 1, 1, 1, 2, 2, 2, 2 ], 2 ], [ [ 1, 1, 1, 1, 1, 1, 1, 1, 2, 2, 2, 2 ], 2 ], [ [ 2, 2, 2, 2, 2, 2, 2, 2 ], 1 ], [ [ 2, 2, 2, 2, 2, 2, 2, 2 ], 2 ], [ [ 2, 2, 2, 2, 2, 2, 2, 2 ], 2 ], [ [ 2, 2, 2, 2, 2, 2, 2, 2 ], 2 ], [ [ 4, 4, 4, 4 ], 4 ], [ [ 4, 4, 4, 4 ], 4 ], [ [ 4, 4, 4, 4 ], 4 ], [ [ 4, 4, 4, 4 ], 4 ], [ [ 4, 4, 4, 4 ], 4 ], [ [ 4, 4, 4, 4 ], 4 ], [ [ 4, 4, 4, 4 ], 4 ], [ [ 4, 4, 4, 4 ], 4 ], [ [ 4, 4, 4, 4 ], 4 ], [ [ 4, 4, 4, 4 ], 4 ], [ [ 4, 4, 4, 4 ], 4 ], [ [ 4, 4, 4, 4 ], 4 ], [ [ 2, 2, 2, 2, 2, 2, 2, 2 ], 1 ], [ [ 2, 2, 2, 2, 2, 2, 2, 2 ], 1 ] ]
78|64|[ 64, 90 ]|[ [ [ 1, 1, 1, 1, 1, 1, 1, 1, 1, 1, 1, 1, 1, 1, 1, 1 ], 1 ], [ [ 1, 1, 1, 1, 1, 1, 1, 1, 2, 2, 2, 2 ], 2 ], [ [ 1, 1, 1, 1, 1, 1, 1, 1, 2, 2, 2, 2 ], 2 ], [ [ 1, 1, 1, 1, 1, 1, 1, 1, 2, 2, 2, 2 ], 2 ], [ [ 2, 2, 2, 2, 2, 2, 2, 2 ], 1 ], [ [ 2, 2, 2, 2, 2, 2, 2, 2 ], 2 ], [ [ 2, 2, 2, 2, 2, 2, 2, 2 ], 2 ], [ [ 2, 2, 2, 2, 2, 2, 2, 2 ], 2 ], [ [ 4, 4, 4, 4 ], 4 ], [ [ 4, 4, 4, 4 ], 4 ], [ [ 4, 4, 4, 4 ], 4 ], [ [ 4, 4, 4, 4 ], 4 ], [ [ 2, 2, 2, 2, 2, 2, 2, 2 ], 4 ], [ [ 4, 4, 4, 4 ], 4 ], [ [ 2, 2, 2, 2, 2, 2, 2, 2 ], 4 ], [ [ 4, 4, 4, 4 ], 4 ], [ [ 4, 4, 4, 4 ], 4 ], [ [ 4, 4, 4, 4 ], 4 ], [ [ 4, 4, 4, 4 ], 4 ], [ [ 4, 4, 4, 4 ], 4 ], [ [ 2, 2, 2, 2, 2, 2, 2, 2 ], 1 ], [ [ 2, 2, 2, 2, 2, 2, 2, 2 ], 1 ] ]
79|64|[ 64, 60 ]|[ [ [ 1, 1, 1, 1, 1, 1, 1, 1, 1, 1, 1, 1, 1, 1, 1, 1 ], 1 ], [ [ 1, 1, 1, 1, 1, 1, 1, 1, 2, 2, 2, 2 ], 2 ], [ [ 1, 1, 1, 1, 1, 1, 1, 1, 2, 2, 2, 2 ], 2 ], [ [ 1, 1, 1, 1, 1, 1, 1, 1, 2, 2, 2, 2 ], 2 ], [ [ 2, 2, 2, 2, 2, 2, 2, 2 ], 1 ], [ [ 2, 2, 2, 2, 2, 2, 2, 2 ], 2 ], [ [ 2, 2, 2, 2, 2, 2, 2, 2 ], 2 ], [ [ 2, 2, 2, 2, 2, 2, 2, 2 ], 2 ], [ [ 2, 2, 2, 2, 2, 2, 2, 2 ], 2 ], [ [ 2, 2, 2, 2, 2, 2, 2, 2 ], 2 ], [ [ 2, 2, 2, 2, 2, 2, 2, 2 ], 1 ], [ [ 2, 2, 2, 2, 2, 2, 2, 2 ], 2 ], [ [ 2, 2, 2, 2, 2, 2, 2, 2 ], 2 ], [ [ 2, 2, 2, 2, 2, 2, 2, 2 ], 1 ], [ [ 2, 2, 2, 2, 2, 2, 2, 2 ], 2 ], [ [ 2, 2, 2, 2, 2, 2, 2, 2 ], 1 ], [ [ 2, 2, 2, 2, 2, 2, 2, 2 ], 2 ], [ [ 2, 2, 2, 2, 2, 2, 2, 2 ], 1 ], [ [ 4, 4, 4, 4 ], 4 ], [ [ 4, 4, 4, 4 ], 4 ], [ [ 4, 4, 4, 4 ], 4 ], [ [ 4, 4, 4, 4 ], 4 ], [ [ 4, 4, 4, 4 ], 4 ], [ [ 4, 4, 4, 4 ], 4 ], [ [ 4, 4, 4, 4 ], 4 ], [ [ 4, 4, 4, 4 ], 4 ], [ [ 2, 2, 2, 2, 2, 2, 2, 2 ], 1 ], [ [ 2, 2, 2, 2, 2, 2, 2, 2 ], 1 ] ]
80|64|[ 64, 257 ]|[ [ [ 1, 1, 1, 1, 1, 1, 1, 1, 1, 1, 1, 1, 1, 1, 1, 1 ], 1 ], [ [ 1, 1, 1, 1, 1, 1, 1, 1, 2, 2, 2, 2 ], 2 ], [ [ 1, 1, 1, 1, 2, 2, 2, 2, 2, 2 ], 4 ], [ [ 1, 1, 1, 1, 2, 2, 2, 2, 2, 2 ], 4 ], [ [ 2, 2, 2, 2, 2, 2, 2, 2 ], 1 ], [ [ 2, 2, 2, 2, 2, 2, 2, 2 ], 4 ], [ [ 2, 2, 2, 2, 2, 2, 2, 2 ], 4 ], [ [ 8, 8 ], 2 ], [ [ 8, 8 ], 4 ], [ [ 8, 8 ], 2 ], [ [ 4, 4, 4, 4 ], 2 ], [ [ 4, 4, 4, 4 ], 2 ], [ [ 2, 2, 2, 2, 2, 2, 2, 2 ], 4 ], [ [ 4, 4, 4, 4 ], 4 ], [ [ 2, 2, 2, 2, 2, 2, 2, 2 ], 2 ], [ [ 4, 4, 4, 4 ], 2 ], [ [ 4, 4, 4, 4 ], 2 ], [ [ 2, 2, 2, 2, 2, 2, 2, 2 ], 2 ], [ [ 8, 8 ], 4 ], [ [ 8, 8 ], 4 ], [ [ 4, 4, 4, 4 ], 4 ], [ [ 2, 2, 2, 2, 2, 2, 2, 2 ], 4 ] ]
81|64|[ 64, 232 ]|[ [ [ 1, 1, 1, 1, 1, 1, 1, 1, 1, 1, 1, 1, 1, 1, 1, 1 ], 1 ], [ [ 1, 1, 1, 1, 1, 1, 1, 1, 2, 2, 2, 2 ], 2 ], [ [ 1, 1, 1, 1, 1, 1, 1, 1, 2, 2, 2, 2 ], 2 ], [ [ 1, 1, 1, 1, 2, 2, 2, 2, 2, 2 ], 4 ], [ [ 2, 2, 2, 2, 2, 2, 2, 2 ], 1 ], [ [ 2, 2, 2, 2, 2, 2, 2, 2 ], 2 ], [ [ 2, 2, 2, 2, 2, 2, 2, 2 ], 2 ], [ [ 4, 4, 4, 4 ], 4 ], [ [ 4, 4, 4, 4 ], 2 ], [ [ 4, 4, 4, 4 ], 4 ], [ [ 4, 4, 4, 4 ], 2 ], [ [ 4, 4, 4, 4 ], 2 ], [ [ 4, 4, 4, 4 ], 2 ], [ [ 4, 4, 4, 4 ], 4 ], [ [ 4, 4, 4, 4 ], 4 ], [ [ 4, 4, 4, 4 ], 2 ], [ [ 4, 4, 4, 4 ], 2 ], [ [ 4, 4, 4, 4 ], 2 ], [ [ 4, 4, 4, 4 ], 2 ], [ [ 4, 4, 4, 4 ], 4 ], [ [ 4, 4, 4, 4 ], 4 ], [ [ 4, 4, 4, 4 ], 4 ], [ [ 2, 2, 2, 2, 2, 2, 2, 2 ], 4 ], [ [ 2, 2, 2, 2, 2, 2, 2, 2 ], 1 ], [ [ 2, 2, 2, 2, 2, 2, 2, 2 ], 1 ] ]
82|64|[ 64, 219 ]|[ [ [ 1, 1, 1, 1, 1, 1, 1, 1, 1, 1, 1, 1, 1, 1, 1, 1 ], 1 ], [ [ 1, 1, 1, 1, 2, 2, 2, 2, 2, 2 ], 4 ], [ [ 1, 1, 1, 1, 1, 1, 1, 1, 2, 2, 2, 2 ], 2 ], [ [ 1, 1, 1, 1, 2, 2, 2, 2, 2, 2 ], 4 ], [ [ 2, 2, 2, 2, 2, 2, 2, 2 ], 1 ], [ [ 2, 2, 2, 2, 2, 2, 2, 2 ], 2 ], [ [ 2, 2, 2, 2, 2, 2, 2, 2 ], 4 ], [ [ 4, 4, 4, 4 ], 4 ], [ [ 4, 4, 4, 4 ], 4 ], [ [ 4, 4, 4, 4 ], 4 ], [ [ 4, 4, 4, 4 ], 2 ], [ [ 4, 4, 4, 4 ], 4 ], [ [ 4, 4, 4, 4 ], 4 ], [ [ 4, 4, 4, 4 ], 2 ], [ [ 4, 4, 4, 4 ], 2 ], [ [ 4, 4, 4, 4 ], 2 ], [ [ 4, 4, 4, 4 ], 4 ], [ [ 4, 4, 4, 4 ], 4 ], [ [ 2, 2, 2, 2, 2, 2, 2, 2 ], 4 ], [ [ 4, 4, 4, 4 ], 4 ], [ [ 2, 2, 2, 2, 2, 2, 2, 2 ], 1 ], [ [ 2, 2, 2, 2, 2, 2, 2, 2 ], 1 ] ]
83|64|[ 64, 241 ]|[ [ [ 1, 1, 1, 1, 1, 1, 1, 1, 1, 1, 1, 1, 1, 1, 1, 1 ], 1 ], [ [ 1, 1, 1, 1, 2, 2, 2, 2, 2, 2 ], 4 ], [ [ 1, 1, 1, 1, 2, 2, 2, 2, 2, 2 ], 4 ], [ [ 1, 1, 1, 1, 2, 2, 2, 2, 2, 2 ], 4 ], [ [ 2, 2, 2, 2, 2, 2, 2, 2 ], 1 ], [ [ 2, 2, 2, 2, 2, 2, 2, 2 ], 4 ], [ [ 4, 4, 4, 4 ], 4 ], [ [ 4, 4, 4, 4 ], 4 ], [ [ 4, 4, 4, 4 ], 4 ], [ [ 4, 4, 4, 4 ], 4 ], [ [ 2, 2, 2, 2, 2, 2, 2, 2 ], 4 ], [ [ 4, 4, 4, 4 ], 4 ], [ [ 4, 4, 4, 4 ], 4 ], [ [ 4, 4, 4, 4 ], 4 ], [ [ 4, 4, 4, 4 ], 4 ], [ [ 4, 4, 4, 4 ], 4 ], [ [ 2, 2, 2, 2, 2, 2, 2, 2 ], 4 ], [ [ 2, 2, 2, 2, 2, 2, 2, 2 ], 1 ], [ [ 2, 2, 2, 2, 2, 2, 2, 2 ], 1 ] ]
84|64|[ 64, 4 ]|[ [ [ 1, 1, 1, 1, 1, 1, 1, 1, 1, 1, 1, 1, 1, 1, 1, 1 ], 1 ], [ [ 1, 1, 1, 1, 2, 2, 2, 2, 2, 2 ], 4 ], [ [ 1, 1, 1, 1, 1, 1, 1, 1, 2, 2, 2, 2 ], 2 ], [ [ 1, 1, 1, 1, 2, 2, 2, 2, 2, 2 ], 4 ], [ [ 2, 2, 2, 2, 2, 2, 2, 2 ], 1 ], [ [ 2, 2, 2, 2, 2, 2, 2, 2 ], 2 ], [ [ 8, 8 ], 4 ], [ [ 8, 8 ], 4 ], [ [ 8, 8 ], 4 ], [ [ 8, 8 ], 4 ], [ [ 4, 4, 4, 4 ], 2 ], [ [ 4, 4, 4, 4 ], 4 ], [ [ 4, 4, 4, 4 ], 4 ], [ [ 4, 4, 4, 4 ], 2 ], [ [ 4, 4, 4, 4 ], 2 ], [ [ 4, 4, 4, 4 ], 2 ], [ [ 8, 8 ], 4 ], [ [ 8, 8 ], 4 ], [ [ 8, 8 ], 4 ], [ [ 8, 8 ], 4 ], [ [ 2, 2, 2, 2, 2, 2, 2, 2 ], 1 ], [ [ 2, 2, 2, 2, 2, 2, 2, 2 ], 1 ] ]
85|64|[ 64, 4 ]|[ [ [ 1, 1, 1, 1, 1, 1, 1, 1, 1, 1, 1, 1, 1, 1, 1, 1 ], 1 ], [ [ 1, 1, 1, 1, 1, 1, 1, 1, 2, 2, 2, 2 ], 4 ], [ [ 1, 1, 1, 1, 1, 1, 1, 1, 2, 2, 2, 2 ], 2 ], [ [ 2, 2, 2, 2, 2, 2, 2, 2 ], 1 ], [ [ 2, 2, 2, 2, 2, 2, 2, 2 ], 4 ], [ [ 2, 2, 2, 2, 2, 2, 2, 2 ], 2 ], [ [ 8, 8 ], 4 ], [ [ 8, 8 ], 4 ], [ [ 8, 8 ], 4 ], [ [ 8, 8 ], 4 ], [ [ 4, 4, 4, 4 ], 4 ], [ [ 4, 4, 4, 4 ], 2 ], [ [ 4, 4, 4, 4 ], 2 ], [ [ 4, 4, 4, 4 ], 4 ], [ [ 4, 4, 4, 4 ], 2 ], [ [ 4, 4, 4, 4 ], 2 ], [ [ 8, 8 ], 4 ], [ [ 8, 8 ], 4 ], [ [ 8, 8 ], 4 ], [ [ 8, 8 ], 4 ], [ [ 2, 2, 2, 2, 2, 2, 2, 2 ], 1 ], [ [ 2, 2, 2, 2, 2, 2, 2, 2 ], 1 ] ]
86|64|[ 64, 94 ]|[ [ [ 1, 1, 1, 1, 1, 1, 1, 1, 1, 1, 1, 1, 1, 1, 1, 1 ], 1 ], [ [ 1, 1, 1, 1, 1, 1, 1, 1, 2, 2, 2, 2 ], 4 ], [ [ 1, 1, 1, 1, 1, 1, 1, 1, 2, 2, 2, 2 ], 2 ], [ [ 2, 2, 2, 2, 2, 2, 2, 2 ], 1 ], [ [ 4, 4, 4, 4 ], 4 ], [ [ 4, 4, 4, 4 ], 1 ], [ [ 4, 4, 4, 4 ], 2 ], [ [ 4, 4, 4, 4 ], 1 ], [ [ 8, 8 ], 4 ], [ [ 8, 8 ], 4 ], [ [ 8, 8 ], 4 ], [ [ 8, 8 ], 4 ], [ [ 2, 2, 2, 2, 2, 2, 2, 2 ], 4 ], [ [ 4, 4, 4, 4 ], 2 ], [ [ 4, 4, 4, 4 ], 2 ], [ [ 2, 2, 2, 2, 2, 2, 2, 2 ], 2 ], [ [ 4, 4, 4, 4 ], 4 ], [ [ 2, 2, 2, 2, 2, 2, 2, 2 ], 2 ], [ [ 8, 8 ], 4 ], [ [ 8, 8 ], 4 ], [ [ 8, 8 ], 4 ], [ [ 8, 8 ], 4 ] ]
87|64|[ 64, 215 ]|[ [ [ 1, 1, 1, 1, 1, 1, 1, 1, 1, 1, 1, 1, 1, 1, 1, 1 ], 1 ], [ [ 1, 1, 1, 1, 2, 2, 2, 2, 2, 2 ], 4 ], [ [ 1, 1, 1, 1, 1, 1, 1, 1, 2, 2, 2, 2 ], 2 ], [ [ 1, 1, 1, 1, 2, 2, 2, 2, 2, 2 ], 4 ], [ [ 2, 2, 2, 2, 2, 2, 2, 2 ], 1 ], [ [ 2, 2, 2, 2, 2, 2, 2, 2 ], 2 ], [ [ 2, 2, 2, 2, 2, 2, 2, 2 ], 4 ], [ [ 4, 4, 4, 4 ], 4 ], [ [ 4, 4, 4, 4 ], 4 ], [ [ 4, 4, 4, 4 ], 4 ], [ [ 4, 4, 4, 4 ], 4 ], [ [ 2, 2, 2, 2, 2, 2, 2, 2 ], 4 ], [ [ 4, 4, 4, 4 ], 4 ], [ [ 4, 4, 4, 4 ], 4 ], [ [ 4, 4, 4, 4 ], 4 ], [ [ 2, 2, 2, 2, 2, 2, 2, 2 ], 2 ], [ [ 2, 2, 2, 2, 2, 2, 2, 2 ], 2 ], [ [ 4, 4, 4, 4 ], 4 ], [ [ 2, 2, 2, 2, 2, 2, 2, 2 ], 2 ], [ [ 2, 2, 2, 2, 2, 2, 2, 2 ], 2 ], [ [ 2, 2, 2, 2, 2, 2, 2, 2 ], 1 ], [ [ 2, 2, 2, 2, 2, 2, 2, 2 ], 1 ] ]
88|64|[ 64, 23 ]|[ [ [ 1, 1, 1, 1, 1, 1, 1, 1, 1, 1, 1, 1, 1, 1, 1, 1 ], 1 ], [ [ 1, 1, 1, 1, 1, 1, 1, 1, 2, 2, 2, 2 ], 2 ], [ [ 1, 1, 1, 1, 1, 1, 1, 1, 2, 2, 2, 2 ], 2 ], [ [ 1, 1, 1, 1, 1, 1, 1, 1, 2, 2, 2, 2 ], 2 ], [ [ 2, 2, 2, 2, 2, 2, 2, 2 ], 1 ], [ [ 2, 2, 2, 2, 2, 2, 2, 2 ], 2 ], [ [ 2, 2, 2, 2, 2, 2, 2, 2 ], 2 ], [ [ 2, 2, 2, 2, 2, 2, 2, 2 ], 2 ], [ [ 2, 2, 2, 2, 4, 4 ], 4 ], [ [ 2, 2, 2, 2, 4, 4 ], 4 ], [ [ 2, 2, 2, 2, 4, 4 ], 4 ], [ [ 2, 2, 2, 2, 4, 4 ], 4 ], [ [ 4, 4, 4, 4 ], 4 ], [ [ 4, 4, 4, 4 ], 4 ], [ [ 4, 4, 4, 4 ], 4 ], [ [ 4, 4, 4, 4 ], 4 ], [ [ 4, 4, 4, 4 ], 4 ], [ [ 4, 4, 4, 4 ], 4 ], [ [ 4, 4, 4, 4 ], 4 ], [ [ 4, 4, 4, 4 ], 4 ], [ [ 2, 2, 2, 2, 2, 2, 2, 2 ], 1 ], [ [ 2, 2, 2, 2, 2, 2, 2, 2 ], 1 ] ]
89|64|[ 64, 254 ]|[ [ [ 1, 1, 1, 1, 1, 1, 1, 1, 1, 1, 1, 1, 1, 1, 1, 1 ], 1 ], [ [ 1, 1, 1, 1, 2, 2, 2, 2, 2, 2 ], 4 ], [ [ 1, 1, 1, 1, 1, 1, 1, 1, 2, 2, 2, 2 ], 2 ], [ [ 1, 1, 1, 1, 2, 2, 2, 2, 2, 2 ], 4 ], [ [ 2, 2, 2, 2, 2, 2, 2, 2 ], 1 ], [ [ 2, 2, 2, 2, 2, 2, 2, 2 ], 4 ], [ [ 2, 2, 2, 2, 2, 2, 2, 2 ], 2 ], [ [ 2, 2, 2, 2, 2, 2, 2, 2 ], 4 ], [ [ 2, 2, 2, 2, 2, 2, 2, 2 ], 4 ], [ [ 8, 8 ], 4 ], [ [ 4, 4, 4, 4 ], 4 ], [ [ 8, 8 ], 4 ], [ [ 2, 2, 2, 2, 2, 2, 2, 2 ], 4 ], [ [ 8, 8 ], 4 ], [ [ 4, 4, 4, 4 ], 4 ], [ [ 8, 8 ], 4 ], [ [ 4, 4, 4, 4 ], 2 ], [ [ 4, 4, 4, 4 ], 2 ], [ [ 4, 4, 4, 4 ], 2 ], [ [ 4, 4, 4, 4 ], 2 ], [ [ 2, 2, 2, 2, 2, 2, 2, 2 ], 1 ], [ [ 2, 2, 2, 2, 2, 2, 2, 2 ], 1 ] ]
90|64|[ 64, 25 ]|[ [ [ 1, 1, 1, 1, 1, 1, 1, 1, 1, 1, 1, 1, 1, 1, 1, 1 ], 1 ], [ [ 1, 1, 1, 1, 1, 1, 1, 1, 2, 2, 2, 2 ], 2 ], [ [ 1, 1, 1, 1, 1, 1, 1, 1, 2, 2, 2, 2 ], 2 ], [ [ 1, 1, 1, 1, 1, 1, 1, 1, 2, 2, 2, 2 ], 2 ], [ [ 2, 2, 2, 2, 2, 2, 2, 2 ], 1 ], [ [ 4, 4, 4, 4 ], 2 ], [ [ 4, 4, 4, 4 ], 2 ], [ [ 4, 4, 4, 4 ], 2 ], [ [ 4, 4, 4, 4 ], 1 ], [ [ 4, 4, 4, 4 ], 1 ], [ [ 8, 8 ], 4 ], [ [ 8, 8 ], 4 ], [ [ 8, 8 ], 4 ], [ [ 8, 8 ], 4 ], [ [ 2, 2, 2, 2, 4, 4 ], 4 ], [ [ 2, 2, 2, 2, 4, 4 ], 4 ], [ [ 2, 2, 2, 2, 4, 4 ], 4 ], [ [ 2, 2, 2, 2, 4, 4 ], 4 ], [ [ 8, 8 ], 4 ], [ [ 8, 8 ], 4 ], [ [ 8, 8 ], 4 ], [ [ 8, 8 ], 4 ] ]
91|64|[ 64, 23 ]|[ [ [ 1, 1, 1, 1, 1, 1, 1, 1, 1, 1, 1, 1, 1, 1, 1, 1 ], 1 ], [ [ 1, 1, 1, 1, 1, 1, 1, 1, 2, 2, 2, 2 ], 2 ], [ [ 1, 1, 1, 1, 1, 1, 1, 1, 2, 2, 2, 2 ], 2 ], [ [ 1, 1, 1, 1, 1, 1, 1, 1, 2, 2, 2, 2 ], 2 ], [ [ 2, 2, 2, 2, 2, 2, 2, 2 ], 1 ], [ [ 2, 2, 2, 2, 2, 2, 2, 2 ], 2 ], [ [ 2, 2, 2, 2, 2, 2, 2, 2 ], 2 ], [ [ 2, 2, 2, 2, 2, 2, 2, 2 ], 2 ], [ [ 2, 2, 2, 2, 4, 4 ], 4 ], [ [ 2, 2, 2, 2, 4, 4 ], 4 ], [ [ 2, 2, 2, 2, 4, 4 ], 4 ], [ [ 2, 2, 2, 2, 4, 4 ], 4 ], [ [ 4, 4, 4, 4 ], 4 ], [ [ 4, 4, 4, 4 ], 4 ], [ [ 4, 4, 4, 4 ], 4 ], [ [ 4, 4, 4, 4 ], 4 ], [ [ 2, 2, 2, 2, 4, 4 ], 4 ], [ [ 2, 2, 2, 2, 4, 4 ], 4 ], [ [ 2, 2, 2, 2, 4, 4 ], 4 ], [ [ 2, 2, 2, 2, 4, 4 ], 4 ], [ [ 2, 2, 2, 2, 2, 2, 2, 2 ], 1 ], [ [ 2, 2, 2, 2, 2, 2, 2, 2 ], 1 ] ]
92|64|[ 64, 90 ]|[ [ [ 1, 1, 1, 1, 1, 1, 1, 1, 1, 1, 1, 1, 1, 1, 1, 1 ], 1 ], [ [ 1, 1, 1, 1, 1, 1, 1, 1, 2, 2, 2, 2 ], 2 ], [ [ 1, 1, 1, 1, 1, 1, 1, 1, 2, 2, 2, 2 ], 2 ], [ [ 1, 1, 1, 1, 1, 1, 1, 1, 2, 2, 2, 2 ], 2 ], [ [ 2, 2, 2, 2, 2, 2, 2, 2 ], 1 ], [ [ 2, 2, 2, 2, 2, 2, 2, 2 ], 2 ], [ [ 2, 2, 2, 2, 2, 2, 2, 2 ], 2 ], [ [ 2, 2, 2, 2, 2, 2, 2, 2 ], 2 ], [ [ 2, 2, 2, 2, 4, 4 ], 4 ], [ [ 2, 2, 2, 2, 4, 4 ], 4 ], [ [ 2, 2, 2, 2, 4, 4 ], 4 ], [ [ 2, 2, 2, 2, 4, 4 ], 4 ], [ [ 2, 2, 2, 2, 2, 2, 2, 2 ], 4 ], [ [ 4, 4, 4, 4 ], 4 ], [ [ 2, 2, 2, 2, 2, 2, 2, 2 ], 4 ], [ [ 4, 4, 4, 4 ], 4 ], [ [ 2, 2, 2, 2, 4, 4 ], 4 ], [ [ 2, 2, 2, 2, 4, 4 ], 4 ], [ [ 2, 2, 2, 2, 4, 4 ], 4 ], [ [ 2, 2, 2, 2, 4, 4 ], 4 ], [ [ 2, 2, 2, 2, 2, 2, 2, 2 ], 1 ], [ [ 2, 2, 2, 2, 2, 2, 2, 2 ], 1 ] ]
93|64|[ 64, 90 ]|[ [ [ 1, 1, 1, 1, 1, 1, 1, 1, 1, 1, 1, 1, 1, 1, 1, 1 ], 1 ], [ [ 1, 1, 1, 1, 2, 2, 2, 2, 2, 2 ], 4 ], [ [ 1, 1, 1, 1, 2, 2, 2, 2, 2, 2 ], 4 ], [ [ 1, 1, 1, 1, 1, 1, 1, 1, 2, 2, 2, 2 ], 2 ], [ [ 2, 2, 2, 2, 2, 2, 2, 2 ], 1 ], [ [ 2, 2, 2, 2, 2, 2, 2, 2 ], 2 ], [ [ 4, 4, 4, 4 ], 4 ], [ [ 4, 4, 4, 4 ], 4 ], [ [ 4, 4, 4, 4 ], 4 ], [ [ 4, 4, 4, 4 ], 4 ], [ [ 4, 4, 4, 4 ], 4 ], [ [ 2, 2, 2, 2, 2, 2, 2, 2 ], 2 ], [ [ 4, 4, 4, 4 ], 4 ], [ [ 2, 2, 2, 2, 2, 2, 2, 2 ], 2 ], [ [ 2, 2, 2, 2, 2, 2, 2, 2 ], 2 ], [ [ 2, 2, 2, 2, 2, 2, 2, 2 ], 2 ], [ [ 4, 4, 4, 4 ], 4 ], [ [ 4, 4, 4, 4 ], 4 ], [ [ 4, 4, 4, 4 ], 4 ], [ [ 4, 4, 4, 4 ], 4 ], [ [ 2, 2, 2, 2, 2, 2, 2, 2 ], 1 ], [ [ 2, 2, 2, 2, 2, 2, 2, 2 ], 1 ] ]
94|64|[ 64, 90 ]|[ [ [ 1, 1, 1, 1, 1, 1, 1, 1, 1, 1, 1, 1, 1, 1, 1, 1 ], 1 ], [ [ 1, 1, 1, 1, 1, 1, 1, 1, 2, 2, 2, 2 ], 4 ], [ [ 1, 1, 1, 1, 1, 1, 1, 1, 2, 2, 2, 2 ], 2 ], [ [ 2, 2, 2, 2, 2, 2, 2, 2 ], 1 ], [ [ 2, 2, 2, 2, 2, 2, 2, 2 ], 4 ], [ [ 2, 2, 2, 2, 2, 2, 2, 2 ], 2 ], [ [ 4, 4, 4, 4 ], 4 ], [ [ 4, 4, 4, 4 ], 4 ], [ [ 4, 4, 4, 4 ], 4 ], [ [ 4, 4, 4, 4 ], 4 ], [ [ 2, 2, 2, 2, 2, 2, 2, 2 ], 2 ], [ [ 4, 4, 4, 4 ], 4 ], [ [ 2, 2, 2, 2, 2, 2, 2, 2 ], 2 ], [ [ 2, 2, 2, 2, 2, 2, 2, 2 ], 2 ], [ [ 4, 4, 4, 4 ], 4 ], [ [ 2, 2, 2, 2, 2, 2, 2, 2 ], 2 ], [ [ 4, 4, 4, 4 ], 4 ], [ [ 4, 4, 4, 4 ], 4 ], [ [ 4, 4, 4, 4 ], 4 ], [ [ 4, 4, 4, 4 ], 4 ], [ [ 2, 2, 2, 2, 2, 2, 2, 2 ], 1 ], [ [ 2, 2, 2, 2, 2, 2, 2, 2 ], 1 ] ]
95|64|[ 64, 88 ]|[ [ [ 1, 1, 1, 1, 1, 1, 1, 1, 1, 1, 1, 1, 1, 1, 1, 1 ], 1 ], [ [ 1, 1, 1, 1, 1, 1, 1, 1, 2, 2, 2, 2 ], 2 ], [ [ 1, 1, 1, 1, 1, 1, 1, 1, 2, 2, 2, 2 ], 2 ], [ [ 1, 1, 1, 1, 1, 1, 1, 1, 2, 2, 2, 2 ], 2 ], [ [ 2, 2, 2, 2, 2, 2, 2, 2 ], 1 ], [ [ 2, 2, 2, 2, 2, 2, 2, 2 ], 2 ], [ [ 2, 2, 2, 2, 2, 2, 2, 2 ], 2 ], [ [ 4, 4, 4, 4 ], 2 ], [ [ 4, 4, 4, 4 ], 1 ], [ [ 4, 4, 4, 4 ], 2 ], [ [ 4, 4, 4, 4 ], 2 ], [ [ 4, 4, 4, 4 ], 1 ], [ [ 4, 4, 4, 4 ], 2 ], [ [ 4, 4, 4, 4 ], 2 ], [ [ 2, 2, 2, 2, 2, 2, 2, 2 ], 2 ], [ [ 2, 2, 2, 2, 2, 2, 2, 2 ], 1 ], [ [ 2, 2, 2, 2, 2, 2, 2, 2 ], 1 ], [ [ 4, 4, 4, 4 ], 2 ], [ [ 4, 4, 4, 4 ], 1 ], [ [ 4, 4, 4, 4 ], 1 ], [ [ 8, 8 ], 4 ], [ [ 8, 8 ], 4 ], [ [ 8, 8 ], 4 ], [ [ 8, 8 ], 4 ], [ [ 8, 8 ], 4 ], [ [ 8, 8 ], 4 ], [ [ 8, 8 ], 4 ], [ [ 8, 8 ], 4 ] ]
96|64|[ 64, 23 ]|[ [ [ 1, 1, 1, 1, 1, 1, 1, 1, 1, 1, 1, 1, 1, 1, 1, 1 ], 1 ], [ [ 1, 1, 1, 1, 1, 1, 1, 1, 2, 2, 2, 2 ], 2 ], [ [ 1, 1, 1, 1, 2, 2, 4, 4 ], 4 ], [ [ 1, 1, 1, 1, 2, 2, 4, 4 ], 4 ], [ [ 2, 2, 2, 2, 2, 2, 2, 2 ], 1 ], [ [ 2, 2, 2, 2, 2, 2, 2, 2 ], 2 ], [ [ 2, 2, 2, 2, 4, 4 ], 4 ], [ [ 2, 2, 2, 2, 4, 4 ], 4 ], [ [ 2, 2, 2, 2, 2, 2, 2, 2 ], 2 ], [ [ 2, 2, 2, 2, 2, 2, 2, 2 ], 2 ], [ [ 2, 2, 2, 2, 2, 2, 2, 2 ], 2 ], [ [ 2, 2, 2, 2, 2, 2, 2, 2 ], 2 ], [ [ 2, 2, 2, 2, 2, 2, 2, 2 ], 1 ], [ [ 2, 2, 2, 2, 2, 2, 2, 2 ], 1 ], [ [ 4, 4, 4, 4 ], 4 ], [ [ 4, 4, 4, 4 ], 4 ], [ [ 4, 4, 4, 4 ], 4 ], [ [ 4, 4, 4, 4 ], 4 ], [ [ 4, 4, 4, 4 ], 4 ], [ [ 4, 4, 4, 4 ], 4 ], [ [ 4, 4, 4, 4 ], 4 ], [ [ 4, 4, 4, 4 ], 4 ] ]
97|64|[ 64, 224 ]|[ [ [ 1, 1, 1, 1, 1, 1, 1, 1, 1, 1, 1, 1, 1, 1, 1, 1 ], 1 ], [ [ 1, 1, 1, 1, 1, 1, 1, 1, 2, 2, 2, 2 ], 2 ], [ [ 1, 1, 1, 1, 1, 1, 1, 1, 2, 2, 2, 2 ], 2 ], [ [ 1, 1, 1, 1, 1, 1, 1, 1, 2, 2, 2, 2 ], 2 ], [ [ 2, 2, 2, 2, 2, 2, 2, 2 ], 1 ], [ [ 2, 2, 2, 2, 2, 2, 2, 2 ], 2 ], [ [ 2, 2, 2, 2, 2, 2, 2, 2 ], 2 ], [ [ 2, 2, 2, 2, 2, 2, 2, 2 ], 2 ], [ [ 4, 4, 4, 4 ], 4 ], [ [ 4, 4, 4, 4 ], 4 ], [ [ 4, 4, 4, 4 ], 4 ], [ [ 4, 4, 4, 4 ], 4 ], [ [ 4, 4, 4, 4 ], 4 ], [ [ 4, 4, 4, 4 ], 4 ], [ [ 4, 4, 4, 4 ], 4 ], [ [ 4, 4, 4, 4 ], 4 ], [ [ 4, 4, 4, 4 ], 4 ], [ [ 4, 4, 4, 4 ], 4 ], [ [ 4, 4, 4, 4 ], 4 ], [ [ 4, 4, 4, 4 ], 4 ], [ [ 2, 2, 2, 2, 2, 2, 2, 2 ], 1 ], [ [ 2, 2, 2, 2, 2, 2, 2, 2 ], 1 ] ]
98|64|[ 64, 242 ]|[ [ [ 1, 1, 1, 1, 1, 1, 1, 1, 1, 1, 1, 1, 1, 1, 1, 1 ], 1 ], [ [ 1, 1, 1, 1, 2, 2, 2, 2, 2, 2 ], 4 ], [ [ 1, 1, 1, 1, 2, 2, 2, 2, 2, 2 ], 4 ], [ [ 1, 1, 1, 1, 2, 2, 2, 2, 2, 2 ], 4 ], [ [ 2, 2, 2, 2, 2, 2, 2, 2 ], 1 ], [ [ 2, 2, 2, 2, 2, 2, 2, 2 ], 4 ], [ [ 4, 4, 4, 4 ], 4 ], [ [ 4, 4, 4, 4 ], 4 ], [ [ 4, 4, 4, 4 ], 4 ], [ [ 4, 4, 4, 4 ], 4 ], [ [ 2, 2, 2, 2, 2, 2, 2, 2 ], 4 ], [ [ 4, 4, 4, 4 ], 4 ], [ [ 4, 4, 4, 4 ], 4 ], [ [ 4, 4, 4, 4 ], 4 ], [ [ 2, 2, 2, 2, 2, 2, 2, 2 ], 4 ], [ [ 4, 4, 4, 4 ], 4 ], [ [ 4, 4, 4, 4 ], 4 ], [ [ 2, 2, 2, 2, 2, 2, 2, 2 ], 1 ], [ [ 2, 2, 2, 2, 2, 2, 2, 2 ], 1 ] ]
99|64|[ 64, 92 ]|[ [ [ 1, 1, 1, 1, 1, 1, 1, 1, 1, 1, 1, 1, 1, 1, 1, 1 ], 1 ], [ [ 1, 1, 1, 1, 1, 1, 1, 1, 2, 2, 2, 2 ], 4 ], [ [ 1, 1, 1, 1, 1, 1, 1, 1, 2, 2, 2, 2 ], 2 ], [ [ 2, 2, 2, 2, 2, 2, 2, 2 ], 1 ], [ [ 2, 2, 2, 2, 2, 2, 2, 2 ], 4 ], [ [ 2, 2, 2, 2, 2, 2, 2, 2 ], 2 ], [ [ 8, 8 ], 4 ], [ [ 8, 8 ], 4 ], [ [ 8, 8 ], 4 ], [ [ 8, 8 ], 4 ], [ [ 2, 2, 2, 2, 2, 2, 2, 2 ], 4 ], [ [ 4, 4, 4, 4 ], 2 ], [ [ 4, 4, 4, 4 ], 2 ], [ [ 2, 2, 2, 2, 2, 2, 2, 2 ], 4 ], [ [ 4, 4, 4, 4 ], 2 ], [ [ 4, 4, 4, 4 ], 2 ], [ [ 8, 8 ], 4 ], [ [ 8, 8 ], 4 ], [ [ 8, 8 ], 4 ], [ [ 8, 8 ], 4 ], [ [ 2, 2, 2, 2, 2, 2, 2, 2 ], 1 ], [ [ 2, 2, 2, 2, 2, 2, 2, 2 ], 1 ] ]
100|64|[ 64, 256 ]|[ [ [ 1, 1, 1, 1, 1, 1, 1, 1, 1, 1, 1, 1, 1, 1, 1, 1 ], 1 ], [ [ 1, 1, 1, 1, 1, 1, 1, 1, 2, 2, 2, 2 ], 2 ], [ [ 1, 1, 1, 1, 1, 1, 1, 1, 2, 2, 2, 2 ], 2 ], [ [ 1, 1, 1, 1, 1, 1, 1, 1, 2, 2, 2, 2 ], 2 ], [ [ 2, 2, 2, 2, 2, 2, 2, 2 ], 1 ], [ [ 4, 4, 4, 4 ], 2 ], [ [ 4, 4, 4, 4 ], 1 ], [ [ 4, 4, 4, 4 ], 2 ], [ [ 4, 4, 4, 4 ], 2 ], [ [ 4, 4, 4, 4 ], 1 ], [ [ 2, 2, 2, 2, 2, 2, 2, 2 ], 4 ], [ [ 2, 2, 2, 2, 2, 2, 2, 2 ], 4 ], [ [ 4, 4, 4, 4 ], 4 ], [ [ 4, 4, 4, 4 ], 4 ], [ [ 2, 2, 2, 2, 2, 2, 2, 2 ], 4 ], [ [ 4, 4, 4, 4 ], 4 ], [ [ 2, 2, 2, 2, 2, 2, 2, 2 ], 4 ], [ [ 4, 4, 4, 4 ], 4 ], [ [ 8, 8 ], 4 ], [ [ 8, 8 ], 4 ], [ [ 8, 8 ], 4 ], [ [ 8, 8 ], 4 ] ]
101|64|[ 64, 91 ]|[ [ [ 1, 1, 1, 1, 1, 1, 1, 1, 1, 1, 1, 1, 1, 1, 1, 1 ], 1 ], [ [ 1, 1, 1, 1, 1, 1, 1, 1, 2, 2, 2, 2 ], 2 ], [ [ 1, 1, 1, 1, 1, 1, 1, 1, 2, 2, 2, 2 ], 2 ], [ [ 1, 1, 1, 1, 1, 1, 1, 1, 2, 2, 2, 2 ], 2 ], [ [ 2, 2, 2, 2, 2, 2, 2, 2 ], 1 ], [ [ 4, 4, 4, 4 ], 2 ], [ [ 4, 4, 4, 4 ], 2 ], [ [ 4, 4, 4, 4 ], 2 ], [ [ 4, 4, 4, 4 ], 1 ], [ [ 4, 4, 4, 4 ], 1 ], [ [ 2, 2, 2, 2, 4, 4 ], 4 ], [ [ 2, 2, 2, 2, 4, 4 ], 4 ], [ [ 2, 2, 2, 2, 4, 4 ], 4 ], [ [ 2, 2, 2, 2, 4, 4 ], 4 ], [ [ 2, 2, 2, 2, 2, 2, 2, 2 ], 4 ], [ [ 4, 4, 4, 4 ], 4 ], [ [ 2, 2, 2, 2, 2, 2, 2, 2 ], 4 ], [ [ 4, 4, 4, 4 ], 4 ], [ [ 2, 2, 2, 2, 4, 4 ], 4 ], [ [ 2, 2, 2, 2, 4, 4 ], 4 ], [ [ 2, 2, 2, 2, 4, 4 ], 4 ], [ [ 2, 2, 2, 2, 4, 4 ], 4 ] ]
102|64|[ 64, 90 ]|[ [ [ 1, 1, 1, 1, 1, 1, 1, 1, 1, 1, 1, 1, 1, 1, 1, 1 ], 1 ], [ [ 1, 1, 1, 1, 1, 1, 1, 1, 2, 2, 2, 2 ], 2 ], [ [ 1, 1, 1, 1, 1, 1, 1, 1, 2, 2, 2, 2 ], 2 ], [ [ 1, 1, 1, 1, 1, 1, 1, 1, 2, 2, 2, 2 ], 2 ], [ [ 2, 2, 2, 2, 2, 2, 2, 2 ], 1 ], [ [ 2, 2, 2, 2, 2, 2, 2, 2 ], 2 ], [ [ 2, 2, 2, 2, 2, 2, 2, 2 ], 2 ], [ [ 2, 2, 2, 2, 2, 2, 2, 2 ], 2 ], [ [ 2, 2, 2, 2, 4, 4 ], 4 ], [ [ 2, 2, 2, 2, 4, 4 ], 4 ], [ [ 2, 2, 2, 2, 4, 4 ], 4 ], [ [ 2, 2, 2, 2, 4, 4 ], 4 ], [ [ 2, 2, 2, 2, 2, 2, 2, 2 ], 4 ], [ [ 4, 4, 4, 4 ], 4 ], [ [ 2, 2, 2, 2, 2, 2, 2, 2 ], 4 ], [ [ 4, 4, 4, 4 ], 4 ], [ [ 4, 4, 4, 4 ], 4 ], [ [ 4, 4, 4, 4 ], 4 ], [ [ 4, 4, 4, 4 ], 4 ], [ [ 4, 4, 4, 4 ], 4 ], [ [ 2, 2, 2, 2, 2, 2, 2, 2 ], 1 ], [ [ 2, 2, 2, 2, 2, 2, 2, 2 ], 1 ] ]
103|64|[ 64, 111 ]|[ [ [ 1, 1, 1, 1, 1, 1, 1, 1, 1, 1, 1, 1, 1, 1, 1, 1 ], 1 ], [ [ 1, 1, 1, 1, 1, 1, 1, 1, 2, 2, 2, 2 ], 2 ], [ [ 1, 1, 1, 1, 1, 1, 1, 1, 2, 2, 2, 2 ], 2 ], [ [ 1, 1, 1, 1, 1, 1, 1, 1, 2, 2, 2, 2 ], 2 ], [ [ 2, 2, 2, 2, 2, 2, 2, 2 ], 1 ], [ [ 4, 4, 4, 4 ], 1 ], [ [ 4, 4, 4, 4 ], 2 ], [ [ 4, 4, 4, 4 ], 2 ], [ [ 4, 4, 4, 4 ], 2 ], [ [ 4, 4, 4, 4 ], 1 ], [ [ 8, 8 ], 4 ], [ [ 8, 8 ], 4 ], [ [ 8, 8 ], 4 ], [ [ 8, 8 ], 4 ], [ [ 8, 8 ], 4 ], [ [ 8, 8 ], 4 ], [ [ 8, 8 ], 4 ], [ [ 8, 8 ], 4 ], [ [ 8, 8 ], 4 ], [ [ 8, 8 ], 4 ], [ [ 8, 8 ], 4 ], [ [ 8, 8 ], 4 ] ]
104|64|[ 64, 30 ]|[ [ [ 1, 1, 1, 1, 1, 1, 1, 1, 1, 1, 1, 1, 1, 1, 1, 1 ], 1 ], [ [ 1, 1, 1, 1, 1, 1, 1, 1, 2, 2, 2, 2 ], 4 ], [ [ 1, 1, 1, 1, 1, 1, 1, 1, 2, 2, 2, 2 ], 2 ], [ [ 2, 2, 2, 2, 2, 2, 2, 2 ], 1 ], [ [ 4, 4, 4, 4 ], 1 ], [ [ 4, 4, 4, 4 ], 4 ], [ [ 4, 4, 4, 4 ], 2 ], [ [ 4, 4, 4, 4 ], 1 ], [ [ 16 ], 4 ], [ [ 16 ], 4 ], [ [ 16 ], 4 ], [ [ 16 ], 4 ], [ [ 8, 8 ], 4 ], [ [ 8, 8 ], 2 ], [ [ 8, 8 ], 2 ], [ [ 8, 8 ], 2 ], [ [ 8, 8 ], 4 ], [ [ 8, 8 ], 2 ], [ [ 16 ], 4 ], [ [ 16 ], 4 ], [ [ 16 ], 4 ], [ [ 16 ], 4 ] ]
105|64|[ 64, 202 ]|[ [ [ 1, 1, 1, 1, 1, 1, 1, 1, 1, 1, 1, 1, 1, 1, 1, 1 ], 1 ], [ [ 1, 1, 1, 1, 1, 1, 1, 1, 2, 2, 2, 2 ], 2 ], [ [ 1, 1, 1, 1, 1, 1, 1, 1, 2, 2, 2, 2 ], 2 ], [ [ 1, 1, 1, 1, 1, 1, 1, 1, 2, 2, 2, 2 ], 2 ], [ [ 2, 2, 2, 2, 2, 2, 2, 2 ], 1 ], [ [ 2, 2, 2, 2, 2, 2, 2, 2 ], 2 ], [ [ 2, 2, 2, 2, 2, 2, 2, 2 ], 2 ], [ [ 2, 2, 2, 2, 2, 2, 2, 2 ], 2 ], [ [ 2, 2, 2, 2, 2, 2, 2, 2 ], 2 ], [ [ 2, 2, 2, 2, 2, 2, 2, 2 ], 2 ], [ [ 2, 2, 2, 2, 2, 2, 2, 2 ], 1 ], [ [ 2, 2, 2, 2, 2, 2, 2, 2 ], 2 ], [ [ 2, 2, 2, 2, 2, 2, 2, 2 ], 2 ], [ [ 2, 2, 2, 2, 2, 2, 2, 2 ], 1 ], [ [ 2, 2, 2, 2, 2, 2, 2, 2 ], 2 ], [ [ 2, 2, 2, 2, 2, 2, 2, 2 ], 1 ], [ [ 2, 2, 2, 2, 2, 2, 2, 2 ], 2 ], [ [ 2, 2, 2, 2, 2, 2, 2, 2 ], 1 ], [ [ 2, 2, 2, 2, 2, 2, 2, 2 ], 4 ], [ [ 4, 4, 4, 4 ], 4 ], [ [ 4, 4, 4, 4 ], 4 ], [ [ 4, 4, 4, 4 ], 4 ], [ [ 2, 2, 2, 2, 2, 2, 2, 2 ], 4 ], [ [ 4, 4, 4, 4 ], 4 ], [ [ 4, 4, 4, 4 ], 4 ], [ [ 4, 4, 4, 4 ], 4 ], [ [ 2, 2, 2, 2, 2, 2, 2, 2 ], 1 ], [ [ 2, 2, 2, 2, 2, 2, 2, 2 ], 1 ] ]
106|64|[ 64, 102 ]|[ [ [ 1, 1, 1, 1, 1, 1, 1, 1, 1, 1, 1, 1, 1, 1, 1, 1 ], 1 ], [ [ 1, 1, 1, 1, 1, 1, 1, 1, 2, 2, 2, 2 ], 2 ], [ [ 1, 1, 1, 1, 1, 1, 1, 1, 2, 2, 2, 2 ], 2 ], [ [ 1, 1, 1, 1, 1, 1, 1, 1, 2, 2, 2, 2 ], 2 ], [ [ 2, 2, 2, 2, 2, 2, 2, 2 ], 1 ], [ [ 4, 4, 4, 4 ], 2 ], [ [ 4, 4, 4, 4 ], 1 ], [ [ 4, 4, 4, 4 ], 2 ], [ [ 4, 4, 4, 4 ], 2 ], [ [ 4, 4, 4, 4 ], 1 ], [ [ 2, 2, 2, 2, 4, 4 ], 4 ], [ [ 2, 2, 2, 2, 4, 4 ], 4 ], [ [ 2, 2, 2, 2, 4, 4 ], 4 ], [ [ 2, 2, 2, 2, 4, 4 ], 4 ], [ [ 2, 2, 2, 2, 2, 2, 2, 2 ], 4 ], [ [ 4, 4, 4, 4 ], 4 ], [ [ 2, 2, 2, 2, 2, 2, 2, 2 ], 4 ], [ [ 4, 4, 4, 4 ], 4 ], [ [ 8, 8 ], 4 ], [ [ 8, 8 ], 4 ], [ [ 8, 8 ], 4 ], [ [ 8, 8 ], 4 ] ]
107|64|[ 64, 102 ]|[ [ [ 1, 1, 1, 1, 1, 1, 1, 1, 1, 1, 1, 1, 1, 1, 1, 1 ], 1 ], [ [ 1, 1, 1, 1, 1, 1, 1, 1, 2, 2, 2, 2 ], 2 ], [ [ 1, 1, 1, 1, 2, 2, 4, 4 ], 4 ], [ [ 1, 1, 1, 1, 2, 2, 4, 4 ], 4 ], [ [ 2, 2, 2, 2, 2, 2, 2, 2 ], 1 ], [ [ 2, 2, 2, 2, 2, 2, 2, 2 ], 2 ], [ [ 2, 2, 2, 2, 2, 2, 2, 2 ], 2 ], [ [ 2, 2, 2, 2, 4, 4 ], 4 ], [ [ 2, 2, 2, 2, 4, 4 ], 4 ], [ [ 4, 4, 4, 4 ], 2 ], [ [ 4, 4, 4, 4 ], 2 ], [ [ 4, 4, 4, 4 ], 1 ], [ [ 4, 4, 4, 4 ], 2 ], [ [ 4, 4, 4, 4 ], 1 ], [ [ 8, 8 ], 4 ], [ [ 8, 8 ], 4 ], [ [ 2, 2, 2, 2, 2, 2, 2, 2 ], 4 ], [ [ 4, 4, 4, 4 ], 4 ], [ [ 8, 8 ], 4 ], [ [ 8, 8 ], 4 ], [ [ 4, 4, 4, 4 ], 4 ], [ [ 2, 2, 2, 2, 2, 2, 2, 2 ], 4 ] ]
108|64|[ 64, 19 ]|[ [ [ 1, 1, 1, 1, 1, 1, 1, 1, 1, 1, 1, 1, 1, 1, 1, 1 ], 1 ], [ [ 1, 1, 1, 1, 1, 1, 1, 1, 2, 2, 2, 2 ], 2 ], [ [ 1, 1, 1, 1, 1, 1, 1, 1, 2, 2, 2, 2 ], 2 ], [ [ 1, 1, 1, 1, 1, 1, 1, 1, 2, 2, 2, 2 ], 2 ], [ [ 2, 2, 2, 2, 2, 2, 2, 2 ], 1 ], [ [ 4, 4, 4, 4 ], 1 ], [ [ 4, 4, 4, 4 ], 2 ], [ [ 4, 4, 4, 4 ], 2 ], [ [ 4, 4, 4, 4 ], 2 ], [ [ 4, 4, 4, 4 ], 1 ], [ [ 8, 8 ], 4 ], [ [ 8, 8 ], 4 ], [ [ 8, 8 ], 4 ], [ [ 8, 8 ], 4 ], [ [ 8, 8 ], 4 ], [ [ 8, 8 ], 4 ], [ [ 8, 8 ], 4 ], [ [ 8, 8 ], 4 ], [ [ 8, 8 ], 4 ], [ [ 8, 8 ], 4 ], [ [ 8, 8 ], 4 ], [ [ 8, 8 ], 4 ] ]
109|64|[ 64, 226 ]|[ [ [ 1, 1, 1, 1, 1, 1, 1, 1, 1, 1, 1, 1, 1, 1, 1, 1 ], 1 ], [ [ 1, 1, 1, 1, 1, 1, 1, 1, 2, 2, 2, 2 ], 2 ], [ [ 1, 1, 1, 1, 2, 2, 2, 2, 2, 2 ], 4 ], [ [ 1, 1, 1, 1, 1, 1, 1, 1, 2, 2, 2, 2 ], 2 ], [ [ 2, 2, 2, 2, 2, 2, 2, 2 ], 1 ], [ [ 2, 2, 2, 2, 2, 2, 2, 2 ], 2 ], [ [ 2, 2, 2, 2, 2, 2, 2, 2 ], 2 ], [ [ 2, 2, 2, 2, 2, 2, 2, 2 ], 2 ], [ [ 2, 2, 2, 2, 2, 2, 2, 2 ], 4 ], [ [ 4, 4, 4, 4 ], 4 ], [ [ 4, 4, 4, 4 ], 2 ], [ [ 2, 2, 2, 2, 2, 2, 2, 2 ], 2 ], [ [ 4, 4, 4, 4 ], 2 ], [ [ 2, 2, 2, 2, 2, 2, 2, 2 ], 4 ], [ [ 4, 4, 4, 4 ], 4 ], [ [ 4, 4, 4, 4 ], 4 ], [ [ 4, 4, 4, 4 ], 4 ], [ [ 2, 2, 2, 2, 2, 2, 2, 2 ], 2 ], [ [ 4, 4, 4, 4 ], 2 ], [ [ 4, 4, 4, 4 ], 4 ], [ [ 2, 2, 2, 2, 2, 2, 2, 2 ], 4 ], [ [ 2, 2, 2, 2, 2, 2, 2, 2 ], 2 ], [ [ 4, 4, 4, 4 ], 2 ], [ [ 2, 2, 2, 2, 2, 2, 2, 2 ], 1 ], [ [ 2, 2, 2, 2, 2, 2, 2, 2 ], 1 ] ]
110|64|[ 64, 25 ]|[ [ [ 1, 1, 1, 1, 1, 1, 1, 1, 1, 1, 1, 1, 1, 1, 1, 1 ], 1 ], [ [ 1, 1, 1, 1, 1, 1, 1, 1, 2, 2, 2, 2 ], 2 ], [ [ 1, 1, 1, 1, 2, 2, 4, 4 ], 4 ], [ [ 1, 1, 1, 1, 2, 2, 4, 4 ], 4 ], [ [ 2, 2, 2, 2, 2, 2, 2, 2 ], 1 ], [ [ 2, 2, 2, 2, 4, 4 ], 4 ], [ [ 2, 2, 2, 2, 4, 4 ], 4 ], [ [ 4, 4, 4, 4 ], 2 ], [ [ 4, 4, 4, 4 ], 2 ], [ [ 2, 2, 2, 2, 2, 2, 2, 2 ], 2 ], [ [ 2, 2, 2, 2, 2, 2, 2, 2 ], 2 ], [ [ 4, 4, 4, 4 ], 1 ], [ [ 4, 4, 4, 4 ], 2 ], [ [ 4, 4, 4, 4 ], 1 ], [ [ 8, 8 ], 4 ], [ [ 8, 8 ], 4 ], [ [ 8, 8 ], 4 ], [ [ 8, 8 ], 4 ], [ [ 8, 8 ], 4 ], [ [ 8, 8 ], 4 ], [ [ 8, 8 ], 4 ], [ [ 8, 8 ], 4 ] ]
111|64|[ 64, 101 ]|[ [ [ 1, 1, 1, 1, 1, 1, 1, 1, 1, 1, 1, 1, 1, 1, 1, 1 ], 1 ], [ [ 1, 1, 1, 1, 1, 1, 1, 1, 4, 4 ], 2 ], [ [ 1, 1, 1, 1, 1, 1, 1, 1, 2, 2, 2, 2 ], 2 ], [ [ 1, 1, 1, 1, 1, 1, 1, 1, 4, 4 ], 2 ], [ [ 2, 2, 2, 2, 2, 2, 2, 2 ], 1 ], [ [ 2, 2, 2, 2, 4, 4 ], 2 ], [ [ 2, 2, 2, 2, 2, 2, 2, 2 ], 2 ], [ [ 2, 2, 2, 2, 4, 4 ], 2 ], [ [ 4, 4, 4, 4 ], 1 ], [ [ 2, 2, 2, 2, 4, 4 ], 2 ], [ [ 4, 4, 4, 4 ], 2 ], [ [ 4, 4, 4, 4 ], 1 ], [ [ 2, 2, 2, 2, 4, 4 ], 2 ], [ [ 4, 4, 4, 4 ], 2 ], [ [ 2, 2, 2, 2, 2, 2, 2, 2 ], 1 ], [ [ 2, 2, 2, 2, 4, 4 ], 2 ], [ [ 2, 2, 2, 2, 2, 2, 2, 2 ], 1 ], [ [ 2, 2, 2, 2, 4, 4 ], 2 ], [ [ 2, 2, 2, 2, 2, 2, 2, 2 ], 4 ], [ [ 8, 8 ], 4 ], [ [ 4, 4, 4, 4 ], 4 ], [ [ 8, 8 ], 4 ], [ [ 2, 2, 2, 2, 2, 2, 2, 2 ], 4 ], [ [ 8, 8 ], 4 ], [ [ 4, 4, 4, 4 ], 4 ], [ [ 8, 8 ], 4 ], [ [ 4, 4, 4, 4 ], 1 ], [ [ 4, 4, 4, 4 ], 1 ] ]
112|64|[ 64, 91 ]|[ [ [ 1, 1, 1, 1, 1, 1, 1, 1, 1, 1, 1, 1, 1, 1, 1, 1 ], 1 ], [ [ 1, 1, 1, 1, 1, 1, 1, 1, 2, 2, 2, 2 ], 4 ], [ [ 1, 1, 1, 1, 1, 1, 1, 1, 2, 2, 2, 2 ], 2 ], [ [ 2, 2, 2, 2, 2, 2, 2, 2 ], 1 ], [ [ 4, 4, 4, 4 ], 4 ], [ [ 4, 4, 4, 4 ], 1 ], [ [ 4, 4, 4, 4 ], 2 ], [ [ 4, 4, 4, 4 ], 1 ], [ [ 4, 4, 4, 4 ], 4 ], [ [ 4, 4, 4, 4 ], 4 ], [ [ 4, 4, 4, 4 ], 4 ], [ [ 4, 4, 4, 4 ], 4 ], [ [ 2, 2, 2, 2, 2, 2, 2, 2 ], 2 ], [ [ 4, 4, 4, 4 ], 4 ], [ [ 2, 2, 2, 2, 2, 2, 2, 2 ], 2 ], [ [ 2, 2, 2, 2, 2, 2, 2, 2 ], 4 ], [ [ 4, 4, 4, 4 ], 2 ], [ [ 4, 4, 4, 4 ], 2 ], [ [ 4, 4, 4, 4 ], 4 ], [ [ 4, 4, 4, 4 ], 4 ], [ [ 4, 4, 4, 4 ], 4 ], [ [ 4, 4, 4, 4 ], 4 ] ]
113|64|[ 64, 125 ]|[ [ [ 1, 1, 1, 1, 1, 1, 1, 1, 1, 1, 1, 1, 1, 1, 1, 1 ], 1 ], [ [ 1, 1, 1, 1, 1, 1, 1, 1, 2, 2, 2, 2 ], 2 ], [ [ 1, 1, 1, 1, 2, 2, 4, 4 ], 4 ], [ [ 1, 1, 1, 1, 2, 2, 4, 4 ], 4 ], [ [ 2, 2, 2, 2, 2, 2, 2, 2 ], 1 ], [ [ 8, 8 ], 4 ], [ [ 8, 8 ], 4 ], [ [ 8, 8 ], 2 ], [ [ 8, 8 ], 2 ], [ [ 4, 4, 4, 4 ], 1 ], [ [ 4, 4, 4, 4 ], 2 ], [ [ 4, 4, 4, 4 ], 1 ], [ [ 8, 8 ], 2 ], [ [ 8, 8 ], 2 ], [ [ 8, 8 ], 4 ], [ [ 8, 8 ], 4 ], [ [ 2, 2, 2, 2, 2, 2, 2, 2 ], 4 ], [ [ 4, 4, 4, 4 ], 4 ], [ [ 8, 8 ], 4 ], [ [ 8, 8 ], 4 ], [ [ 4, 4, 4, 4 ], 4 ], [ [ 2, 2, 2, 2, 2, 2, 2, 2 ], 4 ] ]
114|64|[ 64, 124 ]|[ [ [ 1, 1, 1, 1, 1, 1, 1, 1, 1, 1, 1, 1, 1, 1, 1, 1 ], 1 ], [ [ 1, 1, 1, 1, 1, 1, 1, 1, 2, 2, 2, 2 ], 2 ], [ [ 1, 1, 1, 1, 1, 1, 1, 1, 4, 4 ], 2 ], [ [ 1, 1, 1, 1, 1, 1, 1, 1, 4, 4 ], 2 ], [ [ 2, 2, 2, 2, 2, 2, 2, 2 ], 1 ], [ [ 2, 2, 2, 2, 4, 4 ], 2 ], [ [ 2, 2, 2, 2, 4, 4 ], 2 ], [ [ 8, 8 ], 2 ], [ [ 8, 8 ], 1 ], [ [ 8, 8 ], 2 ], [ [ 8, 8 ], 2 ], [ [ 8, 8 ], 1 ], [ [ 8, 8 ], 2 ], [ [ 8, 8 ], 2 ], [ [ 4, 4, 4, 4 ], 1 ], [ [ 4, 4, 4, 4 ], 2 ], [ [ 4, 4, 4, 4 ], 1 ], [ [ 8, 8 ], 2 ], [ [ 8, 8 ], 1 ], [ [ 8, 8 ], 1 ], [ [ 2, 2, 2, 2, 2, 2, 2, 2 ], 4 ], [ [ 4, 4, 4, 4 ], 4 ], [ [ 8, 8 ], 4 ], [ [ 8, 8 ], 4 ], [ [ 8, 8 ], 4 ], [ [ 8, 8 ], 4 ], [ [ 4, 4, 4, 4 ], 4 ], [ [ 2, 2, 2, 2, 2, 2, 2, 2 ], 4 ] ]
115|64|[ 64, 227 ]|[ [ [ 1, 1, 1, 1, 1, 1, 1, 1, 1, 1, 1, 1, 1, 1, 1, 1 ], 1 ], [ [ 1, 1, 1, 1, 2, 2, 2, 2, 2, 2 ], 4 ], [ [ 1, 1, 1, 1, 1, 1, 1, 1, 2, 2, 2, 2 ], 2 ], [ [ 1, 1, 1, 1, 1, 1, 1, 1, 2, 2, 2, 2 ], 2 ], [ [ 2, 2, 2, 2, 2, 2, 2, 2 ], 1 ], [ [ 2, 2, 2, 2, 2, 2, 2, 2 ], 2 ], [ [ 2, 2, 2, 2, 2, 2, 2, 2 ], 2 ], [ [ 2, 2, 2, 2, 2, 2, 2, 2 ], 4 ], [ [ 4, 4, 4, 4 ], 4 ], [ [ 4, 4, 4, 4 ], 4 ], [ [ 4, 4, 4, 4 ], 4 ], [ [ 4, 4, 4, 4 ], 2 ], [ [ 4, 4, 4, 4 ], 4 ], [ [ 4, 4, 4, 4 ], 2 ], [ [ 4, 4, 4, 4 ], 4 ], [ [ 4, 4, 4, 4 ], 2 ], [ [ 4, 4, 4, 4 ], 2 ], [ [ 4, 4, 4, 4 ], 4 ], [ [ 2, 2, 2, 2, 2, 2, 2, 2 ], 2 ], [ [ 4, 4, 4, 4 ], 2 ], [ [ 2, 2, 2, 2, 2, 2, 2, 2 ], 4 ], [ [ 2, 2, 2, 2, 2, 2, 2, 2 ], 2 ], [ [ 4, 4, 4, 4 ], 2 ], [ [ 2, 2, 2, 2, 2, 2, 2, 2 ], 1 ], [ [ 2, 2, 2, 2, 2, 2, 2, 2 ], 1 ] ]
116|64|[ 64, 258 ]|[ [ [ 1, 1, 1, 1, 1, 1, 1, 1, 1, 1, 1, 1, 1, 1, 1, 1 ], 1 ], [ [ 1, 1, 1, 1, 1, 1, 1, 1, 2, 2, 2, 2 ], 2 ], [ [ 1, 1, 1, 1, 2, 2, 2, 2, 2, 2 ], 4 ], [ [ 1, 1, 1, 1, 2, 2, 2, 2, 2, 2 ], 4 ], [ [ 2, 2, 2, 2, 2, 2, 2, 2 ], 1 ], [ [ 4, 4, 4, 4 ], 4 ], [ [ 4, 4, 4, 4 ], 4 ], [ [ 8, 8 ], 2 ], [ [ 8, 8 ], 4 ], [ [ 8, 8 ], 2 ], [ [ 4, 4, 4, 4 ], 2 ], [ [ 4, 4, 4, 4 ], 2 ], [ [ 2, 2, 2, 2, 2, 2, 2, 2 ], 4 ], [ [ 4, 4, 4, 4 ], 4 ], [ [ 2, 2, 2, 2, 2, 2, 2, 2 ], 2 ], [ [ 4, 4, 4, 4 ], 2 ], [ [ 4, 4, 4, 4 ], 2 ], [ [ 2, 2, 2, 2, 2, 2, 2, 2 ], 2 ], [ [ 8, 8 ], 4 ], [ [ 8, 8 ], 4 ], [ [ 2, 2, 2, 2, 2, 2, 2, 2 ], 4 ], [ [ 4, 4, 4, 4 ], 4 ] ]
117|64|[ 64, 206 ]|[ [ [ 1, 1, 1, 1, 1, 1, 1, 1, 1, 1, 1, 1, 1, 1, 1, 1 ], 1 ], [ [ 1, 1, 1, 1, 1, 1, 1, 1, 2, 2, 2, 2 ], 2 ], [ [ 1, 1, 1, 1, 1, 1, 1, 1, 2, 2, 2, 2 ], 2 ], [ [ 1, 1, 1, 1, 1, 1, 1, 1, 2, 2, 2, 2 ], 2 ], [ [ 2, 2, 2, 2, 2, 2, 2, 2 ], 1 ], [ [ 2, 2, 2, 2, 2, 2, 2, 2 ], 2 ], [ [ 2, 2, 2, 2, 2, 2, 2, 2 ], 2 ], [ [ 4, 4, 4, 4 ], 2 ], [ [ 4, 4, 4, 4 ], 2 ], [ [ 4, 4, 4, 4 ], 1 ], [ [ 4, 4, 4, 4 ], 2 ], [ [ 4, 4, 4, 4 ], 2 ], [ [ 4, 4, 4, 4 ], 2 ], [ [ 4, 4, 4, 4 ], 1 ], [ [ 4, 4, 4, 4 ], 2 ], [ [ 4, 4, 4, 4 ], 1 ], [ [ 4, 4, 4, 4 ], 1 ], [ [ 2, 2, 2, 2, 2, 2, 2, 2 ], 1 ], [ [ 2, 2, 2, 2, 2, 2, 2, 2 ], 2 ], [ [ 2, 2, 2, 2, 2, 2, 2, 2 ], 1 ], [ [ 2, 2, 2, 2, 2, 2, 2, 2 ], 4 ], [ [ 4, 4, 4, 4 ], 4 ], [ [ 4, 4, 4, 4 ], 4 ], [ [ 4, 4, 4, 4 ], 4 ], [ [ 4, 4, 4, 4 ], 4 ], [ [ 4, 4, 4, 4 ], 4 ], [ [ 2, 2, 2, 2, 2, 2, 2, 2 ], 4 ], [ [ 4, 4, 4, 4 ], 4 ] ]
118|64|[ 64, 256 ]|[ [ [ 1, 1, 1, 1, 1, 1, 1, 1, 1, 1, 1, 1, 1, 1, 1, 1 ], 1 ], [ [ 1, 1, 1, 1, 1, 1, 1, 1, 2, 2, 2, 2 ], 2 ], [ [ 1, 1, 1, 1, 2, 2, 2, 2, 2, 2 ], 4 ], [ [ 1, 1, 1, 1, 2, 2, 2, 2, 2, 2 ], 4 ], [ [ 2, 2, 2, 2, 2, 2, 2, 2 ], 1 ], [ [ 4, 4, 4, 4 ], 1 ], [ [ 4, 4, 4, 4 ], 2 ], [ [ 4, 4, 4, 4 ], 4 ], [ [ 4, 4, 4, 4 ], 4 ], [ [ 4, 4, 4, 4 ], 1 ], [ [ 2, 2, 2, 2, 2, 2, 2, 2 ], 2 ], [ [ 2, 2, 2, 2, 2, 2, 2, 2 ], 2 ], [ [ 4, 4, 4, 4 ], 2 ], [ [ 4, 4, 4, 4 ], 2 ], [ [ 2, 2, 2, 2, 2, 2, 2, 2 ], 4 ], [ [ 4, 4, 4, 4 ], 4 ], [ [ 8, 8 ], 4 ], [ [ 8, 8 ], 4 ], [ [ 2, 2, 2, 2, 2, 2, 2, 2 ], 4 ], [ [ 4, 4, 4, 4 ], 4 ], [ [ 8, 8 ], 4 ], [ [ 8, 8 ], 4 ] ]
119|64|[ 64, 215 ]|[ [ [ 1, 1, 1, 1, 1, 1, 1, 1, 1, 1, 1, 1, 1, 1, 1, 1 ], 1 ], [ [ 1, 1, 1, 1, 1, 1, 1, 1, 2, 2, 2, 2 ], 2 ], [ [ 1, 1, 1, 1, 1, 1, 1, 1, 2, 2, 2, 2 ], 2 ], [ [ 1, 1, 1, 1, 1, 1, 1, 1, 2, 2, 2, 2 ], 2 ], [ [ 2, 2, 2, 2, 2, 2, 2, 2 ], 1 ], [ [ 2, 2, 2, 2, 2, 2, 2, 2 ], 2 ], [ [ 2, 2, 2, 2, 2, 2, 2, 2 ], 2 ], [ [ 2, 2, 2, 2, 2, 2, 2, 2 ], 2 ], [ [ 2, 2, 2, 2, 2, 2, 2, 2 ], 4 ], [ [ 2, 2, 2, 2, 2, 2, 2, 2 ], 4 ], [ [ 4, 4, 4, 4 ], 4 ], [ [ 4, 4, 4, 4 ], 4 ], [ [ 4, 4, 4, 4 ], 4 ], [ [ 4, 4, 4, 4 ], 4 ], [ [ 4, 4, 4, 4 ], 4 ], [ [ 4, 4, 4, 4 ], 4 ], [ [ 2, 2, 2, 2, 2, 2, 2, 2 ], 4 ], [ [ 4, 4, 4, 4 ], 4 ], [ [ 4, 4, 4, 4 ], 4 ], [ [ 2, 2, 2, 2, 2, 2, 2, 2 ], 4 ], [ [ 2, 2, 2, 2, 2, 2, 2, 2 ], 1 ], [ [ 2, 2, 2, 2, 2, 2, 2, 2 ], 1 ] ]
120|64|[ 64, 91 ]|[ [ [ 1, 1, 1, 1, 1, 1, 1, 1, 1, 1, 1, 1, 1, 1, 1, 1 ], 1 ], [ [ 1, 1, 1, 1, 1, 1, 1, 1, 2, 2, 2, 2 ], 2 ], [ [ 1, 1, 1, 1, 2, 2, 4, 4 ], 4 ], [ [ 1, 1, 1, 1, 2, 2, 4, 4 ], 4 ], [ [ 2, 2, 2, 2, 2, 2, 2, 2 ], 1 ], [ [ 4, 4, 4, 4 ], 1 ], [ [ 4, 4, 4, 4 ], 2 ], [ [ 2, 2, 2, 2, 4, 4 ], 4 ], [ [ 2, 2, 2, 2, 4, 4 ], 4 ], [ [ 4, 4, 4, 4 ], 1 ], [ [ 4, 4, 4, 4 ], 2 ], [ [ 4, 4, 4, 4 ], 2 ], [ [ 2, 2, 2, 2, 2, 2, 2, 2 ], 2 ], [ [ 2, 2, 2, 2, 2, 2, 2, 2 ], 2 ], [ [ 2, 2, 2, 2, 2, 2, 2, 2 ], 4 ], [ [ 4, 4, 4, 4 ], 4 ], [ [ 4, 4, 4, 4 ], 4 ], [ [ 4, 4, 4, 4 ], 4 ], [ [ 4, 4, 4, 4 ], 4 ], [ [ 4, 4, 4, 4 ], 4 ], [ [ 4, 4, 4, 4 ], 4 ], [ [ 2, 2, 2, 2, 2, 2, 2, 2 ], 4 ] ]
121|64|[ 64, 20 ]|[ [ [ 1, 1, 1, 1, 1, 1, 1, 1, 1, 1, 1, 1, 1, 1, 1, 1 ], 1 ], [ [ 1, 1, 1, 1, 1, 1, 1, 1, 4, 4 ], 2 ], [ [ 1, 1, 1, 1, 1, 1, 1, 1, 2, 2, 2, 2 ], 2 ], [ [ 1, 1, 1, 1, 1, 1, 1, 1, 4, 4 ], 2 ], [ [ 2, 2, 2, 2, 2, 2, 2, 2 ], 1 ], [ [ 2, 2, 2, 2, 4, 4 ], 2 ], [ [ 2, 2, 2, 2, 2, 2, 2, 2 ], 2 ], [ [ 2, 2, 2, 2, 4, 4 ], 2 ], [ [ 4, 4, 4, 4 ], 1 ], [ [ 2, 2, 2, 2, 4, 4 ], 2 ], [ [ 4, 4, 4, 4 ], 2 ], [ [ 4, 4, 4, 4 ], 1 ], [ [ 2, 2, 2, 2, 4, 4 ], 2 ], [ [ 4, 4, 4, 4 ], 2 ], [ [ 2, 2, 2, 2, 2, 2, 2, 2 ], 1 ], [ [ 2, 2, 2, 2, 4, 4 ], 2 ], [ [ 2, 2, 2, 2, 2, 2, 2, 2 ], 1 ], [ [ 2, 2, 2, 2, 4, 4 ], 2 ], [ [ 4, 4, 4, 4 ], 4 ], [ [ 8, 8 ], 4 ], [ [ 4, 4, 4, 4 ], 4 ], [ [ 8, 8 ], 4 ], [ [ 4, 4, 4, 4 ], 4 ], [ [ 8, 8 ], 4 ], [ [ 4, 4, 4, 4 ], 4 ], [ [ 8, 8 ], 4 ], [ [ 4, 4, 4, 4 ], 1 ], [ [ 4, 4, 4, 4 ], 1 ] ]
122|64|[ 64, 102 ]|[ [ [ 1, 1, 1, 1, 1, 1, 1, 1, 1, 1, 1, 1, 1, 1, 1, 1 ], 1 ], [ [ 1, 1, 1, 1, 1, 1, 1, 1, 2, 2, 2, 2 ], 2 ], [ [ 1, 1, 1, 1, 2, 2, 2, 2, 2, 2 ], 4 ], [ [ 1, 1, 1, 1, 2, 2, 2, 2, 2, 2 ], 4 ], [ [ 2, 2, 2, 2, 2, 2, 2, 2 ], 1 ], [ [ 4, 4, 4, 4 ], 1 ], [ [ 4, 4, 4, 4 ], 2 ], [ [ 4, 4, 4, 4 ], 4 ], [ [ 4, 4, 4, 4 ], 4 ], [ [ 4, 4, 4, 4 ], 1 ], [ [ 4, 4, 4, 4 ], 2 ], [ [ 4, 4, 4, 4 ], 2 ], [ [ 2, 2, 2, 2, 2, 2, 2, 2 ], 2 ], [ [ 2, 2, 2, 2, 2, 2, 2, 2 ], 2 ], [ [ 8, 8 ], 4 ], [ [ 8, 8 ], 4 ], [ [ 4, 4, 4, 4 ], 4 ], [ [ 4, 4, 4, 4 ], 4 ], [ [ 8, 8 ], 4 ], [ [ 8, 8 ], 4 ], [ [ 4, 4, 4, 4 ], 4 ], [ [ 4, 4, 4, 4 ], 4 ] ]
123|64|[ 64, 18 ]|[ [ [ 1, 1, 1, 1, 1, 1, 1, 1, 1, 1, 1, 1, 1, 1, 1, 1 ], 1 ], [ [ 1, 1, 1, 1, 1, 1, 1, 1, 2, 2, 2, 2 ], 2 ], [ [ 1, 1, 1, 1, 1, 1, 1, 1, 2, 2, 2, 2 ], 2 ], [ [ 1, 1, 1, 1, 1, 1, 1, 1, 2, 2, 2, 2 ], 2 ], [ [ 2, 2, 2, 2, 2, 2, 2, 2 ], 1 ], [ [ 4, 4, 4, 4 ], 2 ], [ [ 4, 4, 4, 4 ], 1 ], [ [ 4, 4, 4, 4 ], 2 ], [ [ 4, 4, 4, 4 ], 2 ], [ [ 4, 4, 4, 4 ], 1 ], [ [ 2, 2, 2, 2, 4, 4 ], 4 ], [ [ 2, 2, 2, 2, 4, 4 ], 4 ], [ [ 2, 2, 2, 2, 4, 4 ], 4 ], [ [ 2, 2, 2, 2, 4, 4 ], 4 ], [ [ 2, 2, 2, 2, 4, 4 ], 4 ], [ [ 2, 2, 2, 2, 4, 4 ], 4 ], [ [ 2, 2, 2, 2, 4, 4 ], 4 ], [ [ 2, 2, 2, 2, 4, 4 ], 4 ], [ [ 8, 8 ], 4 ], [ [ 8, 8 ], 4 ], [ [ 8, 8 ], 4 ], [ [ 8, 8 ], 4 ] ]
124|64|[ 64, 45 ]|[ [ [ 1, 1, 1, 1, 1, 1, 1, 1, 1, 1, 1, 1, 1, 1, 1, 1 ], 1 ], [ [ 1, 1, 1, 1, 1, 1, 1, 1, 2, 2, 2, 2 ], 2 ], [ [ 1, 1, 1, 1, 1, 1, 1, 1, 4, 4 ], 2 ], [ [ 1, 1, 1, 1, 1, 1, 1, 1, 4, 4 ], 2 ], [ [ 2, 2, 2, 2, 2, 2, 2, 2 ], 1 ], [ [ 2, 2, 2, 2, 4, 4 ], 2 ], [ [ 2, 2, 2, 2, 4, 4 ], 2 ], [ [ 8, 8 ], 2 ], [ [ 8, 8 ], 1 ], [ [ 8, 8 ], 2 ], [ [ 8, 8 ], 2 ], [ [ 8, 8 ], 1 ], [ [ 8, 8 ], 2 ], [ [ 8, 8 ], 2 ], [ [ 4, 4, 4, 4 ], 1 ], [ [ 4, 4, 4, 4 ], 2 ], [ [ 4, 4, 4, 4 ], 1 ], [ [ 8, 8 ], 1 ], [ [ 8, 8 ], 2 ], [ [ 8, 8 ], 1 ], [ [ 16 ], 4 ], [ [ 16 ], 4 ], [ [ 16 ], 4 ], [ [ 16 ], 4 ], [ [ 16 ], 4 ], [ [ 16 ], 4 ], [ [ 16 ], 4 ], [ [ 16 ], 4 ] ]
125|64|[ 64, 28 ]|[ [ [ 1, 1, 1, 1, 1, 1, 1, 1, 1, 1, 1, 1, 1, 1, 1, 1 ], 1 ], [ [ 1, 1, 1, 1, 1, 1, 1, 1, 2, 2, 2, 2 ], 2 ], [ [ 1, 1, 1, 1, 2, 2, 4, 4 ], 4 ], [ [ 1, 1, 1, 1, 2, 2, 4, 4 ], 4 ], [ [ 2, 2, 2, 2, 2, 2, 2, 2 ], 1 ], [ [ 8, 8 ], 4 ], [ [ 8, 8 ], 4 ], [ [ 8, 8 ], 2 ], [ [ 8, 8 ], 2 ], [ [ 4, 4, 4, 4 ], 1 ], [ [ 4, 4, 4, 4 ], 2 ], [ [ 4, 4, 4, 4 ], 1 ], [ [ 8, 8 ], 2 ], [ [ 8, 8 ], 2 ], [ [ 16 ], 4 ], [ [ 16 ], 4 ], [ [ 16 ], 4 ], [ [ 16 ], 4 ], [ [ 16 ], 4 ], [ [ 16 ], 4 ], [ [ 16 ], 4 ], [ [ 16 ], 4 ] ]
126|64|[ 64, 128 ]|[ [ [ 1, 1, 1, 1, 1, 1, 1, 1, 1, 1, 1, 1, 1, 1, 1, 1 ], 1 ], [ [ 1, 1, 1, 1, 2, 2, 2, 2, 2, 2 ], 4 ], [ [ 1, 1, 1, 1, 1, 1, 1, 1, 2, 2, 2, 2 ], 2 ], [ [ 1, 1, 1, 1, 2, 2, 2, 2, 2, 2 ], 4 ], [ [ 2, 2, 2, 2, 2, 2, 2, 2 ], 1 ], [ [ 2, 2, 2, 2, 2, 2, 2, 2 ], 4 ], [ [ 2, 2, 2, 2, 2, 2, 2, 2 ], 2 ], [ [ 2, 2, 2, 2, 2, 2, 2, 2 ], 4 ], [ [ 2, 2, 2, 2, 2, 2, 2, 2 ], 8 ], [ [ 8, 8 ], 4 ], [ [ 4, 4, 4, 4 ], 8 ], [ [ 8, 8 ], 4 ], [ [ 8, 8 ], 4 ], [ [ 8, 8 ], 4 ], [ [ 4, 4, 4, 4 ], 2 ], [ [ 4, 4, 4, 4 ], 4 ], [ [ 4, 4, 4, 4 ], 2 ], [ [ 2, 2, 2, 2, 2, 2, 2, 2 ], 1 ], [ [ 2, 2, 2, 2, 2, 2, 2, 2 ], 1 ] ]
127|64|[ 64, 138 ]|[ [ [ 1, 1, 1, 1, 1, 1, 1, 1, 1, 1, 1, 1, 1, 1, 1, 1 ], 1 ], [ [ 1, 1, 1, 1, 1, 1, 1, 1, 2, 2, 2, 2 ], 2 ], [ [ 1, 1, 1, 1, 1, 1, 1, 1, 2, 2, 2, 2 ], 2 ], [ [ 1, 1, 1, 1, 1, 1, 1, 1, 2, 2, 2, 2 ], 2 ], [ [ 2, 2, 2, 2, 2, 2, 2, 2 ], 4 ], [ [ 2, 2, 2, 2, 2, 2, 2, 2 ], 4 ], [ [ 2, 2, 2, 2, 2, 2, 2, 2 ], 4 ], [ [ 4, 4, 4, 4 ], 4 ], [ [ 2, 2, 2, 2, 4, 4 ], 8 ], [ [ 2, 2, 2, 2, 2, 2, 2, 2 ], 4 ], [ [ 4, 4, 4, 4 ], 4 ], [ [ 2, 2, 2, 2, 4, 4 ], 8 ], [ [ 2, 2, 2, 2, 2, 2, 2, 2 ], 4 ], [ [ 4, 4, 4, 4 ], 4 ], [ [ 2, 2, 2, 2, 4, 4 ], 8 ], [ [ 2, 2, 2, 2, 2, 2, 2, 2 ], 1 ] ]
128|64|[ 64, 138 ]|[ [ [ 1, 1, 1, 1, 1, 1, 1, 1, 1, 1, 1, 1, 1, 1, 1, 1 ], 1 ], [ [ 1, 1, 1, 1, 2, 2, 2, 2, 2, 2 ], 4 ], [ [ 1, 1, 1, 1, 1, 1, 1, 1, 2, 2, 2, 2 ], 2 ], [ [ 1, 1, 1, 1, 2, 2, 2, 2, 2, 2 ], 4 ], [ [ 2, 2, 2, 2, 2, 2, 2, 2 ], 2 ], [ [ 2, 2, 2, 2, 2, 2, 2, 2 ], 2 ], [ [ 2, 2, 2, 2, 2, 2, 2, 2 ], 4 ], [ [ 4, 4, 4, 4 ], 8 ], [ [ 4, 4, 4, 4 ], 4 ], [ [ 2, 2, 2, 2, 2, 2, 2, 2 ], 4 ], [ [ 2, 2, 2, 2, 4, 4 ], 8 ], [ [ 4, 4, 4, 4 ], 4 ], [ [ 2, 2, 2, 2, 2, 2, 2, 2 ], 4 ], [ [ 4, 4, 4, 4 ], 8 ], [ [ 4, 4, 4, 4 ], 4 ], [ [ 2, 2, 2, 2, 2, 2, 2, 2 ], 1 ] ]
129|64|[ 64, 138 ]|[ [ [ 1, 1, 1, 1, 1, 1, 1, 1, 1, 1, 1, 1, 1, 1, 1, 1 ], 1 ], [ [ 1, 1, 1, 1, 1, 1, 1, 1, 2, 2, 2, 2 ], 2 ], [ [ 1, 1, 1, 1, 2, 2, 4, 4 ], 8 ], [ [ 2, 2, 2, 2, 2, 2, 2, 2 ], 4 ], [ [ 2, 2, 2, 2, 2, 2, 2, 2 ], 4 ], [ [ 2, 2, 2, 2, 2, 2, 2, 2 ], 4 ], [ [ 4, 4, 4, 4 ], 4 ], [ [ 2, 2, 2, 2, 2, 2, 2, 2 ], 2 ], [ [ 2, 2, 2, 2, 2, 2, 2, 2 ], 2 ], [ [ 2, 2, 2, 2, 2, 2, 2, 2 ], 1 ], [ [ 2, 2, 2, 2, 2, 2, 2, 2 ], 4 ], [ [ 4, 4, 4, 4 ], 4 ], [ [ 4, 4, 4, 4 ], 8 ], [ [ 4, 4, 4, 4 ], 8 ], [ [ 2, 2, 2, 2, 2, 2, 2, 2 ], 4 ], [ [ 4, 4, 4, 4 ], 4 ] ]
130|64|[ 64, 32 ]|[ [ [ 1, 1, 1, 1, 1, 1, 1, 1, 1, 1, 1, 1, 1, 1, 1, 1 ], 1 ], [ [ 1, 1, 1, 1, 2, 2, 2, 2, 2, 2 ], 4 ], [ [ 1, 1, 1, 1, 1, 1, 1, 1, 2, 2, 2, 2 ], 2 ], [ [ 1, 1, 1, 1, 2, 2, 2, 2, 2, 2 ], 4 ], [ [ 2, 2, 2, 2, 2, 2, 2, 2 ], 4 ], [ [ 4, 4, 4, 4 ], 8 ], [ [ 8, 8 ], 8 ], [ [ 2, 2, 2, 2, 2, 2, 2, 2 ], 4 ], [ [ 2, 2, 2, 2, 4, 4 ], 8 ], [ [ 4, 4, 4, 4 ], 4 ], [ [ 4, 4, 4, 4 ], 8 ], [ [ 8, 8 ], 8 ], [ [ 2, 2, 2, 2, 2, 2, 2, 2 ], 1 ] ]
131|64|[ 64, 36 ]|[ [ [ 1, 1, 1, 1, 1, 1, 1, 1, 1, 1, 1, 1, 1, 1, 1, 1 ], 1 ], [ [ 1, 1, 1, 1, 1, 1, 1, 1, 2, 2, 2, 2 ], 2 ], [ [ 1, 1, 1, 1, 2, 2, 4, 4 ], 4 ], [ [ 1, 1, 1, 1, 2, 2, 4, 4 ], 4 ], [ [ 2, 2, 2, 2, 2, 2, 2, 2 ], 1 ], [ [ 2, 2, 2, 2, 2, 2, 2, 2 ], 8 ], [ [ 4, 4, 4, 4 ], 4 ], [ [ 4, 4, 4, 4 ], 4 ], [ [ 4, 4, 4, 4 ], 4 ], [ [ 8, 8 ], 8 ], [ [ 8, 8 ], 8 ], [ [ 8, 8 ], 8 ], [ [ 8, 8 ], 8 ] ]
132|64|[ 64, 152 ]|[ [ [ 1, 1, 1, 1, 1, 1, 1, 1, 1, 1, 1, 1, 1, 1, 1, 1 ], 1 ], [ [ 1, 1, 1, 1, 1, 1, 1, 1, 2, 2, 2, 2 ], 2 ], [ [ 1, 1, 1, 1, 2, 2, 2, 2, 2, 2 ], 8 ], [ [ 2, 2, 2, 2, 2, 2, 2, 2 ], 1 ], [ [ 4, 4, 4, 4 ], 8 ], [ [ 8, 8 ], 4 ], [ [ 8, 8 ], 2 ], [ [ 8, 8 ], 2 ], [ [ 4, 4, 4, 4 ], 2 ], [ [ 4, 4, 4, 4 ], 2 ], [ [ 8, 8 ], 4 ], [ [ 8, 8 ], 8 ], [ [ 8, 8 ], 8 ], [ [ 4, 4, 4, 4 ], 4 ], [ [ 2, 2, 2, 2, 2, 2, 2, 2 ], 4 ], [ [ 8, 8 ], 4 ] ]
133|64|[ 64, 153 ]|[ [ [ 1, 1, 1, 1, 1, 1, 1, 1, 1, 1, 1, 1, 1, 1, 1, 1 ], 1 ], [ [ 1, 1, 1, 1, 1, 1, 1, 1, 2, 2, 2, 2 ], 2 ], [ [ 1, 1, 1, 1, 2, 2, 2, 2, 2, 2 ], 8 ], [ [ 2, 2, 2, 2, 2, 2, 2, 2 ], 1 ], [ [ 2, 2, 2, 2, 2, 2, 2, 2 ], 8 ], [ [ 8, 8 ], 2 ], [ [ 8, 8 ], 4 ], [ [ 8, 8 ], 2 ], [ [ 4, 4, 4, 4 ], 2 ], [ [ 4, 4, 4, 4 ], 2 ], [ [ 8, 8 ], 4 ], [ [ 8, 8 ], 8 ], [ [ 8, 8 ], 8 ], [ [ 4, 4, 4, 4 ], 4 ], [ [ 2, 2, 2, 2, 2, 2, 2, 2 ], 4 ], [ [ 8, 8 ], 4 ] ]
134|64|[ 64, 190 ]|[ [ [ 1, 1, 1, 1, 1, 1, 1, 1, 1, 1, 1, 1, 1, 1, 1, 1 ], 1 ], [ [ 1, 1, 1, 1, 1, 1, 1, 1, 2, 2, 2, 2 ], 2 ], [ [ 1, 1, 2, 2, 2, 2, 2, 2, 2 ], 8 ], [ [ 1, 1, 2, 2, 2, 2, 2, 2, 2 ], 8 ], [ [ 2, 2, 2, 2, 2, 2, 2, 2 ], 1 ], [ [ 8, 8 ], 2 ], [ [ 8, 8 ], 4 ], [ [ 8, 8 ], 2 ], [ [ 4, 4, 4, 4 ], 2 ], [ [ 4, 4, 4, 4 ], 2 ], [ [ 16 ], 4 ], [ [ 16 ], 4 ], [ [ 2, 2, 2, 2, 2, 2, 2, 2 ], 8 ], [ [ 4, 4, 4, 4 ], 8 ], [ [ 16 ], 4 ], [ [ 16 ], 4 ] ]
135|64|[ 64, 134 ]|[ [ [ 1, 1, 1, 1, 1, 1, 1, 1, 1, 1, 1, 1, 1, 1, 1, 1 ], 1 ], [ [ 1, 1, 1, 1, 2, 2, 2, 2, 2, 2 ], 4 ], [ [ 1, 1, 1, 1, 2, 2, 2, 2, 2, 2 ], 4 ], [ [ 1, 1, 1, 1, 2, 2, 2, 2, 2, 2 ], 4 ], [ [ 2, 2, 2, 2, 2, 2, 2, 2 ], 1 ], [ [ 2, 2, 2, 2, 2, 2, 2, 2 ], 4 ], [ [ 4, 4, 4, 4 ], 2 ], [ [ 4, 4, 4, 4 ], 4 ], [ [ 4, 4, 4, 4 ], 2 ], [ [ 4, 4, 4, 4 ], 4 ], [ [ 2, 2, 2, 2, 2, 2, 2, 2 ], 8 ], [ [ 8, 8 ], 8 ], [ [ 8, 8 ], 8 ], [ [ 4, 4, 4, 4 ], 4 ], [ [ 4, 4, 4, 4 ], 4 ], [ [ 2, 2, 2, 2, 2, 2, 2, 2 ], 2 ] ]
136|64|[ 64, 46 ]|[ [ [ 1, 1, 1, 1, 1, 1, 1, 1, 1, 1, 1, 1, 1, 1, 1, 1 ], 1 ], [ [ 1, 1, 1, 1, 1, 1, 1, 1, 2, 2, 2, 2 ], 2 ], [ [ 1, 1, 2, 2, 2, 4, 4 ], 8 ], [ [ 1, 1, 2, 2, 2, 4, 4 ], 8 ], [ [ 2, 2, 2, 2, 2, 2, 2, 2 ], 1 ], [ [ 8, 8 ], 2 ], [ [ 8, 8 ], 4 ], [ [ 8, 8 ], 2 ], [ [ 4, 4, 4, 4 ], 2 ], [ [ 4, 4, 4, 4 ], 2 ], [ [ 16 ], 4 ], [ [ 16 ], 4 ], [ [ 8, 8 ], 8 ], [ [ 8, 8 ], 8 ], [ [ 16 ], 4 ], [ [ 16 ], 4 ] ]
137|64|[ 64, 137 ]|[ [ [ 1, 1, 1, 1, 1, 1, 1, 1, 1, 1, 1, 1, 1, 1, 1, 1 ], 1 ], [ [ 1, 1, 1, 1, 1, 1, 1, 1, 2, 2, 2, 2 ], 2 ], [ [ 1, 1, 1, 1, 1, 1, 1, 1, 4, 4 ], 4 ], [ [ 2, 2, 2, 2, 2, 2, 2, 2 ], 1 ], [ [ 2, 2, 2, 2, 4, 4 ], 4 ], [ [ 4, 4, 4, 4 ], 8 ], [ [ 4, 4, 4, 4 ], 4 ], [ [ 4, 4, 4, 4 ], 4 ], [ [ 4, 4, 4, 4 ], 2 ], [ [ 4, 4, 4, 4 ], 2 ], [ [ 2, 2, 2, 2, 2, 2, 2, 2 ], 4 ], [ [ 4, 4, 4, 4 ], 4 ], [ [ 8, 8 ], 8 ], [ [ 8, 8 ], 8 ], [ [ 2, 2, 2, 2, 2, 2, 2, 2 ], 4 ], [ [ 4, 4, 4, 4 ], 4 ] ]
138|64|[ 64, 136 ]|[ [ [ 1, 1, 1, 1, 1, 1, 1, 1, 1, 1, 1, 1, 1, 1, 1, 1 ], 1 ], [ [ 1, 1, 1, 1, 1, 1, 1, 1, 2, 2, 2, 2 ], 2 ], [ [ 1, 1, 1, 1, 2, 2, 4, 4 ], 4 ], [ [ 1, 1, 1, 1, 2, 2, 4, 4 ], 4 ], [ [ 2, 2, 2, 2, 2, 2, 2, 2 ], 1 ], [ [ 2, 2, 2, 2, 2, 2, 2, 2 ], 4 ], [ [ 4, 4, 4, 4 ], 8 ], [ [ 2, 2, 2, 2, 2, 2, 2, 2 ], 4 ], [ [ 4, 4, 4, 4 ], 2 ], [ [ 4, 4, 4, 4 ], 2 ], [ [ 8, 8 ], 8 ], [ [ 2, 2, 2, 2, 2, 2, 2, 2 ], 4 ], [ [ 4, 4, 4, 4 ], 4 ], [ [ 8, 8 ], 8 ], [ [ 2, 2, 2, 2, 2, 2, 2, 2 ], 4 ], [ [ 4, 4, 4, 4 ], 4 ] ]
139|64|[ 64, 37 ]|[ [ [ 1, 1, 1, 1, 1, 1, 1, 1, 1, 1, 1, 1, 1, 1, 1, 1 ], 1 ], [ [ 1, 1, 1, 1, 1, 1, 1, 1, 2, 2, 2, 2 ], 2 ], [ [ 1, 1, 1, 1, 1, 1, 1, 1, 4, 4 ], 4 ], [ [ 2, 2, 2, 2, 2, 2, 2, 2 ], 1 ], [ [ 2, 2, 2, 2, 4, 4 ], 4 ], [ [ 4, 4, 4, 4 ], 8 ], [ [ 4, 4, 4, 4 ], 4 ], [ [ 4, 4, 4, 4 ], 4 ], [ [ 4, 4, 4, 4 ], 4 ], [ [ 8, 8 ], 8 ], [ [ 8, 8 ], 8 ], [ [ 8, 8 ], 8 ], [ [ 8, 8 ], 8 ] ]
140|64|[ 64, 33 ]|[ [ [ 1, 1, 1, 1, 1, 1, 1, 1, 1, 1, 1, 1, 1, 1, 1, 1 ], 1 ], [ [ 1, 1, 1, 1, 1, 1, 1, 1, 2, 2, 2, 2 ], 4 ], [ [ 1, 1, 1, 1, 1, 1, 1, 1, 2, 2, 2, 2 ], 2 ], [ [ 2, 2, 2, 2, 2, 2, 2, 2 ], 1 ], [ [ 4, 4, 4, 4 ], 4 ], [ [ 4, 4, 4, 4 ], 4 ], [ [ 4, 4, 4, 4 ], 8 ], [ [ 8, 8 ], 8 ], [ [ 2, 2, 2, 2, 2, 2, 2, 2 ], 4 ], [ [ 4, 4, 4, 4 ], 4 ], [ [ 2, 2, 2, 2, 4, 4 ], 8 ], [ [ 8, 8 ], 8 ], [ [ 4, 4, 4, 4 ], 8 ] ]
141|64|[ 64, 134 ]|[ [ [ 1, 1, 1, 1, 1, 1, 1, 1, 1, 1, 1, 1, 1, 1, 1, 1 ], 1 ], [ [ 1, 1, 1, 1, 1, 1, 1, 1, 4, 4 ], 4 ], [ [ 1, 1, 1, 1, 1, 1, 1, 1, 2, 2, 2, 2 ], 2 ], [ [ 2, 2, 2, 2, 2, 2, 2, 2 ], 4 ], [ [ 2, 2, 2, 2, 2, 2, 2, 2 ], 8 ], [ [ 2, 2, 2, 2, 2, 2, 2, 2 ], 4 ], [ [ 8, 8 ], 8 ], [ [ 4, 4, 4, 4 ], 4 ], [ [ 2, 2, 2, 2, 2, 2, 2, 2 ], 4 ], [ [ 8, 8 ], 8 ], [ [ 4, 4, 4, 4 ], 4 ], [ [ 2, 2, 2, 2, 2, 2, 2, 2 ], 4 ], [ [ 4, 4, 4, 4 ], 2 ], [ [ 2, 2, 2, 2, 4, 4 ], 4 ], [ [ 4, 4, 4, 4 ], 2 ], [ [ 2, 2, 2, 2, 2, 2, 2, 2 ], 1 ] ]
142|64|[ 64, 134 ]|[ [ [ 1, 1, 1, 1, 1, 1, 1, 1, 1, 1, 1, 1, 1, 1, 1, 1 ], 1 ], [ [ 1, 1, 1, 1, 2, 2, 2, 2, 2, 2 ], 8 ], [ [ 1, 1, 1, 1, 1, 1, 1, 1, 2, 2, 2, 2 ], 2 ], [ [ 2, 2, 2, 2, 2, 2, 2, 2 ], 4 ], [ [ 2, 2, 2, 2, 4, 4 ], 4 ], [ [ 2, 2, 2, 2, 2, 2, 2, 2 ], 4 ], [ [ 8, 8 ], 8 ], [ [ 4, 4, 4, 4 ], 4 ], [ [ 2, 2, 2, 2, 2, 2, 2, 2 ], 4 ], [ [ 8, 8 ], 8 ], [ [ 4, 4, 4, 4 ], 4 ], [ [ 4, 4, 4, 4 ], 2 ], [ [ 4, 4, 4, 4 ], 2 ], [ [ 2, 2, 2, 2, 2, 2, 2, 2 ], 4 ], [ [ 2, 2, 2, 2, 4, 4 ], 4 ], [ [ 2, 2, 2, 2, 2, 2, 2, 2 ], 1 ] ]
143|64|[ 64, 34 ]|[ [ [ 1, 1, 1, 1, 1, 1, 1, 1, 1, 1, 1, 1, 1, 1, 1, 1 ], 1 ], [ [ 1, 1, 1, 1, 2, 2, 2, 2, 2, 2 ], 4 ], [ [ 1, 1, 2, 4, 4, 4 ], 8 ], [ [ 1, 1, 2, 4, 4, 4 ], 8 ], [ [ 2, 2, 2, 2, 2, 2, 2, 2 ], 1 ], [ [ 2, 2, 2, 2, 2, 2, 2, 2 ], 4 ], [ [ 4, 4, 4, 4 ], 4 ], [ [ 2, 2, 2, 2, 2, 2, 2, 2 ], 2 ], [ [ 4, 4, 4, 4 ], 8 ], [ [ 4, 4, 4, 4 ], 8 ], [ [ 4, 4, 4, 4 ], 4 ], [ [ 2, 2, 2, 2, 2, 2, 2, 2 ], 8 ], [ [ 4, 4, 4, 4 ], 4 ] ]
144|64|[ 64, 42 ]|[ [ [ 1, 1, 1, 1, 1, 1, 1, 1, 1, 1, 1, 1, 1, 1, 1, 1 ], 1 ], [ [ 1, 1, 1, 1, 1, 1, 1, 1, 2, 2, 2, 2 ], 2 ], [ [ 1, 1, 2, 2, 2, 2, 2, 2, 2 ], 8 ], [ [ 1, 1, 2, 2, 2, 2, 2, 2, 2 ], 8 ], [ [ 2, 2, 2, 2, 2, 2, 2, 2 ], 1 ], [ [ 8, 8 ], 2 ], [ [ 8, 8 ], 4 ], [ [ 8, 8 ], 2 ], [ [ 4, 4, 4, 4 ], 2 ], [ [ 4, 4, 4, 4 ], 2 ], [ [ 16 ], 4 ], [ [ 16 ], 4 ], [ [ 8, 8 ], 8 ], [ [ 8, 8 ], 8 ], [ [ 16 ], 4 ], [ [ 16 ], 4 ] ]
145|64|[ 64, 136 ]|[ [ [ 1, 1, 1, 1, 1, 1, 1, 1, 1, 1, 1, 1, 1, 1, 1, 1 ], 1 ], [ [ 1, 1, 1, 1, 2, 2, 2, 2, 2, 2 ], 4 ], [ [ 1, 1, 1, 1, 2, 2, 2, 2, 2, 2 ], 4 ], [ [ 1, 1, 1, 1, 2, 2, 2, 2, 2, 2 ], 4 ], [ [ 2, 2, 2, 2, 2, 2, 2, 2 ], 1 ], [ [ 2, 2, 2, 2, 2, 2, 2, 2 ], 4 ], [ [ 4, 4, 4, 4 ], 2 ], [ [ 4, 4, 4, 4 ], 4 ], [ [ 4, 4, 4, 4 ], 2 ], [ [ 4, 4, 4, 4 ], 4 ], [ [ 4, 4, 4, 4 ], 4 ], [ [ 8, 8 ], 8 ], [ [ 8, 8 ], 8 ], [ [ 4, 4, 4, 4 ], 8 ], [ [ 4, 4, 4, 4 ], 4 ], [ [ 2, 2, 2, 2, 2, 2, 2, 2 ], 2 ] ]
146|64|[ 64, 139 ]|[ [ [ 1, 1, 1, 1, 1, 1, 1, 1, 1, 1, 1, 1, 1, 1, 1, 1 ], 1 ], [ [ 1, 1, 1, 1, 2, 2, 2, 2, 2, 2 ], 4 ], [ [ 1, 1, 1, 1, 2, 2, 2, 2, 2, 2 ], 4 ], [ [ 1, 1, 1, 1, 2, 2, 2, 2, 2, 2 ], 4 ], [ [ 2, 2, 2, 2, 2, 2, 2, 2 ], 1 ], [ [ 2, 2, 2, 2, 2, 2, 2, 2 ], 2 ], [ [ 4, 4, 4, 4 ], 4 ], [ [ 4, 4, 4, 4 ], 4 ], [ [ 2, 2, 2, 2, 2, 2, 2, 2 ], 2 ], [ [ 4, 4, 4, 4 ], 4 ], [ [ 4, 4, 4, 4 ], 8 ], [ [ 4, 4, 4, 4 ], 8 ], [ [ 4, 4, 4, 4 ], 8 ], [ [ 4, 4, 4, 4 ], 4 ], [ [ 4, 4, 4, 4 ], 4 ], [ [ 2, 2, 2, 2, 2, 2, 2, 2 ], 2 ] ]
147|64|[ 64, 138 ]|[ [ [ 1, 1, 1, 1, 1, 1, 1, 1, 1, 1, 1, 1, 1, 1, 1, 1 ], 1 ], [ [ 1, 1, 1, 1, 2, 2, 2, 2, 2, 2 ], 4 ], [ [ 1, 1, 1, 1, 2, 2, 2, 2, 2, 2 ], 4 ], [ [ 1, 1, 1, 1, 2, 2, 2, 2, 2, 2 ], 4 ], [ [ 2, 2, 2, 2, 2, 2, 2, 2 ], 1 ], [ [ 2, 2, 2, 2, 2, 2, 2, 2 ], 2 ], [ [ 4, 4, 4, 4 ], 4 ], [ [ 4, 4, 4, 4 ], 4 ], [ [ 2, 2, 2, 2, 2, 2, 2, 2 ], 2 ], [ [ 4, 4, 4, 4 ], 4 ], [ [ 2, 2, 2, 2, 2, 2, 2, 2 ], 4 ], [ [ 4, 4, 4, 4 ], 8 ], [ [ 4, 4, 4, 4 ], 8 ], [ [ 4, 4, 4, 4 ], 8 ], [ [ 2, 2, 2, 2, 2, 2, 2, 2 ], 4 ], [ [ 2, 2, 2, 2, 2, 2, 2, 2 ], 2 ] ]
148|64|[ 64, 33 ]|[ [ [ 1, 1, 1, 1, 1, 1, 1, 1, 1, 1, 1, 1, 1, 1, 1, 1 ], 1 ], [ [ 1, 1, 1, 1, 2, 2, 2, 2, 2, 2 ], 4 ], [ [ 1, 1, 2, 4, 4, 4 ], 8 ], [ [ 1, 1, 2, 4, 4, 4 ], 8 ], [ [ 2, 2, 2, 2, 2, 2, 2, 2 ], 1 ], [ [ 2, 2, 2, 2, 2, 2, 2, 2 ], 4 ], [ [ 4, 4, 4, 4 ], 4 ], [ [ 2, 2, 2, 2, 2, 2, 2, 2 ], 2 ], [ [ 8, 8 ], 8 ], [ [ 8, 8 ], 8 ], [ [ 4, 4, 4, 4 ], 8 ], [ [ 4, 4, 4, 4 ], 4 ], [ [ 4, 4, 4, 4 ], 4 ] ]
149|64|[ 64, 138 ]|[ [ [ 1, 1, 1, 1, 1, 1, 1, 1, 1, 1, 1, 1, 1, 1, 1, 1 ], 1 ], [ [ 1, 1, 1, 1, 1, 1, 1, 1, 2, 2, 2, 2 ], 4 ], [ [ 1, 1, 1, 1, 1, 1, 1, 1, 2, 2, 2, 2 ], 2 ], [ [ 2, 2, 2, 2, 2, 2, 2, 2 ], 4 ], [ [ 2, 2, 2, 2, 4, 4 ], 8 ], [ [ 2, 2, 2, 2, 2, 2, 2, 2 ], 2 ], [ [ 2, 2, 2, 2, 2, 2, 2, 2 ], 4 ], [ [ 2, 2, 2, 2, 2, 2, 2, 2 ], 2 ], [ [ 4, 4, 4, 4 ], 4 ], [ [ 2, 2, 2, 2, 2, 2, 2, 2 ], 1 ], [ [ 2, 2, 2, 2, 2, 2, 2, 2 ], 4 ], [ [ 4, 4, 4, 4 ], 8 ], [ [ 4, 4, 4, 4 ], 4 ], [ [ 2, 2, 2, 2, 2, 2, 2, 2 ], 4 ], [ [ 4, 4, 4, 4 ], 8 ], [ [ 4, 4, 4, 4 ], 4 ] ]
150|64|[ 64, 138 ]|[ [ [ 1, 1, 1, 1, 1, 1, 1, 1, 1, 1, 1, 1, 1, 1, 1, 1 ], 1 ], [ [ 1, 1, 1, 1, 1, 1, 1, 1, 2, 2, 2, 2 ], 2 ], [ [ 1, 1, 1, 1, 1, 1, 1, 1, 2, 2, 2, 2 ], 4 ], [ [ 2, 2, 2, 2, 2, 2, 2, 2 ], 4 ], [ [ 2, 2, 2, 2, 4, 4 ], 8 ], [ [ 2, 2, 2, 2, 2, 2, 2, 2 ], 4 ], [ [ 2, 2, 2, 2, 2, 2, 2, 2 ], 2 ], [ [ 2, 2, 2, 2, 2, 2, 2, 2 ], 2 ], [ [ 4, 4, 4, 4 ], 4 ], [ [ 2, 2, 2, 2, 2, 2, 2, 2 ], 1 ], [ [ 2, 2, 2, 2, 2, 2, 2, 2 ], 4 ], [ [ 4, 4, 4, 4 ], 4 ], [ [ 2, 2, 2, 2, 2, 2, 2, 2 ], 4 ], [ [ 4, 4, 4, 4 ], 4 ], [ [ 4, 4, 4, 4 ], 8 ], [ [ 4, 4, 4, 4 ], 8 ] ]
151|64|[ 64, 36 ]|[ [ [ 1, 1, 1, 1, 1, 1, 1, 1, 1, 1, 1, 1, 1, 1, 1, 1 ], 1 ], [ [ 1, 1, 1, 1, 1, 1, 1, 1, 2, 2, 2, 2 ], 2 ], [ [ 1, 1, 1, 1, 2, 2, 2, 2, 2, 2 ], 8 ], [ [ 2, 2, 2, 2, 2, 2, 2, 2 ], 1 ], [ [ 2, 2, 2, 2, 4, 4 ], 4 ], [ [ 2, 2, 2, 2, 4, 4 ], 4 ], [ [ 4, 4, 4, 4 ], 4 ], [ [ 4, 4, 4, 4 ], 4 ], [ [ 4, 4, 4, 4 ], 4 ], [ [ 8, 8 ], 8 ], [ [ 8, 8 ], 8 ], [ [ 8, 8 ], 8 ], [ [ 8, 8 ], 8 ] ]
152|64|[ 64, 134 ]|[ [ [ 1, 1, 1, 1, 1, 1, 1, 1, 1, 1, 1, 1, 1, 1, 1, 1 ], 1 ], [ [ 1, 1, 1, 1, 1, 1, 1, 1, 2, 2, 2, 2 ], 4 ], [ [ 1, 1, 1, 1, 1, 1, 1, 1, 2, 2, 2, 2 ], 2 ], [ [ 2, 2, 2, 2, 4, 4 ], 4 ], [ [ 2, 2, 2, 2, 2, 2, 2, 2 ], 8 ], [ [ 2, 2, 2, 2, 2, 2, 2, 2 ], 4 ], [ [ 2, 2, 2, 2, 2, 2, 2, 2 ], 4 ], [ [ 4, 4, 4, 4 ], 4 ], [ [ 4, 4, 4, 4 ], 4 ], [ [ 8, 8 ], 8 ], [ [ 8, 8 ], 8 ], [ [ 2, 2, 2, 2, 4, 4 ], 4 ], [ [ 2, 2, 2, 2, 2, 2, 2, 2 ], 4 ], [ [ 4, 4, 4, 4 ], 2 ], [ [ 4, 4, 4, 4 ], 2 ], [ [ 2, 2, 2, 2, 2, 2, 2, 2 ], 1 ] ]
153|64|[ 64, 33 ]|[ [ [ 1, 1, 1, 1, 1, 1, 1, 1, 1, 1, 1, 1, 1, 1, 1, 1 ], 1 ], [ [ 1, 1, 1, 1, 1, 1, 1, 1, 2, 2, 2, 2 ], 2 ], [ [ 1, 1, 1, 1, 2, 2, 4, 4 ], 8 ], [ [ 2, 2, 2, 2, 2, 2, 2, 2 ], 1 ], [ [ 4, 4, 4, 4 ], 4 ], [ [ 4, 4, 4, 4 ], 4 ], [ [ 4, 4, 4, 4 ], 4 ], [ [ 2, 2, 2, 2, 2, 2, 2, 2 ], 4 ], [ [ 2, 2, 2, 2, 2, 2, 2, 2 ], 4 ], [ [ 8, 8 ], 8 ], [ [ 4, 4, 4, 4 ], 8 ], [ [ 8, 8 ], 8 ], [ [ 4, 4, 4, 4 ], 8 ] ]
154|64|[ 64, 35 ]|[ [ [ 1, 1, 1, 1, 1, 1, 1, 1, 1, 1, 1, 1, 1, 1, 1, 1 ], 1 ], [ [ 1, 1, 1, 1, 1, 1, 1, 1, 2, 2, 2, 2 ], 2 ], [ [ 1, 1, 1, 1, 2, 2, 4, 4 ], 4 ], [ [ 1, 1, 1, 1, 2, 2, 4, 4 ], 4 ], [ [ 2, 2, 2, 2, 2, 2, 2, 2 ], 1 ], [ [ 2, 2, 2, 2, 2, 2, 2, 2 ], 4 ], [ [ 4, 4, 4, 4 ], 8 ], [ [ 4, 4, 4, 4 ], 4 ], [ [ 2, 2, 2, 2, 2, 2, 2, 2 ], 4 ], [ [ 4, 4, 4, 4 ], 8 ], [ [ 4, 4, 4, 4 ], 8 ], [ [ 4, 4, 4, 4 ], 8 ], [ [ 4, 4, 4, 4 ], 8 ] ]
155|64|[ 64, 131 ]|[ [ [ 1, 1, 1, 1, 1, 1, 1, 1, 1, 1, 1, 1, 1, 1, 1, 1 ], 1 ], [ [ 1, 1, 1, 1, 2, 2, 2, 2, 2, 2 ], 4 ], [ [ 1, 1, 1, 1, 1, 1, 1, 1, 2, 2, 2, 2 ], 2 ], [ [ 1, 1, 1, 1, 2, 2, 2, 2, 2, 2 ], 4 ], [ [ 2, 2, 2, 2, 2, 2, 2, 2 ], 1 ], [ [ 2, 2, 2, 2, 2, 2, 2, 2 ], 4 ], [ [ 2, 2, 2, 2, 2, 2, 2, 2 ], 2 ], [ [ 2, 2, 2, 2, 2, 2, 2, 2 ], 4 ], [ [ 4, 4, 4, 4 ], 8 ], [ [ 8, 8 ], 4 ], [ [ 4, 4, 4, 4 ], 8 ], [ [ 8, 8 ], 4 ], [ [ 8, 8 ], 4 ], [ [ 8, 8 ], 4 ], [ [ 4, 4, 4, 4 ], 2 ], [ [ 4, 4, 4, 4 ], 4 ], [ [ 4, 4, 4, 4 ], 2 ], [ [ 2, 2, 2, 2, 2, 2, 2, 2 ], 1 ], [ [ 2, 2, 2, 2, 2, 2, 2, 2 ], 1 ] ]
156|64|[ 64, 41 ]|[ [ [ 1, 1, 1, 1, 1, 1, 1, 1, 1, 1, 1, 1, 1, 1, 1, 1 ], 1 ], [ [ 1, 1, 1, 1, 1, 1, 1, 1, 2, 2, 2, 2 ], 2 ], [ [ 1, 1, 2, 2, 2, 4, 4 ], 8 ], [ [ 1, 1, 2, 2, 2, 4, 4 ], 8 ], [ [ 2, 2, 2, 2, 2, 2, 2, 2 ], 1 ], [ [ 8, 8 ], 2 ], [ [ 8, 8 ], 4 ], [ [ 8, 8 ], 2 ], [ [ 4, 4, 4, 4 ], 2 ], [ [ 4, 4, 4, 4 ], 2 ], [ [ 16 ], 4 ], [ [ 16 ], 4 ], [ [ 2, 2, 2, 2, 2, 2, 2, 2 ], 8 ], [ [ 4, 4, 4, 4 ], 8 ], [ [ 16 ], 4 ], [ [ 16 ], 4 ] ]
157|64|[ 64, 32 ]|[ [ [ 1, 1, 1, 1, 1, 1, 1, 1, 1, 1, 1, 1, 1, 1, 1, 1 ], 1 ], [ [ 1, 1, 1, 1, 1, 1, 1, 1, 2, 2, 2, 2 ], 4 ], [ [ 1, 1, 1, 1, 2, 2, 2, 2, 2, 2 ], 4 ], [ [ 2, 2, 2, 2, 2, 2, 2, 2 ], 2 ], [ [ 2, 2, 2, 2, 2, 2, 2, 2 ], 4 ], [ [ 4, 4, 4, 4 ], 8 ], [ [ 8, 8 ], 8 ], [ [ 2, 2, 2, 2, 2, 2, 2, 2 ], 4 ], [ [ 4, 4, 4, 4 ], 8 ], [ [ 4, 4, 4, 4 ], 4 ], [ [ 4, 4, 4, 4 ], 8 ], [ [ 8, 8 ], 8 ], [ [ 2, 2, 2, 2, 2, 2, 2, 2 ], 1 ] ]
158|64|[ 64, 32 ]|[ [ [ 1, 1, 1, 1, 1, 1, 1, 1, 1, 1, 1, 1, 1, 1, 1, 1 ], 1 ], [ [ 1, 1, 1, 1, 1, 1, 1, 1, 2, 2, 2, 2 ], 4 ], [ [ 1, 1, 1, 1, 1, 1, 1, 1, 2, 2, 2, 2 ], 2 ], [ [ 2, 2, 2, 2, 2, 2, 2, 2 ], 4 ], [ [ 2, 2, 2, 2, 2, 2, 2, 2 ], 4 ], [ [ 4, 4, 4, 4 ], 8 ], [ [ 8, 8 ], 8 ], [ [ 2, 2, 2, 2, 2, 2, 2, 2 ], 4 ], [ [ 2, 2, 2, 2, 4, 4 ], 8 ], [ [ 4, 4, 4, 4 ], 4 ], [ [ 4, 4, 4, 4 ], 8 ], [ [ 8, 8 ], 8 ], [ [ 2, 2, 2, 2, 2, 2, 2, 2 ], 1 ] ]
159|64|[ 64, 32 ]|[ [ [ 1, 1, 1, 1, 1, 1, 1, 1, 1, 1, 1, 1, 1, 1, 1, 1 ], 1 ], [ [ 1, 1, 1, 1, 2, 2, 2, 2, 2, 2 ], 4 ], [ [ 1, 1, 1, 1, 2, 2, 2, 2, 2, 2 ], 4 ], [ [ 1, 1, 1, 1, 2, 2, 2, 2, 2, 2 ], 4 ], [ [ 2, 2, 2, 2, 2, 2, 2, 2 ], 2 ], [ [ 4, 4, 4, 4 ], 8 ], [ [ 8, 8 ], 8 ], [ [ 2, 2, 2, 2, 2, 2, 2, 2 ], 4 ], [ [ 4, 4, 4, 4 ], 4 ], [ [ 4, 4, 4, 4 ], 8 ], [ [ 4, 4, 4, 4 ], 8 ], [ [ 8, 8 ], 8 ], [ [ 2, 2, 2, 2, 2, 2, 2, 2 ], 1 ] ]
160|64|[ 64, 33 ]|[ [ [ 1, 1, 1, 1, 1, 1, 1, 1, 1, 1, 1, 1, 1, 1, 1, 1 ], 1 ], [ [ 1, 1, 1, 1, 1, 1, 1, 1, 2, 2, 2, 2 ], 4 ], [ [ 1, 1, 1, 1, 1, 1, 1, 1, 2, 2, 2, 2 ], 2 ], [ [ 2, 2, 2, 2, 2, 2, 2, 2 ], 1 ], [ [ 2, 2, 2, 2, 4, 4 ], 8 ], [ [ 4, 4, 4, 4 ], 4 ], [ [ 4, 4, 4, 4 ], 4 ], [ [ 2, 2, 2, 2, 4, 4 ], 8 ], [ [ 2, 2, 2, 2, 4, 4 ], 8 ], [ [ 8, 8 ], 8 ], [ [ 8, 8 ], 8 ], [ [ 2, 2, 2, 2, 2, 2, 2, 2 ], 4 ], [ [ 4, 4, 4, 4 ], 4 ] ]
161|64|[ 64, 9 ]|[ [ [ 1, 1, 1, 1, 1, 1, 1, 1, 1, 1, 1, 1, 1, 1, 1, 1 ], 1 ], [ [ 1, 1, 1, 1, 1, 1, 1, 1, 2, 2, 2, 2 ], 2 ], [ [ 1, 1, 1, 1, 2, 2, 4, 4 ], 4 ], [ [ 1, 1, 1, 1, 2, 2, 4, 4 ], 4 ], [ [ 2, 2, 2, 2, 2, 2, 2, 2 ], 1 ], [ [ 2, 2, 2, 2, 2, 2, 2, 2 ], 2 ], [ [ 4, 4, 4, 4 ], 2 ], [ [ 4, 4, 4, 4 ], 4 ], [ [ 2, 2, 2, 2, 4, 4 ], 4 ], [ [ 2, 2, 2, 2, 4, 4 ], 4 ], [ [ 2, 2, 2, 2, 2, 2, 2, 2 ], 1 ], [ [ 2, 2, 2, 2, 2, 2, 2, 2 ], 1 ], [ [ 4, 4, 4, 4 ], 8 ], [ [ 4, 4, 4, 4 ], 8 ], [ [ 8, 8 ], 4 ], [ [ 8, 8 ], 4 ], [ [ 8, 8 ], 4 ], [ [ 8, 8 ], 4 ], [ [ 4, 4, 4, 4 ], 2 ] ]
162|64|[ 64, 135 ]|[ [ [ 1, 1, 1, 1, 1, 1, 1, 1, 1, 1, 1, 1, 1, 1, 1, 1 ], 1 ], [ [ 1, 1, 1, 1, 1, 1, 1, 1, 2, 2, 2, 2 ], 2 ], [ [ 1, 1, 1, 1, 2, 2, 2, 2, 2, 2 ], 8 ], [ [ 2, 2, 2, 2, 2, 2, 2, 2 ], 1 ], [ [ 2, 2, 2, 2, 4, 4 ], 4 ], [ [ 4, 4, 4, 4 ], 4 ], [ [ 2, 2, 2, 2, 4, 4 ], 4 ], [ [ 4, 4, 4, 4 ], 4 ], [ [ 4, 4, 4, 4 ], 2 ], [ [ 4, 4, 4, 4 ], 2 ], [ [ 2, 2, 2, 2, 2, 2, 2, 2 ], 4 ], [ [ 4, 4, 4, 4 ], 4 ], [ [ 8, 8 ], 8 ], [ [ 8, 8 ], 8 ], [ [ 4, 4, 4, 4 ], 4 ], [ [ 2, 2, 2, 2, 2, 2, 2, 2 ], 4 ] ]
163|64|[ 64, 8 ]|[ [ [ 1, 1, 1, 1, 1, 1, 1, 1, 1, 1, 1, 1, 1, 1, 1, 1 ], 1 ], [ [ 1, 1, 1, 1, 1, 1, 1, 1, 2, 2, 2, 2 ], 2 ], [ [ 1, 1, 1, 1, 2, 2, 4, 4 ], 4 ], [ [ 1, 1, 1, 1, 2, 2, 4, 4 ], 4 ], [ [ 2, 2, 2, 2, 2, 2, 2, 2 ], 1 ], [ [ 2, 2, 2, 2, 2, 2, 2, 2 ], 2 ], [ [ 4, 4, 4, 4 ], 2 ], [ [ 4, 4, 4, 4 ], 4 ], [ [ 2, 2, 2, 2, 4, 4 ], 4 ], [ [ 2, 2, 2, 2, 4, 4 ], 4 ], [ [ 2, 2, 2, 2, 2, 2, 2, 2 ], 1 ], [ [ 2, 2, 2, 2, 2, 2, 2, 2 ], 1 ], [ [ 2, 2, 2, 2, 2, 2, 2, 2 ], 8 ], [ [ 4, 4, 4, 4 ], 8 ], [ [ 8, 8 ], 4 ], [ [ 8, 8 ], 4 ], [ [ 8, 8 ], 4 ], [ [ 8, 8 ], 4 ], [ [ 4, 4, 4, 4 ], 2 ] ]
164|64|[ 64, 135 ]|[ [ [ 1, 1, 1, 1, 1, 1, 1, 1, 1, 1, 1, 1, 1, 1, 1, 1 ], 1 ], [ [ 1, 1, 1, 1, 1, 1, 1, 1, 2, 2, 2, 2 ], 2 ], [ [ 1, 1, 1, 1, 2, 2, 4, 4 ], 4 ], [ [ 1, 1, 1, 1, 2, 2, 4, 4 ], 4 ], [ [ 2, 2, 2, 2, 2, 2, 2, 2 ], 1 ], [ [ 2, 2, 2, 2, 2, 2, 2, 2 ], 8 ], [ [ 4, 4, 4, 4 ], 4 ], [ [ 4, 4, 4, 4 ], 4 ], [ [ 4, 4, 4, 4 ], 2 ], [ [ 4, 4, 4, 4 ], 2 ], [ [ 8, 8 ], 8 ], [ [ 2, 2, 2, 2, 2, 2, 2, 2 ], 4 ], [ [ 4, 4, 4, 4 ], 4 ], [ [ 4, 4, 4, 4 ], 4 ], [ [ 2, 2, 2, 2, 2, 2, 2, 2 ], 4 ], [ [ 8, 8 ], 8 ] ]
165|64|[ 64, 139 ]|[ [ [ 1, 1, 1, 1, 1, 1, 1, 1, 1, 1, 1, 1, 1, 1, 1, 1 ], 1 ], [ [ 1, 1, 1, 1, 1, 1, 1, 1, 2, 2, 2, 2 ], 2 ], [ [ 1, 1, 1, 1, 2, 2, 4, 4 ], 8 ], [ [ 2, 2, 2, 2, 2, 2, 2, 2 ], 1 ], [ [ 4, 4, 4, 4 ], 4 ], [ [ 4, 4, 4, 4 ], 4 ], [ [ 4, 4, 4, 4 ], 4 ], [ [ 2, 2, 2, 2, 2, 2, 2, 2 ], 4 ], [ [ 2, 2, 2, 2, 2, 2, 2, 2 ], 2 ], [ [ 2, 2, 2, 2, 2, 2, 2, 2 ], 2 ], [ [ 2, 2, 2, 2, 2, 2, 2, 2 ], 4 ], [ [ 4, 4, 4, 4 ], 4 ], [ [ 4, 4, 4, 4 ], 8 ], [ [ 2, 2, 2, 2, 2, 2, 2, 2 ], 4 ], [ [ 4, 4, 4, 4 ], 4 ], [ [ 4, 4, 4, 4 ], 8 ] ]
166|64|[ 64, 32 ]|[ [ [ 1, 1, 1, 1, 1, 1, 1, 1, 1, 1, 1, 1, 1, 1, 1, 1 ], 1 ], [ [ 1, 1, 1, 1, 2, 2, 2, 2, 2, 2 ], 4 ], [ [ 1, 1, 2, 4, 4, 4 ], 8 ], [ [ 1, 1, 2, 4, 4, 4 ], 8 ], [ [ 2, 2, 2, 2, 2, 2, 2, 2 ], 1 ], [ [ 2, 2, 2, 2, 2, 2, 2, 2 ], 4 ], [ [ 4, 4, 4, 4 ], 4 ], [ [ 2, 2, 2, 2, 2, 2, 2, 2 ], 2 ], [ [ 8, 8 ], 8 ], [ [ 8, 8 ], 8 ], [ [ 2, 2, 2, 2, 2, 2, 2, 2 ], 4 ], [ [ 4, 4, 4, 4 ], 8 ], [ [ 2, 2, 2, 2, 2, 2, 2, 2 ], 4 ] ]
167|64|[ 64, 34 ]|[ [ [ 1, 1, 1, 1, 1, 1, 1, 1, 1, 1, 1, 1, 1, 1, 1, 1 ], 1 ], [ [ 1, 1, 1, 1, 1, 1, 1, 1, 2, 2, 2, 2 ], 4 ], [ [ 1, 1, 1, 1, 1, 1, 1, 1, 2, 2, 2, 2 ], 2 ], [ [ 2, 2, 2, 2, 4, 4 ], 4 ], [ [ 2, 2, 2, 2, 2, 2, 2, 2 ], 8 ], [ [ 2, 2, 2, 2, 4, 4 ], 8 ], [ [ 2, 2, 2, 2, 4, 4 ], 8 ], [ [ 4, 4, 4, 4 ], 8 ], [ [ 4, 4, 4, 4 ], 8 ], [ [ 2, 2, 2, 2, 4, 4 ], 4 ], [ [ 2, 2, 2, 2, 2, 2, 2, 2 ], 4 ], [ [ 4, 4, 4, 4 ], 4 ], [ [ 2, 2, 2, 2, 2, 2, 2, 2 ], 1 ] ]
168|64|[ 64, 34 ]|[ [ [ 1, 1, 1, 1, 1, 1, 1, 1, 1, 1, 1, 1, 1, 1, 1, 1 ], 1 ], [ [ 1, 1, 1, 1, 1, 1, 1, 1, 4, 4 ], 4 ], [ [ 1, 1, 1, 1, 1, 1, 1, 1, 2, 2, 2, 2 ], 2 ], [ [ 2, 2, 2, 2, 2, 2, 2, 2 ], 4 ], [ [ 2, 2, 2, 2, 2, 2, 2, 2 ], 8 ], [ [ 4, 4, 4, 4 ], 8 ], [ [ 4, 4, 4, 4 ], 8 ], [ [ 4, 4, 4, 4 ], 8 ], [ [ 4, 4, 4, 4 ], 8 ], [ [ 2, 2, 2, 2, 2, 2, 2, 2 ], 4 ], [ [ 4, 4, 4, 4 ], 4 ], [ [ 2, 2, 2, 2, 4, 4 ], 4 ], [ [ 2, 2, 2, 2, 2, 2, 2, 2 ], 1 ] ]
169|64|[ 64, 34 ]|[ [ [ 1, 1, 1, 1, 1, 1, 1, 1, 1, 1, 1, 1, 1, 1, 1, 1 ], 1 ], [ [ 1, 1, 1, 1, 2, 2, 2, 2, 2, 2 ], 8 ], [ [ 1, 1, 1, 1, 1, 1, 1, 1, 2, 2, 2, 2 ], 2 ], [ [ 2, 2, 2, 2, 2, 2, 2, 2 ], 4 ], [ [ 2, 2, 2, 2, 4, 4 ], 4 ], [ [ 4, 4, 4, 4 ], 8 ], [ [ 4, 4, 4, 4 ], 8 ], [ [ 4, 4, 4, 4 ], 8 ], [ [ 4, 4, 4, 4 ], 8 ], [ [ 4, 4, 4, 4 ], 4 ], [ [ 2, 2, 2, 2, 2, 2, 2, 2 ], 4 ], [ [ 2, 2, 2, 2, 4, 4 ], 4 ], [ [ 2, 2, 2, 2, 2, 2, 2, 2 ], 1 ] ]
170|64|[ 64, 32 ]|[ [ [ 1, 1, 1, 1, 1, 1, 1, 1, 1, 1, 1, 1, 1, 1, 1, 1 ], 1 ], [ [ 1, 1, 1, 1, 1, 1, 1, 1, 2, 2, 2, 2 ], 4 ], [ [ 1, 1, 1, 1, 1, 1, 1, 1, 2, 2, 2, 2 ], 2 ], [ [ 2, 2, 2, 2, 2, 2, 2, 2 ], 4 ], [ [ 2, 2, 2, 2, 2, 2, 2, 2 ], 4 ], [ [ 4, 4, 4, 4 ], 8 ], [ [ 8, 8 ], 8 ], [ [ 2, 2, 2, 2, 2, 2, 2, 2 ], 4 ], [ [ 4, 4, 4, 4 ], 4 ], [ [ 2, 2, 2, 2, 4, 4 ], 8 ], [ [ 4, 4, 4, 4 ], 8 ], [ [ 8, 8 ], 8 ], [ [ 2, 2, 2, 2, 2, 2, 2, 2 ], 1 ] ]
171|64|[ 64, 32 ]|[ [ [ 1, 1, 1, 1, 1, 1, 1, 1, 1, 1, 1, 1, 1, 1, 1, 1 ], 1 ], [ [ 1, 1, 1, 1, 1, 1, 1, 1, 2, 2, 2, 2 ], 4 ], [ [ 1, 1, 1, 1, 1, 1, 1, 1, 2, 2, 2, 2 ], 2 ], [ [ 2, 2, 2, 2, 2, 2, 2, 2 ], 4 ], [ [ 2, 2, 2, 2, 4, 4 ], 8 ], [ [ 2, 2, 2, 2, 4, 4 ], 8 ], [ [ 2, 2, 2, 2, 4, 4 ], 8 ], [ [ 8, 8 ], 8 ], [ [ 8, 8 ], 8 ], [ [ 2, 2, 2, 2, 2, 2, 2, 2 ], 4 ], [ [ 2, 2, 2, 2, 2, 2, 2, 2 ], 4 ], [ [ 4, 4, 4, 4 ], 4 ], [ [ 2, 2, 2, 2, 2, 2, 2, 2 ], 1 ] ]
172|64|[ 64, 32 ]|[ [ [ 1, 1, 1, 1, 1, 1, 1, 1, 1, 1, 1, 1, 1, 1, 1, 1 ], 1 ], [ [ 1, 1, 1, 1, 2, 2, 4, 4 ], 8 ], [ [ 1, 1, 1, 1, 1, 1, 1, 1, 2, 2, 2, 2 ], 2 ], [ [ 2, 2, 2, 2, 2, 2, 2, 2 ], 4 ], [ [ 2, 2, 2, 2, 2, 2, 2, 2 ], 4 ], [ [ 4, 4, 4, 4 ], 8 ], [ [ 8, 8 ], 8 ], [ [ 4, 4, 4, 4 ], 8 ], [ [ 8, 8 ], 8 ], [ [ 4, 4, 4, 4 ], 4 ], [ [ 2, 2, 2, 2, 2, 2, 2, 2 ], 4 ], [ [ 2, 2, 2, 2, 2, 2, 2, 2 ], 4 ], [ [ 2, 2, 2, 2, 2, 2, 2, 2 ], 1 ] ]
173|64|[ 64, 139 ]|[ [ [ 1, 1, 1, 1, 1, 1, 1, 1, 1, 1, 1, 1, 1, 1, 1, 1 ], 1 ], [ [ 1, 1, 1, 1, 1, 1, 1, 1, 2, 2, 2, 2 ], 2 ], [ [ 1, 1, 1, 1, 1, 1, 1, 1, 2, 2, 2, 2 ], 2 ], [ [ 1, 1, 1, 1, 1, 1, 1, 1, 2, 2, 2, 2 ], 2 ], [ [ 2, 2, 2, 2, 2, 2, 2, 2 ], 1 ], [ [ 4, 4, 4, 4 ], 4 ], [ [ 4, 4, 4, 4 ], 4 ], [ [ 2, 2, 2, 2, 2, 2, 2, 2 ], 4 ], [ [ 4, 4, 4, 4 ], 4 ], [ [ 2, 2, 2, 2, 4, 4 ], 8 ], [ [ 2, 2, 2, 2, 4, 4 ], 8 ], [ [ 2, 2, 2, 2, 2, 2, 2, 2 ], 4 ], [ [ 4, 4, 4, 4 ], 4 ], [ [ 4, 4, 4, 4 ], 4 ], [ [ 2, 2, 2, 2, 2, 2, 2, 2 ], 4 ], [ [ 2, 2, 2, 2, 4, 4 ], 8 ] ]
174|64|[ 64, 35 ]|[ [ [ 1, 1, 1, 1, 1, 1, 1, 1, 1, 1, 1, 1, 1, 1, 1, 1 ], 1 ], [ [ 1, 1, 1, 1, 1, 1, 1, 1, 2, 2, 2, 2 ], 4 ], [ [ 1, 1, 1, 1, 1, 1, 1, 1, 2, 2, 2, 2 ], 2 ], [ [ 2, 2, 2, 2, 2, 2, 2, 2 ], 1 ], [ [ 4, 4, 4, 4 ], 8 ], [ [ 2, 2, 2, 2, 4, 4 ], 4 ], [ [ 2, 2, 2, 2, 4, 4 ], 4 ], [ [ 2, 2, 2, 2, 4, 4 ], 8 ], [ [ 2, 2, 2, 2, 4, 4 ], 8 ], [ [ 4, 4, 4, 4 ], 8 ], [ [ 4, 4, 4, 4 ], 8 ], [ [ 2, 2, 2, 2, 2, 2, 2, 2 ], 4 ], [ [ 4, 4, 4, 4 ], 4 ] ]
175|64|[ 64, 136 ]|[ [ [ 1, 1, 1, 1, 1, 1, 1, 1, 1, 1, 1, 1, 1, 1, 1, 1 ], 1 ], [ [ 1, 1, 1, 1, 1, 1, 1, 1, 2, 2, 2, 2 ], 4 ], [ [ 1, 1, 1, 1, 1, 1, 1, 1, 2, 2, 2, 2 ], 2 ], [ [ 2, 2, 2, 2, 2, 2, 2, 2 ], 1 ], [ [ 4, 4, 4, 4 ], 8 ], [ [ 2, 2, 2, 2, 4, 4 ], 4 ], [ [ 2, 2, 2, 2, 4, 4 ], 4 ], [ [ 2, 2, 2, 2, 2, 2, 2, 2 ], 4 ], [ [ 2, 2, 2, 2, 2, 2, 2, 2 ], 4 ], [ [ 4, 4, 4, 4 ], 4 ], [ [ 4, 4, 4, 4 ], 4 ], [ [ 8, 8 ], 8 ], [ [ 8, 8 ], 8 ], [ [ 2, 2, 2, 2, 2, 2, 2, 2 ], 4 ], [ [ 4, 4, 4, 4 ], 2 ], [ [ 4, 4, 4, 4 ], 2 ] ]
176|64|[ 64, 35 ]|[ [ [ 1, 1, 1, 1, 1, 1, 1, 1, 1, 1, 1, 1, 1, 1, 1, 1 ], 1 ], [ [ 1, 1, 1, 1, 2, 2, 2, 2, 2, 2 ], 4 ], [ [ 1, 1, 2, 4, 4, 4 ], 8 ], [ [ 1, 1, 2, 4, 4, 4 ], 8 ], [ [ 2, 2, 2, 2, 2, 2, 2, 2 ], 1 ], [ [ 2, 2, 2, 2, 2, 2, 2, 2 ], 4 ], [ [ 4, 4, 4, 4 ], 4 ], [ [ 2, 2, 2, 2, 2, 2, 2, 2 ], 2 ], [ [ 4, 4, 4, 4 ], 8 ], [ [ 4, 4, 4, 4 ], 8 ], [ [ 4, 4, 4, 4 ], 8 ], [ [ 4, 4, 4, 4 ], 4 ], [ [ 4, 4, 4, 4 ], 4 ] ]
177|64|[ 64, 139 ]|[ [ [ 1, 1, 1, 1, 1, 1, 1, 1, 1, 1, 1, 1, 1, 1, 1, 1 ], 1 ], [ [ 1, 1, 1, 1, 1, 1, 1, 1, 2, 2, 2, 2 ], 4 ], [ [ 1, 1, 1, 1, 1, 1, 1, 1, 2, 2, 2, 2 ], 2 ], [ [ 2, 2, 2, 2, 2, 2, 2, 2 ], 1 ], [ [ 2, 2, 2, 2, 4, 4 ], 8 ], [ [ 4, 4, 4, 4 ], 4 ], [ [ 4, 4, 4, 4 ], 4 ], [ [ 2, 2, 2, 2, 2, 2, 2, 2 ], 4 ], [ [ 2, 2, 2, 2, 2, 2, 2, 2 ], 4 ], [ [ 4, 4, 4, 4 ], 4 ], [ [ 4, 4, 4, 4 ], 4 ], [ [ 4, 4, 4, 4 ], 8 ], [ [ 4, 4, 4, 4 ], 8 ], [ [ 2, 2, 2, 2, 2, 2, 2, 2 ], 2 ], [ [ 4, 4, 4, 4 ], 4 ], [ [ 2, 2, 2, 2, 2, 2, 2, 2 ], 2 ] ]
416|192|[ 192, 1000 ]|[ [ [ 1, 1, 1, 1, 1, 1, 1, 1, 1, 1, 1, 1, 1, 1, 1, 1 ], 1 ], [ [ 1, 1, 1, 1, 1, 1, 1, 1, 2, 2, 2, 2 ], 6 ], [ [ 1, 1, 1, 1, 3, 3, 3, 3 ], 16 ], [ [ 1, 1, 1, 1, 3, 3, 3, 3 ], 16 ], [ [ 2, 2, 2, 2, 2, 2, 2, 2 ], 1 ], [ [ 2, 2, 2, 2, 2, 2, 2, 2 ], 6 ], [ [ 2, 2, 6, 6 ], 16 ], [ [ 2, 2, 6, 6 ], 16 ], [ [ 2, 2, 2, 2, 2, 2, 2, 2 ], 6 ], [ [ 2, 2, 2, 2, 2, 2, 2, 2 ], 3 ], [ [ 2, 2, 2, 2, 2, 2, 2, 2 ], 6 ], [ [ 2, 2, 2, 2, 2, 2, 2, 2 ], 3 ], [ [ 2, 2, 6, 6 ], 16 ], [ [ 2, 2, 6, 6 ], 16 ], [ [ 2, 2, 2, 2, 2, 2, 2, 2 ], 4 ], [ [ 4, 4, 4, 4 ], 12 ], [ [ 2, 2, 6, 6 ], 16 ], [ [ 2, 2, 6, 6 ], 16 ], [ [ 2, 2, 2, 2, 2, 2, 2, 2 ], 4 ], [ [ 4, 4, 4, 4 ], 12 ] ]
417|192|[ 192, 1009 ]|[ [ [ 1, 1, 1, 1, 1, 1, 1, 1, 1, 1, 1, 1, 1, 1, 1, 1 ], 1 ], [ [ 1, 1, 1, 1, 2, 2, 2, 2, 2, 2 ], 12 ], [ [ 1, 1, 1, 1, 3, 3, 3, 3 ], 16 ], [ [ 1, 1, 1, 1, 3, 3, 3, 3 ], 16 ], [ [ 2, 2, 2, 2, 2, 2, 2, 2 ], 3 ], [ [ 2, 2, 6, 6 ], 16 ], [ [ 2, 2, 6, 6 ], 16 ], [ [ 2, 2, 2, 2, 2, 2, 2, 2 ], 4 ], [ [ 4, 4, 4, 4 ], 12 ], [ [ 2, 2, 6, 6 ], 16 ], [ [ 2, 2, 2, 2, 2, 2, 2, 2 ], 4 ], [ [ 4, 4, 4, 4 ], 12 ], [ [ 2, 2, 6, 6 ], 16 ], [ [ 2, 2, 2, 2, 2, 2, 2, 2 ], 4 ], [ [ 4, 4, 4, 4 ], 12 ], [ [ 2, 2, 6, 6 ], 16 ], [ [ 2, 2, 6, 6 ], 16 ] ]
418|192|[ 192, 191 ]|[ [ [ 1, 1, 1, 1, 1, 1, 1, 1, 1, 1, 1, 1, 1, 1, 1, 1 ], 1 ], [ [ 1, 1, 1, 1, 1, 1, 1, 1, 2, 2, 2, 2 ], 6 ], [ [ 1, 1, 1, 1, 3, 3, 3, 3 ], 16 ], [ [ 1, 1, 1, 1, 3, 3, 3, 3 ], 16 ], [ [ 2, 2, 2, 2, 2, 2, 2, 2 ], 1 ], [ [ 2, 2, 2, 2, 2, 2, 2, 2 ], 6 ], [ [ 2, 2, 6, 6 ], 16 ], [ [ 2, 2, 6, 6 ], 16 ], [ [ 2, 2, 2, 2, 2, 2, 2, 2 ], 6 ], [ [ 2, 2, 2, 2, 2, 2, 2, 2 ], 3 ], [ [ 2, 2, 2, 2, 2, 2, 2, 2 ], 6 ], [ [ 2, 2, 2, 2, 2, 2, 2, 2 ], 3 ], [ [ 4, 12 ], 16 ], [ [ 4, 12 ], 16 ], [ [ 4, 4, 4, 4 ], 4 ], [ [ 4, 4, 4, 4 ], 12 ], [ [ 4, 12 ], 16 ], [ [ 4, 12 ], 16 ], [ [ 4, 4, 4, 4 ], 4 ], [ [ 4, 4, 4, 4 ], 12 ] ]
419|192|[ 192, 1009 ]|[ [ [ 1, 1, 1, 1, 1, 1, 1, 1, 1, 1, 1, 1, 1, 1, 1, 1 ], 1 ], [ [ 1, 1, 1, 1, 2, 2, 2, 2, 2, 2 ], 4 ], [ [ 1, 1, 1, 1, 2, 2, 2, 2, 2, 2 ], 4 ], [ [ 1, 1, 1, 1, 2, 2, 2, 2, 2, 2 ], 4 ], [ [ 1, 3, 3, 3, 3, 3 ], 16 ], [ [ 1, 3, 6, 6 ], 16 ], [ [ 1, 3, 6, 6 ], 16 ], [ [ 1, 3, 6, 6 ], 16 ], [ [ 1, 3, 6, 6 ], 16 ], [ [ 1, 3, 6, 6 ], 16 ], [ [ 1, 3, 6, 6 ], 16 ], [ [ 1, 3, 3, 3, 3, 3 ], 16 ], [ [ 2, 2, 2, 2, 2, 2, 2, 2 ], 3 ], [ [ 2, 2, 2, 2, 2, 2, 2, 2 ], 12 ], [ [ 4, 4, 4, 4 ], 12 ], [ [ 4, 4, 4, 4 ], 12 ], [ [ 4, 4, 4, 4 ], 12 ] ]
420|192|[ 192, 1008 ]|[ [ [ 1, 1, 1, 1, 1, 1, 1, 1, 1, 1, 1, 1, 1, 1, 1, 1 ], 1 ], [ [ 1, 1, 1, 1, 2, 2, 2, 2, 2, 2 ], 4 ], [ [ 1, 1, 1, 1, 2, 2, 2, 2, 2, 2 ], 4 ], [ [ 1, 1, 1, 1, 2, 2, 2, 2, 2, 2 ], 4 ], [ [ 1, 3, 6, 6 ], 16 ], [ [ 1, 3, 3, 3, 3, 3 ], 16 ], [ [ 1, 3, 6, 6 ], 16 ], [ [ 1, 3, 6, 6 ], 16 ], [ [ 1, 3, 6, 6 ], 16 ], [ [ 1, 3, 6, 6 ], 16 ], [ [ 1, 3, 3, 3, 3, 3 ], 16 ], [ [ 1, 3, 6, 6 ], 16 ], [ [ 2, 2, 2, 2, 2, 2, 2, 2 ], 3 ], [ [ 2, 2, 2, 2, 2, 2, 2, 2 ], 12 ], [ [ 4, 4, 4, 4 ], 12 ], [ [ 4, 4, 4, 4 ], 12 ], [ [ 4, 4, 4, 4 ], 12 ] ]
421|192|[ 192, 1472 ]|[ [ [ 1, 1, 1, 1, 1, 1, 1, 1, 1, 1, 1, 1, 1, 1, 1, 1 ], 1 ], [ [ 1, 1, 1, 1, 1, 1, 1, 1, 2, 2, 2, 2 ], 2 ], [ [ 1, 1, 1, 1, 2, 2, 2, 2, 2, 2 ], 12 ], [ [ 1, 1, 1, 1, 1, 1, 1, 1, 2, 2, 2, 2 ], 6 ], [ [ 1, 1, 2, 3, 3, 6 ], 16 ], [ [ 1, 1, 1, 1, 3, 3, 3, 3 ], 8 ], [ [ 2, 2, 2, 2, 2, 2, 2, 2 ], 1 ], [ [ 2, 2, 2, 2, 2, 2, 2, 2 ], 6 ], [ [ 2, 2, 6, 6 ], 8 ], [ [ 2, 2, 2, 2, 2, 2, 2, 2 ], 3 ], [ [ 2, 2, 2, 2, 2, 2, 2, 2 ], 6 ], [ [ 4, 4, 4, 4 ], 6 ], [ [ 4, 4, 4, 4 ], 12 ], [ [ 2, 2, 2, 2, 2, 2, 2, 2 ], 3 ], [ [ 4, 4, 4, 4 ], 6 ], [ [ 2, 2, 2, 2, 2, 2, 2, 2 ], 12 ], [ [ 4, 4, 4, 4 ], 12 ], [ [ 4, 12 ], 16 ], [ [ 2, 2, 6, 6 ], 16 ], [ [ 4, 4, 4, 4 ], 12 ], [ [ 4, 4, 4, 4 ], 12 ], [ [ 2, 2, 2, 2, 2, 2, 2, 2 ], 6 ], [ [ 4, 4, 4, 4 ], 6 ], [ [ 2, 2, 2, 2, 2, 2, 2, 2 ], 2 ], [ [ 4, 4, 4, 4 ], 2 ] ]
422|192|[ 192, 1485 ]|[ [ [ 1, 1, 1, 1, 1, 1, 1, 1, 1, 1, 1, 1, 1, 1, 1, 1 ], 1 ], [ [ 1, 1, 1, 1, 1, 1, 1, 1, 2, 2, 2, 2 ], 2 ], [ [ 1, 1, 1, 1, 2, 2, 2, 2, 2, 2 ], 12 ], [ [ 1, 1, 1, 1, 2, 2, 2, 2, 2, 2 ], 12 ], [ [ 1, 1, 1, 1, 3, 3, 3, 3 ], 8 ], [ [ 1, 1, 2, 3, 3, 6 ], 16 ], [ [ 2, 2, 2, 2, 2, 2, 2, 2 ], 1 ], [ [ 2, 2, 6, 6 ], 8 ], [ [ 4, 4, 4, 4 ], 6 ], [ [ 4, 4, 4, 4 ], 6 ], [ [ 8, 8 ], 6 ], [ [ 8, 8 ], 12 ], [ [ 8, 8 ], 6 ], [ [ 2, 2, 2, 2, 2, 2, 2, 2 ], 12 ], [ [ 4, 4, 4, 4 ], 12 ], [ [ 2, 2, 6, 6 ], 16 ], [ [ 4, 12 ], 16 ], [ [ 8, 8 ], 12 ], [ [ 8, 8 ], 12 ], [ [ 2, 2, 2, 2, 2, 2, 2, 2 ], 6 ], [ [ 4, 4, 4, 4 ], 6 ], [ [ 2, 2, 2, 2, 2, 2, 2, 2 ], 2 ], [ [ 4, 4, 4, 4 ], 2 ] ]
423|192|[ 192, 1509 ]|[ [ [ 1, 1, 1, 1, 1, 1, 1, 1, 1, 1, 1, 1, 1, 1, 1, 1 ], 1 ], [ [ 1, 1, 1, 1, 1, 1, 1, 1, 2, 2, 2, 2 ], 6 ], [ [ 1, 1, 1, 1, 3, 3, 3, 3 ], 16 ], [ [ 1, 1, 1, 1, 3, 3, 3, 3 ], 16 ], [ [ 2, 2, 2, 2, 2, 2, 2, 2 ], 1 ], [ [ 2, 2, 6, 6 ], 16 ], [ [ 2, 2, 6, 6 ], 16 ], [ [ 4, 4, 4, 4 ], 6 ], [ [ 4, 4, 4, 4 ], 1 ], [ [ 4, 12 ], 16 ], [ [ 4, 12 ], 16 ], [ [ 4, 4, 4, 4 ], 1 ], [ [ 4, 12 ], 16 ], [ [ 4, 12 ], 16 ], [ [ 2, 2, 2, 2, 2, 2, 2, 2 ], 6 ], [ [ 2, 2, 2, 2, 2, 2, 2, 2 ], 6 ], [ [ 4, 4, 4, 4 ], 6 ], [ [ 4, 4, 4, 4 ], 6 ], [ [ 4, 4, 4, 4 ], 6 ], [ [ 4, 4, 4, 4 ], 6 ], [ [ 2, 2, 2, 2, 2, 2, 2, 2 ], 6 ], [ [ 2, 2, 2, 2, 2, 2, 2, 2 ], 6 ] ]
424|192|[ 192, 1508 ]|[ [ [ 1, 1, 1, 1, 1, 1, 1, 1, 1, 1, 1, 1, 1, 1, 1, 1 ], 1 ], [ [ 1, 1, 1, 1, 1, 1, 1, 1, 2, 2, 2, 2 ], 6 ], [ [ 1, 1, 1, 1, 3, 3, 3, 3 ], 16 ], [ [ 1, 1, 1, 1, 3, 3, 3, 3 ], 16 ], [ [ 2, 2, 2, 2, 2, 2, 2, 2 ], 1 ], [ [ 2, 2, 2, 2, 2, 2, 2, 2 ], 6 ], [ [ 2, 2, 6, 6 ], 16 ], [ [ 2, 2, 6, 6 ], 16 ], [ [ 2, 2, 2, 2, 2, 2, 2, 2 ], 6 ], [ [ 2, 2, 2, 2, 2, 2, 2, 2 ], 6 ], [ [ 2, 2, 6, 6 ], 16 ], [ [ 4, 4, 4, 4 ], 6 ], [ [ 4, 4, 4, 4 ], 6 ], [ [ 2, 2, 6, 6 ], 16 ], [ [ 2, 2, 2, 2, 2, 2, 2, 2 ], 6 ], [ [ 2, 2, 2, 2, 2, 2, 2, 2 ], 6 ], [ [ 2, 2, 6, 6 ], 16 ], [ [ 4, 4, 4, 4 ], 6 ], [ [ 4, 4, 4, 4 ], 6 ], [ [ 2, 2, 6, 6 ], 16 ], [ [ 2, 2, 2, 2, 2, 2, 2, 2 ], 1 ], [ [ 2, 2, 2, 2, 2, 2, 2, 2 ], 1 ] ]
425|192|[ 192, 201 ]|[ [ [ 1, 1, 1, 1, 1, 1, 1, 1, 1, 1, 1, 1, 1, 1, 1, 1 ], 1 ], [ [ 1, 1, 1, 1, 2, 2, 2, 2, 2, 2 ], 12 ], [ [ 1, 1, 1, 1, 3, 3, 3, 3 ], 16 ], [ [ 1, 1, 1, 1, 3, 3, 3, 3 ], 16 ], [ [ 2, 2, 2, 2, 2, 2, 2, 2 ], 1 ], [ [ 2, 2, 6, 6 ], 16 ], [ [ 2, 2, 6, 6 ], 16 ], [ [ 2, 2, 2, 2, 2, 2, 2, 2 ], 6 ], [ [ 4, 4, 4, 4 ], 12 ], [ [ 2, 2, 6, 6 ], 16 ], [ [ 2, 2, 6, 6 ], 16 ], [ [ 2, 2, 6, 6 ], 16 ], [ [ 2, 2, 6, 6 ], 16 ], [ [ 4, 4, 4, 4 ], 24 ], [ [ 2, 2, 2, 2, 2, 2, 2, 2 ], 4 ], [ [ 2, 2, 2, 2, 2, 2, 2, 2 ], 4 ] ]
426|192|[ 192, 202 ]|[ [ [ 1, 1, 1, 1, 1, 1, 1, 1, 1, 1, 1, 1, 1, 1, 1, 1 ], 1 ], [ [ 1, 1, 1, 1, 1, 1, 1, 1, 2, 2, 2, 2 ], 6 ], [ [ 1, 1, 1, 1, 3, 3, 3, 3 ], 16 ], [ [ 1, 1, 1, 1, 3, 3, 3, 3 ], 16 ], [ [ 2, 2, 2, 2, 2, 2, 2, 2 ], 1 ], [ [ 2, 2, 6, 6 ], 16 ], [ [ 2, 2, 6, 6 ], 16 ], [ [ 4, 4, 4, 4 ], 4 ], [ [ 4, 4, 4, 4 ], 4 ], [ [ 4, 12 ], 16 ], [ [ 4, 12 ], 16 ], [ [ 4, 12 ], 16 ], [ [ 4, 12 ], 16 ], [ [ 2, 2, 2, 2, 2, 2, 2, 2 ], 12 ], [ [ 4, 4, 4, 4 ], 12 ], [ [ 2, 2, 2, 2, 4, 4 ], 24 ] ]
427|192|[ 192, 201 ]|[ [ [ 1, 1, 1, 1, 1, 1, 1, 1, 1, 1, 1, 1, 1, 1, 1, 1 ], 1 ], [ [ 1, 1, 1, 1, 1, 1, 1, 1, 2, 2, 2, 2 ], 6 ], [ [ 1, 1, 1, 1, 3, 3, 3, 3 ], 16 ], [ [ 1, 1, 1, 1, 3, 3, 3, 3 ], 16 ], [ [ 2, 2, 2, 2, 2, 2, 2, 2 ], 4 ], [ [ 2, 2, 6, 6 ], 16 ], [ [ 2, 2, 6, 6 ], 16 ], [ [ 2, 2, 2, 2, 2, 2, 2, 2 ], 4 ], [ [ 2, 2, 2, 2, 2, 2, 2, 2 ], 12 ], [ [ 2, 2, 6, 6 ], 16 ], [ [ 2, 2, 6, 6 ], 16 ], [ [ 4, 4, 4, 4 ], 12 ], [ [ 2, 2, 2, 2, 4, 4 ], 24 ], [ [ 2, 2, 6, 6 ], 16 ], [ [ 2, 2, 6, 6 ], 16 ], [ [ 2, 2, 2, 2, 2, 2, 2, 2 ], 1 ] ]
428|192|[ 192, 202 ]|[ [ [ 1, 1, 1, 1, 1, 1, 1, 1, 1, 1, 1, 1, 1, 1, 1, 1 ], 1 ], [ [ 1, 1, 1, 1, 2, 2, 2, 2, 2, 2 ], 12 ], [ [ 1, 1, 1, 1, 3, 3, 3, 3 ], 16 ], [ [ 1, 1, 1, 1, 3, 3, 3, 3 ], 16 ], [ [ 2, 2, 2, 2, 2, 2, 2, 2 ], 1 ], [ [ 2, 2, 6, 6 ], 16 ], [ [ 2, 2, 6, 6 ], 16 ], [ [ 2, 2, 2, 2, 2, 2, 2, 2 ], 6 ], [ [ 4, 4, 4, 4 ], 12 ], [ [ 4, 12 ], 16 ], [ [ 4, 12 ], 16 ], [ [ 4, 12 ], 16 ], [ [ 4, 12 ], 16 ], [ [ 4, 4, 4, 4 ], 24 ], [ [ 4, 4, 4, 4 ], 4 ], [ [ 4, 4, 4, 4 ], 4 ] ]
429|192|[ 192, 1538 ]|[ [ [ 1, 1, 1, 1, 1, 1, 1, 1, 1, 1, 1, 1, 1, 1, 1, 1 ], 1 ], [ [ 1, 1, 1, 1, 1, 1, 1, 1, 2, 2, 2, 2 ], 6 ], [ [ 1, 1, 1, 1, 3, 3, 3, 3 ], 32 ], [ [ 2, 2, 2, 2, 2, 2, 2, 2 ], 1 ], [ [ 2, 2, 2, 2, 2, 2, 2, 2 ], 6 ], [ [ 2, 2, 6, 6 ], 32 ], [ [ 2, 2, 2, 2, 2, 2, 2, 2 ], 3 ], [ [ 2, 2, 2, 2, 2, 2, 2, 2 ], 3 ], [ [ 2, 2, 2, 2, 2, 2, 2, 2 ], 3 ], [ [ 2, 2, 2, 2, 2, 2, 2, 2 ], 3 ], [ [ 2, 2, 2, 2, 2, 2, 2, 2 ], 3 ], [ [ 2, 2, 2, 2, 2, 2, 2, 2 ], 3 ], [ [ 2, 2, 2, 2, 2, 2, 2, 2 ], 12 ], [ [ 4, 4, 4, 4 ], 12 ], [ [ 4, 4, 4, 4 ], 12 ], [ [ 4, 4, 4, 4 ], 12 ], [ [ 2, 2, 2, 2, 2, 2, 2, 2 ], 12 ], [ [ 4, 4, 4, 4 ], 12 ], [ [ 4, 4, 4, 4 ], 12 ], [ [ 4, 4, 4, 4 ], 12 ] ]
430|192|[ 192, 185 ]|[ [ [ 1, 1, 1, 1, 1, 1, 1, 1, 1, 1, 1, 1, 1, 1, 1, 1 ], 1 ], [ [ 1, 1, 1, 1, 2, 2, 2, 2, 2, 2 ], 4 ], [ [ 1, 1, 2, 4, 4, 4 ], 24 ], [ [ 1, 1, 2, 4, 4, 4 ], 24 ], [ [ 1, 3, 6, 6 ], 32 ], [ [ 1, 3, 3, 3, 3, 3 ], 32 ], [ [ 2, 2, 2, 2, 2, 2, 2, 2 ], 3 ], [ [ 2, 2, 2, 2, 2, 2, 2, 2 ], 12 ], [ [ 4, 4, 4, 4 ], 12 ], [ [ 4, 4, 4, 4 ], 24 ], [ [ 4, 4, 4, 4 ], 24 ] ]
431|192|[ 192, 956 ]|[ [ [ 1, 1, 1, 1, 1, 1, 1, 1, 1, 1, 1, 1, 1, 1, 1, 1 ], 1 ], [ [ 1, 1, 1, 1, 2, 2, 2, 2, 2, 2 ], 4 ], [ [ 1, 1, 1, 1, 2, 2, 2, 2, 2, 2 ], 12 ], [ [ 1, 1, 1, 1, 2, 2, 2, 2, 2, 2 ], 12 ], [ [ 1, 3, 6, 6 ], 32 ], [ [ 1, 3, 3, 3, 3, 3 ], 32 ], [ [ 2, 2, 2, 2, 2, 2, 2, 2 ], 3 ], [ [ 4, 4, 4, 4 ], 12 ], [ [ 4, 4, 4, 4 ], 12 ], [ [ 2, 2, 2, 2, 2, 2, 2, 2 ], 12 ], [ [ 4, 4, 4, 4 ], 6 ], [ [ 8, 8 ], 24 ], [ [ 8, 8 ], 24 ], [ [ 4, 4, 4, 4 ], 6 ] ]
432|192|[ 192, 184 ]|[ [ [ 1, 1, 1, 1, 1, 1, 1, 1, 1, 1, 1, 1, 1, 1, 1, 1 ], 1 ], [ [ 1, 1, 1, 1, 2, 2, 2, 2, 2, 2 ], 12 ], [ [ 1, 1, 1, 1, 3, 3, 3, 3 ], 32 ], [ [ 2, 2, 2, 2, 2, 2, 2, 2 ], 3 ], [ [ 4, 4, 4, 4 ], 24 ], [ [ 8, 8 ], 24 ], [ [ 2, 2, 6, 6 ], 32 ], [ [ 2, 2, 2, 2, 2, 2, 2, 2 ], 4 ], [ [ 4, 4, 4, 4 ], 12 ], [ [ 4, 4, 4, 4 ], 24 ], [ [ 8, 8 ], 24 ] ]
433|192|[ 192, 184 ]|[ [ [ 1, 1, 1, 1, 1, 1, 1, 1, 1, 1, 1, 1, 1, 1, 1, 1 ], 1 ], [ [ 1, 1, 1, 1, 2, 2, 2, 2, 2, 2 ], 4 ], [ [ 1, 1, 2, 4, 4, 4 ], 24 ], [ [ 1, 1, 2, 4, 4, 4 ], 24 ], [ [ 1, 3, 3, 3, 3, 3 ], 32 ], [ [ 1, 3, 6, 6 ], 32 ], [ [ 2, 2, 2, 2, 2, 2, 2, 2 ], 3 ], [ [ 2, 2, 2, 2, 2, 2, 2, 2 ], 12 ], [ [ 4, 4, 4, 4 ], 12 ], [ [ 8, 8 ], 24 ], [ [ 8, 8 ], 24 ] ]
434|192|[ 192, 1495 ]|[ [ [ 1, 1, 1, 1, 1, 1, 1, 1, 1, 1, 1, 1, 1, 1, 1, 1 ], 1 ], [ [ 1, 1, 1, 1, 1, 1, 1, 1, 2, 2, 2, 2 ], 6 ], [ [ 1, 1, 1, 1, 3, 3, 3, 3 ], 32 ], [ [ 2, 2, 2, 2, 2, 2, 2, 2 ], 1 ], [ [ 2, 2, 2, 2, 2, 2, 2, 2 ], 6 ], [ [ 2, 2, 6, 6 ], 32 ], [ [ 2, 2, 2, 2, 2, 2, 2, 2 ], 3 ], [ [ 2, 2, 2, 2, 2, 2, 2, 2 ], 3 ], [ [ 2, 2, 2, 2, 2, 2, 2, 2 ], 3 ], [ [ 2, 2, 2, 2, 2, 2, 2, 2 ], 3 ], [ [ 2, 2, 2, 2, 2, 2, 2, 2 ], 3 ], [ [ 2, 2, 2, 2, 2, 2, 2, 2 ], 3 ], [ [ 4, 4, 4, 4 ], 12 ], [ [ 4, 4, 4, 4 ], 12 ], [ [ 4, 4, 4, 4 ], 12 ], [ [ 4, 4, 4, 4 ], 12 ], [ [ 4, 4, 4, 4 ], 12 ], [ [ 4, 4, 4, 4 ], 12 ], [ [ 4, 4, 4, 4 ], 12 ], [ [ 4, 4, 4, 4 ], 12 ] ]
435|192|[ 192, 955 ]|[ [ [ 1, 1, 1, 1, 1, 1, 1, 1, 1, 1, 1, 1, 1, 1, 1, 1 ], 1 ], [ [ 1, 1, 1, 1, 1, 1, 1, 1, 2, 2, 2, 2 ], 6 ], [ [ 1, 1, 1, 1, 3, 3, 3, 3 ], 32 ], [ [ 2, 2, 2, 2, 2, 2, 2, 2 ], 12 ], [ [ 2, 2, 2, 2, 4, 4 ], 24 ], [ [ 4, 4, 4, 4 ], 12 ], [ [ 2, 2, 2, 2, 2, 2, 2, 2 ], 6 ], [ [ 2, 2, 2, 2, 2, 2, 2, 2 ], 3 ], [ [ 2, 2, 2, 2, 2, 2, 2, 2 ], 12 ], [ [ 4, 4, 4, 4 ], 24 ], [ [ 4, 4, 4, 4 ], 12 ], [ [ 2, 2, 6, 6 ], 32 ], [ [ 2, 2, 2, 2, 2, 2, 2, 2 ], 4 ], [ [ 4, 4, 4, 4 ], 12 ] ]
436|192|[ 192, 955 ]|[ [ [ 1, 1, 1, 1, 1, 1, 1, 1, 1, 1, 1, 1, 1, 1, 1, 1 ], 1 ], [ [ 1, 1, 1, 1, 2, 2, 2, 2, 2, 2 ], 4 ], [ [ 1, 1, 1, 1, 2, 2, 2, 2, 2, 2 ], 12 ], [ [ 1, 1, 1, 1, 2, 2, 2, 2, 2, 2 ], 12 ], [ [ 1, 3, 3, 3, 3, 3 ], 32 ], [ [ 1, 3, 6, 6 ], 32 ], [ [ 2, 2, 2, 2, 2, 2, 2, 2 ], 3 ], [ [ 4, 4, 4, 4 ], 12 ], [ [ 4, 4, 4, 4 ], 12 ], [ [ 2, 2, 2, 2, 2, 2, 2, 2 ], 6 ], [ [ 4, 4, 4, 4 ], 12 ], [ [ 4, 4, 4, 4 ], 24 ], [ [ 4, 4, 4, 4 ], 24 ], [ [ 2, 2, 2, 2, 2, 2, 2, 2 ], 6 ] ]
437|192|[ 192, 1024 ]|[ [ [ 1, 1, 1, 1, 1, 1, 1, 1, 1, 1, 1, 1, 1, 1, 1, 1 ], 1 ], [ [ 1, 1, 1, 1, 2, 2, 2, 2, 2, 2 ], 12 ], [ [ 1, 1, 1, 1, 3, 3, 3, 3 ], 16 ], [ [ 1, 1, 1, 1, 3, 3, 3, 3 ], 16 ], [ [ 2, 2, 2, 2, 2, 2, 2, 2 ], 1 ], [ [ 2, 2, 6, 6 ], 16 ], [ [ 2, 2, 6, 6 ], 16 ], [ [ 2, 2, 2, 2, 2, 2, 2, 2 ], 12 ], [ [ 4, 4, 4, 4 ], 12 ], [ [ 2, 2, 6, 6 ], 16 ], [ [ 2, 2, 6, 6 ], 16 ], [ [ 4, 4, 4, 4 ], 12 ], [ [ 4, 4, 4, 4 ], 12 ], [ [ 2, 2, 6, 6 ], 16 ], [ [ 2, 2, 6, 6 ], 16 ], [ [ 2, 2, 2, 2, 2, 2, 2, 2 ], 1 ], [ [ 2, 2, 2, 2, 2, 2, 2, 2 ], 1 ] ]
438|192|[ 192, 1021 ]|[ [ [ 1, 1, 1, 1, 1, 1, 1, 1, 1, 1, 1, 1, 1, 1, 1, 1 ], 1 ], [ [ 1, 1, 1, 1, 1, 1, 1, 1, 2, 2, 2, 2 ], 6 ], [ [ 1, 1, 1, 1, 3, 3, 3, 3 ], 16 ], [ [ 1, 1, 1, 1, 3, 3, 3, 3 ], 16 ], [ [ 2, 2, 2, 2, 2, 2, 2, 2 ], 1 ], [ [ 2, 2, 2, 2, 2, 2, 2, 2 ], 6 ], [ [ 2, 2, 6, 6 ], 16 ], [ [ 2, 2, 6, 6 ], 16 ], [ [ 4, 4, 4, 4 ], 12 ], [ [ 4, 4, 4, 4 ], 12 ], [ [ 2, 2, 6, 6 ], 16 ], [ [ 4, 4, 4, 4 ], 12 ], [ [ 4, 4, 4, 4 ], 12 ], [ [ 2, 2, 6, 6 ], 16 ], [ [ 2, 2, 6, 6 ], 16 ], [ [ 2, 2, 6, 6 ], 16 ], [ [ 2, 2, 2, 2, 2, 2, 2, 2 ], 1 ], [ [ 2, 2, 2, 2, 2, 2, 2, 2 ], 1 ] ]
439|192|[ 192, 4 ]|[ [ [ 1, 1, 1, 1, 1, 1, 1, 1, 1, 1, 1, 1, 1, 1, 1, 1 ], 1 ], [ [ 1, 1, 1, 1, 1, 1, 1, 1, 2, 2, 2, 2 ], 6 ], [ [ 1, 1, 1, 1, 3, 3, 3, 3 ], 16 ], [ [ 1, 1, 1, 1, 3, 3, 3, 3 ], 16 ], [ [ 2, 2, 2, 2, 2, 2, 2, 2 ], 1 ], [ [ 2, 2, 6, 6 ], 16 ], [ [ 2, 2, 6, 6 ], 16 ], [ [ 4, 4, 4, 4 ], 1 ], [ [ 4, 4, 4, 4 ], 6 ], [ [ 4, 12 ], 16 ], [ [ 4, 12 ], 16 ], [ [ 4, 4, 4, 4 ], 1 ], [ [ 4, 12 ], 16 ], [ [ 4, 12 ], 16 ], [ [ 8, 8 ], 12 ], [ [ 8, 8 ], 12 ], [ [ 8, 8 ], 12 ], [ [ 8, 8 ], 12 ] ]
440|192|[ 192, 1023 ]|[ [ [ 1, 1, 1, 1, 1, 1, 1, 1, 1, 1, 1, 1, 1, 1, 1, 1 ], 1 ], [ [ 1, 1, 1, 1, 2, 2, 2, 2, 2, 2 ], 12 ], [ [ 1, 3, 3, 3, 3, 3 ], 64 ], [ [ 1, 3, 3, 3, 3, 3 ], 64 ], [ [ 2, 2, 2, 2, 2, 2, 2, 2 ], 3 ], [ [ 2, 2, 2, 2, 2, 2, 2, 2 ], 12 ], [ [ 4, 4, 4, 4 ], 12 ], [ [ 4, 4, 4, 4 ], 12 ], [ [ 4, 4, 4, 4 ], 12 ] ]
441|192|[ 192, 1491 ]|[ [ [ 1, 1, 1, 1, 1, 1, 1, 1, 1, 1, 1, 1, 1, 1, 1, 1 ], 1 ], [ [ 1, 1, 1, 1, 1, 1, 1, 1, 2, 2, 2, 2 ], 6 ], [ [ 1, 1, 1, 1, 3, 3, 3, 3 ], 32 ], [ [ 2, 2, 2, 2, 2, 2, 2, 2 ], 1 ], [ [ 2, 2, 6, 6 ], 32 ], [ [ 2, 2, 2, 2, 4, 4 ], 24 ], [ [ 4, 4, 4, 4 ], 12 ], [ [ 4, 4, 4, 4 ], 12 ], [ [ 4, 4, 4, 4 ], 24 ], [ [ 4, 4, 4, 4 ], 24 ], [ [ 2, 2, 2, 2, 2, 2, 2, 2 ], 6 ], [ [ 2, 2, 2, 2, 2, 2, 2, 2 ], 6 ], [ [ 4, 4, 4, 4 ], 12 ] ]
442|192|[ 192, 1493 ]|[ [ [ 1, 1, 1, 1, 1, 1, 1, 1, 1, 1, 1, 1, 1, 1, 1, 1 ], 1 ], [ [ 1, 1, 1, 1, 1, 1, 1, 1, 2, 2, 2, 2 ], 6 ], [ [ 1, 1, 1, 1, 3, 3, 3, 3 ], 32 ], [ [ 2, 2, 2, 2, 2, 2, 2, 2 ], 12 ], [ [ 2, 2, 2, 2, 4, 4 ], 24 ], [ [ 2, 2, 2, 2, 2, 2, 2, 2 ], 12 ], [ [ 4, 4, 4, 4 ], 24 ], [ [ 4, 4, 4, 4 ], 24 ], [ [ 2, 2, 2, 2, 2, 2, 2, 2 ], 6 ], [ [ 2, 2, 2, 2, 2, 2, 2, 2 ], 6 ], [ [ 2, 2, 6, 6 ], 32 ], [ [ 4, 4, 4, 4 ], 12 ], [ [ 2, 2, 2, 2, 2, 2, 2, 2 ], 1 ] ]
443|192|[ 192, 1492 ]|[ [ [ 1, 1, 1, 1, 1, 1, 1, 1, 1, 1, 1, 1, 1, 1, 1, 1 ], 1 ], [ [ 1, 1, 1, 1, 2, 2, 2, 2, 2, 2 ], 12 ], [ [ 1, 1, 1, 1, 3, 3, 3, 3 ], 32 ], [ [ 2, 2, 2, 2, 2, 2, 2, 2 ], 1 ], [ [ 2, 2, 6, 6 ], 32 ], [ [ 2, 2, 2, 2, 2, 2, 2, 2 ], 6 ], [ [ 4, 4, 4, 4 ], 6 ], [ [ 4, 4, 4, 4 ], 6 ], [ [ 8, 8 ], 24 ], [ [ 8, 8 ], 24 ], [ [ 4, 4, 4, 4 ], 24 ], [ [ 4, 4, 4, 4 ], 12 ], [ [ 4, 4, 4, 4 ], 12 ] ]
444|192|[ 192, 1494 ]|[ [ [ 1, 1, 1, 1, 1, 1, 1, 1, 1, 1, 1, 1, 1, 1, 1, 1 ], 1 ], [ [ 1, 1, 1, 1, 2, 2, 2, 2, 2, 2 ], 12 ], [ [ 1, 1, 1, 1, 3, 3, 3, 3 ], 32 ], [ [ 2, 2, 2, 2, 2, 2, 2, 2 ], 1 ], [ [ 2, 2, 6, 6 ], 32 ], [ [ 2, 2, 2, 2, 2, 2, 2, 2 ], 6 ], [ [ 4, 4, 4, 4 ], 6 ], [ [ 4, 4, 4, 4 ], 6 ], [ [ 8, 8 ], 24 ], [ [ 8, 8 ], 24 ], [ [ 2, 2, 2, 2, 2, 2, 2, 2 ], 24 ], [ [ 4, 4, 4, 4 ], 12 ], [ [ 4, 4, 4, 4 ], 12 ] ]
445|192|[ 192, 1494 ]|[ [ [ 1, 1, 1, 1, 1, 1, 1, 1, 1, 1, 1, 1, 1, 1, 1, 1 ], 1 ], [ [ 1, 1, 1, 1, 1, 1, 1, 1, 2, 2, 2, 2 ], 6 ], [ [ 1, 1, 1, 1, 3, 3, 3, 3 ], 32 ], [ [ 2, 2, 2, 2, 4, 4 ], 12 ], [ [ 2, 2, 2, 2, 2, 2, 2, 2 ], 24 ], [ [ 8, 8 ], 24 ], [ [ 8, 8 ], 24 ], [ [ 2, 2, 2, 2, 4, 4 ], 12 ], [ [ 2, 2, 2, 2, 2, 2, 2, 2 ], 12 ], [ [ 2, 2, 6, 6 ], 32 ], [ [ 4, 4, 4, 4 ], 6 ], [ [ 4, 4, 4, 4 ], 6 ], [ [ 2, 2, 2, 2, 2, 2, 2, 2 ], 1 ] ]
446|192|[ 192, 1492 ]|[ [ [ 1, 1, 1, 1, 1, 1, 1, 1, 1, 1, 1, 1, 1, 1, 1, 1 ], 1 ], [ [ 1, 1, 1, 1, 1, 1, 1, 1, 2, 2, 2, 2 ], 6 ], [ [ 1, 1, 1, 1, 3, 3, 3, 3 ], 32 ], [ [ 2, 2, 2, 2, 2, 2, 2, 2 ], 1 ], [ [ 2, 2, 6, 6 ], 32 ], [ [ 4, 4, 4, 4 ], 24 ], [ [ 2, 2, 2, 2, 4, 4 ], 12 ], [ [ 2, 2, 2, 2, 4, 4 ], 12 ], [ [ 8, 8 ], 24 ], [ [ 8, 8 ], 24 ], [ [ 2, 2, 2, 2, 2, 2, 2, 2 ], 12 ], [ [ 4, 4, 4, 4 ], 6 ], [ [ 4, 4, 4, 4 ], 6 ] ]
716|384|[ 384, 5836 ]|[ [ [ 1, 1, 1, 1, 1, 1, 1, 1, 1, 1, 1, 1, 1, 1, 1, 1 ], 1 ], [ [ 1, 1, 1, 1, 1, 1, 1, 1, 2, 2, 2, 2 ], 2 ], [ [ 1, 1, 1, 1, 1, 1, 1, 1, 2, 2, 2, 2 ], 6 ], [ [ 1, 1, 1, 1, 1, 1, 1, 1, 2, 2, 2, 2 ], 6 ], [ [ 1, 1, 2, 3, 3, 6 ], 32 ], [ [ 1, 1, 1, 1, 3, 3, 3, 3 ], 16 ], [ [ 1, 1, 2, 3, 3, 6 ], 32 ], [ [ 1, 1, 1, 1, 3, 3, 3, 3 ], 16 ], [ [ 2, 2, 2, 2, 2, 2, 2, 2 ], 1 ], [ [ 2, 2, 6, 6 ], 16 ], [ [ 2, 2, 6, 6 ], 16 ], [ [ 2, 2, 2, 2, 2, 2, 2, 2 ], 12 ], [ [ 2, 2, 2, 2, 2, 2, 2, 2 ], 12 ], [ [ 4, 4, 4, 4 ], 12 ], [ [ 4, 4, 4, 4 ], 12 ], [ [ 2, 2, 2, 2, 4, 4 ], 24 ], [ [ 2, 2, 2, 2, 4, 4 ], 24 ], [ [ 4, 12 ], 32 ], [ [ 2, 2, 6, 6 ], 32 ], [ [ 4, 12 ], 32 ], [ [ 2, 2, 6, 6 ], 32 ], [ [ 2, 2, 2, 2, 2, 2, 2, 2 ], 8 ], [ [ 4, 4, 4, 4 ], 8 ] ]
717|384|[ 384, 5835 ]|[ [ [ 1, 1, 1, 1, 1, 1, 1, 1, 1, 1, 1, 1, 1, 1, 1, 1 ], 1 ], [ [ 1, 1, 1, 1, 1, 1, 1, 1, 1, 1, 1, 1, 2, 2 ], 4 ], [ [ 1, 1, 1, 1, 1, 1, 1, 1, 2, 2, 2, 2 ], 6 ], [ [ 1, 1, 1, 1, 2, 2, 2, 2, 2, 2 ], 4 ], [ [ 1, 1, 1, 1, 3, 3, 3, 3 ], 16 ], [ [ 1, 1, 1, 1, 6, 6 ], 16 ], [ [ 1, 1, 1, 1, 6, 6 ], 16 ], [ [ 1, 1, 1, 1, 3, 3, 3, 3 ], 16 ], [ [ 2, 2, 2, 2, 2, 2, 2, 2 ], 1 ], [ [ 2, 2, 3, 3, 3, 3 ], 16 ], [ [ 2, 2, 6, 6 ], 16 ], [ [ 2, 2, 6, 6 ], 16 ], [ [ 2, 2, 3, 3, 3, 3 ], 16 ], [ [ 4, 4, 4, 4 ], 4 ], [ [ 4, 4, 4, 4 ], 1 ], [ [ 4, 4, 4, 4 ], 6 ], [ [ 4, 4, 4, 4 ], 4 ], [ [ 4, 12 ], 16 ], [ [ 4, 12 ], 16 ], [ [ 4, 12 ], 16 ], [ [ 4, 12 ], 16 ], [ [ 4, 4, 4, 4 ], 1 ], [ [ 4, 12 ], 16 ], [ [ 4, 12 ], 16 ], [ [ 4, 12 ], 16 ], [ [ 4, 12 ], 16 ], [ [ 2, 2, 2, 2, 2, 2, 2, 2 ], 12 ], [ [ 2, 2, 2, 2, 4, 4 ], 24 ], [ [ 4, 4, 4, 4 ], 12 ], [ [ 2, 2, 2, 2, 4, 4 ], 24 ], [ [ 4, 4, 4, 4 ], 12 ], [ [ 2, 2, 2, 2, 2, 2, 2, 2 ], 12 ] ]
718|384|[ 384, 20123 ]|[ [ [ 1, 1, 1, 1, 1, 1, 1, 1, 1, 1, 1, 1, 1, 1, 1, 1 ], 1 ], [ [ 1, 1, 1, 1, 1, 1, 1, 1, 2, 2, 2, 2 ], 2 ], [ [ 1, 1, 1, 1, 1, 1, 1, 1, 2, 2, 2, 2 ], 6 ], [ [ 1, 1, 1, 1, 1, 1, 1, 1, 2, 2, 2, 2 ], 6 ], [ [ 1, 1, 2, 3, 3, 6 ], 32 ], [ [ 1, 1, 1, 1, 3, 3, 3, 3 ], 16 ], [ [ 1, 1, 1, 1, 3, 3, 3, 3 ], 16 ], [ [ 1, 1, 2, 3, 3, 6 ], 32 ], [ [ 2, 2, 2, 2, 2, 2, 2, 2 ], 1 ], [ [ 2, 2, 6, 6 ], 16 ], [ [ 2, 2, 6, 6 ], 16 ], [ [ 2, 2, 2, 2, 2, 2, 2, 2 ], 6 ], [ [ 2, 2, 2, 2, 2, 2, 2, 2 ], 6 ], [ [ 2, 2, 2, 2, 2, 2, 2, 2 ], 6 ], [ [ 2, 2, 2, 2, 2, 2, 2, 2 ], 6 ], [ [ 4, 4, 4, 4 ], 6 ], [ [ 4, 4, 4, 4 ], 6 ], [ [ 4, 4, 4, 4 ], 6 ], [ [ 4, 4, 4, 4 ], 6 ], [ [ 2, 2, 2, 2, 2, 2, 2, 2 ], 6 ], [ [ 4, 4, 4, 4 ], 6 ], [ [ 2, 2, 2, 2, 2, 2, 2, 2 ], 6 ], [ [ 4, 4, 4, 4 ], 6 ], [ [ 2, 2, 2, 2, 2, 2, 2, 2 ], 6 ], [ [ 4, 4, 4, 4 ], 6 ], [ [ 2, 2, 2, 2, 2, 2, 2, 2 ], 6 ], [ [ 4, 4, 4, 4 ], 6 ], [ [ 2, 2, 6, 6 ], 32 ], [ [ 4, 12 ], 32 ], [ [ 4, 12 ], 32 ], [ [ 2, 2, 6, 6 ], 32 ], [ [ 2, 2, 2, 2, 2, 2, 2, 2 ], 6 ], [ [ 4, 4, 4, 4 ], 6 ], [ [ 4, 4, 4, 4 ], 2 ], [ [ 2, 2, 2, 2, 2, 2, 2, 2 ], 2 ] ]
719|384|[ 384, 5790 ]|[ [ [ 1, 1, 1, 1, 1, 1, 1, 1, 1, 1, 1, 1, 1, 1, 1, 1 ], 1 ], [ [ 1, 1, 1, 1, 1, 1, 1, 1, 2, 2, 2, 2 ], 2 ], [ [ 1, 1, 1, 1, 1, 1, 1, 1, 2, 2, 2, 2 ], 6 ], [ [ 1, 1, 1, 1, 1, 1, 1, 1, 2, 2, 2, 2 ], 6 ], [ [ 1, 1, 1, 1, 3, 3, 3, 3 ], 16 ], [ [ 1, 1, 2, 3, 3, 6 ], 32 ], [ [ 1, 1, 1, 1, 3, 3, 3, 3 ], 16 ], [ [ 1, 1, 2, 3, 3, 6 ], 32 ], [ [ 2, 2, 2, 2, 2, 2, 2, 2 ], 1 ], [ [ 2, 2, 2, 2, 2, 2, 2, 2 ], 6 ], [ [ 2, 2, 2, 2, 2, 2, 2, 2 ], 6 ], [ [ 2, 2, 6, 6 ], 16 ], [ [ 2, 2, 6, 6 ], 16 ], [ [ 2, 2, 2, 2, 2, 2, 2, 2 ], 6 ], [ [ 2, 2, 2, 2, 2, 2, 2, 2 ], 6 ], [ [ 2, 2, 2, 2, 2, 2, 2, 2 ], 6 ], [ [ 2, 2, 2, 2, 2, 2, 2, 2 ], 3 ], [ [ 2, 2, 2, 2, 2, 2, 2, 2 ], 6 ], [ [ 2, 2, 2, 2, 2, 2, 2, 2 ], 6 ], [ [ 2, 2, 2, 2, 2, 2, 2, 2 ], 3 ], [ [ 2, 2, 6, 6 ], 32 ], [ [ 4, 12 ], 32 ], [ [ 2, 2, 6, 6 ], 32 ], [ [ 4, 12 ], 32 ], [ [ 2, 2, 2, 2, 2, 2, 2, 2 ], 8 ], [ [ 4, 4, 4, 4 ], 8 ], [ [ 4, 4, 4, 4 ], 24 ], [ [ 4, 4, 4, 4 ], 24 ] ]
720|384|[ 384, 5837 ]|[ [ [ 1, 1, 1, 1, 1, 1, 1, 1, 1, 1, 1, 1, 1, 1, 1, 1 ], 1 ], [ [ 1, 1, 1, 1, 1, 1, 1, 1, 2, 2, 2, 2 ], 6 ], [ [ 1, 1, 1, 1, 3, 3, 3, 3 ], 16 ], [ [ 1, 1, 1, 1, 3, 3, 3, 3 ], 16 ], [ [ 1, 1, 1, 1, 1, 1, 1, 1, 2, 2, 2, 2 ], 8 ], [ [ 1, 1, 2, 3, 3, 6 ], 32 ], [ [ 1, 1, 2, 3, 3, 6 ], 32 ], [ [ 2, 2, 2, 2, 2, 2, 2, 2 ], 1 ], [ [ 2, 2, 6, 6 ], 16 ], [ [ 2, 2, 6, 6 ], 16 ], [ [ 2, 2, 2, 2, 2, 2, 2, 2 ], 8 ], [ [ 2, 2, 6, 6 ], 32 ], [ [ 2, 2, 6, 6 ], 32 ], [ [ 4, 4, 4, 4 ], 6 ], [ [ 4, 4, 4, 4 ], 2 ], [ [ 4, 12 ], 32 ], [ [ 4, 12 ], 32 ], [ [ 2, 2, 2, 2, 4, 4 ], 24 ], [ [ 2, 2, 2, 2, 2, 2, 2, 2 ], 12 ], [ [ 4, 4, 4, 4 ], 12 ], [ [ 2, 2, 2, 2, 2, 2, 2, 2 ], 12 ], [ [ 4, 4, 4, 4 ], 12 ], [ [ 2, 2, 2, 2, 4, 4 ], 24 ] ]
721|384|[ 384, 5836 ]|[ [ [ 1, 1, 1, 1, 1, 1, 1, 1, 1, 1, 1, 1, 1, 1, 1, 1 ], 1 ], [ [ 1, 1, 1, 1, 1, 1, 1, 1, 2, 2, 2, 2 ], 6 ], [ [ 1, 1, 1, 1, 3, 3, 3, 3 ], 16 ], [ [ 1, 1, 1, 1, 3, 3, 3, 3 ], 16 ], [ [ 1, 1, 1, 1, 1, 1, 1, 1, 2, 2, 2, 2 ], 8 ], [ [ 1, 1, 2, 3, 3, 6 ], 32 ], [ [ 1, 1, 2, 3, 3, 6 ], 32 ], [ [ 2, 2, 2, 2, 2, 2, 2, 2 ], 1 ], [ [ 2, 2, 6, 6 ], 16 ], [ [ 2, 2, 6, 6 ], 16 ], [ [ 2, 2, 2, 2, 2, 2, 2, 2 ], 6 ], [ [ 2, 2, 2, 2, 2, 2, 2, 2 ], 2 ], [ [ 2, 2, 6, 6 ], 32 ], [ [ 2, 2, 6, 6 ], 32 ], [ [ 4, 4, 4, 4 ], 8 ], [ [ 4, 12 ], 32 ], [ [ 4, 12 ], 32 ], [ [ 2, 2, 2, 2, 4, 4 ], 24 ], [ [ 2, 2, 2, 2, 2, 2, 2, 2 ], 12 ], [ [ 4, 4, 4, 4 ], 12 ], [ [ 2, 2, 2, 2, 4, 4 ], 24 ], [ [ 4, 4, 4, 4 ], 12 ], [ [ 2, 2, 2, 2, 2, 2, 2, 2 ], 12 ] ]
722|384|[ 384, 5833 ]|[ [ [ 1, 1, 1, 1, 1, 1, 1, 1, 1, 1, 1, 1, 1, 1, 1, 1 ], 1 ], [ [ 1, 1, 1, 1, 1, 1, 1, 1, 1, 1, 1, 1, 2, 2 ], 4 ], [ [ 1, 1, 1, 1, 1, 1, 1, 1, 2, 2, 2, 2 ], 6 ], [ [ 1, 1, 1, 1, 3, 3, 3, 3 ], 16 ], [ [ 1, 1, 1, 1, 6, 6 ], 16 ], [ [ 1, 1, 1, 1, 3, 3, 3, 3 ], 16 ], [ [ 1, 1, 1, 1, 6, 6 ], 16 ], [ [ 1, 1, 1, 1, 2, 2, 2, 2, 2, 2 ], 4 ], [ [ 2, 2, 2, 2, 2, 2, 2, 2 ], 1 ], [ [ 2, 2, 2, 2, 2, 2, 2, 2 ], 4 ], [ [ 2, 2, 2, 2, 2, 2, 2, 2 ], 6 ], [ [ 2, 2, 6, 6 ], 16 ], [ [ 2, 2, 6, 6 ], 16 ], [ [ 2, 2, 6, 6 ], 16 ], [ [ 2, 2, 6, 6 ], 16 ], [ [ 2, 2, 2, 2, 2, 2, 2, 2 ], 4 ], [ [ 2, 2, 2, 2, 2, 2, 2, 2 ], 12 ], [ [ 2, 2, 2, 2, 4, 4 ], 24 ], [ [ 2, 2, 3, 3, 3, 3 ], 16 ], [ [ 2, 2, 6, 6 ], 16 ], [ [ 2, 2, 3, 3, 3, 3 ], 16 ], [ [ 2, 2, 6, 6 ], 16 ], [ [ 4, 4, 4, 4 ], 12 ], [ [ 2, 2, 2, 2, 2, 2, 2, 2 ], 12 ], [ [ 2, 2, 2, 2, 4, 4 ], 24 ], [ [ 2, 2, 6, 6 ], 16 ], [ [ 2, 2, 6, 6 ], 16 ], [ [ 2, 2, 6, 6 ], 16 ], [ [ 2, 2, 6, 6 ], 16 ], [ [ 4, 4, 4, 4 ], 12 ], [ [ 2, 2, 2, 2, 2, 2, 2, 2 ], 1 ], [ [ 2, 2, 2, 2, 2, 2, 2, 2 ], 1 ] ]
723|384|[ 384, 5836 ]|[ [ [ 1, 1, 1, 1, 1, 1, 1, 1, 1, 1, 1, 1, 1, 1, 1, 1 ], 1 ], [ [ 1, 1, 1, 1, 1, 1, 1, 1, 2, 2, 2, 2 ], 2 ], [ [ 1, 1, 1, 1, 2, 2, 2, 2, 2, 2 ], 12 ], [ [ 1, 1, 1, 1, 2, 2, 2, 2, 2, 2 ], 12 ], [ [ 1, 1, 1, 1, 3, 3, 3, 3 ], 16 ], [ [ 1, 1, 2, 3, 3, 6 ], 32 ], [ [ 1, 1, 1, 1, 3, 3, 3, 3 ], 16 ], [ [ 1, 1, 2, 3, 3, 6 ], 32 ], [ [ 2, 2, 2, 2, 2, 2, 2, 2 ], 1 ], [ [ 2, 2, 6, 6 ], 16 ], [ [ 2, 2, 6, 6 ], 16 ], [ [ 2, 2, 2, 2, 2, 2, 2, 2 ], 6 ], [ [ 2, 2, 2, 2, 2, 2, 2, 2 ], 6 ], [ [ 4, 4, 4, 4 ], 12 ], [ [ 4, 4, 4, 4 ], 12 ], [ [ 4, 12 ], 32 ], [ [ 2, 2, 6, 6 ], 32 ], [ [ 4, 12 ], 32 ], [ [ 2, 2, 6, 6 ], 32 ], [ [ 2, 2, 2, 2, 2, 2, 2, 2 ], 8 ], [ [ 4, 4, 4, 4 ], 8 ], [ [ 4, 4, 4, 4 ], 24 ], [ [ 4, 4, 4, 4 ], 24 ] ]
724|384|[ 384, 17948 ]|[ [ [ 1, 1, 1, 1, 1, 1, 1, 1, 1, 1, 1, 1, 1, 1, 1, 1 ], 1 ], [ [ 1, 1, 1, 1, 1, 1, 1, 1, 2, 2, 2, 2 ], 6 ], [ [ 1, 1, 1, 1, 1, 1, 1, 1, 2, 2, 2, 2 ], 12 ], [ [ 1, 1, 1, 1, 2, 2, 4, 4 ], 24 ], [ [ 1, 1, 1, 1, 3, 3, 3, 3 ], 32 ], [ [ 2, 2, 2, 2, 2, 2, 2, 2 ], 1 ], [ [ 2, 2, 2, 2, 2, 2, 2, 2 ], 6 ], [ [ 2, 2, 2, 2, 2, 2, 2, 2 ], 12 ], [ [ 2, 2, 2, 2, 4, 4 ], 24 ], [ [ 2, 2, 6, 6 ], 32 ], [ [ 2, 2, 2, 2, 2, 2, 2, 2 ], 6 ], [ [ 2, 2, 2, 2, 2, 2, 2, 2 ], 3 ], [ [ 4, 4, 4, 4 ], 12 ], [ [ 2, 2, 2, 2, 2, 2, 2, 2 ], 6 ], [ [ 2, 2, 2, 2, 2, 2, 2, 2 ], 3 ], [ [ 4, 4, 4, 4 ], 12 ], [ [ 2, 2, 2, 2, 2, 2, 2, 2 ], 12 ], [ [ 4, 4, 4, 4 ], 24 ], [ [ 4, 4, 4, 4 ], 12 ], [ [ 2, 2, 6, 6 ], 32 ], [ [ 2, 2, 2, 2, 2, 2, 2, 2 ], 4 ], [ [ 4, 4, 4, 4 ], 12 ], [ [ 2, 2, 2, 2, 2, 2, 2, 2 ], 12 ], [ [ 4, 4, 4, 4 ], 24 ], [ [ 4, 4, 4, 4 ], 12 ], [ [ 2, 2, 6, 6 ], 32 ], [ [ 2, 2, 2, 2, 2, 2, 2, 2 ], 4 ], [ [ 4, 4, 4, 4 ], 12 ] ]
725|384|[ 384, 5566 ]|[ [ [ 1, 1, 1, 1, 1, 1, 1, 1, 1, 1, 1, 1, 1, 1, 1, 1 ], 1 ], [ [ 1, 1, 1, 1, 1, 1, 1, 1, 2, 2, 2, 2 ], 6 ], [ [ 1, 1, 1, 1, 1, 1, 1, 1, 2, 2, 2, 2 ], 12 ], [ [ 1, 1, 1, 1, 2, 2, 4, 4 ], 24 ], [ [ 1, 1, 1, 1, 3, 3, 3, 3 ], 32 ], [ [ 2, 2, 2, 2, 2, 2, 2, 2 ], 1 ], [ [ 2, 2, 2, 2, 2, 2, 2, 2 ], 6 ], [ [ 2, 2, 2, 2, 2, 2, 2, 2 ], 12 ], [ [ 2, 2, 2, 2, 4, 4 ], 24 ], [ [ 2, 2, 6, 6 ], 32 ], [ [ 2, 2, 2, 2, 2, 2, 2, 2 ], 6 ], [ [ 2, 2, 2, 2, 2, 2, 2, 2 ], 3 ], [ [ 4, 4, 4, 4 ], 12 ], [ [ 2, 2, 2, 2, 2, 2, 2, 2 ], 6 ], [ [ 2, 2, 2, 2, 2, 2, 2, 2 ], 3 ], [ [ 4, 4, 4, 4 ], 12 ], [ [ 4, 4, 4, 4 ], 12 ], [ [ 4, 4, 4, 4 ], 24 ], [ [ 4, 4, 4, 4 ], 12 ], [ [ 4, 12 ], 32 ], [ [ 4, 4, 4, 4 ], 4 ], [ [ 4, 4, 4, 4 ], 12 ], [ [ 4, 4, 4, 4 ], 12 ], [ [ 4, 4, 4, 4 ], 24 ], [ [ 4, 4, 4, 4 ], 12 ], [ [ 4, 12 ], 32 ], [ [ 4, 4, 4, 4 ], 4 ], [ [ 4, 4, 4, 4 ], 12 ] ]
726|384|[ 384, 611 ]|[ [ [ 1, 1, 1, 1, 1, 1, 1, 1, 1, 1, 1, 1, 1, 1, 1, 1 ], 1 ], [ [ 1, 1, 1, 1, 1, 1, 1, 1, 2, 2, 2, 2 ], 6 ], [ [ 1, 1, 1, 1, 3, 3, 3, 3 ], 16 ], [ [ 1, 1, 1, 1, 3, 3, 3, 3 ], 16 ], [ [ 1, 1, 1, 1, 1, 1, 1, 1, 2, 2, 2, 2 ], 8 ], [ [ 1, 1, 2, 3, 3, 6 ], 32 ], [ [ 1, 1, 2, 3, 3, 6 ], 32 ], [ [ 2, 2, 2, 2, 2, 2, 2, 2 ], 1 ], [ [ 2, 2, 6, 6 ], 16 ], [ [ 2, 2, 6, 6 ], 16 ], [ [ 2, 2, 2, 2, 2, 2, 2, 2 ], 6 ], [ [ 2, 2, 2, 2, 2, 2, 2, 2 ], 2 ], [ [ 2, 2, 6, 6 ], 32 ], [ [ 2, 2, 6, 6 ], 32 ], [ [ 4, 4, 4, 4 ], 8 ], [ [ 4, 12 ], 32 ], [ [ 4, 12 ], 32 ], [ [ 4, 4, 4, 4 ], 24 ], [ [ 4, 4, 4, 4 ], 24 ], [ [ 4, 4, 4, 4 ], 24 ], [ [ 4, 4, 4, 4 ], 24 ] ]
727|384|[ 384, 617 ]|[ [ [ 1, 1, 1, 1, 1, 1, 1, 1, 1, 1, 1, 1, 1, 1, 1, 1 ], 1 ], [ [ 1, 1, 1, 1, 1, 1, 1, 1, 2, 2, 2, 2 ], 2 ], [ [ 1, 1, 1, 1, 2, 2, 2, 2, 2, 2 ], 24 ], [ [ 1, 1, 1, 1, 3, 3, 3, 3 ], 16 ], [ [ 1, 1, 2, 3, 3, 6 ], 32 ], [ [ 1, 1, 2, 3, 3, 6 ], 32 ], [ [ 1, 1, 1, 1, 3, 3, 3, 3 ], 16 ], [ [ 2, 2, 2, 2, 2, 2, 2, 2 ], 1 ], [ [ 2, 2, 6, 6 ], 16 ], [ [ 2, 2, 6, 6 ], 16 ], [ [ 2, 2, 2, 2, 4, 4 ], 24 ], [ [ 4, 4, 4, 4 ], 12 ], [ [ 2, 2, 6, 6 ], 32 ], [ [ 4, 12 ], 32 ], [ [ 2, 2, 6, 6 ], 32 ], [ [ 4, 12 ], 32 ], [ [ 8, 8 ], 48 ], [ [ 2, 2, 2, 2, 2, 2, 2, 2 ], 8 ], [ [ 4, 4, 4, 4 ], 8 ] ]
728|384|[ 384, 613 ]|[ [ [ 1, 1, 1, 1, 1, 1, 1, 1, 1, 1, 1, 1, 1, 1, 1, 1 ], 1 ], [ [ 1, 1, 1, 1, 1, 1, 1, 1, 2, 2, 2, 2 ], 6 ], [ [ 1, 1, 1, 1, 3, 3, 3, 3 ], 16 ], [ [ 1, 1, 1, 1, 3, 3, 3, 3 ], 16 ], [ [ 1, 1, 1, 1, 1, 1, 1, 1, 2, 2, 2, 2 ], 8 ], [ [ 1, 1, 2, 3, 3, 6 ], 32 ], [ [ 1, 1, 2, 3, 3, 6 ], 32 ], [ [ 2, 2, 2, 2, 2, 2, 2, 2 ], 1 ], [ [ 2, 2, 6, 6 ], 16 ], [ [ 2, 2, 6, 6 ], 16 ], [ [ 2, 2, 2, 2, 2, 2, 2, 2 ], 8 ], [ [ 2, 2, 6, 6 ], 32 ], [ [ 2, 2, 6, 6 ], 32 ], [ [ 4, 4, 4, 4 ], 6 ], [ [ 4, 4, 4, 4 ], 2 ], [ [ 4, 12 ], 32 ], [ [ 4, 12 ], 32 ], [ [ 8, 8 ], 24 ], [ [ 8, 8 ], 24 ], [ [ 8, 8 ], 24 ], [ [ 8, 8 ], 24 ] ]
729|384|[ 384, 609 ]|[ [ [ 1, 1, 1, 1, 1, 1, 1, 1, 1, 1, 1, 1, 1, 1, 1, 1 ], 1 ], [ [ 1, 1, 1, 1, 1, 1, 1, 1, 1, 1, 1, 1, 2, 2 ], 4 ], [ [ 1, 1, 1, 1, 1, 1, 1, 1, 2, 2, 2, 2 ], 6 ], [ [ 1, 1, 1, 1, 3, 3, 3, 3 ], 16 ], [ [ 1, 1, 1, 1, 6, 6 ], 16 ], [ [ 1, 1, 1, 1, 3, 3, 3, 3 ], 16 ], [ [ 1, 1, 1, 1, 6, 6 ], 16 ], [ [ 1, 1, 1, 1, 2, 2, 2, 2, 2, 2 ], 4 ], [ [ 2, 2, 2, 2, 2, 2, 2, 2 ], 1 ], [ [ 2, 2, 2, 2, 2, 2, 2, 2 ], 4 ], [ [ 2, 2, 2, 2, 2, 2, 2, 2 ], 6 ], [ [ 2, 2, 6, 6 ], 16 ], [ [ 2, 2, 6, 6 ], 16 ], [ [ 2, 2, 6, 6 ], 16 ], [ [ 2, 2, 6, 6 ], 16 ], [ [ 2, 2, 2, 2, 2, 2, 2, 2 ], 4 ], [ [ 4, 4, 4, 4 ], 24 ], [ [ 4, 4, 4, 4 ], 24 ], [ [ 2, 2, 3, 3, 3, 3 ], 16 ], [ [ 2, 2, 6, 6 ], 16 ], [ [ 2, 2, 6, 6 ], 16 ], [ [ 2, 2, 6, 6 ], 16 ], [ [ 4, 4, 4, 4 ], 24 ], [ [ 4, 4, 4, 4 ], 24 ], [ [ 2, 2, 6, 6 ], 16 ], [ [ 2, 2, 6, 6 ], 16 ], [ [ 2, 2, 3, 3, 3, 3 ], 16 ], [ [ 2, 2, 6, 6 ], 16 ], [ [ 2, 2, 2, 2, 2, 2, 2, 2 ], 1 ], [ [ 2, 2, 2, 2, 2, 2, 2, 2 ], 1 ] ]
730|384|[ 384, 618 ]|[ [ [ 1, 1, 1, 1, 1, 1, 1, 1, 1, 1, 1, 1, 1, 1, 1, 1 ], 1 ], [ [ 1, 1, 1, 1, 1, 1, 1, 1, 2, 2, 2, 2 ], 2 ], [ [ 1, 1, 1, 1, 1, 1, 1, 1, 4, 4 ], 12 ], [ [ 1, 1, 1, 1, 3, 3, 3, 3 ], 16 ], [ [ 1, 1, 2, 3, 3, 6 ], 32 ], [ [ 1, 1, 1, 1, 3, 3, 3, 3 ], 16 ], [ [ 1, 1, 2, 3, 3, 6 ], 32 ], [ [ 2, 2, 2, 2, 2, 2, 2, 2 ], 1 ], [ [ 2, 2, 2, 2, 4, 4 ], 12 ], [ [ 2, 2, 6, 6 ], 16 ], [ [ 2, 2, 6, 6 ], 16 ], [ [ 4, 4, 4, 4 ], 24 ], [ [ 4, 4, 4, 4 ], 12 ], [ [ 2, 2, 6, 6 ], 32 ], [ [ 4, 12 ], 32 ], [ [ 2, 2, 6, 6 ], 32 ], [ [ 4, 12 ], 32 ], [ [ 2, 2, 2, 2, 2, 2, 2, 2 ], 8 ], [ [ 4, 4, 4, 4 ], 8 ], [ [ 8, 8 ], 48 ] ]
731|384|[ 384, 18235 ]|[ [ [ 1, 1, 1, 1, 1, 1, 1, 1, 1, 1, 1, 1, 1, 1, 1, 1 ], 1 ], [ [ 1, 1, 1, 1, 1, 1, 1, 1, 2, 2, 2, 2 ], 6 ], [ [ 1, 1, 1, 1, 2, 2, 2, 2, 2, 2 ], 12 ], [ [ 1, 1, 1, 1, 2, 2, 2, 2, 2, 2 ], 4 ], [ [ 1, 3, 3, 3, 3, 3 ], 64 ], [ [ 1, 3, 6, 6 ], 64 ], [ [ 1, 3, 3, 3, 3, 3 ], 64 ], [ [ 1, 3, 6, 6 ], 64 ], [ [ 2, 2, 2, 2, 2, 2, 2, 2 ], 3 ], [ [ 2, 2, 2, 2, 2, 2, 2, 2 ], 6 ], [ [ 2, 2, 2, 2, 2, 2, 2, 2 ], 12 ], [ [ 2, 2, 2, 2, 2, 2, 2, 2 ], 12 ], [ [ 4, 4, 4, 4 ], 12 ], [ [ 4, 4, 4, 4 ], 12 ], [ [ 4, 4, 4, 4 ], 12 ], [ [ 4, 4, 4, 4 ], 12 ], [ [ 4, 4, 4, 4 ], 12 ], [ [ 4, 4, 4, 4 ], 12 ] ]
732|384|[ 384, 615 ]|[ [ [ 1, 1, 1, 1, 1, 1, 1, 1, 1, 1, 1, 1, 1, 1, 1, 1 ], 1 ], [ [ 1, 1, 1, 1, 1, 1, 1, 1, 1, 1, 1, 1, 2, 2 ], 4 ], [ [ 1, 1, 1, 1, 1, 1, 1, 1, 2, 2, 2, 2 ], 6 ], [ [ 1, 1, 1, 1, 2, 2, 2, 2, 2, 2 ], 4 ], [ [ 1, 1, 1, 1, 6, 6 ], 16 ], [ [ 1, 1, 1, 1, 3, 3, 3, 3 ], 16 ], [ [ 1, 1, 1, 1, 6, 6 ], 16 ], [ [ 1, 1, 1, 1, 3, 3, 3, 3 ], 16 ], [ [ 2, 2, 2, 2, 2, 2, 2, 2 ], 1 ], [ [ 2, 2, 6, 6 ], 16 ], [ [ 2, 2, 3, 3, 3, 3 ], 16 ], [ [ 2, 2, 6, 6 ], 16 ], [ [ 2, 2, 3, 3, 3, 3 ], 16 ], [ [ 4, 4, 4, 4 ], 1 ], [ [ 4, 4, 4, 4 ], 4 ], [ [ 4, 4, 4, 4 ], 6 ], [ [ 4, 4, 4, 4 ], 4 ], [ [ 4, 12 ], 16 ], [ [ 4, 12 ], 16 ], [ [ 4, 12 ], 16 ], [ [ 4, 12 ], 16 ], [ [ 4, 4, 4, 4 ], 1 ], [ [ 4, 12 ], 16 ], [ [ 4, 12 ], 16 ], [ [ 4, 12 ], 16 ], [ [ 4, 12 ], 16 ], [ [ 8, 8 ], 24 ], [ [ 8, 8 ], 24 ], [ [ 8, 8 ], 24 ], [ [ 8, 8 ], 24 ] ]
733|384|[ 384, 611 ]|[ [ [ 1, 1, 1, 1, 1, 1, 1, 1, 1, 1, 1, 1, 1, 1, 1, 1 ], 1 ], [ [ 1, 1, 1, 1, 1, 1, 1, 1, 2, 2, 2, 2 ], 2 ], [ [ 1, 1, 1, 1, 1, 1, 1, 1, 2, 2, 2, 2 ], 6 ], [ [ 1, 1, 1, 1, 1, 1, 1, 1, 2, 2, 2, 2 ], 6 ], [ [ 1, 1, 1, 1, 3, 3, 3, 3 ], 16 ], [ [ 1, 1, 2, 3, 3, 6 ], 32 ], [ [ 1, 1, 2, 3, 3, 6 ], 32 ], [ [ 1, 1, 1, 1, 3, 3, 3, 3 ], 16 ], [ [ 2, 2, 2, 2, 2, 2, 2, 2 ], 1 ], [ [ 2, 2, 6, 6 ], 16 ], [ [ 2, 2, 6, 6 ], 16 ], [ [ 2, 2, 2, 2, 4, 4 ], 24 ], [ [ 2, 2, 2, 2, 4, 4 ], 24 ], [ [ 2, 2, 2, 2, 4, 4 ], 24 ], [ [ 2, 2, 2, 2, 4, 4 ], 24 ], [ [ 2, 2, 6, 6 ], 32 ], [ [ 4, 12 ], 32 ], [ [ 4, 12 ], 32 ], [ [ 2, 2, 6, 6 ], 32 ], [ [ 2, 2, 2, 2, 2, 2, 2, 2 ], 8 ], [ [ 4, 4, 4, 4 ], 8 ] ]
734|384|[ 384, 617 ]|[ [ [ 1, 1, 1, 1, 1, 1, 1, 1, 1, 1, 1, 1, 1, 1, 1, 1 ], 1 ], [ [ 1, 1, 1, 1, 1, 1, 1, 1, 2, 2, 2, 2 ], 2 ], [ [ 1, 1, 1, 1, 2, 2, 4, 4 ], 24 ], [ [ 1, 1, 1, 1, 3, 3, 3, 3 ], 16 ], [ [ 1, 1, 2, 3, 3, 6 ], 32 ], [ [ 1, 1, 2, 3, 3, 6 ], 32 ], [ [ 1, 1, 1, 1, 3, 3, 3, 3 ], 16 ], [ [ 2, 2, 2, 2, 2, 2, 2, 2 ], 1 ], [ [ 2, 2, 6, 6 ], 16 ], [ [ 2, 2, 6, 6 ], 16 ], [ [ 2, 2, 2, 2, 2, 2, 2, 2 ], 24 ], [ [ 4, 4, 4, 4 ], 12 ], [ [ 2, 2, 6, 6 ], 32 ], [ [ 4, 12 ], 32 ], [ [ 2, 2, 6, 6 ], 32 ], [ [ 4, 12 ], 32 ], [ [ 8, 8 ], 48 ], [ [ 2, 2, 2, 2, 2, 2, 2, 2 ], 8 ], [ [ 4, 4, 4, 4 ], 8 ] ]
735|384|[ 384, 611 ]|[ [ [ 1, 1, 1, 1, 1, 1, 1, 1, 1, 1, 1, 1, 1, 1, 1, 1 ], 1 ], [ [ 1, 1, 1, 1, 1, 1, 1, 1, 2, 2, 2, 2 ], 2 ], [ [ 1, 1, 1, 1, 2, 2, 4, 4 ], 24 ], [ [ 1, 1, 2, 3, 3, 6 ], 32 ], [ [ 1, 1, 1, 1, 3, 3, 3, 3 ], 16 ], [ [ 1, 1, 2, 3, 3, 6 ], 32 ], [ [ 1, 1, 1, 1, 3, 3, 3, 3 ], 16 ], [ [ 2, 2, 2, 2, 2, 2, 2, 2 ], 1 ], [ [ 2, 2, 6, 6 ], 16 ], [ [ 2, 2, 6, 6 ], 16 ], [ [ 2, 2, 2, 2, 4, 4 ], 24 ], [ [ 2, 2, 2, 2, 2, 2, 2, 2 ], 6 ], [ [ 2, 2, 2, 2, 2, 2, 2, 2 ], 6 ], [ [ 2, 2, 6, 6 ], 32 ], [ [ 4, 12 ], 32 ], [ [ 4, 12 ], 32 ], [ [ 2, 2, 6, 6 ], 32 ], [ [ 4, 4, 4, 4 ], 24 ], [ [ 4, 4, 4, 4 ], 24 ], [ [ 2, 2, 2, 2, 2, 2, 2, 2 ], 8 ], [ [ 4, 4, 4, 4 ], 8 ] ]
736|384|[ 384, 5602 ]|[ [ [ 1, 1, 1, 1, 1, 1, 1, 1, 1, 1, 1, 1, 1, 1, 1, 1 ], 1 ], [ [ 1, 1, 1, 1, 1, 1, 1, 1, 2, 2, 2, 2 ], 12 ], [ [ 1, 1, 1, 1, 1, 1, 1, 1, 2, 2, 2, 2 ], 6 ], [ [ 1, 1, 1, 1, 3, 3, 3, 3 ], 32 ], [ [ 1, 1, 1, 1, 2, 2, 4, 4 ], 24 ], [ [ 2, 2, 2, 2, 2, 2, 2, 2 ], 4 ], [ [ 2, 2, 2, 2, 4, 4 ], 12 ], [ [ 2, 2, 2, 2, 2, 2, 2, 2 ], 24 ], [ [ 2, 2, 6, 6 ], 32 ], [ [ 2, 2, 2, 2, 2, 2, 2, 2 ], 4 ], [ [ 2, 2, 2, 2, 2, 2, 2, 2 ], 12 ], [ [ 2, 2, 2, 2, 2, 2, 2, 2 ], 12 ], [ [ 4, 4, 4, 4 ], 48 ], [ [ 2, 2, 6, 6 ], 32 ], [ [ 4, 4, 4, 4 ], 12 ], [ [ 2, 2, 2, 2, 4, 4 ], 24 ], [ [ 2, 2, 6, 6 ], 32 ], [ [ 8, 8 ], 48 ], [ [ 2, 2, 2, 2, 4, 4 ], 12 ], [ [ 2, 2, 2, 2, 2, 2, 2, 2 ], 1 ] ]
737|384|[ 384, 5601 ]|[ [ [ 1, 1, 1, 1, 1, 1, 1, 1, 1, 1, 1, 1, 1, 1, 1, 1 ], 1 ], [ [ 1, 1, 1, 1, 1, 1, 1, 1, 1, 1, 1, 1, 2, 2 ], 4 ], [ [ 1, 1, 1, 1, 1, 1, 1, 1, 2, 2, 2, 2 ], 6 ], [ [ 1, 1, 1, 1, 2, 2, 2, 2, 2, 2 ], 4 ], [ [ 1, 1, 1, 1, 6, 6 ], 32 ], [ [ 1, 1, 1, 1, 3, 3, 3, 3 ], 32 ], [ [ 2, 2, 2, 2, 2, 2, 2, 2 ], 1 ], [ [ 2, 2, 6, 6 ], 32 ], [ [ 2, 2, 3, 3, 3, 3 ], 32 ], [ [ 2, 2, 2, 2, 4, 4 ], 24 ], [ [ 4, 4, 4, 4 ], 24 ], [ [ 2, 2, 2, 2, 4, 4 ], 12 ], [ [ 4, 4, 4, 4 ], 12 ], [ [ 2, 2, 2, 2, 4, 4 ], 12 ], [ [ 4, 4, 4, 4 ], 12 ], [ [ 2, 2, 2, 2, 2, 2, 2, 2 ], 12 ], [ [ 2, 2, 2, 2, 4, 4 ], 24 ], [ [ 4, 4, 4, 4 ], 12 ], [ [ 4, 4, 4, 4 ], 48 ], [ [ 8, 8 ], 48 ] ]
738|384|[ 384, 20092 ]|[ [ [ 1, 1, 1, 1, 1, 1, 1, 1, 1, 1, 1, 1, 1, 1, 1, 1 ], 1 ], [ [ 1, 1, 1, 1, 1, 1, 1, 1, 2, 2, 2, 2 ], 2 ], [ [ 1, 1, 1, 1, 1, 1, 1, 1, 2, 2, 2, 2 ], 6 ], [ [ 1, 1, 1, 1, 1, 1, 1, 1, 2, 2, 2, 2 ], 6 ], [ [ 1, 1, 2, 3, 3, 6 ], 32 ], [ [ 1, 1, 1, 1, 3, 3, 3, 3 ], 32 ], [ [ 1, 1, 2, 3, 3, 6 ], 32 ], [ [ 2, 2, 2, 2, 2, 2, 2, 2 ], 1 ], [ [ 2, 2, 6, 6 ], 32 ], [ [ 2, 2, 2, 2, 2, 2, 2, 2 ], 12 ], [ [ 2, 2, 2, 2, 2, 2, 2, 2 ], 12 ], [ [ 4, 4, 4, 4 ], 6 ], [ [ 4, 4, 4, 4 ], 6 ], [ [ 4, 4, 4, 4 ], 6 ], [ [ 4, 4, 4, 4 ], 6 ], [ [ 8, 8 ], 24 ], [ [ 8, 8 ], 24 ], [ [ 8, 8 ], 24 ], [ [ 8, 8 ], 24 ], [ [ 2, 2, 2, 2, 2, 2, 2, 2 ], 24 ], [ [ 4, 4, 4, 4 ], 24 ], [ [ 2, 2, 2, 2, 4, 4 ], 24 ], [ [ 2, 2, 2, 2, 4, 4 ], 24 ] ]
739|384|[ 384, 20096 ]|[ [ [ 1, 1, 1, 1, 1, 1, 1, 1, 1, 1, 1, 1, 1, 1, 1, 1 ], 1 ], [ [ 1, 1, 1, 1, 1, 1, 1, 1, 2, 2, 2, 2 ], 6 ], [ [ 1, 1, 1, 1, 1, 1, 1, 1, 4, 4 ], 12 ], [ [ 1, 1, 1, 1, 2, 2, 2, 2, 2, 2 ], 24 ], [ [ 1, 1, 1, 1, 3, 3, 3, 3 ], 32 ], [ [ 2, 2, 2, 2, 2, 2, 2, 2 ], 1 ], [ [ 2, 2, 2, 2, 4, 4 ], 12 ], [ [ 2, 2, 6, 6 ], 32 ], [ [ 4, 4, 4, 4 ], 6 ], [ [ 4, 4, 4, 4 ], 1 ], [ [ 2, 2, 2, 2, 4, 4 ], 12 ], [ [ 4, 4, 4, 4 ], 24 ], [ [ 4, 12 ], 32 ], [ [ 4, 4, 4, 4 ], 1 ], [ [ 2, 2, 2, 2, 4, 4 ], 12 ], [ [ 4, 12 ], 32 ], [ [ 2, 2, 2, 2, 2, 2, 2, 2 ], 12 ], [ [ 4, 4, 4, 4 ], 6 ], [ [ 4, 4, 4, 4 ], 6 ], [ [ 8, 8 ], 24 ], [ [ 8, 8 ], 24 ], [ [ 4, 4, 4, 4 ], 12 ], [ [ 2, 2, 2, 2, 2, 2, 2, 2 ], 6 ], [ [ 2, 2, 2, 2, 2, 2, 2, 2 ], 6 ], [ [ 8, 8 ], 24 ], [ [ 8, 8 ], 24 ] ]
740|384|[ 384, 5607 ]|[ [ [ 1, 1, 1, 1, 1, 1, 1, 1, 1, 1, 1, 1, 1, 1, 1, 1 ], 1 ], [ [ 1, 1, 1, 1, 1, 1, 1, 1, 2, 2, 2, 2 ], 6 ], [ [ 1, 1, 1, 1, 1, 1, 1, 1, 4, 4 ], 12 ], [ [ 1, 1, 1, 1, 2, 2, 2, 2, 2, 2 ], 24 ], [ [ 1, 1, 1, 1, 3, 3, 3, 3 ], 32 ], [ [ 2, 2, 2, 2, 2, 2, 2, 2 ], 1 ], [ [ 2, 2, 2, 2, 4, 4 ], 12 ], [ [ 2, 2, 6, 6 ], 32 ], [ [ 4, 4, 4, 4 ], 4 ], [ [ 4, 4, 4, 4 ], 12 ], [ [ 4, 4, 4, 4 ], 4 ], [ [ 2, 2, 2, 2, 4, 4 ], 24 ], [ [ 4, 12 ], 32 ], [ [ 4, 4, 4, 4 ], 12 ], [ [ 4, 12 ], 32 ], [ [ 2, 2, 2, 2, 2, 2, 2, 2 ], 12 ], [ [ 4, 4, 4, 4 ], 12 ], [ [ 8, 8 ], 48 ], [ [ 2, 2, 2, 2, 4, 4 ], 24 ], [ [ 4, 4, 4, 4 ], 48 ] ]
741|384|[ 384, 20090 ]|[ [ [ 1, 1, 1, 1, 1, 1, 1, 1, 1, 1, 1, 1, 1, 1, 1, 1 ], 1 ], [ [ 1, 1, 1, 1, 1, 1, 1, 1, 4, 4 ], 12 ], [ [ 1, 1, 1, 1, 1, 1, 1, 1, 2, 2, 2, 2 ], 6 ], [ [ 1, 1, 1, 1, 2, 2, 2, 2, 2, 2 ], 24 ], [ [ 1, 1, 1, 1, 3, 3, 3, 3 ], 32 ], [ [ 2, 2, 2, 2, 2, 2, 2, 2 ], 1 ], [ [ 2, 2, 2, 2, 4, 4 ], 12 ], [ [ 2, 2, 2, 2, 2, 2, 2, 2 ], 6 ], [ [ 2, 2, 2, 2, 2, 2, 2, 2 ], 24 ], [ [ 2, 2, 6, 6 ], 32 ], [ [ 2, 2, 2, 2, 2, 2, 2, 2 ], 12 ], [ [ 8, 8 ], 24 ], [ [ 2, 2, 6, 6 ], 32 ], [ [ 8, 8 ], 24 ], [ [ 4, 4, 4, 4 ], 6 ], [ [ 2, 2, 2, 2, 4, 4 ], 12 ], [ [ 4, 4, 4, 4 ], 6 ], [ [ 2, 2, 2, 2, 2, 2, 2, 2 ], 12 ], [ [ 8, 8 ], 24 ], [ [ 2, 2, 6, 6 ], 32 ], [ [ 8, 8 ], 24 ], [ [ 4, 4, 4, 4 ], 6 ], [ [ 2, 2, 2, 2, 4, 4 ], 12 ], [ [ 4, 4, 4, 4 ], 6 ], [ [ 2, 2, 2, 2, 2, 2, 2, 2 ], 1 ], [ [ 2, 2, 2, 2, 2, 2, 2, 2 ], 1 ] ]
742|384|[ 384, 5567 ]|[ [ [ 1, 1, 1, 1, 1, 1, 1, 1, 1, 1, 1, 1, 1, 1, 1, 1 ], 1 ], [ [ 1, 1, 1, 1, 1, 1, 1, 1, 2, 2, 2, 2 ], 6 ], [ [ 1, 1, 1, 1, 2, 2, 2, 2, 2, 2 ], 24 ], [ [ 1, 1, 1, 1, 2, 2, 4, 4 ], 24 ], [ [ 1, 1, 1, 1, 3, 3, 3, 3 ], 32 ], [ [ 2, 2, 2, 2, 2, 2, 2, 2 ], 1 ], [ [ 2, 2, 2, 2, 2, 2, 2, 2 ], 6 ], [ [ 2, 2, 2, 2, 4, 4 ], 24 ], [ [ 2, 2, 6, 6 ], 32 ], [ [ 2, 2, 2, 2, 2, 2, 2, 2 ], 6 ], [ [ 2, 2, 2, 2, 2, 2, 2, 2 ], 3 ], [ [ 4, 4, 4, 4 ], 24 ], [ [ 2, 2, 2, 2, 2, 2, 2, 2 ], 6 ], [ [ 2, 2, 2, 2, 2, 2, 2, 2 ], 3 ], [ [ 2, 2, 2, 2, 2, 2, 2, 2 ], 24 ], [ [ 4, 4, 4, 4 ], 24 ], [ [ 4, 4, 4, 4 ], 24 ], [ [ 4, 4, 4, 4 ], 24 ], [ [ 4, 12 ], 32 ], [ [ 4, 12 ], 32 ], [ [ 4, 4, 4, 4 ], 8 ], [ [ 4, 4, 4, 4 ], 24 ] ]
743|384|[ 384, 5602 ]|[ [ [ 1, 1, 1, 1, 1, 1, 1, 1, 1, 1, 1, 1, 1, 1, 1, 1 ], 1 ], [ [ 1, 1, 1, 1, 1, 1, 1, 1, 4, 4 ], 12 ], [ [ 1, 1, 1, 1, 1, 1, 1, 1, 2, 2, 2, 2 ], 6 ], [ [ 1, 1, 1, 1, 2, 2, 2, 2, 2, 2 ], 24 ], [ [ 1, 1, 1, 1, 3, 3, 3, 3 ], 32 ], [ [ 2, 2, 2, 2, 2, 2, 2, 2 ], 4 ], [ [ 2, 2, 2, 2, 2, 2, 2, 2 ], 12 ], [ [ 2, 2, 6, 6 ], 32 ], [ [ 2, 2, 2, 2, 4, 4 ], 24 ], [ [ 2, 2, 2, 2, 2, 2, 2, 2 ], 4 ], [ [ 2, 2, 2, 2, 4, 4 ], 24 ], [ [ 2, 2, 2, 2, 2, 2, 2, 2 ], 12 ], [ [ 2, 2, 6, 6 ], 32 ], [ [ 4, 4, 4, 4 ], 48 ], [ [ 2, 2, 2, 2, 2, 2, 2, 2 ], 12 ], [ [ 8, 8 ], 48 ], [ [ 2, 2, 6, 6 ], 32 ], [ [ 4, 4, 4, 4 ], 12 ], [ [ 2, 2, 2, 2, 4, 4 ], 12 ], [ [ 2, 2, 2, 2, 2, 2, 2, 2 ], 1 ] ]
744|384|[ 384, 5657 ]|[ [ [ 1, 1, 1, 1, 1, 1, 1, 1, 1, 1, 1, 1, 1, 1, 1, 1 ], 1 ], [ [ 1, 1, 1, 1, 1, 1, 1, 1, 2, 2, 2, 2 ], 6 ], [ [ 1, 1, 1, 1, 2, 2, 2, 2, 2, 2 ], 24 ], [ [ 1, 1, 1, 1, 2, 2, 4, 4 ], 24 ], [ [ 1, 1, 1, 1, 3, 3, 3, 3 ], 32 ], [ [ 2, 2, 2, 2, 2, 2, 2, 2 ], 1 ], [ [ 2, 2, 2, 2, 2, 2, 2, 2 ], 6 ], [ [ 2, 2, 2, 2, 4, 4 ], 24 ], [ [ 2, 2, 6, 6 ], 32 ], [ [ 2, 2, 2, 2, 2, 2, 2, 2 ], 6 ], [ [ 2, 2, 2, 2, 2, 2, 2, 2 ], 3 ], [ [ 4, 4, 4, 4 ], 24 ], [ [ 2, 2, 2, 2, 2, 2, 2, 2 ], 6 ], [ [ 2, 2, 2, 2, 2, 2, 2, 2 ], 3 ], [ [ 4, 4, 4, 4 ], 24 ], [ [ 4, 4, 4, 4 ], 24 ], [ [ 4, 4, 4, 4 ], 24 ], [ [ 4, 4, 4, 4 ], 24 ], [ [ 2, 2, 6, 6 ], 32 ], [ [ 2, 2, 6, 6 ], 32 ], [ [ 2, 2, 2, 2, 2, 2, 2, 2 ], 8 ], [ [ 4, 4, 4, 4 ], 24 ] ]
745|384|[ 384, 5678 ]|[ [ [ 1, 1, 1, 1, 1, 1, 1, 1, 1, 1, 1, 1, 1, 1, 1, 1 ], 1 ], [ [ 1, 1, 1, 1, 2, 2, 2, 2, 2, 2 ], 8 ], [ [ 1, 1, 1, 1, 2, 2, 2, 2, 2, 2 ], 4 ], [ [ 1, 1, 2, 4, 4, 4 ], 48 ], [ [ 1, 1, 1, 1, 2, 2, 2, 2, 2, 2 ], 24 ], [ [ 1, 3, 6, 6 ], 32 ], [ [ 1, 3, 6, 6 ], 32 ], [ [ 1, 3, 3, 3, 3, 3 ], 32 ], [ [ 1, 3, 6, 6 ], 32 ], [ [ 2, 2, 2, 2, 2, 2, 2, 2 ], 3 ], [ [ 4, 4, 4, 4 ], 24 ], [ [ 2, 2, 2, 2, 2, 2, 2, 2 ], 12 ], [ [ 4, 4, 4, 4 ], 24 ], [ [ 4, 4, 4, 4 ], 12 ], [ [ 4, 4, 4, 4 ], 48 ], [ [ 8, 8 ], 48 ] ]
746|384|[ 384, 5677 ]|[ [ [ 1, 1, 1, 1, 1, 1, 1, 1, 1, 1, 1, 1, 1, 1, 1, 1 ], 1 ], [ [ 1, 1, 1, 1, 2, 2, 2, 2, 2, 2 ], 8 ], [ [ 1, 1, 1, 1, 2, 2, 2, 2, 2, 2 ], 4 ], [ [ 1, 1, 1, 1, 2, 2, 2, 2, 2, 2 ], 24 ], [ [ 1, 1, 2, 4, 4, 4 ], 48 ], [ [ 1, 3, 6, 6 ], 32 ], [ [ 1, 3, 6, 6 ], 32 ], [ [ 1, 3, 6, 6 ], 32 ], [ [ 1, 3, 3, 3, 3, 3 ], 32 ], [ [ 2, 2, 2, 2, 2, 2, 2, 2 ], 3 ], [ [ 4, 4, 4, 4 ], 24 ], [ [ 2, 2, 2, 2, 2, 2, 2, 2 ], 12 ], [ [ 4, 4, 4, 4 ], 24 ], [ [ 4, 4, 4, 4 ], 12 ], [ [ 8, 8 ], 48 ], [ [ 4, 4, 4, 4 ], 48 ] ]
747|384|[ 384, 20089 ]|[ [ [ 1, 1, 1, 1, 1, 1, 1, 1, 1, 1, 1, 1, 1, 1, 1, 1 ], 1 ], [ [ 1, 1, 1, 1, 1, 1, 1, 1, 2, 2, 2, 2 ], 6 ], [ [ 1, 1, 1, 1, 1, 1, 1, 1, 2, 2, 2, 2 ], 12 ], [ [ 1, 1, 1, 1, 2, 2, 4, 4 ], 24 ], [ [ 1, 1, 1, 1, 3, 3, 3, 3 ], 32 ], [ [ 2, 2, 2, 2, 2, 2, 2, 2 ], 1 ], [ [ 2, 2, 2, 2, 2, 2, 2, 2 ], 6 ], [ [ 2, 2, 2, 2, 2, 2, 2, 2 ], 12 ], [ [ 2, 2, 2, 2, 4, 4 ], 24 ], [ [ 2, 2, 6, 6 ], 32 ], [ [ 2, 2, 2, 2, 2, 2, 2, 2 ], 12 ], [ [ 2, 2, 2, 2, 2, 2, 2, 2 ], 6 ], [ [ 2, 2, 2, 2, 2, 2, 2, 2 ], 6 ], [ [ 2, 2, 6, 6 ], 32 ], [ [ 4, 4, 4, 4 ], 24 ], [ [ 4, 4, 4, 4 ], 24 ], [ [ 4, 4, 4, 4 ], 12 ], [ [ 2, 2, 2, 2, 2, 2, 2, 2 ], 12 ], [ [ 2, 2, 2, 2, 2, 2, 2, 2 ], 6 ], [ [ 2, 2, 2, 2, 2, 2, 2, 2 ], 6 ], [ [ 2, 2, 6, 6 ], 32 ], [ [ 4, 4, 4, 4 ], 24 ], [ [ 4, 4, 4, 4 ], 24 ], [ [ 4, 4, 4, 4 ], 12 ], [ [ 2, 2, 2, 2, 2, 2, 2, 2 ], 1 ], [ [ 2, 2, 2, 2, 2, 2, 2, 2 ], 1 ] ]
748|384|[ 384, 5602 ]|[ [ [ 1, 1, 1, 1, 1, 1, 1, 1, 1, 1, 1, 1, 1, 1, 1, 1 ], 1 ], [ [ 1, 1, 1, 1, 2, 2, 2, 2, 2, 2 ], 12 ], [ [ 1, 1, 1, 1, 1, 1, 1, 1, 2, 2, 2, 2 ], 12 ], [ [ 1, 1, 2, 4, 4, 4 ], 48 ], [ [ 1, 1, 1, 1, 3, 3, 3, 3 ], 32 ], [ [ 2, 2, 2, 2, 2, 2, 2, 2 ], 1 ], [ [ 2, 2, 2, 2, 2, 2, 2, 2 ], 12 ], [ [ 2, 2, 6, 6 ], 32 ], [ [ 2, 2, 2, 2, 2, 2, 2, 2 ], 6 ], [ [ 4, 4, 4, 4 ], 12 ], [ [ 4, 4, 4, 4 ], 24 ], [ [ 4, 4, 4, 4 ], 12 ], [ [ 8, 8 ], 48 ], [ [ 2, 2, 6, 6 ], 32 ], [ [ 2, 2, 2, 2, 2, 2, 2, 2 ], 24 ], [ [ 2, 2, 6, 6 ], 32 ], [ [ 4, 4, 4, 4 ], 24 ], [ [ 2, 2, 2, 2, 2, 2, 2, 2 ], 4 ], [ [ 4, 4, 4, 4 ], 12 ], [ [ 2, 2, 2, 2, 2, 2, 2, 2 ], 4 ] ]
749|384|[ 384, 5606 ]|[ [ [ 1, 1, 1, 1, 1, 1, 1, 1, 1, 1, 1, 1, 1, 1, 1, 1 ], 1 ], [ [ 1, 1, 1, 1, 1, 1, 1, 1, 2, 2, 2, 2 ], 6 ], [ [ 1, 1, 1, 1, 1, 1, 1, 1, 2, 2, 2, 2 ], 12 ], [ [ 1, 1, 1, 1, 2, 2, 4, 4 ], 24 ], [ [ 1, 1, 1, 1, 3, 3, 3, 3 ], 32 ], [ [ 2, 2, 2, 2, 2, 2, 2, 2 ], 1 ], [ [ 2, 2, 2, 2, 2, 2, 2, 2 ], 12 ], [ [ 2, 2, 6, 6 ], 32 ], [ [ 4, 4, 4, 4 ], 4 ], [ [ 2, 2, 2, 2, 4, 4 ], 12 ], [ [ 4, 4, 4, 4 ], 4 ], [ [ 4, 4, 4, 4 ], 24 ], [ [ 4, 12 ], 32 ], [ [ 2, 2, 2, 2, 4, 4 ], 12 ], [ [ 4, 12 ], 32 ], [ [ 2, 2, 2, 2, 2, 2, 2, 2 ], 12 ], [ [ 4, 4, 4, 4 ], 12 ], [ [ 4, 4, 4, 4 ], 48 ], [ [ 2, 2, 2, 2, 4, 4 ], 24 ], [ [ 8, 8 ], 48 ] ]
750|384|[ 384, 20092 ]|[ [ [ 1, 1, 1, 1, 1, 1, 1, 1, 1, 1, 1, 1, 1, 1, 1, 1 ], 1 ], [ [ 1, 1, 1, 1, 1, 1, 1, 1, 2, 2, 2, 2 ], 2 ], [ [ 1, 1, 1, 1, 2, 2, 2, 2, 2, 2 ], 12 ], [ [ 1, 1, 1, 1, 2, 2, 2, 2, 2, 2 ], 12 ], [ [ 1, 1, 2, 3, 3, 6 ], 32 ], [ [ 1, 1, 1, 1, 3, 3, 3, 3 ], 32 ], [ [ 1, 1, 2, 3, 3, 6 ], 32 ], [ [ 2, 2, 2, 2, 2, 2, 2, 2 ], 1 ], [ [ 2, 2, 6, 6 ], 32 ], [ [ 2, 2, 2, 2, 2, 2, 2, 2 ], 6 ], [ [ 2, 2, 2, 2, 2, 2, 2, 2 ], 6 ], [ [ 4, 4, 4, 4 ], 6 ], [ [ 4, 4, 4, 4 ], 6 ], [ [ 4, 4, 4, 4 ], 6 ], [ [ 4, 4, 4, 4 ], 6 ], [ [ 2, 2, 2, 2, 2, 2, 2, 2 ], 24 ], [ [ 4, 4, 4, 4 ], 24 ], [ [ 8, 8 ], 24 ], [ [ 8, 8 ], 24 ], [ [ 8, 8 ], 24 ], [ [ 8, 8 ], 24 ], [ [ 4, 4, 4, 4 ], 24 ], [ [ 4, 4, 4, 4 ], 24 ] ]
751|384|[ 384, 20091 ]|[ [ [ 1, 1, 1, 1, 1, 1, 1, 1, 1, 1, 1, 1, 1, 1, 1, 1 ], 1 ], [ [ 1, 1, 1, 1, 1, 1, 1, 1, 2, 2, 2, 2 ], 2 ], [ [ 1, 1, 1, 1, 1, 1, 1, 1, 2, 2, 2, 2 ], 6 ], [ [ 1, 1, 1, 1, 1, 1, 1, 1, 2, 2, 2, 2 ], 6 ], [ [ 1, 1, 2, 3, 3, 6 ], 32 ], [ [ 1, 1, 1, 1, 3, 3, 3, 3 ], 32 ], [ [ 1, 1, 2, 3, 3, 6 ], 32 ], [ [ 2, 2, 2, 2, 2, 2, 2, 2 ], 1 ], [ [ 2, 2, 6, 6 ], 32 ], [ [ 2, 2, 2, 2, 2, 2, 2, 2 ], 6 ], [ [ 2, 2, 2, 2, 2, 2, 2, 2 ], 6 ], [ [ 2, 2, 2, 2, 2, 2, 2, 2 ], 6 ], [ [ 2, 2, 2, 2, 2, 2, 2, 2 ], 6 ], [ [ 4, 4, 4, 4 ], 12 ], [ [ 4, 4, 4, 4 ], 12 ], [ [ 4, 4, 4, 4 ], 24 ], [ [ 4, 4, 4, 4 ], 24 ], [ [ 4, 4, 4, 4 ], 24 ], [ [ 4, 4, 4, 4 ], 24 ], [ [ 2, 2, 2, 2, 2, 2, 2, 2 ], 24 ], [ [ 4, 4, 4, 4 ], 24 ], [ [ 2, 2, 2, 2, 4, 4 ], 24 ], [ [ 2, 2, 2, 2, 4, 4 ], 24 ] ]
752|384|[ 384, 5602 ]|[ [ [ 1, 1, 1, 1, 1, 1, 1, 1, 1, 1, 1, 1, 1, 1, 1, 1 ], 1 ], [ [ 1, 1, 1, 1, 1, 1, 1, 1, 1, 1, 1, 1, 2, 2 ], 4 ], [ [ 1, 1, 1, 1, 1, 1, 1, 1, 2, 2, 2, 2 ], 6 ], [ [ 1, 1, 1, 1, 3, 3, 3, 3 ], 32 ], [ [ 1, 1, 1, 1, 6, 6 ], 32 ], [ [ 1, 1, 1, 1, 2, 2, 2, 2, 2, 2 ], 4 ], [ [ 2, 2, 2, 2, 2, 2, 2, 2 ], 12 ], [ [ 2, 2, 2, 2, 4, 4 ], 12 ], [ [ 2, 2, 2, 2, 2, 2, 2, 2 ], 24 ], [ [ 2, 2, 2, 2, 4, 4 ], 24 ], [ [ 2, 2, 2, 2, 2, 2, 2, 2 ], 12 ], [ [ 4, 4, 4, 4 ], 48 ], [ [ 8, 8 ], 48 ], [ [ 2, 2, 2, 2, 4, 4 ], 12 ], [ [ 2, 2, 2, 2, 2, 2, 2, 2 ], 12 ], [ [ 2, 2, 2, 2, 4, 4 ], 24 ], [ [ 2, 2, 3, 3, 3, 3 ], 32 ], [ [ 2, 2, 6, 6 ], 32 ], [ [ 4, 4, 4, 4 ], 12 ], [ [ 2, 2, 2, 2, 2, 2, 2, 2 ], 1 ] ]
753|384|[ 384, 5608 ]|[ [ [ 1, 1, 1, 1, 1, 1, 1, 1, 1, 1, 1, 1, 1, 1, 1, 1 ], 1 ], [ [ 1, 1, 1, 1, 1, 1, 1, 1, 2, 2, 2, 2 ], 6 ], [ [ 1, 1, 1, 1, 3, 3, 3, 3 ], 32 ], [ [ 1, 1, 1, 1, 2, 2, 2, 2, 2, 2 ], 24 ], [ [ 1, 1, 1, 1, 2, 2, 4, 4 ], 24 ], [ [ 2, 2, 2, 2, 2, 2, 2, 2 ], 1 ], [ [ 2, 2, 6, 6 ], 32 ], [ [ 2, 2, 2, 2, 4, 4 ], 24 ], [ [ 2, 2, 2, 2, 2, 2, 2, 2 ], 24 ], [ [ 4, 4, 4, 4 ], 8 ], [ [ 4, 12 ], 32 ], [ [ 4, 12 ], 32 ], [ [ 2, 2, 2, 2, 2, 2, 2, 2 ], 12 ], [ [ 4, 4, 4, 4 ], 12 ], [ [ 4, 4, 4, 4 ], 48 ], [ [ 8, 8 ], 48 ], [ [ 2, 2, 2, 2, 4, 4 ], 24 ] ]
754|384|[ 384, 20092 ]|[ [ [ 1, 1, 1, 1, 1, 1, 1, 1, 1, 1, 1, 1, 1, 1, 1, 1 ], 1 ], [ [ 1, 1, 1, 1, 1, 1, 1, 1, 2, 2, 2, 2 ], 6 ], [ [ 1, 1, 1, 1, 3, 3, 3, 3 ], 32 ], [ [ 1, 1, 1, 1, 2, 2, 4, 4 ], 24 ], [ [ 1, 1, 1, 1, 2, 2, 2, 2, 2, 2 ], 24 ], [ [ 2, 2, 2, 2, 2, 2, 2, 2 ], 1 ], [ [ 2, 2, 6, 6 ], 32 ], [ [ 2, 2, 2, 2, 2, 2, 2, 2 ], 6 ], [ [ 2, 2, 2, 2, 2, 2, 2, 2 ], 2 ], [ [ 2, 2, 6, 6 ], 32 ], [ [ 2, 2, 6, 6 ], 32 ], [ [ 2, 2, 2, 2, 4, 4 ], 24 ], [ [ 4, 4, 4, 4 ], 24 ], [ [ 2, 2, 2, 2, 2, 2, 2, 2 ], 12 ], [ [ 4, 4, 4, 4 ], 6 ], [ [ 4, 4, 4, 4 ], 6 ], [ [ 8, 8 ], 24 ], [ [ 8, 8 ], 24 ], [ [ 2, 2, 2, 2, 2, 2, 2, 2 ], 12 ], [ [ 4, 4, 4, 4 ], 6 ], [ [ 4, 4, 4, 4 ], 6 ], [ [ 8, 8 ], 24 ], [ [ 8, 8 ], 24 ] ]
755|384|[ 384, 5603 ]|[ [ [ 1, 1, 1, 1, 1, 1, 1, 1, 1, 1, 1, 1, 1, 1, 1, 1 ], 1 ], [ [ 1, 1, 1, 1, 1, 1, 1, 1, 2, 2, 2, 2 ], 6 ], [ [ 1, 1, 1, 1, 1, 1, 1, 1, 2, 2, 2, 2 ], 8 ], [ [ 1, 1, 1, 1, 3, 3, 3, 3 ], 32 ], [ [ 1, 1, 2, 3, 3, 6 ], 32 ], [ [ 1, 1, 2, 3, 3, 6 ], 32 ], [ [ 2, 2, 2, 2, 2, 2, 2, 2 ], 1 ], [ [ 2, 2, 6, 6 ], 32 ], [ [ 2, 2, 2, 2, 4, 4 ], 24 ], [ [ 2, 2, 2, 2, 2, 2, 2, 2 ], 12 ], [ [ 4, 4, 4, 4 ], 12 ], [ [ 2, 2, 2, 2, 4, 4 ], 24 ], [ [ 2, 2, 2, 2, 4, 4 ], 24 ], [ [ 2, 2, 2, 2, 2, 2, 2, 2 ], 24 ], [ [ 4, 4, 4, 4 ], 24 ], [ [ 8, 8 ], 48 ], [ [ 4, 4, 4, 4 ], 48 ] ]
756|384|[ 384, 20098 ]|[ [ [ 1, 1, 1, 1, 1, 1, 1, 1, 1, 1, 1, 1, 1, 1, 1, 1 ], 1 ], [ [ 1, 1, 1, 1, 1, 1, 1, 1, 2, 2, 2, 2 ], 6 ], [ [ 1, 1, 1, 1, 3, 3, 3, 3 ], 32 ], [ [ 1, 1, 1, 1, 2, 2, 4, 4 ], 24 ], [ [ 1, 1, 1, 1, 2, 2, 2, 2, 2, 2 ], 24 ], [ [ 2, 2, 2, 2, 2, 2, 2, 2 ], 1 ], [ [ 2, 2, 6, 6 ], 32 ], [ [ 2, 2, 2, 2, 4, 4 ], 24 ], [ [ 2, 2, 2, 2, 2, 2, 2, 2 ], 24 ], [ [ 4, 4, 4, 4 ], 6 ], [ [ 4, 4, 4, 4 ], 2 ], [ [ 4, 12 ], 32 ], [ [ 4, 12 ], 32 ], [ [ 2, 2, 2, 2, 2, 2, 2, 2 ], 12 ], [ [ 4, 4, 4, 4 ], 6 ], [ [ 4, 4, 4, 4 ], 6 ], [ [ 8, 8 ], 24 ], [ [ 8, 8 ], 24 ], [ [ 8, 8 ], 24 ], [ [ 8, 8 ], 24 ], [ [ 4, 4, 4, 4 ], 12 ], [ [ 2, 2, 2, 2, 2, 2, 2, 2 ], 6 ], [ [ 2, 2, 2, 2, 2, 2, 2, 2 ], 6 ] ]
757|384|[ 384, 5604 ]|[ [ [ 1, 1, 1, 1, 1, 1, 1, 1, 1, 1, 1, 1, 1, 1, 1, 1 ], 1 ], [ [ 1, 1, 1, 1, 1, 1, 1, 1, 2, 2, 2, 2 ], 6 ], [ [ 1, 1, 1, 1, 3, 3, 3, 3 ], 32 ], [ [ 1, 1, 1, 1, 2, 2, 4, 4 ], 24 ], [ [ 1, 1, 1, 1, 2, 2, 2, 2, 2, 2 ], 24 ], [ [ 2, 2, 2, 2, 2, 2, 2, 2 ], 1 ], [ [ 2, 2, 6, 6 ], 32 ], [ [ 2, 2, 2, 2, 2, 2, 2, 2 ], 8 ], [ [ 2, 2, 6, 6 ], 32 ], [ [ 2, 2, 6, 6 ], 32 ], [ [ 4, 4, 4, 4 ], 24 ], [ [ 2, 2, 2, 2, 4, 4 ], 24 ], [ [ 2, 2, 2, 2, 2, 2, 2, 2 ], 12 ], [ [ 4, 4, 4, 4 ], 12 ], [ [ 8, 8 ], 48 ], [ [ 2, 2, 2, 2, 4, 4 ], 24 ], [ [ 4, 4, 4, 4 ], 48 ] ]
758|384|[ 384, 5603 ]|[ [ [ 1, 1, 1, 1, 1, 1, 1, 1, 1, 1, 1, 1, 1, 1, 1, 1 ], 1 ], [ [ 1, 1, 1, 1, 2, 2, 2, 2, 2, 2 ], 12 ], [ [ 1, 1, 1, 1, 2, 2, 2, 2, 2, 2 ], 24 ], [ [ 1, 1, 2, 4, 4, 4 ], 48 ], [ [ 1, 1, 1, 1, 3, 3, 3, 3 ], 32 ], [ [ 2, 2, 2, 2, 2, 2, 2, 2 ], 1 ], [ [ 2, 2, 6, 6 ], 32 ], [ [ 2, 2, 2, 2, 2, 2, 2, 2 ], 6 ], [ [ 4, 4, 4, 4 ], 12 ], [ [ 4, 4, 4, 4 ], 24 ], [ [ 8, 8 ], 48 ], [ [ 4, 4, 4, 4 ], 24 ], [ [ 2, 2, 6, 6 ], 32 ], [ [ 4, 4, 4, 4 ], 24 ], [ [ 2, 2, 6, 6 ], 32 ], [ [ 4, 4, 4, 4 ], 24 ], [ [ 2, 2, 2, 2, 2, 2, 2, 2 ], 8 ] ]
759|384|[ 384, 5606 ]|[ [ [ 1, 1, 1, 1, 1, 1, 1, 1, 1, 1, 1, 1, 1, 1, 1, 1 ], 1 ], [ [ 1, 1, 1, 1, 2, 2, 2, 2, 2, 2 ], 12 ], [ [ 1, 1, 1, 1, 1, 1, 1, 1, 2, 2, 2, 2 ], 12 ], [ [ 1, 1, 2, 4, 4, 4 ], 48 ], [ [ 1, 1, 1, 1, 3, 3, 3, 3 ], 32 ], [ [ 2, 2, 2, 2, 2, 2, 2, 2 ], 1 ], [ [ 2, 2, 2, 2, 2, 2, 2, 2 ], 12 ], [ [ 2, 2, 6, 6 ], 32 ], [ [ 2, 2, 2, 2, 2, 2, 2, 2 ], 6 ], [ [ 4, 4, 4, 4 ], 12 ], [ [ 4, 4, 4, 4 ], 24 ], [ [ 8, 8 ], 48 ], [ [ 4, 4, 4, 4 ], 12 ], [ [ 4, 12 ], 32 ], [ [ 4, 4, 4, 4 ], 24 ], [ [ 4, 12 ], 32 ], [ [ 4, 4, 4, 4 ], 24 ], [ [ 4, 4, 4, 4 ], 4 ], [ [ 4, 4, 4, 4 ], 12 ], [ [ 4, 4, 4, 4 ], 4 ] ]
760|384|[ 384, 5603 ]|[ [ [ 1, 1, 1, 1, 1, 1, 1, 1, 1, 1, 1, 1, 1, 1, 1, 1 ], 1 ], [ [ 1, 1, 1, 1, 1, 1, 1, 1, 2, 2, 2, 2 ], 6 ], [ [ 1, 1, 1, 1, 3, 3, 3, 3 ], 32 ], [ [ 1, 1, 1, 1, 2, 2, 2, 2, 2, 2 ], 24 ], [ [ 1, 1, 1, 1, 2, 2, 4, 4 ], 24 ], [ [ 2, 2, 2, 2, 2, 2, 2, 2 ], 1 ], [ [ 2, 2, 6, 6 ], 32 ], [ [ 2, 2, 2, 2, 2, 2, 2, 2 ], 8 ], [ [ 2, 2, 6, 6 ], 32 ], [ [ 2, 2, 6, 6 ], 32 ], [ [ 2, 2, 2, 2, 4, 4 ], 24 ], [ [ 4, 4, 4, 4 ], 24 ], [ [ 2, 2, 2, 2, 2, 2, 2, 2 ], 12 ], [ [ 4, 4, 4, 4 ], 12 ], [ [ 4, 4, 4, 4 ], 48 ], [ [ 2, 2, 2, 2, 4, 4 ], 24 ], [ [ 8, 8 ], 48 ] ]
761|384|[ 384, 5678 ]|[ [ [ 1, 1, 1, 1, 1, 1, 1, 1, 1, 1, 1, 1, 1, 1, 1, 1 ], 1 ], [ [ 1, 1, 1, 1, 2, 2, 2, 2, 2, 2 ], 12 ], [ [ 1, 1, 1, 1, 2, 2, 2, 2, 2, 2 ], 24 ], [ [ 1, 1, 2, 4, 4, 4 ], 48 ], [ [ 1, 1, 1, 1, 3, 3, 3, 3 ], 32 ], [ [ 2, 2, 2, 2, 2, 2, 2, 2 ], 3 ], [ [ 4, 4, 4, 4 ], 24 ], [ [ 2, 2, 6, 6 ], 32 ], [ [ 4, 4, 4, 4 ], 48 ], [ [ 8, 8 ], 48 ], [ [ 2, 2, 6, 6 ], 32 ], [ [ 2, 2, 2, 2, 2, 2, 2, 2 ], 8 ], [ [ 4, 4, 4, 4 ], 24 ], [ [ 2, 2, 6, 6 ], 32 ], [ [ 2, 2, 2, 2, 2, 2, 2, 2 ], 4 ], [ [ 4, 4, 4, 4 ], 12 ] ]
762|384|[ 384, 20091 ]|[ [ [ 1, 1, 1, 1, 1, 1, 1, 1, 1, 1, 1, 1, 1, 1, 1, 1 ], 1 ], [ [ 1, 1, 1, 1, 1, 1, 1, 1, 2, 2, 2, 2 ], 6 ], [ [ 1, 1, 1, 1, 3, 3, 3, 3 ], 32 ], [ [ 1, 1, 1, 1, 2, 2, 2, 2, 2, 2 ], 24 ], [ [ 1, 1, 1, 1, 2, 2, 4, 4 ], 24 ], [ [ 2, 2, 2, 2, 2, 2, 2, 2 ], 1 ], [ [ 2, 2, 6, 6 ], 32 ], [ [ 2, 2, 2, 2, 2, 2, 2, 2 ], 6 ], [ [ 2, 2, 2, 2, 2, 2, 2, 2 ], 2 ], [ [ 2, 2, 6, 6 ], 32 ], [ [ 2, 2, 6, 6 ], 32 ], [ [ 4, 4, 4, 4 ], 24 ], [ [ 2, 2, 2, 2, 4, 4 ], 24 ], [ [ 2, 2, 2, 2, 2, 2, 2, 2 ], 6 ], [ [ 2, 2, 2, 2, 2, 2, 2, 2 ], 6 ], [ [ 4, 4, 4, 4 ], 12 ], [ [ 4, 4, 4, 4 ], 24 ], [ [ 4, 4, 4, 4 ], 24 ], [ [ 2, 2, 2, 2, 2, 2, 2, 2 ], 6 ], [ [ 2, 2, 2, 2, 2, 2, 2, 2 ], 6 ], [ [ 4, 4, 4, 4 ], 12 ], [ [ 4, 4, 4, 4 ], 24 ], [ [ 4, 4, 4, 4 ], 24 ] ]
763|384|[ 384, 20095 ]|[ [ [ 1, 1, 1, 1, 1, 1, 1, 1, 1, 1, 1, 1, 1, 1, 1, 1 ], 1 ], [ [ 1, 1, 1, 1, 1, 1, 1, 1, 2, 2, 2, 2 ], 6 ], [ [ 1, 1, 1, 1, 1, 1, 1, 1, 2, 2, 2, 2 ], 12 ], [ [ 1, 1, 1, 1, 2, 2, 4, 4 ], 24 ], [ [ 1, 1, 1, 1, 3, 3, 3, 3 ], 32 ], [ [ 2, 2, 2, 2, 2, 2, 2, 2 ], 1 ], [ [ 2, 2, 2, 2, 2, 2, 2, 2 ], 12 ], [ [ 2, 2, 6, 6 ], 32 ], [ [ 4, 4, 4, 4 ], 6 ], [ [ 4, 4, 4, 4 ], 1 ], [ [ 4, 4, 4, 4 ], 12 ], [ [ 2, 2, 2, 2, 4, 4 ], 24 ], [ [ 4, 12 ], 32 ], [ [ 4, 4, 4, 4 ], 1 ], [ [ 4, 4, 4, 4 ], 12 ], [ [ 4, 12 ], 32 ], [ [ 2, 2, 2, 2, 2, 2, 2, 2 ], 6 ], [ [ 2, 2, 2, 2, 2, 2, 2, 2 ], 6 ], [ [ 4, 4, 4, 4 ], 12 ], [ [ 4, 4, 4, 4 ], 24 ], [ [ 4, 4, 4, 4 ], 24 ], [ [ 4, 4, 4, 4 ], 6 ], [ [ 4, 4, 4, 4 ], 6 ], [ [ 2, 2, 2, 2, 2, 2, 2, 2 ], 12 ], [ [ 4, 4, 4, 4 ], 24 ], [ [ 4, 4, 4, 4 ], 24 ] ]
764|384|[ 384, 20097 ]|[ [ [ 1, 1, 1, 1, 1, 1, 1, 1, 1, 1, 1, 1, 1, 1, 1, 1 ], 1 ], [ [ 1, 1, 1, 1, 1, 1, 1, 1, 2, 2, 2, 2 ], 6 ], [ [ 1, 1, 1, 1, 3, 3, 3, 3 ], 32 ], [ [ 1, 1, 1, 1, 2, 2, 2, 2, 2, 2 ], 24 ], [ [ 1, 1, 1, 1, 2, 2, 4, 4 ], 24 ], [ [ 2, 2, 2, 2, 2, 2, 2, 2 ], 1 ], [ [ 2, 2, 6, 6 ], 32 ], [ [ 2, 2, 2, 2, 2, 2, 2, 2 ], 24 ], [ [ 2, 2, 2, 2, 4, 4 ], 24 ], [ [ 4, 4, 4, 4 ], 6 ], [ [ 4, 4, 4, 4 ], 2 ], [ [ 4, 12 ], 32 ], [ [ 4, 12 ], 32 ], [ [ 2, 2, 2, 2, 2, 2, 2, 2 ], 6 ], [ [ 2, 2, 2, 2, 2, 2, 2, 2 ], 6 ], [ [ 4, 4, 4, 4 ], 12 ], [ [ 4, 4, 4, 4 ], 24 ], [ [ 4, 4, 4, 4 ], 24 ], [ [ 4, 4, 4, 4 ], 24 ], [ [ 4, 4, 4, 4 ], 24 ], [ [ 4, 4, 4, 4 ], 6 ], [ [ 4, 4, 4, 4 ], 6 ], [ [ 2, 2, 2, 2, 2, 2, 2, 2 ], 12 ] ]
765|384|[ 384, 20100 ]|[ [ [ 1, 1, 1, 1, 1, 1, 1, 1, 1, 1, 1, 1, 1, 1, 1, 1 ], 1 ], [ [ 1, 1, 1, 1, 1, 1, 1, 1, 2, 2, 2, 2 ], 2 ], [ [ 1, 1, 1, 1, 1, 1, 1, 1, 2, 2, 2, 2 ], 6 ], [ [ 1, 1, 1, 1, 1, 1, 1, 1, 2, 2, 2, 2 ], 6 ], [ [ 1, 1, 1, 1, 3, 3, 3, 3 ], 32 ], [ [ 1, 1, 2, 3, 3, 6 ], 32 ], [ [ 1, 1, 2, 3, 3, 6 ], 32 ], [ [ 2, 2, 2, 2, 2, 2, 2, 2 ], 1 ], [ [ 2, 2, 2, 2, 2, 2, 2, 2 ], 6 ], [ [ 2, 2, 2, 2, 2, 2, 2, 2 ], 6 ], [ [ 2, 2, 6, 6 ], 32 ], [ [ 2, 2, 2, 2, 2, 2, 2, 2 ], 3 ], [ [ 2, 2, 2, 2, 2, 2, 2, 2 ], 6 ], [ [ 2, 2, 2, 2, 2, 2, 2, 2 ], 6 ], [ [ 2, 2, 2, 2, 2, 2, 2, 2 ], 3 ], [ [ 2, 2, 2, 2, 2, 2, 2, 2 ], 6 ], [ [ 2, 2, 2, 2, 2, 2, 2, 2 ], 3 ], [ [ 2, 2, 2, 2, 2, 2, 2, 2 ], 3 ], [ [ 2, 2, 2, 2, 2, 2, 2, 2 ], 3 ], [ [ 2, 2, 2, 2, 2, 2, 2, 2 ], 3 ], [ [ 2, 2, 2, 2, 2, 2, 2, 2 ], 24 ], [ [ 4, 4, 4, 4 ], 24 ], [ [ 4, 4, 4, 4 ], 24 ], [ [ 4, 4, 4, 4 ], 24 ], [ [ 4, 4, 4, 4 ], 24 ], [ [ 4, 4, 4, 4 ], 24 ], [ [ 4, 4, 4, 4 ], 24 ], [ [ 4, 4, 4, 4 ], 24 ] ]
766|384|[ 384, 5608 ]|[ [ [ 1, 1, 1, 1, 1, 1, 1, 1, 1, 1, 1, 1, 1, 1, 1, 1 ], 1 ], [ [ 1, 1, 1, 1, 2, 2, 2, 2, 2, 2 ], 12 ], [ [ 1, 1, 1, 1, 2, 2, 2, 2, 2, 2 ], 24 ], [ [ 1, 1, 2, 4, 4, 4 ], 48 ], [ [ 1, 1, 1, 1, 3, 3, 3, 3 ], 32 ], [ [ 2, 2, 2, 2, 2, 2, 2, 2 ], 1 ], [ [ 2, 2, 6, 6 ], 32 ], [ [ 2, 2, 2, 2, 2, 2, 2, 2 ], 6 ], [ [ 4, 4, 4, 4 ], 12 ], [ [ 4, 4, 4, 4 ], 24 ], [ [ 4, 4, 4, 4 ], 24 ], [ [ 8, 8 ], 48 ], [ [ 4, 12 ], 32 ], [ [ 2, 2, 2, 2, 2, 2, 2, 2 ], 24 ], [ [ 4, 12 ], 32 ], [ [ 4, 4, 4, 4 ], 24 ], [ [ 4, 4, 4, 4 ], 8 ] ]
767|384|[ 384, 5604 ]|[ [ [ 1, 1, 1, 1, 1, 1, 1, 1, 1, 1, 1, 1, 1, 1, 1, 1 ], 1 ], [ [ 1, 1, 1, 1, 1, 1, 1, 1, 2, 2, 2, 2 ], 6 ], [ [ 1, 1, 1, 1, 1, 1, 1, 1, 2, 2, 2, 2 ], 8 ], [ [ 1, 1, 2, 3, 3, 6 ], 32 ], [ [ 1, 1, 1, 1, 3, 3, 3, 3 ], 32 ], [ [ 1, 1, 2, 3, 3, 6 ], 32 ], [ [ 2, 2, 2, 2, 2, 2, 2, 2 ], 1 ], [ [ 2, 2, 6, 6 ], 32 ], [ [ 2, 2, 2, 2, 4, 4 ], 24 ], [ [ 2, 2, 2, 2, 2, 2, 2, 2 ], 12 ], [ [ 4, 4, 4, 4 ], 12 ], [ [ 2, 2, 2, 2, 4, 4 ], 24 ], [ [ 2, 2, 2, 2, 4, 4 ], 24 ], [ [ 2, 2, 2, 2, 2, 2, 2, 2 ], 24 ], [ [ 4, 4, 4, 4 ], 24 ], [ [ 4, 4, 4, 4 ], 48 ], [ [ 8, 8 ], 48 ] ]
768|384|[ 384, 5608 ]|[ [ [ 1, 1, 1, 1, 1, 1, 1, 1, 1, 1, 1, 1, 1, 1, 1, 1 ], 1 ], [ [ 1, 1, 1, 1, 1, 1, 1, 1, 2, 2, 2, 2 ], 6 ], [ [ 1, 1, 1, 1, 3, 3, 3, 3 ], 32 ], [ [ 1, 1, 1, 1, 2, 2, 4, 4 ], 24 ], [ [ 1, 1, 1, 1, 2, 2, 2, 2, 2, 2 ], 24 ], [ [ 2, 2, 2, 2, 2, 2, 2, 2 ], 1 ], [ [ 2, 2, 6, 6 ], 32 ], [ [ 2, 2, 2, 2, 2, 2, 2, 2 ], 24 ], [ [ 2, 2, 2, 2, 4, 4 ], 24 ], [ [ 4, 4, 4, 4 ], 8 ], [ [ 4, 12 ], 32 ], [ [ 4, 12 ], 32 ], [ [ 2, 2, 2, 2, 2, 2, 2, 2 ], 12 ], [ [ 4, 4, 4, 4 ], 12 ], [ [ 8, 8 ], 48 ], [ [ 4, 4, 4, 4 ], 48 ], [ [ 2, 2, 2, 2, 4, 4 ], 24 ] ]
769|384|[ 384, 4 ]|[ [ [ 1, 1, 1, 1, 1, 1, 1, 1, 1, 1, 1, 1, 1, 1, 1, 1 ], 1 ], [ [ 1, 1, 1, 1, 1, 1, 1, 1, 2, 2, 2, 2 ], 6 ], [ [ 1, 1, 1, 1, 2, 2, 2, 2, 2, 2 ], 12 ], [ [ 1, 1, 1, 1, 2, 2, 2, 2, 2, 2 ], 4 ], [ [ 1, 3, 6, 6 ], 64 ], [ [ 1, 3, 3, 3, 3, 3 ], 64 ], [ [ 1, 3, 6, 6 ], 64 ], [ [ 1, 3, 3, 3, 3, 3 ], 64 ], [ [ 2, 2, 2, 2, 2, 2, 2, 2 ], 3 ], [ [ 2, 2, 2, 2, 2, 2, 2, 2 ], 6 ], [ [ 2, 2, 2, 2, 4, 4 ], 24 ], [ [ 2, 2, 2, 2, 4, 4 ], 24 ], [ [ 4, 4, 4, 4 ], 24 ], [ [ 4, 4, 4, 4 ], 24 ] ]
770|384|[ 384, 18127 ]|[ [ [ 1, 1, 1, 1, 1, 1, 1, 1, 1, 1, 1, 1, 1, 1, 1, 1 ], 1 ], [ [ 1, 1, 1, 1, 1, 1, 1, 1, 2, 2, 2, 2 ], 6 ], [ [ 1, 1, 1, 1, 2, 2, 2, 2, 2, 2 ], 24 ], [ [ 1, 1, 1, 1, 2, 2, 4, 4 ], 24 ], [ [ 1, 1, 1, 1, 3, 3, 3, 3 ], 32 ], [ [ 2, 2, 2, 2, 2, 2, 2, 2 ], 1 ], [ [ 2, 2, 2, 2, 2, 2, 2, 2 ], 6 ], [ [ 2, 2, 6, 6 ], 32 ], [ [ 2, 2, 2, 2, 4, 4 ], 24 ], [ [ 2, 2, 2, 2, 2, 2, 2, 2 ], 24 ], [ [ 4, 4, 4, 4 ], 12 ], [ [ 4, 4, 4, 4 ], 12 ], [ [ 2, 2, 6, 6 ], 32 ], [ [ 8, 8 ], 24 ], [ [ 8, 8 ], 24 ], [ [ 4, 4, 4, 4 ], 24 ], [ [ 8, 8 ], 24 ], [ [ 8, 8 ], 24 ], [ [ 2, 2, 6, 6 ], 32 ], [ [ 2, 2, 2, 2, 2, 2, 2, 2 ], 1 ], [ [ 2, 2, 2, 2, 2, 2, 2, 2 ], 1 ] ]
771|384|[ 384, 18133 ]|[ [ [ 1, 1, 1, 1, 1, 1, 1, 1, 1, 1, 1, 1, 1, 1, 1, 1 ], 1 ], [ [ 1, 1, 1, 1, 1, 1, 1, 1, 2, 2, 2, 2 ], 2 ], [ [ 1, 1, 1, 1, 2, 2, 4, 4 ], 24 ], [ [ 1, 1, 1, 1, 3, 3, 3, 3 ], 32 ], [ [ 1, 1, 2, 3, 3, 6 ], 32 ], [ [ 1, 1, 2, 3, 3, 6 ], 32 ], [ [ 2, 2, 2, 2, 2, 2, 2, 2 ], 1 ], [ [ 2, 2, 6, 6 ], 32 ], [ [ 2, 2, 2, 2, 2, 2, 2, 2 ], 12 ], [ [ 2, 2, 2, 2, 2, 2, 2, 2 ], 12 ], [ [ 4, 4, 4, 4 ], 12 ], [ [ 2, 2, 2, 2, 2, 2, 2, 2 ], 24 ], [ [ 4, 4, 4, 4 ], 24 ], [ [ 8, 8 ], 48 ], [ [ 4, 4, 4, 4 ], 48 ], [ [ 4, 4, 4, 4 ], 48 ] ]
772|384|[ 384, 18133 ]|[ [ [ 1, 1, 1, 1, 1, 1, 1, 1, 1, 1, 1, 1, 1, 1, 1, 1 ], 1 ], [ [ 1, 1, 1, 1, 1, 1, 1, 1, 2, 2, 2, 2 ], 2 ], [ [ 1, 1, 1, 1, 1, 1, 1, 1, 2, 2, 2, 2 ], 12 ], [ [ 1, 1, 1, 1, 3, 3, 3, 3 ], 32 ], [ [ 1, 1, 2, 3, 3, 6 ], 32 ], [ [ 1, 1, 2, 3, 3, 6 ], 32 ], [ [ 2, 2, 2, 2, 2, 2, 2, 2 ], 1 ], [ [ 2, 2, 6, 6 ], 32 ], [ [ 2, 2, 2, 2, 2, 2, 2, 2 ], 12 ], [ [ 2, 2, 2, 2, 4, 4 ], 24 ], [ [ 4, 4, 4, 4 ], 12 ], [ [ 2, 2, 2, 2, 2, 2, 2, 2 ], 24 ], [ [ 4, 4, 4, 4 ], 24 ], [ [ 2, 2, 2, 2, 4, 4 ], 48 ], [ [ 4, 4, 4, 4 ], 48 ], [ [ 8, 8 ], 48 ] ]
773|384|[ 384, 570 ]|[ [ [ 1, 1, 1, 1, 1, 1, 1, 1, 1, 1, 1, 1, 1, 1, 1, 1 ], 1 ], [ [ 1, 1, 1, 1, 1, 1, 1, 1, 2, 2, 2, 2 ], 6 ], [ [ 1, 1, 1, 1, 3, 3, 3, 3 ], 32 ], [ [ 1, 1, 2, 2, 2, 2, 2, 2, 2 ], 48 ], [ [ 1, 1, 2, 2, 2, 4, 4 ], 48 ], [ [ 2, 2, 2, 2, 2, 2, 2, 2 ], 1 ], [ [ 2, 2, 6, 6 ], 32 ], [ [ 4, 4, 4, 4 ], 6 ], [ [ 4, 4, 4, 4 ], 2 ], [ [ 4, 12 ], 32 ], [ [ 4, 12 ], 32 ], [ [ 8, 8 ], 12 ], [ [ 8, 8 ], 12 ], [ [ 8, 8 ], 24 ], [ [ 16 ], 24 ], [ [ 16 ], 24 ], [ [ 16 ], 24 ], [ [ 16 ], 24 ] ]
774|384|[ 384, 18130 ]|[ [ [ 1, 1, 1, 1, 1, 1, 1, 1, 1, 1, 1, 1, 1, 1, 1, 1 ], 1 ], [ [ 1, 1, 1, 1, 1, 1, 1, 1, 2, 2, 2, 2 ], 2 ], [ [ 1, 1, 1, 1, 1, 1, 1, 1, 4, 4 ], 12 ], [ [ 1, 1, 1, 1, 3, 3, 3, 3 ], 32 ], [ [ 1, 1, 2, 3, 3, 6 ], 32 ], [ [ 1, 1, 2, 3, 3, 6 ], 32 ], [ [ 2, 2, 2, 2, 2, 2, 2, 2 ], 1 ], [ [ 2, 2, 2, 2, 4, 4 ], 12 ], [ [ 2, 2, 6, 6 ], 32 ], [ [ 4, 4, 4, 4 ], 12 ], [ [ 4, 4, 4, 4 ], 12 ], [ [ 4, 4, 4, 4 ], 12 ], [ [ 2, 2, 2, 2, 2, 2, 2, 2 ], 24 ], [ [ 4, 4, 4, 4 ], 24 ], [ [ 8, 8 ], 48 ], [ [ 8, 8 ], 48 ], [ [ 8, 8 ], 48 ] ]
775|384|[ 384, 18133 ]|[ [ [ 1, 1, 1, 1, 1, 1, 1, 1, 1, 1, 1, 1, 1, 1, 1, 1 ], 1 ], [ [ 1, 1, 1, 1, 2, 2, 2, 2, 2, 2 ], 24 ], [ [ 1, 1, 1, 1, 2, 2, 2, 2, 2, 2 ], 12 ], [ [ 1, 1, 1, 1, 3, 3, 3, 3 ], 32 ], [ [ 1, 1, 2, 4, 4, 4 ], 48 ], [ [ 2, 2, 2, 2, 2, 2, 2, 2 ], 1 ], [ [ 2, 2, 6, 6 ], 32 ], [ [ 2, 2, 2, 2, 2, 2, 2, 2 ], 12 ], [ [ 4, 4, 4, 4 ], 24 ], [ [ 4, 4, 4, 4 ], 12 ], [ [ 4, 4, 4, 4 ], 48 ], [ [ 2, 2, 6, 6 ], 32 ], [ [ 8, 8 ], 48 ], [ [ 2, 2, 6, 6 ], 32 ], [ [ 4, 4, 4, 4 ], 24 ], [ [ 2, 2, 2, 2, 2, 2, 2, 2 ], 2 ] ]
776|384|[ 384, 18135 ]|[ [ [ 1, 1, 1, 1, 1, 1, 1, 1, 1, 1, 1, 1, 1, 1, 1, 1 ], 1 ], [ [ 1, 1, 1, 1, 2, 2, 2, 2, 2, 2 ], 12 ], [ [ 1, 1, 2, 4, 4, 4 ], 48 ], [ [ 1, 1, 1, 1, 2, 2, 2, 2, 2, 2 ], 24 ], [ [ 1, 3, 3, 3, 3, 3 ], 128 ], [ [ 2, 2, 2, 2, 2, 2, 2, 2 ], 3 ], [ [ 4, 4, 4, 4 ], 24 ], [ [ 2, 2, 2, 2, 2, 2, 2, 2 ], 12 ], [ [ 4, 4, 4, 4 ], 24 ], [ [ 4, 4, 4, 4 ], 12 ], [ [ 4, 4, 4, 4 ], 48 ], [ [ 8, 8 ], 48 ] ]
