285|192|[ 192, 157 ]|[ [ [ 1, 1, 1, 1, 1, 1, 1, 1, 1, 1, 1, 1, 1, 1, 1, 1, 1, 1, 1, 1, 1, 1, 1, 1 ], 1 ], [ [ 1, 1, 1, 1, 1, 1, 1, 1, 1, 1, 1, 1, 1, 1, 1, 1, 1, 1, 2, 2, 2 ], 4 ], [ [ 1, 1, 1, 1, 1, 1, 1, 1, 1, 1, 1, 1, 2, 2, 2, 2, 2, 2 ], 2 ], [ [ 1, 1, 1, 1, 1, 1, 1, 1, 1, 1, 1, 1, 2, 2, 2, 2, 2, 2 ], 4 ], [ [ 1, 1, 1, 1, 1, 1, 2, 2, 2, 2, 2, 2, 2, 2, 2 ], 4 ], [ [ 2, 2, 2, 2, 2, 2, 2, 2, 2, 2, 2, 2 ], 1 ], [ [ 3, 3, 6, 6, 6 ], 4 ], [ [ 3, 3, 3, 3, 6, 6 ], 4 ], [ [ 3, 3, 3, 3, 3, 3, 6 ], 4 ], [ [ 3, 3, 3, 3, 6, 6 ], 2 ], [ [ 3, 3, 3, 3, 3, 3, 3, 3 ], 1 ], [ [ 6, 6, 6, 6 ], 1 ], [ [ 3, 3, 6, 6, 6 ], 4 ], [ [ 3, 3, 3, 3, 6, 6 ], 4 ], [ [ 3, 3, 3, 3, 3, 3, 6 ], 4 ], [ [ 3, 3, 3, 3, 6, 6 ], 2 ], [ [ 3, 3, 3, 3, 3, 3, 3, 3 ], 1 ], [ [ 6, 6, 6, 6 ], 1 ], [ [ 6, 6, 12 ], 8 ], [ [ 6, 6, 6, 6 ], 4 ], [ [ 12, 12 ], 4 ], [ [ 2, 2, 2, 2, 2, 2, 4, 4, 4 ], 8 ], [ [ 4, 4, 4, 4, 4, 4 ], 4 ], [ [ 2, 2, 2, 2, 2, 2, 2, 2, 2, 2, 2, 2 ], 4 ], [ [ 12, 12 ], 4 ], [ [ 6, 6, 12 ], 8 ], [ [ 6, 6, 6, 6 ], 4 ], [ [ 4, 4, 4, 4, 4, 4 ], 8 ], [ [ 8, 8, 8 ], 8 ], [ [ 24 ], 8 ], [ [ 12, 12 ], 8 ], [ [ 24 ], 8 ], [ [ 12, 12 ], 8 ], [ [ 12, 12 ], 8 ], [ [ 24 ], 8 ], [ [ 24 ], 8 ], [ [ 12, 12 ], 8 ], [ [ 8, 8, 8 ], 8 ], [ [ 4, 4, 4, 4, 4, 4 ], 8 ] ]
286|192|[ 192, 890 ]|[ [ [ 1, 1, 1, 1, 1, 1, 1, 1, 1, 1, 1, 1, 1, 1, 1, 1, 1, 1, 1, 1, 1, 1, 1, 1 ], 1 ], [ [ 1, 1, 1, 1, 1, 1, 1, 1, 1, 1, 1, 1, 1, 1, 1, 1, 1, 1, 2, 2, 2 ], 4 ], [ [ 1, 1, 1, 1, 1, 1, 1, 1, 1, 1, 1, 1, 2, 2, 2, 2, 2, 2 ], 2 ], [ [ 1, 1, 1, 1, 1, 1, 1, 1, 1, 1, 1, 1, 2, 2, 2, 2, 2, 2 ], 2 ], [ [ 1, 1, 1, 1, 1, 1, 1, 1, 1, 1, 1, 1, 2, 2, 2, 2, 2, 2 ], 2 ], [ [ 1, 1, 1, 1, 1, 1, 2, 2, 2, 2, 2, 2, 2, 2, 2 ], 4 ], [ [ 2, 2, 2, 2, 2, 2, 2, 2, 2, 2, 2, 2 ], 1 ], [ [ 3, 3, 3, 3, 3, 3, 3, 3 ], 1 ], [ [ 3, 3, 3, 3, 3, 3, 6 ], 4 ], [ [ 3, 3, 3, 3, 6, 6 ], 2 ], [ [ 3, 3, 3, 3, 6, 6 ], 2 ], [ [ 3, 3, 3, 3, 6, 6 ], 2 ], [ [ 3, 3, 6, 6, 6 ], 4 ], [ [ 6, 6, 6, 6 ], 1 ], [ [ 3, 3, 3, 3, 6, 6 ], 2 ], [ [ 3, 3, 6, 6, 6 ], 4 ], [ [ 3, 3, 3, 3, 3, 3, 6 ], 4 ], [ [ 3, 3, 3, 3, 6, 6 ], 2 ], [ [ 3, 3, 3, 3, 6, 6 ], 2 ], [ [ 3, 3, 3, 3, 3, 3, 3, 3 ], 1 ], [ [ 6, 6, 6, 6 ], 1 ], [ [ 6, 6, 12 ], 8 ], [ [ 6, 6, 6, 6 ], 4 ], [ [ 12, 12 ], 4 ], [ [ 6, 6, 6, 6 ], 4 ], [ [ 6, 6, 12 ], 8 ], [ [ 12, 12 ], 4 ], [ [ 2, 2, 2, 2, 2, 2, 4, 4, 4 ], 8 ], [ [ 4, 4, 4, 4, 4, 4 ], 4 ], [ [ 2, 2, 2, 2, 2, 2, 2, 2, 2, 2, 2, 2 ], 4 ], [ [ 6, 6, 6, 6 ], 4 ], [ [ 6, 6, 12 ], 8 ], [ [ 12, 12 ], 4 ], [ [ 2, 2, 2, 2, 2, 2, 4, 4, 4 ], 8 ], [ [ 2, 2, 2, 2, 2, 2, 2, 2, 2, 2, 2, 2 ], 4 ], [ [ 4, 4, 4, 4, 4, 4 ], 4 ], [ [ 6, 6, 12 ], 8 ], [ [ 12, 12 ], 4 ], [ [ 6, 6, 6, 6 ], 4 ], [ [ 2, 2, 2, 2, 2, 2, 4, 4, 4 ], 8 ], [ [ 4, 4, 4, 4, 4, 4 ], 4 ], [ [ 2, 2, 2, 2, 2, 2, 2, 2, 2, 2, 2, 2 ], 4 ], [ [ 6, 6, 12 ], 8 ], [ [ 12, 12 ], 4 ], [ [ 6, 6, 6, 6 ], 4 ], [ [ 6, 6, 6, 6 ], 4 ], [ [ 6, 6, 12 ], 8 ], [ [ 12, 12 ], 4 ] ]
287|192|[ 192, 591 ]|[ [ [ 1, 1, 1, 1, 1, 1, 1, 1, 1, 1, 1, 1, 1, 1, 1, 1, 1, 1, 1, 1, 1, 1, 1, 1 ], 1 ], [ [ 1, 1, 1, 1, 1, 1, 1, 1, 1, 1, 1, 1, 1, 1, 1, 1, 1, 1, 2, 2, 2 ], 4 ], [ [ 1, 1, 1, 1, 1, 1, 1, 1, 1, 1, 1, 1, 2, 2, 2, 2, 2, 2 ], 2 ], [ [ 1, 1, 1, 1, 1, 1, 1, 1, 1, 1, 1, 1, 2, 2, 2, 2, 2, 2 ], 2 ], [ [ 1, 1, 1, 1, 1, 1, 1, 1, 1, 1, 1, 1, 2, 2, 2, 2, 2, 2 ], 2 ], [ [ 1, 1, 1, 1, 1, 1, 2, 2, 2, 2, 2, 2, 2, 2, 2 ], 4 ], [ [ 2, 2, 2, 2, 2, 2, 2, 2, 2, 2, 2, 2 ], 1 ], [ [ 3, 3, 3, 3, 6, 6 ], 4 ], [ [ 3, 3, 6, 6, 6 ], 4 ], [ [ 3, 3, 6, 6, 6 ], 4 ], [ [ 6, 6, 6, 6 ], 2 ], [ [ 3, 3, 3, 3, 3, 3, 6 ], 4 ], [ [ 3, 3, 3, 3, 6, 6 ], 4 ], [ [ 3, 3, 3, 3, 6, 6 ], 2 ], [ [ 3, 3, 3, 3, 3, 3, 6 ], 4 ], [ [ 3, 3, 3, 3, 6, 6 ], 2 ], [ [ 3, 3, 3, 3, 3, 3, 3, 3 ], 2 ], [ [ 2, 2, 2, 2, 2, 2, 2, 2, 2, 2, 2, 2 ], 12 ], [ [ 2, 2, 2, 2, 2, 2, 4, 4, 4 ], 24 ], [ [ 4, 4, 4, 4, 4, 4 ], 12 ], [ [ 12, 12 ], 8 ], [ [ 6, 6, 12 ], 8 ], [ [ 6, 6, 12 ], 8 ], [ [ 6, 6, 6, 6 ], 8 ], [ [ 2, 2, 2, 2, 2, 2, 4, 4, 4 ], 8 ], [ [ 4, 4, 4, 4, 4, 4 ], 4 ], [ [ 2, 2, 2, 2, 2, 2, 2, 2, 2, 2, 2, 2 ], 4 ], [ [ 2, 2, 2, 2, 2, 2, 2, 2, 2, 2, 2, 2 ], 12 ], [ [ 2, 2, 2, 2, 2, 2, 4, 4, 4 ], 24 ], [ [ 4, 4, 4, 4, 4, 4 ], 12 ] ]
288|192|[ 192, 201 ]|[ [ [ 1, 1, 1, 1, 1, 1, 1, 1, 1, 1, 1, 1, 1, 1, 1, 1, 1, 1, 1, 1, 1, 1, 1, 1 ], 1 ], [ [ 1, 1, 1, 1, 1, 1, 1, 1, 1, 1, 1, 1, 1, 1, 1, 1, 1, 1, 2, 2, 2 ], 4 ], [ [ 1, 1, 1, 1, 1, 1, 1, 1, 1, 1, 1, 1, 2, 2, 2, 2, 2, 2 ], 6 ], [ [ 1, 1, 1, 1, 1, 1, 2, 2, 2, 2, 2, 2, 2, 2, 2 ], 4 ], [ [ 2, 2, 2, 2, 2, 2, 2, 2, 2, 2, 2, 2 ], 1 ], [ [ 6, 6, 6, 6 ], 16 ], [ [ 3, 3, 3, 3, 3, 3, 6 ], 16 ], [ [ 3, 3, 6, 6, 6 ], 16 ], [ [ 3, 3, 3, 3, 3, 3, 3, 3 ], 16 ], [ [ 3, 3, 6, 6, 6 ], 16 ], [ [ 3, 3, 3, 3, 3, 3, 3, 3 ], 16 ], [ [ 6, 6, 6, 6 ], 16 ], [ [ 3, 3, 3, 3, 3, 3, 6 ], 16 ], [ [ 2, 2, 2, 2, 2, 2, 4, 4, 4 ], 24 ], [ [ 2, 2, 2, 2, 2, 2, 2, 2, 2, 2, 2, 2 ], 12 ], [ [ 4, 4, 4, 4, 4, 4 ], 12 ] ]
289|192|[ 192, 95 ]|[ [ [ 1, 1, 1, 1, 1, 1, 1, 1, 1, 1, 1, 1, 1, 1, 1, 1, 1, 1, 1, 1, 1, 1, 1, 1 ], 1 ], [ [ 1, 1, 1, 1, 1, 1, 1, 1, 1, 1, 1, 1, 1, 1, 1, 1, 1, 1, 2, 2, 2 ], 4 ], [ [ 1, 1, 1, 1, 1, 1, 1, 1, 1, 1, 1, 1, 2, 2, 2, 2, 2, 2 ], 2 ], [ [ 1, 1, 1, 1, 1, 1, 1, 1, 1, 1, 1, 1, 2, 2, 2, 2, 2, 2 ], 4 ], [ [ 1, 1, 1, 1, 1, 1, 2, 2, 2, 2, 2, 2, 2, 2, 2 ], 4 ], [ [ 2, 2, 2, 2, 2, 2, 2, 2, 2, 2, 2, 2 ], 1 ], [ [ 3, 3, 3, 3, 6, 6 ], 4 ], [ [ 3, 3, 6, 6, 6 ], 4 ], [ [ 3, 3, 3, 3, 3, 3, 6 ], 4 ], [ [ 3, 3, 3, 3, 6, 6 ], 4 ], [ [ 3, 3, 6, 6, 6 ], 4 ], [ [ 6, 6, 6, 6 ], 2 ], [ [ 3, 3, 3, 3, 6, 6 ], 2 ], [ [ 3, 3, 3, 3, 3, 3, 6 ], 4 ], [ [ 3, 3, 3, 3, 6, 6 ], 2 ], [ [ 3, 3, 3, 3, 3, 3, 3, 3 ], 2 ], [ [ 6, 6, 12 ], 8 ], [ [ 12, 12 ], 8 ], [ [ 6, 6, 6, 6 ], 8 ], [ [ 6, 6, 12 ], 8 ], [ [ 2, 2, 2, 2, 2, 2, 4, 4, 4 ], 8 ], [ [ 4, 4, 4, 4, 4, 4 ], 4 ], [ [ 2, 2, 2, 2, 2, 2, 2, 2, 2, 2, 2, 2 ], 4 ], [ [ 8, 8, 8 ], 24 ], [ [ 4, 4, 4, 4, 4, 4 ], 24 ], [ [ 8, 8, 8 ], 24 ], [ [ 4, 4, 4, 4, 4, 4 ], 24 ] ]
290|192|[ 192, 1001 ]|[ [ [ 1, 1, 1, 1, 1, 1, 1, 1, 1, 1, 1, 1, 1, 1, 1, 1, 1, 1, 1, 1, 1, 1, 1, 1 ], 1 ], [ [ 1, 1, 1, 1, 1, 1, 1, 1, 1, 1, 1, 1, 1, 1, 1, 1, 2, 2, 2, 2 ], 3 ], [ [ 1, 1, 1, 1, 1, 1, 1, 1, 2, 2, 2, 2, 2, 2, 2, 2 ], 3 ], [ [ 1, 1, 1, 1, 1, 1, 1, 1, 1, 1, 1, 1, 2, 2, 2, 2, 2, 2 ], 4 ], [ [ 1, 1, 1, 1, 1, 1, 1, 1, 1, 1, 1, 1, 2, 2, 2, 2, 2, 2 ], 4 ], [ [ 2, 2, 2, 2, 2, 2, 2, 2, 2, 2, 2, 2 ], 1 ], [ [ 2, 2, 2, 2, 4, 4, 4, 4 ], 12 ], [ [ 2, 2, 2, 2, 4, 4, 4, 4 ], 12 ], [ [ 2, 2, 2, 2, 4, 4, 4, 4 ], 6 ], [ [ 2, 2, 2, 2, 4, 4, 4, 4 ], 6 ], [ [ 2, 2, 2, 2, 4, 4, 4, 4 ], 6 ], [ [ 2, 2, 2, 2, 4, 4, 4, 4 ], 6 ], [ [ 6, 6, 6, 6 ], 16 ], [ [ 3, 3, 3, 3, 3, 3, 3, 3 ], 16 ], [ [ 3, 3, 3, 3, 6, 6 ], 16 ], [ [ 3, 3, 3, 3, 6, 6 ], 16 ], [ [ 3, 3, 3, 3, 6, 6 ], 16 ], [ [ 3, 3, 3, 3, 6, 6 ], 16 ], [ [ 6, 6, 6, 6 ], 16 ], [ [ 3, 3, 3, 3, 3, 3, 3, 3 ], 16 ] ]
291|192|[ 192, 195 ]|[ [ [ 1, 1, 1, 1, 1, 1, 1, 1, 1, 1, 1, 1, 1, 1, 1, 1, 1, 1, 1, 1, 1, 1, 1, 1 ], 1 ], [ [ 1, 1, 1, 1, 1, 1, 1, 1, 1, 1, 1, 1, 1, 1, 1, 1, 2, 2, 2, 2 ], 3 ], [ [ 1, 1, 1, 1, 1, 1, 1, 1, 2, 2, 2, 2, 2, 2, 2, 2 ], 3 ], [ [ 1, 1, 1, 1, 1, 1, 1, 1, 1, 1, 1, 1, 2, 2, 2, 2, 2, 2 ], 4 ], [ [ 1, 1, 1, 1, 1, 1, 1, 1, 1, 1, 1, 1, 2, 2, 2, 2, 2, 2 ], 4 ], [ [ 2, 2, 2, 2, 2, 2, 2, 2, 2, 2, 2, 2 ], 1 ], [ [ 4, 4, 4, 4, 4, 4 ], 12 ], [ [ 4, 4, 4, 4, 4, 4 ], 12 ], [ [ 2, 2, 2, 2, 2, 2, 2, 2, 4, 4 ], 12 ], [ [ 2, 2, 2, 2, 2, 2, 2, 2, 4, 4 ], 12 ], [ [ 6, 6, 6, 6 ], 16 ], [ [ 3, 3, 3, 3, 3, 3, 3, 3 ], 16 ], [ [ 3, 3, 3, 3, 6, 6 ], 16 ], [ [ 3, 3, 3, 3, 6, 6 ], 16 ], [ [ 3, 3, 3, 3, 6, 6 ], 16 ], [ [ 3, 3, 3, 3, 6, 6 ], 16 ], [ [ 3, 3, 3, 3, 3, 3, 3, 3 ], 16 ], [ [ 6, 6, 6, 6 ], 16 ] ]
292|192|[ 192, 1471 ]|[ [ [ 1, 1, 1, 1, 1, 1, 1, 1, 1, 1, 1, 1, 1, 1, 1, 1, 1, 1, 1, 1, 1, 1, 1, 1 ], 1 ], [ [ 1, 1, 1, 1, 1, 1, 1, 1, 1, 1, 1, 1, 1, 1, 1, 1, 2, 2, 2, 2 ], 3 ], [ [ 1, 1, 1, 1, 1, 1, 1, 1, 2, 2, 2, 2, 2, 2, 2, 2 ], 3 ], [ [ 1, 1, 1, 1, 1, 1, 1, 1, 1, 1, 1, 1, 2, 2, 2, 2, 2, 2 ], 6 ], [ [ 1, 1, 1, 1, 1, 1, 1, 1, 1, 1, 1, 1, 2, 2, 2, 2, 2, 2 ], 2 ], [ [ 2, 2, 2, 2, 2, 2, 2, 2, 2, 2, 2, 2 ], 1 ], [ [ 4, 4, 4, 4, 4, 4 ], 6 ], [ [ 4, 4, 4, 4, 4, 4 ], 2 ], [ [ 4, 4, 4, 4, 4, 4 ], 3 ], [ [ 4, 4, 4, 4, 4, 4 ], 1 ], [ [ 4, 4, 4, 4, 4, 4 ], 3 ], [ [ 4, 4, 4, 4, 4, 4 ], 1 ], [ [ 2, 2, 2, 2, 2, 2, 2, 2, 2, 2, 2, 2 ], 12 ], [ [ 2, 2, 2, 2, 4, 4, 4, 4 ], 12 ], [ [ 2, 2, 2, 2, 2, 2, 2, 2, 4, 4 ], 12 ], [ [ 4, 4, 4, 4, 4, 4 ], 12 ], [ [ 2, 2, 2, 2, 2, 2, 2, 2, 2, 2, 2, 2 ], 12 ], [ [ 2, 2, 2, 2, 4, 4, 4, 4 ], 12 ], [ [ 2, 2, 2, 2, 2, 2, 2, 2, 4, 4 ], 12 ], [ [ 4, 4, 4, 4, 4, 4 ], 12 ], [ [ 12, 12 ], 8 ], [ [ 12, 12 ], 8 ], [ [ 12, 12 ], 8 ], [ [ 12, 12 ], 8 ], [ [ 3, 3, 3, 3, 6, 6 ], 8 ], [ [ 3, 3, 3, 3, 6, 6 ], 8 ], [ [ 6, 6, 6, 6 ], 8 ], [ [ 3, 3, 3, 3, 3, 3, 3, 3 ], 8 ] ]
293|192|[ 192, 198 ]|[ [ [ 1, 1, 1, 1, 1, 1, 1, 1, 1, 1, 1, 1, 1, 1, 1, 1, 1, 1, 1, 1, 1, 1, 1, 1 ], 1 ], [ [ 1, 1, 1, 1, 1, 1, 1, 1, 1, 1, 1, 1, 1, 1, 1, 1, 2, 2, 2, 2 ], 3 ], [ [ 1, 1, 1, 1, 1, 1, 1, 1, 2, 2, 2, 2, 2, 2, 2, 2 ], 3 ], [ [ 1, 1, 1, 1, 1, 1, 1, 1, 1, 1, 1, 1, 2, 2, 2, 2, 2, 2 ], 4 ], [ [ 1, 1, 1, 1, 1, 1, 1, 1, 1, 1, 1, 1, 2, 2, 2, 2, 2, 2 ], 4 ], [ [ 2, 2, 2, 2, 2, 2, 2, 2, 2, 2, 2, 2 ], 1 ], [ [ 4, 4, 4, 4, 4, 4 ], 12 ], [ [ 2, 2, 2, 2, 2, 2, 2, 2, 4, 4 ], 12 ], [ [ 2, 2, 2, 2, 2, 2, 2, 2, 4, 4 ], 12 ], [ [ 4, 4, 4, 4, 4, 4 ], 12 ], [ [ 3, 3, 3, 3, 6, 6 ], 16 ], [ [ 3, 3, 3, 3, 6, 6 ], 16 ], [ [ 3, 3, 3, 3, 3, 3, 3, 3 ], 16 ], [ [ 6, 6, 6, 6 ], 16 ], [ [ 6, 6, 6, 6 ], 16 ], [ [ 3, 3, 3, 3, 3, 3, 3, 3 ], 16 ], [ [ 3, 3, 3, 3, 6, 6 ], 16 ], [ [ 3, 3, 3, 3, 6, 6 ], 16 ] ]
294|192|[ 192, 968 ]|[ [ [ 1, 1, 1, 1, 1, 1, 1, 1, 1, 1, 1, 1, 1, 1, 1, 1, 1, 1, 1, 1, 1, 1, 1, 1 ], 1 ], [ [ 1, 1, 1, 1, 1, 1, 1, 1, 1, 1, 1, 1, 1, 1, 1, 1, 2, 2, 2, 2 ], 3 ], [ [ 1, 1, 1, 1, 1, 1, 1, 1, 2, 2, 2, 2, 2, 2, 2, 2 ], 3 ], [ [ 1, 1, 1, 1, 1, 1, 1, 1, 1, 1, 1, 1, 2, 2, 2, 2, 2, 2 ], 6 ], [ [ 1, 1, 1, 1, 1, 1, 1, 1, 1, 1, 1, 1, 2, 2, 2, 2, 2, 2 ], 2 ], [ [ 2, 2, 2, 2, 2, 2, 2, 2, 2, 2, 2, 2 ], 1 ], [ [ 4, 4, 4, 4, 4, 4 ], 6 ], [ [ 4, 4, 4, 4, 4, 4 ], 2 ], [ [ 4, 4, 4, 4, 4, 4 ], 3 ], [ [ 4, 4, 4, 4, 4, 4 ], 3 ], [ [ 4, 4, 4, 4, 4, 4 ], 1 ], [ [ 4, 4, 4, 4, 4, 4 ], 1 ], [ [ 8, 8, 8 ], 12 ], [ [ 8, 8, 8 ], 12 ], [ [ 8, 8, 8 ], 12 ], [ [ 8, 8, 8 ], 12 ], [ [ 8, 8, 8 ], 12 ], [ [ 8, 8, 8 ], 12 ], [ [ 8, 8, 8 ], 12 ], [ [ 8, 8, 8 ], 12 ], [ [ 12, 12 ], 8 ], [ [ 12, 12 ], 8 ], [ [ 12, 12 ], 8 ], [ [ 12, 12 ], 8 ], [ [ 6, 6, 6, 6 ], 8 ], [ [ 3, 3, 3, 3, 3, 3, 3, 3 ], 8 ], [ [ 3, 3, 3, 3, 6, 6 ], 8 ], [ [ 3, 3, 3, 3, 6, 6 ], 8 ] ]
295|192|[ 192, 1473 ]|[ [ [ 1, 1, 1, 1, 1, 1, 1, 1, 1, 1, 1, 1, 1, 1, 1, 1, 1, 1, 1, 1, 1, 1, 1, 1 ], 1 ], [ [ 1, 1, 1, 1, 1, 1, 1, 1, 1, 1, 1, 1, 1, 1, 1, 1, 2, 2, 2, 2 ], 3 ], [ [ 1, 1, 1, 1, 1, 1, 1, 1, 2, 2, 2, 2, 2, 2, 2, 2 ], 3 ], [ [ 1, 1, 1, 1, 1, 1, 1, 1, 1, 1, 1, 1, 2, 2, 2, 2, 2, 2 ], 6 ], [ [ 1, 1, 1, 1, 1, 1, 1, 1, 1, 1, 1, 1, 2, 2, 2, 2, 2, 2 ], 2 ], [ [ 2, 2, 2, 2, 2, 2, 2, 2, 2, 2, 2, 2 ], 1 ], [ [ 4, 4, 4, 4, 4, 4 ], 6 ], [ [ 2, 2, 2, 2, 2, 2, 2, 2, 4, 4 ], 6 ], [ [ 2, 2, 2, 2, 2, 2, 2, 2, 4, 4 ], 12 ], [ [ 4, 4, 4, 4, 4, 4 ], 12 ], [ [ 4, 4, 4, 4, 4, 4 ], 6 ], [ [ 2, 2, 2, 2, 2, 2, 2, 2, 4, 4 ], 6 ], [ [ 2, 2, 2, 2, 2, 2, 2, 2, 2, 2, 2, 2 ], 12 ], [ [ 2, 2, 2, 2, 4, 4, 4, 4 ], 12 ], [ [ 2, 2, 2, 2, 2, 2, 2, 2, 4, 4 ], 12 ], [ [ 4, 4, 4, 4, 4, 4 ], 12 ], [ [ 4, 4, 4, 4, 4, 4 ], 6 ], [ [ 4, 4, 4, 4, 4, 4 ], 2 ], [ [ 2, 2, 2, 2, 2, 2, 2, 2, 2, 2, 2, 2 ], 6 ], [ [ 2, 2, 2, 2, 2, 2, 2, 2, 2, 2, 2, 2 ], 2 ], [ [ 12, 12 ], 16 ], [ [ 6, 6, 6, 6 ], 16 ], [ [ 3, 3, 3, 3, 3, 3, 3, 3 ], 8 ], [ [ 6, 6, 6, 6 ], 8 ], [ [ 3, 3, 3, 3, 6, 6 ], 16 ] ]
296|192|[ 192, 1501 ]|[ [ [ 1, 1, 1, 1, 1, 1, 1, 1, 1, 1, 1, 1, 1, 1, 1, 1, 1, 1, 1, 1, 1, 1, 1, 1 ], 1 ], [ [ 1, 1, 1, 1, 1, 1, 1, 1, 1, 1, 1, 1, 1, 1, 1, 1, 2, 2, 2, 2 ], 3 ], [ [ 1, 1, 1, 1, 1, 1, 1, 1, 2, 2, 2, 2, 2, 2, 2, 2 ], 3 ], [ [ 1, 1, 1, 1, 1, 1, 1, 1, 1, 1, 1, 1, 2, 2, 2, 2, 2, 2 ], 6 ], [ [ 1, 1, 1, 1, 1, 1, 1, 1, 1, 1, 1, 1, 2, 2, 2, 2, 2, 2 ], 2 ], [ [ 2, 2, 2, 2, 2, 2, 2, 2, 2, 2, 2, 2 ], 1 ], [ [ 4, 4, 4, 4, 4, 4 ], 2 ], [ [ 4, 4, 4, 4, 4, 4 ], 6 ], [ [ 4, 4, 4, 4, 4, 4 ], 3 ], [ [ 4, 4, 4, 4, 4, 4 ], 3 ], [ [ 4, 4, 4, 4, 4, 4 ], 1 ], [ [ 4, 4, 4, 4, 4, 4 ], 1 ], [ [ 2, 2, 2, 2, 2, 2, 2, 2, 2, 2, 2, 2 ], 2 ], [ [ 2, 2, 2, 2, 2, 2, 2, 2, 2, 2, 2, 2 ], 6 ], [ [ 4, 4, 4, 4, 4, 4 ], 6 ], [ [ 4, 4, 4, 4, 4, 4 ], 2 ], [ [ 2, 2, 2, 2, 2, 2, 2, 2, 2, 2, 2, 2 ], 6 ], [ [ 2, 2, 2, 2, 2, 2, 2, 2, 2, 2, 2, 2 ], 2 ], [ [ 4, 4, 4, 4, 4, 4 ], 6 ], [ [ 4, 4, 4, 4, 4, 4 ], 2 ], [ [ 12, 12 ], 8 ], [ [ 6, 6, 6, 6 ], 8 ], [ [ 6, 6, 6, 6 ], 8 ], [ [ 12, 12 ], 8 ], [ [ 12, 12 ], 4 ], [ [ 12, 12 ], 4 ], [ [ 12, 12 ], 8 ], [ [ 3, 3, 3, 3, 3, 3, 3, 3 ], 4 ], [ [ 6, 6, 6, 6 ], 4 ], [ [ 3, 3, 3, 3, 6, 6 ], 8 ], [ [ 6, 6, 6, 6 ], 4 ], [ [ 3, 3, 3, 3, 3, 3, 3, 3 ], 4 ], [ [ 3, 3, 3, 3, 6, 6 ], 8 ], [ [ 12, 12 ], 4 ], [ [ 12, 12 ], 4 ], [ [ 12, 12 ], 8 ], [ [ 12, 12 ], 8 ], [ [ 6, 6, 6, 6 ], 8 ], [ [ 6, 6, 6, 6 ], 8 ], [ [ 12, 12 ], 8 ] ]
297|192|[ 192, 1011 ]|[ [ [ 1, 1, 1, 1, 1, 1, 1, 1, 1, 1, 1, 1, 1, 1, 1, 1, 1, 1, 1, 1, 1, 1, 1, 1 ], 1 ], [ [ 1, 1, 1, 1, 1, 1, 1, 1, 1, 1, 1, 1, 1, 1, 1, 1, 2, 2, 2, 2 ], 3 ], [ [ 1, 1, 1, 1, 1, 1, 1, 1, 2, 2, 2, 2, 2, 2, 2, 2 ], 3 ], [ [ 1, 1, 1, 1, 1, 1, 1, 1, 1, 1, 1, 1, 2, 2, 2, 2, 2, 2 ], 6 ], [ [ 1, 1, 1, 1, 1, 1, 1, 1, 1, 1, 1, 1, 2, 2, 2, 2, 2, 2 ], 2 ], [ [ 2, 2, 2, 2, 2, 2, 2, 2, 2, 2, 2, 2 ], 1 ], [ [ 4, 4, 4, 4, 4, 4 ], 2 ], [ [ 4, 4, 4, 4, 4, 4 ], 6 ], [ [ 4, 4, 4, 4, 4, 4 ], 3 ], [ [ 4, 4, 4, 4, 4, 4 ], 3 ], [ [ 4, 4, 4, 4, 4, 4 ], 1 ], [ [ 4, 4, 4, 4, 4, 4 ], 1 ], [ [ 8, 8, 8 ], 6 ], [ [ 8, 8, 8 ], 2 ], [ [ 8, 8, 8 ], 2 ], [ [ 8, 8, 8 ], 6 ], [ [ 8, 8, 8 ], 6 ], [ [ 8, 8, 8 ], 2 ], [ [ 8, 8, 8 ], 6 ], [ [ 8, 8, 8 ], 2 ], [ [ 24 ], 8 ], [ [ 24 ], 8 ], [ [ 24 ], 8 ], [ [ 24 ], 8 ], [ [ 12, 12 ], 4 ], [ [ 12, 12 ], 4 ], [ [ 12, 12 ], 8 ], [ [ 3, 3, 3, 3, 3, 3, 3, 3 ], 4 ], [ [ 6, 6, 6, 6 ], 4 ], [ [ 3, 3, 3, 3, 6, 6 ], 8 ], [ [ 6, 6, 6, 6 ], 4 ], [ [ 3, 3, 3, 3, 3, 3, 3, 3 ], 4 ], [ [ 3, 3, 3, 3, 6, 6 ], 8 ], [ [ 12, 12 ], 4 ], [ [ 12, 12 ], 4 ], [ [ 12, 12 ], 8 ], [ [ 24 ], 8 ], [ [ 24 ], 8 ], [ [ 24 ], 8 ], [ [ 24 ], 8 ] ]
298|192|[ 192, 199 ]|[ [ [ 1, 1, 1, 1, 1, 1, 1, 1, 1, 1, 1, 1, 1, 1, 1, 1, 1, 1, 1, 1, 1, 1, 1, 1 ], 1 ], [ [ 1, 1, 1, 1, 1, 1, 1, 1, 1, 1, 1, 1, 1, 1, 1, 1, 2, 2, 2, 2 ], 3 ], [ [ 1, 1, 1, 1, 1, 1, 1, 1, 2, 2, 2, 2, 2, 2, 2, 2 ], 3 ], [ [ 1, 1, 1, 1, 2, 2, 4, 4, 4, 4 ], 12 ], [ [ 1, 1, 1, 1, 2, 2, 4, 4, 4, 4 ], 12 ], [ [ 2, 2, 2, 2, 2, 2, 2, 2, 2, 2, 2, 2 ], 1 ], [ [ 2, 2, 2, 2, 2, 2, 2, 2, 4, 4 ], 12 ], [ [ 2, 2, 2, 2, 2, 2, 2, 2, 4, 4 ], 12 ], [ [ 4, 4, 4, 4, 4, 4 ], 4 ], [ [ 4, 4, 4, 4, 4, 4 ], 4 ], [ [ 6, 6, 6, 6 ], 16 ], [ [ 3, 3, 3, 3, 3, 3, 3, 3 ], 16 ], [ [ 12, 12 ], 16 ], [ [ 12, 12 ], 16 ], [ [ 12, 12 ], 16 ], [ [ 12, 12 ], 16 ], [ [ 6, 6, 6, 6 ], 16 ], [ [ 3, 3, 3, 3, 3, 3, 3, 3 ], 16 ] ]
299|192|[ 192, 192 ]|[ [ [ 1, 1, 1, 1, 1, 1, 1, 1, 1, 1, 1, 1, 1, 1, 1, 1, 1, 1, 1, 1, 1, 1, 1, 1 ], 1 ], [ [ 1, 1, 1, 1, 1, 1, 1, 1, 1, 1, 1, 1, 1, 1, 1, 1, 2, 2, 2, 2 ], 3 ], [ [ 1, 1, 1, 1, 1, 1, 1, 1, 2, 2, 2, 2, 2, 2, 2, 2 ], 3 ], [ [ 1, 1, 1, 1, 2, 2, 2, 2, 2, 2, 4, 4 ], 12 ], [ [ 1, 1, 1, 1, 2, 2, 2, 2, 2, 2, 4, 4 ], 12 ], [ [ 2, 2, 2, 2, 2, 2, 2, 2, 2, 2, 2, 2 ], 1 ], [ [ 2, 2, 2, 2, 4, 4, 4, 4 ], 6 ], [ [ 2, 2, 2, 2, 4, 4, 4, 4 ], 6 ], [ [ 2, 2, 2, 2, 4, 4, 4, 4 ], 6 ], [ [ 2, 2, 2, 2, 4, 4, 4, 4 ], 6 ], [ [ 4, 4, 4, 4, 4, 4 ], 4 ], [ [ 4, 4, 4, 4, 4, 4 ], 4 ], [ [ 6, 6, 6, 6 ], 16 ], [ [ 3, 3, 3, 3, 3, 3, 3, 3 ], 16 ], [ [ 12, 12 ], 16 ], [ [ 12, 12 ], 16 ], [ [ 12, 12 ], 16 ], [ [ 12, 12 ], 16 ], [ [ 3, 3, 3, 3, 3, 3, 3, 3 ], 16 ], [ [ 6, 6, 6, 6 ], 16 ] ]
300|192|[ 192, 1001 ]|[ [ [ 1, 1, 1, 1, 1, 1, 1, 1, 1, 1, 1, 1, 1, 1, 1, 1, 1, 1, 1, 1, 1, 1, 1, 1 ], 1 ], [ [ 1, 1, 1, 1, 1, 1, 1, 1, 1, 1, 1, 1, 1, 1, 1, 1, 2, 2, 2, 2 ], 3 ], [ [ 1, 1, 1, 1, 1, 1, 1, 1, 2, 2, 2, 2, 2, 2, 2, 2 ], 3 ], [ [ 1, 1, 1, 1, 2, 2, 4, 4, 4, 4 ], 12 ], [ [ 1, 1, 1, 1, 2, 2, 4, 4, 4, 4 ], 12 ], [ [ 2, 2, 2, 2, 2, 2, 2, 2, 2, 2, 2, 2 ], 1 ], [ [ 2, 2, 2, 2, 4, 4, 4, 4 ], 6 ], [ [ 2, 2, 2, 2, 4, 4, 4, 4 ], 6 ], [ [ 2, 2, 2, 2, 4, 4, 4, 4 ], 6 ], [ [ 2, 2, 2, 2, 4, 4, 4, 4 ], 6 ], [ [ 2, 2, 2, 2, 2, 2, 2, 2, 2, 2, 2, 2 ], 4 ], [ [ 2, 2, 2, 2, 2, 2, 2, 2, 2, 2, 2, 2 ], 4 ], [ [ 6, 6, 6, 6 ], 16 ], [ [ 6, 6, 6, 6 ], 16 ], [ [ 6, 6, 6, 6 ], 16 ], [ [ 3, 3, 3, 3, 3, 3, 3, 3 ], 16 ], [ [ 3, 3, 3, 3, 3, 3, 3, 3 ], 16 ], [ [ 6, 6, 6, 6 ], 16 ], [ [ 6, 6, 6, 6 ], 16 ], [ [ 6, 6, 6, 6 ], 16 ] ]
301|192|[ 192, 190 ]|[ [ [ 1, 1, 1, 1, 1, 1, 1, 1, 1, 1, 1, 1, 1, 1, 1, 1, 1, 1, 1, 1, 1, 1, 1, 1 ], 1 ], [ [ 1, 1, 1, 1, 1, 1, 1, 1, 1, 1, 1, 1, 1, 1, 1, 1, 2, 2, 2, 2 ], 3 ], [ [ 1, 1, 1, 1, 1, 1, 1, 1, 2, 2, 2, 2, 2, 2, 2, 2 ], 3 ], [ [ 1, 1, 1, 1, 2, 2, 4, 4, 4, 4 ], 6 ], [ [ 1, 1, 1, 1, 2, 2, 4, 4, 4, 4 ], 6 ], [ [ 1, 1, 1, 1, 2, 2, 4, 4, 4, 4 ], 6 ], [ [ 1, 1, 1, 1, 2, 2, 4, 4, 4, 4 ], 6 ], [ [ 2, 2, 2, 2, 2, 2, 2, 2, 2, 2, 2, 2 ], 1 ], [ [ 2, 2, 2, 2, 2, 2, 2, 2, 4, 4 ], 6 ], [ [ 2, 2, 2, 2, 2, 2, 2, 2, 4, 4 ], 6 ], [ [ 2, 2, 2, 2, 2, 2, 2, 2, 4, 4 ], 6 ], [ [ 2, 2, 2, 2, 2, 2, 2, 2, 4, 4 ], 6 ], [ [ 4, 4, 4, 4, 4, 4 ], 3 ], [ [ 4, 4, 4, 4, 4, 4 ], 1 ], [ [ 4, 4, 4, 4, 4, 4 ], 3 ], [ [ 4, 4, 4, 4, 4, 4 ], 1 ], [ [ 12, 12 ], 16 ], [ [ 12, 12 ], 16 ], [ [ 3, 3, 3, 3, 3, 3, 3, 3 ], 16 ], [ [ 6, 6, 6, 6 ], 16 ], [ [ 3, 3, 3, 3, 3, 3, 3, 3 ], 16 ], [ [ 6, 6, 6, 6 ], 16 ], [ [ 12, 12 ], 16 ], [ [ 12, 12 ], 16 ] ]
302|192|[ 192, 1507 ]|[ [ [ 1, 1, 1, 1, 1, 1, 1, 1, 1, 1, 1, 1, 1, 1, 1, 1, 1, 1, 1, 1, 1, 1, 1, 1 ], 1 ], [ [ 1, 1, 1, 1, 1, 1, 1, 1, 1, 1, 1, 1, 1, 1, 1, 1, 2, 2, 2, 2 ], 3 ], [ [ 1, 1, 1, 1, 1, 1, 1, 1, 2, 2, 2, 2, 2, 2, 2, 2 ], 3 ], [ [ 1, 1, 1, 1, 2, 2, 2, 2, 2, 2, 2, 2, 2, 2 ], 6 ], [ [ 1, 1, 1, 1, 2, 2, 2, 2, 2, 2, 2, 2, 2, 2 ], 6 ], [ [ 1, 1, 1, 1, 2, 2, 2, 2, 2, 2, 2, 2, 2, 2 ], 6 ], [ [ 1, 1, 1, 1, 2, 2, 2, 2, 2, 2, 2, 2, 2, 2 ], 6 ], [ [ 2, 2, 2, 2, 2, 2, 2, 2, 2, 2, 2, 2 ], 1 ], [ [ 4, 4, 4, 4, 4, 4 ], 6 ], [ [ 4, 4, 4, 4, 4, 4 ], 6 ], [ [ 4, 4, 4, 4, 4, 4 ], 6 ], [ [ 4, 4, 4, 4, 4, 4 ], 6 ], [ [ 4, 4, 4, 4, 4, 4 ], 3 ], [ [ 4, 4, 4, 4, 4, 4 ], 3 ], [ [ 4, 4, 4, 4, 4, 4 ], 1 ], [ [ 4, 4, 4, 4, 4, 4 ], 1 ], [ [ 6, 6, 6, 6 ], 16 ], [ [ 3, 3, 3, 3, 3, 3, 3, 3 ], 16 ], [ [ 12, 12 ], 16 ], [ [ 12, 12 ], 16 ], [ [ 12, 12 ], 16 ], [ [ 12, 12 ], 16 ], [ [ 6, 6, 6, 6 ], 16 ], [ [ 3, 3, 3, 3, 3, 3, 3, 3 ], 16 ] ]
303|192|[ 192, 195 ]|[ [ [ 1, 1, 1, 1, 1, 1, 1, 1, 1, 1, 1, 1, 1, 1, 1, 1, 1, 1, 1, 1, 1, 1, 1, 1 ], 1 ], [ [ 1, 1, 1, 1, 1, 1, 1, 1, 1, 1, 1, 1, 1, 1, 1, 1, 2, 2, 2, 2 ], 3 ], [ [ 1, 1, 1, 1, 1, 1, 1, 1, 2, 2, 2, 2, 2, 2, 2, 2 ], 3 ], [ [ 1, 1, 1, 1, 2, 2, 2, 2, 2, 2, 4, 4 ], 12 ], [ [ 1, 1, 1, 1, 2, 2, 2, 2, 2, 2, 4, 4 ], 12 ], [ [ 2, 2, 2, 2, 2, 2, 2, 2, 2, 2, 2, 2 ], 1 ], [ [ 4, 4, 4, 4, 4, 4 ], 12 ], [ [ 4, 4, 4, 4, 4, 4 ], 12 ], [ [ 2, 2, 2, 2, 2, 2, 2, 2, 2, 2, 2, 2 ], 4 ], [ [ 2, 2, 2, 2, 2, 2, 2, 2, 2, 2, 2, 2 ], 4 ], [ [ 6, 6, 6, 6 ], 16 ], [ [ 6, 6, 6, 6 ], 16 ], [ [ 6, 6, 6, 6 ], 16 ], [ [ 3, 3, 3, 3, 3, 3, 3, 3 ], 16 ], [ [ 6, 6, 6, 6 ], 16 ], [ [ 3, 3, 3, 3, 3, 3, 3, 3 ], 16 ], [ [ 6, 6, 6, 6 ], 16 ], [ [ 6, 6, 6, 6 ], 16 ] ]
304|192|[ 192, 196 ]|[ [ [ 1, 1, 1, 1, 1, 1, 1, 1, 1, 1, 1, 1, 1, 1, 1, 1, 1, 1, 1, 1, 1, 1, 1, 1 ], 1 ], [ [ 1, 1, 1, 1, 1, 1, 1, 1, 1, 1, 1, 1, 1, 1, 1, 1, 2, 2, 2, 2 ], 3 ], [ [ 1, 1, 1, 1, 1, 1, 1, 1, 2, 2, 2, 2, 2, 2, 2, 2 ], 3 ], [ [ 1, 1, 1, 1, 1, 1, 1, 1, 4, 4, 4, 4 ], 12 ], [ [ 2, 2, 2, 2, 2, 2, 2, 2, 2, 2, 2, 2 ], 1 ], [ [ 2, 2, 2, 2, 4, 4, 4, 4 ], 12 ], [ [ 4, 4, 4, 4, 4, 4 ], 12 ], [ [ 4, 4, 4, 4, 4, 4 ], 12 ], [ [ 4, 4, 4, 4, 4, 4 ], 4 ], [ [ 4, 4, 4, 4, 4, 4 ], 4 ], [ [ 12, 12 ], 16 ], [ [ 12, 12 ], 16 ], [ [ 6, 6, 6, 6 ], 16 ], [ [ 3, 3, 3, 3, 3, 3, 3, 3 ], 16 ], [ [ 12, 12 ], 16 ], [ [ 12, 12 ], 16 ], [ [ 6, 6, 6, 6 ], 16 ], [ [ 3, 3, 3, 3, 3, 3, 3, 3 ], 16 ] ]
305|192|[ 192, 192 ]|[ [ [ 1, 1, 1, 1, 1, 1, 1, 1, 1, 1, 1, 1, 1, 1, 1, 1, 1, 1, 1, 1, 1, 1, 1, 1 ], 1 ], [ [ 1, 1, 1, 1, 1, 1, 1, 1, 1, 1, 1, 1, 1, 1, 1, 1, 2, 2, 2, 2 ], 3 ], [ [ 1, 1, 1, 1, 1, 1, 1, 1, 2, 2, 2, 2, 2, 2, 2, 2 ], 3 ], [ [ 1, 1, 1, 1, 2, 2, 2, 2, 2, 2, 4, 4 ], 12 ], [ [ 1, 1, 1, 1, 2, 2, 2, 2, 2, 2, 4, 4 ], 12 ], [ [ 2, 2, 2, 2, 2, 2, 2, 2, 2, 2, 2, 2 ], 1 ], [ [ 2, 2, 2, 2, 4, 4, 4, 4 ], 6 ], [ [ 2, 2, 2, 2, 4, 4, 4, 4 ], 6 ], [ [ 2, 2, 2, 2, 4, 4, 4, 4 ], 6 ], [ [ 2, 2, 2, 2, 4, 4, 4, 4 ], 6 ], [ [ 4, 4, 4, 4, 4, 4 ], 4 ], [ [ 4, 4, 4, 4, 4, 4 ], 4 ], [ [ 6, 6, 6, 6 ], 16 ], [ [ 3, 3, 3, 3, 3, 3, 3, 3 ], 16 ], [ [ 12, 12 ], 16 ], [ [ 12, 12 ], 16 ], [ [ 12, 12 ], 16 ], [ [ 12, 12 ], 16 ], [ [ 3, 3, 3, 3, 3, 3, 3, 3 ], 16 ], [ [ 6, 6, 6, 6 ], 16 ] ]
306|192|[ 192, 1001 ]|[ [ [ 1, 1, 1, 1, 1, 1, 1, 1, 1, 1, 1, 1, 1, 1, 1, 1, 1, 1, 1, 1, 1, 1, 1, 1 ], 1 ], [ [ 1, 1, 1, 1, 1, 1, 1, 1, 1, 1, 1, 1, 1, 1, 1, 1, 2, 2, 2, 2 ], 3 ], [ [ 1, 1, 1, 1, 1, 1, 1, 1, 2, 2, 2, 2, 2, 2, 2, 2 ], 3 ], [ [ 1, 1, 1, 1, 2, 2, 4, 4, 4, 4 ], 6 ], [ [ 1, 1, 1, 1, 2, 2, 4, 4, 4, 4 ], 6 ], [ [ 1, 1, 1, 1, 2, 2, 4, 4, 4, 4 ], 6 ], [ [ 1, 1, 1, 1, 2, 2, 4, 4, 4, 4 ], 6 ], [ [ 2, 2, 2, 2, 2, 2, 2, 2, 2, 2, 2, 2 ], 1 ], [ [ 2, 2, 2, 2, 4, 4, 4, 4 ], 12 ], [ [ 2, 2, 2, 2, 4, 4, 4, 4 ], 12 ], [ [ 2, 2, 2, 2, 2, 2, 2, 2, 2, 2, 2, 2 ], 4 ], [ [ 2, 2, 2, 2, 2, 2, 2, 2, 2, 2, 2, 2 ], 4 ], [ [ 6, 6, 6, 6 ], 16 ], [ [ 6, 6, 6, 6 ], 16 ], [ [ 3, 3, 3, 3, 3, 3, 3, 3 ], 16 ], [ [ 6, 6, 6, 6 ], 16 ], [ [ 6, 6, 6, 6 ], 16 ], [ [ 6, 6, 6, 6 ], 16 ], [ [ 3, 3, 3, 3, 3, 3, 3, 3 ], 16 ], [ [ 6, 6, 6, 6 ], 16 ] ]
307|192|[ 192, 198 ]|[ [ [ 1, 1, 1, 1, 1, 1, 1, 1, 1, 1, 1, 1, 1, 1, 1, 1, 1, 1, 1, 1, 1, 1, 1, 1 ], 1 ], [ [ 1, 1, 1, 1, 1, 1, 1, 1, 1, 1, 1, 1, 1, 1, 1, 1, 2, 2, 2, 2 ], 3 ], [ [ 1, 1, 1, 1, 1, 1, 1, 1, 2, 2, 2, 2, 2, 2, 2, 2 ], 3 ], [ [ 1, 1, 1, 1, 2, 2, 2, 2, 2, 2, 4, 4 ], 12 ], [ [ 1, 1, 1, 1, 2, 2, 2, 2, 2, 2, 4, 4 ], 12 ], [ [ 2, 2, 2, 2, 2, 2, 2, 2, 2, 2, 2, 2 ], 1 ], [ [ 4, 4, 4, 4, 4, 4 ], 12 ], [ [ 4, 4, 4, 4, 4, 4 ], 12 ], [ [ 2, 2, 2, 2, 2, 2, 2, 2, 2, 2, 2, 2 ], 4 ], [ [ 2, 2, 2, 2, 2, 2, 2, 2, 2, 2, 2, 2 ], 4 ], [ [ 6, 6, 6, 6 ], 16 ], [ [ 6, 6, 6, 6 ], 16 ], [ [ 6, 6, 6, 6 ], 16 ], [ [ 3, 3, 3, 3, 3, 3, 3, 3 ], 16 ], [ [ 6, 6, 6, 6 ], 16 ], [ [ 6, 6, 6, 6 ], 16 ], [ [ 3, 3, 3, 3, 3, 3, 3, 3 ], 16 ], [ [ 6, 6, 6, 6 ], 16 ] ]
308|192|[ 192, 192 ]|[ [ [ 1, 1, 1, 1, 1, 1, 1, 1, 1, 1, 1, 1, 1, 1, 1, 1, 1, 1, 1, 1, 1, 1, 1, 1 ], 1 ], [ [ 1, 1, 1, 1, 1, 1, 1, 1, 1, 1, 1, 1, 1, 1, 1, 1, 2, 2, 2, 2 ], 3 ], [ [ 1, 1, 1, 1, 1, 1, 1, 1, 2, 2, 2, 2, 2, 2, 2, 2 ], 3 ], [ [ 1, 1, 1, 1, 2, 2, 4, 4, 4, 4 ], 6 ], [ [ 1, 1, 1, 1, 2, 2, 4, 4, 4, 4 ], 6 ], [ [ 1, 1, 1, 1, 2, 2, 4, 4, 4, 4 ], 6 ], [ [ 1, 1, 1, 1, 2, 2, 4, 4, 4, 4 ], 6 ], [ [ 2, 2, 2, 2, 2, 2, 2, 2, 2, 2, 2, 2 ], 1 ], [ [ 2, 2, 2, 2, 2, 2, 2, 2, 4, 4 ], 12 ], [ [ 2, 2, 2, 2, 2, 2, 2, 2, 4, 4 ], 12 ], [ [ 4, 4, 4, 4, 4, 4 ], 4 ], [ [ 4, 4, 4, 4, 4, 4 ], 4 ], [ [ 12, 12 ], 16 ], [ [ 12, 12 ], 16 ], [ [ 3, 3, 3, 3, 3, 3, 3, 3 ], 16 ], [ [ 6, 6, 6, 6 ], 16 ], [ [ 12, 12 ], 16 ], [ [ 12, 12 ], 16 ], [ [ 3, 3, 3, 3, 3, 3, 3, 3 ], 16 ], [ [ 6, 6, 6, 6 ], 16 ] ]
309|192|[ 192, 190 ]|[ [ [ 1, 1, 1, 1, 1, 1, 1, 1, 1, 1, 1, 1, 1, 1, 1, 1, 1, 1, 1, 1, 1, 1, 1, 1 ], 1 ], [ [ 1, 1, 1, 1, 1, 1, 1, 1, 1, 1, 1, 1, 1, 1, 1, 1, 2, 2, 2, 2 ], 3 ], [ [ 1, 1, 1, 1, 1, 1, 1, 1, 2, 2, 2, 2, 2, 2, 2, 2 ], 3 ], [ [ 1, 1, 1, 1, 2, 2, 2, 2, 2, 2, 4, 4 ], 6 ], [ [ 1, 1, 1, 1, 2, 2, 2, 2, 2, 2, 4, 4 ], 6 ], [ [ 1, 1, 1, 1, 2, 2, 2, 2, 2, 2, 4, 4 ], 6 ], [ [ 1, 1, 1, 1, 2, 2, 2, 2, 2, 2, 4, 4 ], 6 ], [ [ 2, 2, 2, 2, 2, 2, 2, 2, 2, 2, 2, 2 ], 1 ], [ [ 2, 2, 2, 2, 4, 4, 4, 4 ], 6 ], [ [ 2, 2, 2, 2, 4, 4, 4, 4 ], 6 ], [ [ 2, 2, 2, 2, 4, 4, 4, 4 ], 6 ], [ [ 2, 2, 2, 2, 4, 4, 4, 4 ], 6 ], [ [ 4, 4, 4, 4, 4, 4 ], 3 ], [ [ 4, 4, 4, 4, 4, 4 ], 1 ], [ [ 4, 4, 4, 4, 4, 4 ], 3 ], [ [ 4, 4, 4, 4, 4, 4 ], 1 ], [ [ 12, 12 ], 16 ], [ [ 12, 12 ], 16 ], [ [ 6, 6, 6, 6 ], 16 ], [ [ 3, 3, 3, 3, 3, 3, 3, 3 ], 16 ], [ [ 12, 12 ], 16 ], [ [ 12, 12 ], 16 ], [ [ 3, 3, 3, 3, 3, 3, 3, 3 ], 16 ], [ [ 6, 6, 6, 6 ], 16 ] ]
310|192|[ 192, 199 ]|[ [ [ 1, 1, 1, 1, 1, 1, 1, 1, 1, 1, 1, 1, 1, 1, 1, 1, 1, 1, 1, 1, 1, 1, 1, 1 ], 1 ], [ [ 1, 1, 1, 1, 1, 1, 1, 1, 1, 1, 1, 1, 1, 1, 1, 1, 2, 2, 2, 2 ], 3 ], [ [ 1, 1, 1, 1, 1, 1, 1, 1, 2, 2, 2, 2, 2, 2, 2, 2 ], 3 ], [ [ 1, 1, 1, 1, 2, 2, 2, 2, 2, 2, 4, 4 ], 12 ], [ [ 1, 1, 1, 1, 2, 2, 2, 2, 2, 2, 4, 4 ], 12 ], [ [ 2, 2, 2, 2, 2, 2, 2, 2, 2, 2, 2, 2 ], 1 ], [ [ 2, 2, 2, 2, 4, 4, 4, 4 ], 12 ], [ [ 2, 2, 2, 2, 4, 4, 4, 4 ], 12 ], [ [ 4, 4, 4, 4, 4, 4 ], 4 ], [ [ 4, 4, 4, 4, 4, 4 ], 4 ], [ [ 12, 12 ], 16 ], [ [ 12, 12 ], 16 ], [ [ 3, 3, 3, 3, 3, 3, 3, 3 ], 16 ], [ [ 6, 6, 6, 6 ], 16 ], [ [ 12, 12 ], 16 ], [ [ 12, 12 ], 16 ], [ [ 3, 3, 3, 3, 3, 3, 3, 3 ], 16 ], [ [ 6, 6, 6, 6 ], 16 ] ]
311|192|[ 192, 193 ]|[ [ [ 1, 1, 1, 1, 1, 1, 1, 1, 1, 1, 1, 1, 1, 1, 1, 1, 1, 1, 1, 1, 1, 1, 1, 1 ], 1 ], [ [ 1, 1, 1, 1, 1, 1, 1, 1, 1, 1, 1, 1, 1, 1, 1, 1, 2, 2, 2, 2 ], 3 ], [ [ 1, 1, 1, 1, 1, 1, 1, 1, 2, 2, 2, 2, 2, 2, 2, 2 ], 3 ], [ [ 1, 1, 1, 1, 1, 1, 1, 1, 4, 4, 4, 4 ], 6 ], [ [ 1, 1, 1, 1, 1, 1, 1, 1, 4, 4, 4, 4 ], 6 ], [ [ 2, 2, 2, 2, 2, 2, 2, 2, 2, 2, 2, 2 ], 1 ], [ [ 2, 2, 2, 2, 4, 4, 4, 4 ], 6 ], [ [ 2, 2, 2, 2, 4, 4, 4, 4 ], 6 ], [ [ 4, 4, 4, 4, 4, 4 ], 12 ], [ [ 4, 4, 4, 4, 4, 4 ], 12 ], [ [ 4, 4, 4, 4, 4, 4 ], 4 ], [ [ 4, 4, 4, 4, 4, 4 ], 4 ], [ [ 12, 12 ], 16 ], [ [ 12, 12 ], 16 ], [ [ 3, 3, 3, 3, 3, 3, 3, 3 ], 16 ], [ [ 6, 6, 6, 6 ], 16 ], [ [ 12, 12 ], 16 ], [ [ 12, 12 ], 16 ], [ [ 3, 3, 3, 3, 3, 3, 3, 3 ], 16 ], [ [ 6, 6, 6, 6 ], 16 ] ]
312|192|[ 192, 199 ]|[ [ [ 1, 1, 1, 1, 1, 1, 1, 1, 1, 1, 1, 1, 1, 1, 1, 1, 1, 1, 1, 1, 1, 1, 1, 1 ], 1 ], [ [ 1, 1, 1, 1, 1, 1, 1, 1, 1, 1, 1, 1, 1, 1, 1, 1, 2, 2, 2, 2 ], 3 ], [ [ 1, 1, 1, 1, 1, 1, 1, 1, 2, 2, 2, 2, 2, 2, 2, 2 ], 3 ], [ [ 1, 1, 1, 1, 2, 2, 2, 2, 2, 2, 4, 4 ], 12 ], [ [ 1, 1, 1, 1, 2, 2, 2, 2, 2, 2, 4, 4 ], 12 ], [ [ 2, 2, 2, 2, 2, 2, 2, 2, 2, 2, 2, 2 ], 1 ], [ [ 2, 2, 2, 2, 4, 4, 4, 4 ], 12 ], [ [ 2, 2, 2, 2, 4, 4, 4, 4 ], 12 ], [ [ 4, 4, 4, 4, 4, 4 ], 4 ], [ [ 4, 4, 4, 4, 4, 4 ], 4 ], [ [ 12, 12 ], 16 ], [ [ 12, 12 ], 16 ], [ [ 6, 6, 6, 6 ], 16 ], [ [ 3, 3, 3, 3, 3, 3, 3, 3 ], 16 ], [ [ 12, 12 ], 16 ], [ [ 12, 12 ], 16 ], [ [ 3, 3, 3, 3, 3, 3, 3, 3 ], 16 ], [ [ 6, 6, 6, 6 ], 16 ] ]
313|192|[ 192, 181 ]|[ [ [ 1, 1, 1, 1, 1, 1, 1, 1, 1, 1, 1, 1, 1, 1, 1, 1, 1, 1, 1, 1, 1, 1, 1, 1 ], 1 ], [ [ 1, 1, 1, 1, 1, 1, 1, 1, 1, 1, 1, 1, 1, 1, 1, 1, 2, 2, 2, 2 ], 3 ], [ [ 1, 1, 1, 1, 1, 1, 1, 1, 2, 2, 2, 2, 2, 2, 2, 2 ], 3 ], [ [ 1, 1, 2, 2, 2, 2, 2, 2, 2, 2, 2, 2, 2 ], 24 ], [ [ 1, 1, 2, 2, 2, 4, 4, 4, 4 ], 24 ], [ [ 2, 2, 2, 2, 2, 2, 2, 2, 2, 2, 2, 2 ], 1 ], [ [ 2, 2, 2, 2, 2, 2, 2, 2, 4, 4 ], 12 ], [ [ 2, 2, 2, 2, 2, 2, 2, 2, 4, 4 ], 6 ], [ [ 2, 2, 2, 2, 2, 2, 2, 2, 4, 4 ], 6 ], [ [ 4, 4, 4, 4, 8 ], 12 ], [ [ 4, 4, 4, 4, 8 ], 12 ], [ [ 4, 4, 4, 4, 8 ], 12 ], [ [ 4, 4, 4, 4, 8 ], 12 ], [ [ 3, 3, 3, 3, 3, 3, 3, 3 ], 32 ], [ [ 6, 6, 6, 6 ], 32 ] ]
314|192|[ 192, 1490 ]|[ [ [ 1, 1, 1, 1, 1, 1, 1, 1, 1, 1, 1, 1, 1, 1, 1, 1, 1, 1, 1, 1, 1, 1, 1, 1 ], 1 ], [ [ 1, 1, 1, 1, 1, 1, 1, 1, 1, 1, 1, 1, 1, 1, 1, 1, 2, 2, 2, 2 ], 3 ], [ [ 1, 1, 1, 1, 1, 1, 1, 1, 2, 2, 2, 2, 2, 2, 2, 2 ], 3 ], [ [ 1, 1, 2, 2, 2, 4, 4, 4, 4 ], 24 ], [ [ 1, 1, 2, 2, 2, 2, 2, 2, 2, 2, 2, 2, 2 ], 24 ], [ [ 2, 2, 2, 2, 2, 2, 2, 2, 2, 2, 2, 2 ], 1 ], [ [ 4, 4, 4, 4, 4, 4 ], 12 ], [ [ 4, 4, 4, 4, 4, 4 ], 6 ], [ [ 4, 4, 4, 4, 4, 4 ], 6 ], [ [ 8, 8, 8 ], 12 ], [ [ 8, 8, 8 ], 12 ], [ [ 8, 8, 8 ], 12 ], [ [ 8, 8, 8 ], 12 ], [ [ 6, 6, 6, 6 ], 32 ], [ [ 3, 3, 3, 3, 3, 3, 3, 3 ], 32 ] ]
315|192|[ 192, 181 ]|[ [ [ 1, 1, 1, 1, 1, 1, 1, 1, 1, 1, 1, 1, 1, 1, 1, 1, 1, 1, 1, 1, 1, 1, 1, 1 ], 1 ], [ [ 1, 1, 1, 1, 1, 1, 1, 1, 1, 1, 1, 1, 1, 1, 1, 1, 2, 2, 2, 2 ], 3 ], [ [ 1, 1, 1, 1, 1, 1, 1, 1, 2, 2, 2, 2, 2, 2, 2, 2 ], 3 ], [ [ 1, 1, 1, 1, 2, 2, 2, 2, 2, 2, 4, 4 ], 12 ], [ [ 1, 1, 1, 1, 2, 2, 2, 2, 2, 2, 4, 4 ], 6 ], [ [ 1, 1, 1, 1, 2, 2, 2, 2, 2, 2, 4, 4 ], 6 ], [ [ 2, 2, 2, 2, 2, 2, 2, 2, 2, 2, 2, 2 ], 1 ], [ [ 2, 2, 2, 2, 4, 4, 4, 4 ], 24 ], [ [ 2, 2, 2, 2, 2, 2, 2, 2, 2, 2, 2, 2 ], 24 ], [ [ 2, 2, 4, 4, 4, 8 ], 12 ], [ [ 2, 2, 4, 4, 4, 8 ], 12 ], [ [ 2, 2, 4, 4, 4, 8 ], 12 ], [ [ 2, 2, 4, 4, 4, 8 ], 12 ], [ [ 6, 6, 6, 6 ], 32 ], [ [ 3, 3, 3, 3, 3, 3, 3, 3 ], 32 ] ]
316|192|[ 192, 180 ]|[ [ [ 1, 1, 1, 1, 1, 1, 1, 1, 1, 1, 1, 1, 1, 1, 1, 1, 1, 1, 1, 1, 1, 1, 1, 1 ], 1 ], [ [ 1, 1, 1, 1, 1, 1, 1, 1, 1, 1, 1, 1, 1, 1, 1, 1, 2, 2, 2, 2 ], 3 ], [ [ 1, 1, 1, 1, 1, 1, 1, 1, 2, 2, 2, 2, 2, 2, 2, 2 ], 3 ], [ [ 1, 1, 1, 1, 2, 2, 2, 2, 2, 2, 4, 4 ], 12 ], [ [ 1, 1, 1, 1, 2, 2, 2, 2, 2, 2, 4, 4 ], 6 ], [ [ 1, 1, 1, 1, 2, 2, 2, 2, 2, 2, 4, 4 ], 6 ], [ [ 2, 2, 2, 2, 2, 2, 2, 2, 2, 2, 2, 2 ], 1 ], [ [ 2, 2, 2, 2, 2, 2, 2, 2, 4, 4 ], 24 ], [ [ 4, 4, 4, 4, 4, 4 ], 24 ], [ [ 2, 2, 4, 4, 4, 8 ], 12 ], [ [ 2, 2, 4, 4, 4, 8 ], 12 ], [ [ 2, 2, 4, 4, 4, 8 ], 12 ], [ [ 2, 2, 4, 4, 4, 8 ], 12 ], [ [ 6, 6, 6, 6 ], 32 ], [ [ 3, 3, 3, 3, 3, 3, 3, 3 ], 32 ] ]
317|192|[ 192, 182 ]|[ [ [ 1, 1, 1, 1, 1, 1, 1, 1, 1, 1, 1, 1, 1, 1, 1, 1, 1, 1, 1, 1, 1, 1, 1, 1 ], 1 ], [ [ 1, 1, 1, 1, 1, 1, 1, 1, 1, 1, 1, 1, 1, 1, 1, 1, 2, 2, 2, 2 ], 3 ], [ [ 1, 1, 1, 1, 1, 1, 1, 1, 2, 2, 2, 2, 2, 2, 2, 2 ], 3 ], [ [ 1, 1, 1, 1, 1, 1, 1, 1, 4, 4, 4, 4 ], 6 ], [ [ 1, 1, 1, 1, 1, 1, 1, 1, 4, 4, 4, 4 ], 3 ], [ [ 1, 1, 1, 1, 1, 1, 1, 1, 4, 4, 4, 4 ], 3 ], [ [ 2, 2, 2, 2, 2, 2, 2, 2, 2, 2, 2, 2 ], 1 ], [ [ 2, 2, 2, 2, 4, 4, 4, 4 ], 6 ], [ [ 2, 2, 2, 2, 4, 4, 4, 4 ], 3 ], [ [ 2, 2, 2, 2, 4, 4, 4, 4 ], 3 ], [ [ 4, 4, 8, 8 ], 12 ], [ [ 4, 4, 8, 8 ], 12 ], [ [ 4, 4, 8, 8 ], 12 ], [ [ 4, 4, 8, 8 ], 12 ], [ [ 2, 2, 2, 2, 2, 2, 2, 2, 4, 4 ], 12 ], [ [ 4, 4, 4, 4, 4, 4 ], 12 ], [ [ 2, 2, 2, 2, 2, 2, 2, 2, 4, 4 ], 12 ], [ [ 4, 4, 4, 4, 4, 4 ], 12 ], [ [ 3, 3, 3, 3, 3, 3, 3, 3 ], 32 ], [ [ 6, 6, 6, 6 ], 32 ] ]
318|192|[ 192, 1473 ]|[ [ [ 1, 1, 1, 1, 1, 1, 1, 1, 1, 1, 1, 1, 1, 1, 1, 1, 1, 1, 1, 1, 1, 1, 1, 1 ], 1 ], [ [ 1, 1, 1, 1, 1, 1, 1, 1, 1, 1, 1, 1, 1, 1, 1, 1, 2, 2, 2, 2 ], 3 ], [ [ 1, 1, 1, 1, 1, 1, 1, 1, 2, 2, 2, 2, 2, 2, 2, 2 ], 3 ], [ [ 1, 1, 1, 1, 2, 2, 2, 2, 2, 2, 2, 2, 2, 2 ], 12 ], [ [ 1, 1, 1, 1, 2, 2, 4, 4, 4, 4 ], 12 ], [ [ 2, 2, 2, 2, 2, 2, 2, 2, 2, 2, 2, 2 ], 1 ], [ [ 2, 2, 2, 2, 2, 2, 2, 2, 2, 2, 2, 2 ], 6 ], [ [ 2, 2, 2, 2, 2, 2, 2, 2, 2, 2, 2, 2 ], 2 ], [ [ 2, 2, 2, 2, 2, 2, 2, 2, 4, 4 ], 12 ], [ [ 4, 4, 4, 4, 4, 4 ], 12 ], [ [ 4, 4, 4, 4, 4, 4 ], 12 ], [ [ 2, 2, 2, 2, 2, 2, 2, 2, 4, 4 ], 12 ], [ [ 2, 2, 2, 2, 2, 2, 2, 2, 2, 2, 2, 2 ], 6 ], [ [ 2, 2, 2, 2, 2, 2, 2, 2, 2, 2, 2, 2 ], 2 ], [ [ 4, 4, 4, 4, 4, 4 ], 6 ], [ [ 2, 2, 2, 2, 2, 2, 2, 2, 4, 4 ], 6 ], [ [ 4, 4, 4, 4, 4, 4 ], 6 ], [ [ 4, 4, 4, 4, 4, 4 ], 2 ], [ [ 4, 4, 4, 4, 4, 4 ], 6 ], [ [ 2, 2, 2, 2, 2, 2, 2, 2, 4, 4 ], 6 ], [ [ 6, 6, 6, 6 ], 16 ], [ [ 12, 12 ], 16 ], [ [ 3, 3, 3, 3, 3, 3, 3, 3 ], 8 ], [ [ 6, 6, 6, 6 ], 8 ], [ [ 6, 6, 6, 6 ], 16 ] ]
319|192|[ 192, 1471 ]|[ [ [ 1, 1, 1, 1, 1, 1, 1, 1, 1, 1, 1, 1, 1, 1, 1, 1, 1, 1, 1, 1, 1, 1, 1, 1 ], 1 ], [ [ 1, 1, 1, 1, 1, 1, 1, 1, 1, 1, 1, 1, 1, 1, 1, 1, 2, 2, 2, 2 ], 3 ], [ [ 1, 1, 1, 1, 1, 1, 1, 1, 2, 2, 2, 2, 2, 2, 2, 2 ], 3 ], [ [ 1, 1, 1, 1, 2, 2, 2, 2, 2, 2, 2, 2, 2, 2 ], 12 ], [ [ 1, 1, 1, 1, 2, 2, 4, 4, 4, 4 ], 12 ], [ [ 2, 2, 2, 2, 2, 2, 2, 2, 2, 2, 2, 2 ], 1 ], [ [ 2, 2, 2, 2, 2, 2, 2, 2, 2, 2, 2, 2 ], 12 ], [ [ 2, 2, 2, 2, 4, 4, 4, 4 ], 12 ], [ [ 4, 4, 4, 4, 4, 4 ], 2 ], [ [ 4, 4, 4, 4, 4, 4 ], 6 ], [ [ 2, 2, 2, 2, 2, 2, 2, 2, 2, 2, 2, 2 ], 6 ], [ [ 2, 2, 2, 2, 2, 2, 2, 2, 2, 2, 2, 2 ], 2 ], [ [ 2, 2, 2, 2, 2, 2, 2, 2, 4, 4 ], 12 ], [ [ 4, 4, 4, 4, 4, 4 ], 12 ], [ [ 4, 4, 4, 4, 4, 4 ], 12 ], [ [ 2, 2, 2, 2, 2, 2, 2, 2, 4, 4 ], 12 ], [ [ 4, 4, 4, 4, 4, 4 ], 3 ], [ [ 4, 4, 4, 4, 4, 4 ], 3 ], [ [ 4, 4, 4, 4, 4, 4 ], 1 ], [ [ 4, 4, 4, 4, 4, 4 ], 1 ], [ [ 6, 6, 6, 6 ], 8 ], [ [ 6, 6, 6, 6 ], 8 ], [ [ 12, 12 ], 8 ], [ [ 12, 12 ], 8 ], [ [ 3, 3, 3, 3, 3, 3, 3, 3 ], 8 ], [ [ 6, 6, 6, 6 ], 8 ], [ [ 12, 12 ], 8 ], [ [ 12, 12 ], 8 ] ]
320|192|[ 192, 1478 ]|[ [ [ 1, 1, 1, 1, 1, 1, 1, 1, 1, 1, 1, 1, 1, 1, 1, 1, 1, 1, 1, 1, 1, 1, 1, 1 ], 1 ], [ [ 1, 1, 1, 1, 1, 1, 1, 1, 1, 1, 1, 1, 1, 1, 1, 1, 2, 2, 2, 2 ], 3 ], [ [ 1, 1, 1, 1, 1, 1, 1, 1, 2, 2, 2, 2, 2, 2, 2, 2 ], 3 ], [ [ 1, 1, 1, 1, 2, 2, 2, 2, 2, 2, 2, 2, 2, 2 ], 12 ], [ [ 1, 1, 1, 1, 2, 2, 4, 4, 4, 4 ], 12 ], [ [ 2, 2, 2, 2, 2, 2, 2, 2, 2, 2, 2, 2 ], 1 ], [ [ 2, 2, 2, 2, 2, 2, 2, 2, 2, 2, 2, 2 ], 12 ], [ [ 2, 2, 2, 2, 4, 4, 4, 4 ], 12 ], [ [ 4, 4, 4, 4, 4, 4 ], 6 ], [ [ 4, 4, 4, 4, 4, 4 ], 2 ], [ [ 4, 4, 4, 4, 4, 4 ], 2 ], [ [ 4, 4, 4, 4, 4, 4 ], 6 ], [ [ 2, 2, 2, 2, 4, 4, 4, 4 ], 12 ], [ [ 2, 2, 2, 2, 2, 2, 2, 2, 2, 2, 2, 2 ], 12 ], [ [ 4, 4, 4, 4, 4, 4 ], 6 ], [ [ 2, 2, 2, 2, 2, 2, 2, 2, 4, 4 ], 6 ], [ [ 4, 4, 4, 4, 4, 4 ], 6 ], [ [ 4, 4, 4, 4, 4, 4 ], 2 ], [ [ 4, 4, 4, 4, 4, 4 ], 6 ], [ [ 2, 2, 2, 2, 2, 2, 2, 2, 4, 4 ], 6 ], [ [ 12, 12 ], 16 ], [ [ 12, 12 ], 16 ], [ [ 3, 3, 3, 3, 3, 3, 3, 3 ], 8 ], [ [ 6, 6, 6, 6 ], 8 ], [ [ 12, 12 ], 16 ] ]
321|192|[ 192, 1477 ]|[ [ [ 1, 1, 1, 1, 1, 1, 1, 1, 1, 1, 1, 1, 1, 1, 1, 1, 1, 1, 1, 1, 1, 1, 1, 1 ], 1 ], [ [ 1, 1, 1, 1, 1, 1, 1, 1, 1, 1, 1, 1, 1, 1, 1, 1, 2, 2, 2, 2 ], 3 ], [ [ 1, 1, 1, 1, 1, 1, 1, 1, 2, 2, 2, 2, 2, 2, 2, 2 ], 3 ], [ [ 1, 1, 1, 1, 1, 1, 1, 1, 4, 4, 4, 4 ], 6 ], [ [ 1, 1, 1, 1, 1, 1, 1, 1, 2, 2, 2, 2, 2, 2, 2, 2 ], 6 ], [ [ 2, 2, 2, 2, 2, 2, 2, 2, 2, 2, 2, 2 ], 1 ], [ [ 2, 2, 2, 2, 4, 4, 4, 4 ], 6 ], [ [ 2, 2, 2, 2, 2, 2, 2, 2, 2, 2, 2, 2 ], 6 ], [ [ 4, 4, 4, 4, 4, 4 ], 6 ], [ [ 4, 4, 4, 4, 4, 4 ], 2 ], [ [ 2, 2, 2, 2, 2, 2, 2, 2, 4, 4 ], 12 ], [ [ 4, 4, 4, 4, 4, 4 ], 12 ], [ [ 4, 4, 4, 4, 4, 4 ], 6 ], [ [ 4, 4, 4, 4, 4, 4 ], 2 ], [ [ 2, 2, 2, 2, 2, 2, 2, 2, 4, 4 ], 12 ], [ [ 4, 4, 4, 4, 4, 4 ], 12 ], [ [ 4, 4, 4, 4, 4, 4 ], 2 ], [ [ 4, 4, 4, 4, 4, 4 ], 6 ], [ [ 4, 4, 4, 4, 4, 4 ], 12 ], [ [ 2, 2, 2, 2, 2, 2, 2, 2, 4, 4 ], 12 ], [ [ 12, 12 ], 16 ], [ [ 12, 12 ], 16 ], [ [ 6, 6, 6, 6 ], 8 ], [ [ 3, 3, 3, 3, 3, 3, 3, 3 ], 8 ], [ [ 12, 12 ], 16 ] ]
322|192|[ 192, 958 ]|[ [ [ 1, 1, 1, 1, 1, 1, 1, 1, 1, 1, 1, 1, 1, 1, 1, 1, 1, 1, 1, 1, 1, 1, 1, 1 ], 1 ], [ [ 1, 1, 1, 1, 1, 1, 1, 1, 1, 1, 1, 1, 1, 1, 1, 1, 2, 2, 2, 2 ], 3 ], [ [ 1, 1, 1, 1, 1, 1, 1, 1, 2, 2, 2, 2, 2, 2, 2, 2 ], 3 ], [ [ 1, 1, 1, 1, 1, 1, 1, 1, 4, 4, 4, 4 ], 6 ], [ [ 1, 1, 1, 1, 1, 1, 1, 1, 2, 2, 2, 2, 2, 2, 2, 2 ], 6 ], [ [ 2, 2, 2, 2, 2, 2, 2, 2, 2, 2, 2, 2 ], 1 ], [ [ 2, 2, 2, 2, 4, 4, 4, 4 ], 6 ], [ [ 2, 2, 2, 2, 2, 2, 2, 2, 2, 2, 2, 2 ], 6 ], [ [ 8, 8, 8 ], 3 ], [ [ 8, 8, 8 ], 3 ], [ [ 8, 8, 8 ], 1 ], [ [ 8, 8, 8 ], 6 ], [ [ 8, 8, 8 ], 6 ], [ [ 8, 8, 8 ], 1 ], [ [ 8, 8, 8 ], 6 ], [ [ 8, 8, 8 ], 6 ], [ [ 4, 4, 4, 4, 4, 4 ], 3 ], [ [ 4, 4, 4, 4, 4, 4 ], 1 ], [ [ 4, 4, 4, 4, 4, 4 ], 3 ], [ [ 4, 4, 4, 4, 4, 4 ], 6 ], [ [ 2, 2, 2, 2, 2, 2, 2, 2, 4, 4 ], 6 ], [ [ 4, 4, 4, 4, 4, 4 ], 1 ], [ [ 4, 4, 4, 4, 4, 4 ], 6 ], [ [ 2, 2, 2, 2, 2, 2, 2, 2, 4, 4 ], 6 ], [ [ 8, 8, 8 ], 3 ], [ [ 8, 8, 8 ], 3 ], [ [ 8, 8, 8 ], 1 ], [ [ 8, 8, 8 ], 6 ], [ [ 8, 8, 8 ], 6 ], [ [ 8, 8, 8 ], 1 ], [ [ 8, 8, 8 ], 6 ], [ [ 8, 8, 8 ], 6 ], [ [ 12, 12 ], 8 ], [ [ 12, 12 ], 8 ], [ [ 24 ], 8 ], [ [ 24 ], 8 ], [ [ 3, 3, 3, 3, 3, 3, 3, 3 ], 8 ], [ [ 6, 6, 6, 6 ], 8 ], [ [ 24 ], 8 ], [ [ 24 ], 8 ] ]
323|192|[ 192, 959 ]|[ [ [ 1, 1, 1, 1, 1, 1, 1, 1, 1, 1, 1, 1, 1, 1, 1, 1, 1, 1, 1, 1, 1, 1, 1, 1 ], 1 ], [ [ 1, 1, 1, 1, 1, 1, 1, 1, 1, 1, 1, 1, 1, 1, 1, 1, 2, 2, 2, 2 ], 3 ], [ [ 1, 1, 1, 1, 1, 1, 1, 1, 2, 2, 2, 2, 2, 2, 2, 2 ], 3 ], [ [ 1, 1, 1, 1, 2, 2, 2, 2, 2, 2, 2, 2, 2, 2 ], 12 ], [ [ 1, 1, 1, 1, 2, 2, 4, 4, 4, 4 ], 12 ], [ [ 2, 2, 2, 2, 2, 2, 2, 2, 2, 2, 2, 2 ], 1 ], [ [ 8, 8, 8 ], 6 ], [ [ 8, 8, 8 ], 2 ], [ [ 8, 8, 8 ], 12 ], [ [ 8, 8, 8 ], 12 ], [ [ 2, 2, 2, 2, 2, 2, 2, 2, 4, 4 ], 12 ], [ [ 4, 4, 4, 4, 4, 4 ], 12 ], [ [ 4, 4, 4, 4, 4, 4 ], 3 ], [ [ 4, 4, 4, 4, 4, 4 ], 1 ], [ [ 4, 4, 4, 4, 4, 4 ], 3 ], [ [ 4, 4, 4, 4, 4, 4 ], 1 ], [ [ 8, 8, 8 ], 6 ], [ [ 8, 8, 8 ], 2 ], [ [ 8, 8, 8 ], 12 ], [ [ 8, 8, 8 ], 12 ], [ [ 12, 12 ], 8 ], [ [ 12, 12 ], 8 ], [ [ 24 ], 8 ], [ [ 24 ], 8 ], [ [ 3, 3, 3, 3, 3, 3, 3, 3 ], 8 ], [ [ 6, 6, 6, 6 ], 8 ], [ [ 24 ], 8 ], [ [ 24 ], 8 ] ]
324|192|[ 192, 961 ]|[ [ [ 1, 1, 1, 1, 1, 1, 1, 1, 1, 1, 1, 1, 1, 1, 1, 1, 1, 1, 1, 1, 1, 1, 1, 1 ], 1 ], [ [ 1, 1, 1, 1, 1, 1, 1, 1, 1, 1, 1, 1, 1, 1, 1, 1, 2, 2, 2, 2 ], 3 ], [ [ 1, 1, 1, 1, 1, 1, 1, 1, 2, 2, 2, 2, 2, 2, 2, 2 ], 3 ], [ [ 1, 1, 2, 2, 2, 4, 4, 4, 4 ], 24 ], [ [ 1, 1, 2, 2, 2, 2, 2, 2, 2, 2, 2, 2, 2 ], 24 ], [ [ 2, 2, 2, 2, 2, 2, 2, 2, 2, 2, 2, 2 ], 1 ], [ [ 2, 2, 2, 2, 2, 2, 2, 2, 2, 2, 2, 2 ], 24 ], [ [ 2, 2, 2, 2, 4, 4, 4, 4 ], 24 ], [ [ 8, 8, 8 ], 6 ], [ [ 8, 8, 8 ], 2 ], [ [ 8, 8, 8 ], 6 ], [ [ 8, 8, 8 ], 2 ], [ [ 4, 4, 4, 4, 4, 4 ], 6 ], [ [ 4, 4, 4, 4, 4, 4 ], 2 ], [ [ 12, 12 ], 8 ], [ [ 12, 12 ], 8 ], [ [ 24 ], 8 ], [ [ 24 ], 8 ], [ [ 6, 6, 6, 6 ], 8 ], [ [ 3, 3, 3, 3, 3, 3, 3, 3 ], 8 ], [ [ 24 ], 8 ], [ [ 24 ], 8 ] ]
325|192|[ 192, 960 ]|[ [ [ 1, 1, 1, 1, 1, 1, 1, 1, 1, 1, 1, 1, 1, 1, 1, 1, 1, 1, 1, 1, 1, 1, 1, 1 ], 1 ], [ [ 1, 1, 1, 1, 1, 1, 1, 1, 1, 1, 1, 1, 1, 1, 1, 1, 2, 2, 2, 2 ], 3 ], [ [ 1, 1, 1, 1, 1, 1, 1, 1, 2, 2, 2, 2, 2, 2, 2, 2 ], 3 ], [ [ 1, 1, 2, 2, 2, 2, 2, 2, 2, 2, 2, 2, 2 ], 24 ], [ [ 1, 1, 2, 2, 2, 4, 4, 4, 4 ], 24 ], [ [ 2, 2, 2, 2, 2, 2, 2, 2, 2, 2, 2, 2 ], 1 ], [ [ 2, 2, 2, 2, 2, 2, 2, 2, 4, 4 ], 24 ], [ [ 4, 4, 4, 4, 4, 4 ], 24 ], [ [ 8, 8, 8 ], 6 ], [ [ 8, 8, 8 ], 2 ], [ [ 8, 8, 8 ], 6 ], [ [ 8, 8, 8 ], 2 ], [ [ 4, 4, 4, 4, 4, 4 ], 6 ], [ [ 4, 4, 4, 4, 4, 4 ], 2 ], [ [ 12, 12 ], 8 ], [ [ 12, 12 ], 8 ], [ [ 24 ], 8 ], [ [ 24 ], 8 ], [ [ 6, 6, 6, 6 ], 8 ], [ [ 3, 3, 3, 3, 3, 3, 3, 3 ], 8 ], [ [ 24 ], 8 ], [ [ 24 ], 8 ] ]
326|192|[ 192, 976 ]|[ [ [ 1, 1, 1, 1, 1, 1, 1, 1, 1, 1, 1, 1, 1, 1, 1, 1, 1, 1, 1, 1, 1, 1, 1, 1 ], 1 ], [ [ 1, 1, 1, 1, 1, 1, 1, 1, 1, 1, 1, 1, 1, 1, 1, 1, 2, 2, 2, 2 ], 3 ], [ [ 1, 1, 1, 1, 1, 1, 1, 1, 2, 2, 2, 2, 2, 2, 2, 2 ], 3 ], [ [ 1, 1, 2, 2, 2, 4, 4, 4, 4 ], 24 ], [ [ 1, 1, 2, 2, 2, 2, 2, 2, 2, 2, 2, 2, 2 ], 24 ], [ [ 2, 2, 2, 2, 2, 2, 2, 2, 2, 2, 2, 2 ], 1 ], [ [ 4, 4, 4, 4, 4, 4 ], 12 ], [ [ 4, 4, 4, 4, 4, 4 ], 4 ], [ [ 8, 8, 8 ], 12 ], [ [ 8, 8, 8 ], 12 ], [ [ 8, 8, 8 ], 12 ], [ [ 8, 8, 8 ], 12 ], [ [ 4, 4, 4, 4, 4, 4 ], 6 ], [ [ 4, 4, 4, 4, 4, 4 ], 2 ], [ [ 12, 12 ], 16 ], [ [ 12, 12 ], 16 ], [ [ 6, 6, 6, 6 ], 8 ], [ [ 3, 3, 3, 3, 3, 3, 3, 3 ], 8 ], [ [ 12, 12 ], 16 ] ]
327|192|[ 192, 974 ]|[ [ [ 1, 1, 1, 1, 1, 1, 1, 1, 1, 1, 1, 1, 1, 1, 1, 1, 1, 1, 1, 1, 1, 1, 1, 1 ], 1 ], [ [ 1, 1, 1, 1, 1, 1, 1, 1, 1, 1, 1, 1, 1, 1, 1, 1, 2, 2, 2, 2 ], 3 ], [ [ 1, 1, 1, 1, 1, 1, 1, 1, 2, 2, 2, 2, 2, 2, 2, 2 ], 3 ], [ [ 1, 1, 2, 2, 2, 4, 4, 4, 4 ], 24 ], [ [ 1, 1, 2, 2, 2, 2, 2, 2, 2, 2, 2, 2, 2 ], 24 ], [ [ 2, 2, 2, 2, 2, 2, 2, 2, 2, 2, 2, 2 ], 1 ], [ [ 2, 2, 2, 2, 2, 2, 2, 2, 2, 2, 2, 2 ], 12 ], [ [ 2, 2, 2, 2, 2, 2, 2, 2, 2, 2, 2, 2 ], 4 ], [ [ 8, 8, 8 ], 12 ], [ [ 8, 8, 8 ], 12 ], [ [ 8, 8, 8 ], 12 ], [ [ 8, 8, 8 ], 12 ], [ [ 4, 4, 4, 4, 4, 4 ], 6 ], [ [ 4, 4, 4, 4, 4, 4 ], 2 ], [ [ 12, 12 ], 16 ], [ [ 6, 6, 6, 6 ], 16 ], [ [ 6, 6, 6, 6 ], 8 ], [ [ 3, 3, 3, 3, 3, 3, 3, 3 ], 8 ], [ [ 6, 6, 6, 6 ], 16 ] ]
328|192|[ 192, 1014 ]|[ [ [ 1, 1, 1, 1, 1, 1, 1, 1, 1, 1, 1, 1, 1, 1, 1, 1, 1, 1, 1, 1, 1, 1, 1, 1 ], 1 ], [ [ 1, 1, 1, 1, 1, 1, 1, 1, 1, 1, 1, 1, 1, 1, 1, 1, 2, 2, 2, 2 ], 3 ], [ [ 1, 1, 1, 1, 1, 1, 1, 1, 2, 2, 2, 2, 2, 2, 2, 2 ], 3 ], [ [ 1, 1, 1, 1, 1, 1, 2, 2, 2, 2, 2, 2, 2, 2, 2 ], 12 ], [ [ 1, 1, 1, 1, 1, 1, 2, 2, 2, 2, 2, 2, 2, 2, 2 ], 4 ], [ [ 2, 2, 2, 2, 2, 2, 2, 2, 2, 2, 2, 2 ], 1 ], [ [ 2, 2, 2, 2, 2, 2, 2, 2, 2, 2, 2, 2 ], 12 ], [ [ 2, 2, 2, 2, 2, 2, 2, 2, 2, 2, 2, 2 ], 4 ], [ [ 8, 8, 8 ], 2 ], [ [ 8, 8, 8 ], 6 ], [ [ 8, 8, 8 ], 6 ], [ [ 8, 8, 8 ], 2 ], [ [ 4, 4, 4, 4, 4, 4 ], 2 ], [ [ 4, 4, 4, 4, 4, 4 ], 6 ], [ [ 12, 12 ], 8 ], [ [ 3, 3, 6, 6, 6 ], 16 ], [ [ 6, 6, 6, 6 ], 16 ], [ [ 24 ], 8 ], [ [ 24 ], 8 ], [ [ 3, 3, 3, 3, 3, 3, 3, 3 ], 4 ], [ [ 6, 6, 6, 6 ], 4 ], [ [ 24 ], 8 ], [ [ 24 ], 8 ], [ [ 6, 6, 6, 6 ], 16 ], [ [ 3, 3, 6, 6, 6 ], 16 ], [ [ 3, 3, 3, 3, 3, 3, 3, 3 ], 4 ], [ [ 6, 6, 6, 6 ], 4 ], [ [ 12, 12 ], 8 ] ]
329|192|[ 192, 1015 ]|[ [ [ 1, 1, 1, 1, 1, 1, 1, 1, 1, 1, 1, 1, 1, 1, 1, 1, 1, 1, 1, 1, 1, 1, 1, 1 ], 1 ], [ [ 1, 1, 1, 1, 1, 1, 1, 1, 1, 1, 1, 1, 1, 1, 1, 1, 2, 2, 2, 2 ], 3 ], [ [ 1, 1, 1, 1, 1, 1, 1, 1, 2, 2, 2, 2, 2, 2, 2, 2 ], 3 ], [ [ 1, 1, 1, 1, 1, 1, 2, 2, 2, 2, 2, 2, 2, 2, 2 ], 12 ], [ [ 1, 1, 1, 1, 1, 1, 2, 2, 2, 2, 2, 2, 2, 2, 2 ], 4 ], [ [ 2, 2, 2, 2, 2, 2, 2, 2, 2, 2, 2, 2 ], 1 ], [ [ 4, 4, 4, 4, 4, 4 ], 12 ], [ [ 4, 4, 4, 4, 4, 4 ], 4 ], [ [ 8, 8, 8 ], 6 ], [ [ 8, 8, 8 ], 2 ], [ [ 8, 8, 8 ], 6 ], [ [ 8, 8, 8 ], 2 ], [ [ 4, 4, 4, 4, 4, 4 ], 2 ], [ [ 4, 4, 4, 4, 4, 4 ], 6 ], [ [ 12, 12 ], 8 ], [ [ 3, 3, 6, 6, 6 ], 16 ], [ [ 12, 12 ], 16 ], [ [ 24 ], 8 ], [ [ 24 ], 8 ], [ [ 3, 3, 3, 3, 3, 3, 3, 3 ], 4 ], [ [ 6, 6, 6, 6 ], 4 ], [ [ 24 ], 8 ], [ [ 24 ], 8 ], [ [ 12, 12 ], 16 ], [ [ 3, 3, 6, 6, 6 ], 16 ], [ [ 3, 3, 3, 3, 3, 3, 3, 3 ], 4 ], [ [ 6, 6, 6, 6 ], 4 ], [ [ 12, 12 ], 8 ] ]
330|192|[ 192, 974 ]|[ [ [ 1, 1, 1, 1, 1, 1, 1, 1, 1, 1, 1, 1, 1, 1, 1, 1, 1, 1, 1, 1, 1, 1, 1, 1 ], 1 ], [ [ 1, 1, 1, 1, 1, 1, 1, 1, 1, 1, 1, 1, 1, 1, 1, 1, 2, 2, 2, 2 ], 3 ], [ [ 1, 1, 1, 1, 1, 1, 1, 1, 2, 2, 2, 2, 2, 2, 2, 2 ], 3 ], [ [ 1, 1, 1, 1, 1, 1, 2, 2, 2, 2, 2, 2, 2, 2, 2 ], 12 ], [ [ 1, 1, 1, 1, 1, 1, 2, 2, 2, 2, 2, 2, 2, 2, 2 ], 4 ], [ [ 2, 2, 2, 2, 2, 2, 2, 2, 2, 2, 2, 2 ], 1 ], [ [ 2, 2, 2, 2, 2, 2, 2, 2, 2, 2, 2, 2 ], 24 ], [ [ 2, 2, 2, 2, 4, 4, 4, 4 ], 24 ], [ [ 8, 8, 8 ], 12 ], [ [ 8, 8, 8 ], 12 ], [ [ 8, 8, 8 ], 12 ], [ [ 8, 8, 8 ], 12 ], [ [ 4, 4, 4, 4, 4, 4 ], 6 ], [ [ 4, 4, 4, 4, 4, 4 ], 2 ], [ [ 12, 12 ], 16 ], [ [ 3, 3, 6, 6, 6 ], 16 ], [ [ 3, 3, 6, 6, 6 ], 16 ], [ [ 3, 3, 3, 3, 3, 3, 3, 3 ], 8 ], [ [ 6, 6, 6, 6 ], 8 ] ]
331|192|[ 192, 973 ]|[ [ [ 1, 1, 1, 1, 1, 1, 1, 1, 1, 1, 1, 1, 1, 1, 1, 1, 1, 1, 1, 1, 1, 1, 1, 1 ], 1 ], [ [ 1, 1, 1, 1, 1, 1, 1, 1, 1, 1, 1, 1, 1, 1, 1, 1, 2, 2, 2, 2 ], 3 ], [ [ 1, 1, 1, 1, 1, 1, 1, 1, 2, 2, 2, 2, 2, 2, 2, 2 ], 3 ], [ [ 1, 1, 1, 1, 1, 1, 2, 2, 2, 2, 2, 2, 2, 2, 2 ], 12 ], [ [ 1, 1, 1, 1, 1, 1, 2, 2, 2, 2, 2, 2, 2, 2, 2 ], 4 ], [ [ 2, 2, 2, 2, 2, 2, 2, 2, 2, 2, 2, 2 ], 1 ], [ [ 4, 4, 4, 4, 4, 4 ], 24 ], [ [ 2, 2, 2, 2, 2, 2, 2, 2, 4, 4 ], 24 ], [ [ 8, 8, 8 ], 12 ], [ [ 8, 8, 8 ], 12 ], [ [ 8, 8, 8 ], 12 ], [ [ 8, 8, 8 ], 12 ], [ [ 4, 4, 4, 4, 4, 4 ], 6 ], [ [ 4, 4, 4, 4, 4, 4 ], 2 ], [ [ 12, 12 ], 16 ], [ [ 3, 3, 6, 6, 6 ], 16 ], [ [ 3, 3, 6, 6, 6 ], 16 ], [ [ 3, 3, 3, 3, 3, 3, 3, 3 ], 8 ], [ [ 6, 6, 6, 6 ], 8 ] ]
332|192|[ 192, 1494 ]|[ [ [ 1, 1, 1, 1, 1, 1, 1, 1, 1, 1, 1, 1, 1, 1, 1, 1, 1, 1, 1, 1, 1, 1, 1, 1 ], 1 ], [ [ 1, 1, 1, 1, 1, 1, 1, 1, 1, 1, 1, 1, 2, 2, 2, 2, 2, 2 ], 6 ], [ [ 1, 1, 1, 1, 2, 2, 2, 2, 4, 4, 4 ], 12 ], [ [ 1, 1, 2, 2, 2, 2, 2, 2, 2, 2, 2, 2, 2 ], 24 ], [ [ 2, 2, 2, 2, 2, 2, 2, 2, 2, 2, 2, 2 ], 1 ], [ [ 2, 2, 2, 2, 2, 2, 4, 4, 4 ], 12 ], [ [ 6, 6, 6, 6 ], 32 ], [ [ 3, 3, 3, 3, 3, 3, 3, 3 ], 32 ], [ [ 8, 8, 8 ], 24 ], [ [ 8, 8, 8 ], 24 ], [ [ 2, 2, 2, 2, 2, 2, 2, 2, 2, 2, 2, 2 ], 12 ], [ [ 4, 4, 4, 4, 4, 4 ], 6 ], [ [ 4, 4, 4, 4, 4, 4 ], 6 ] ]
333|192|[ 192, 1493 ]|[ [ [ 1, 1, 1, 1, 1, 1, 1, 1, 1, 1, 1, 1, 1, 1, 1, 1, 1, 1, 1, 1, 1, 1, 1, 1 ], 1 ], [ [ 1, 1, 1, 1, 1, 1, 1, 1, 1, 1, 1, 1, 2, 2, 2, 2, 2, 2 ], 6 ], [ [ 1, 1, 2, 2, 2, 2, 2, 4, 4, 4 ], 24 ], [ [ 1, 1, 1, 1, 2, 2, 2, 2, 2, 2, 2, 2, 2, 2 ], 12 ], [ [ 2, 2, 2, 2, 2, 2, 2, 2, 2, 2, 2, 2 ], 1 ], [ [ 2, 2, 2, 2, 2, 2, 2, 2, 2, 2, 2, 2 ], 12 ], [ [ 6, 6, 6, 6 ], 32 ], [ [ 3, 3, 3, 3, 3, 3, 3, 3 ], 32 ], [ [ 4, 4, 4, 4, 4, 4 ], 24 ], [ [ 4, 4, 4, 4, 4, 4 ], 24 ], [ [ 2, 2, 2, 2, 2, 2, 2, 2, 2, 2, 2, 2 ], 6 ], [ [ 2, 2, 2, 2, 2, 2, 2, 2, 2, 2, 2, 2 ], 6 ], [ [ 4, 4, 4, 4, 4, 4 ], 12 ] ]
334|192|[ 192, 803 ]|[ [ [ 1, 1, 1, 1, 1, 1, 1, 1, 1, 1, 1, 1, 1, 1, 1, 1, 1, 1, 1, 1, 1, 1, 1, 1 ], 1 ], [ [ 1, 1, 1, 1, 1, 1, 1, 1, 1, 1, 1, 1, 2, 2, 2, 2, 2, 2 ], 2 ], [ [ 1, 1, 1, 1, 1, 1, 1, 1, 1, 1, 1, 1, 2, 2, 2, 2, 2, 2 ], 2 ], [ [ 1, 1, 1, 1, 1, 1, 1, 1, 1, 1, 1, 1, 2, 2, 2, 2, 2, 2 ], 2 ], [ [ 1, 1, 2, 2, 2, 2, 2, 2, 2, 2, 2, 2, 2 ], 12 ], [ [ 1, 1, 1, 1, 1, 1, 2, 2, 2, 2, 2, 2, 2, 2, 2 ], 12 ], [ [ 2, 2, 2, 2, 2, 2, 2, 2, 2, 2, 2, 2 ], 1 ], [ [ 3, 3, 3, 3, 6, 6 ], 4 ], [ [ 3, 3, 3, 3, 6, 6 ], 4 ], [ [ 6, 6, 6, 6 ], 2 ], [ [ 3, 3, 3, 3, 6, 6 ], 4 ], [ [ 3, 3, 3, 3, 3, 3, 3, 3 ], 2 ], [ [ 12, 12 ], 4 ], [ [ 12, 12 ], 4 ], [ [ 6, 6, 6, 6 ], 4 ], [ [ 6, 6, 6, 6 ], 4 ], [ [ 2, 2, 2, 2, 2, 2, 4, 4, 4 ], 24 ], [ [ 2, 2, 2, 2, 2, 2, 2, 2, 2, 2, 2, 2 ], 4 ], [ [ 4, 4, 4, 4, 4, 4 ], 4 ], [ [ 6, 6, 6, 6 ], 4 ], [ [ 12, 12 ], 4 ], [ [ 6, 6, 6, 6 ], 4 ], [ [ 12, 12 ], 4 ], [ [ 2, 2, 2, 2, 2, 2, 4, 4, 4 ], 24 ], [ [ 4, 4, 4, 4, 4, 4 ], 4 ], [ [ 2, 2, 2, 2, 2, 2, 2, 2, 2, 2, 2, 2 ], 4 ], [ [ 2, 2, 2, 2, 2, 2, 2, 2, 2, 2, 2, 2 ], 4 ], [ [ 4, 4, 4, 4, 4, 4 ], 4 ], [ [ 2, 2, 2, 2, 2, 2, 4, 4, 4 ], 24 ], [ [ 6, 6, 6, 6 ], 4 ], [ [ 12, 12 ], 4 ], [ [ 12, 12 ], 4 ], [ [ 6, 6, 6, 6 ], 4 ] ]
335|192|[ 192, 1524 ]|[ [ [ 1, 1, 1, 1, 1, 1, 1, 1, 1, 1, 1, 1, 1, 1, 1, 1, 1, 1, 1, 1, 1, 1, 1, 1 ], 1 ], [ [ 1, 1, 1, 1, 1, 1, 1, 1, 1, 1, 1, 1, 2, 2, 2, 2, 2, 2 ], 2 ], [ [ 1, 1, 1, 1, 1, 1, 1, 1, 1, 1, 1, 1, 2, 2, 2, 2, 2, 2 ], 2 ], [ [ 1, 1, 1, 1, 1, 1, 1, 1, 1, 1, 1, 1, 2, 2, 2, 2, 2, 2 ], 2 ], [ [ 1, 1, 1, 1, 1, 1, 1, 1, 2, 2, 2, 2, 2, 2, 2, 2 ], 3 ], [ [ 1, 1, 1, 1, 2, 2, 2, 2, 2, 2, 2, 2, 2, 2 ], 6 ], [ [ 1, 1, 1, 1, 2, 2, 2, 2, 2, 2, 2, 2, 2, 2 ], 6 ], [ [ 1, 1, 1, 1, 2, 2, 2, 2, 2, 2, 2, 2, 2, 2 ], 6 ], [ [ 2, 2, 2, 2, 2, 2, 2, 2, 2, 2, 2, 2 ], 1 ], [ [ 2, 2, 2, 2, 2, 2, 2, 2, 2, 2, 2, 2 ], 3 ], [ [ 3, 3, 3, 3, 6, 6 ], 4 ], [ [ 3, 3, 3, 3, 6, 6 ], 4 ], [ [ 3, 3, 3, 3, 6, 6 ], 4 ], [ [ 6, 6, 6, 6 ], 2 ], [ [ 3, 3, 3, 3, 3, 3, 3, 3 ], 2 ], [ [ 12, 12 ], 4 ], [ [ 12, 12 ], 4 ], [ [ 6, 6, 6, 6 ], 4 ], [ [ 6, 6, 6, 6 ], 4 ], [ [ 2, 2, 2, 2, 2, 2, 2, 2, 2, 2, 2, 2 ], 6 ], [ [ 2, 2, 2, 2, 2, 2, 2, 2, 2, 2, 2, 2 ], 6 ], [ [ 4, 4, 4, 4, 4, 4 ], 6 ], [ [ 4, 4, 4, 4, 4, 4 ], 6 ], [ [ 2, 2, 2, 2, 2, 2, 2, 2, 2, 2, 2, 2 ], 2 ], [ [ 2, 2, 2, 2, 2, 2, 2, 2, 2, 2, 2, 2 ], 2 ], [ [ 4, 4, 4, 4, 4, 4 ], 2 ], [ [ 4, 4, 4, 4, 4, 4 ], 2 ], [ [ 6, 6, 6, 6 ], 4 ], [ [ 12, 12 ], 4 ], [ [ 6, 6, 6, 6 ], 4 ], [ [ 12, 12 ], 4 ], [ [ 2, 2, 2, 2, 2, 2, 2, 2, 2, 2, 2, 2 ], 6 ], [ [ 4, 4, 4, 4, 4, 4 ], 6 ], [ [ 2, 2, 2, 2, 2, 2, 2, 2, 2, 2, 2, 2 ], 6 ], [ [ 4, 4, 4, 4, 4, 4 ], 6 ], [ [ 2, 2, 2, 2, 2, 2, 2, 2, 2, 2, 2, 2 ], 2 ], [ [ 4, 4, 4, 4, 4, 4 ], 2 ], [ [ 2, 2, 2, 2, 2, 2, 2, 2, 2, 2, 2, 2 ], 2 ], [ [ 4, 4, 4, 4, 4, 4 ], 2 ], [ [ 2, 2, 2, 2, 2, 2, 2, 2, 2, 2, 2, 2 ], 2 ], [ [ 4, 4, 4, 4, 4, 4 ], 2 ], [ [ 4, 4, 4, 4, 4, 4 ], 2 ], [ [ 2, 2, 2, 2, 2, 2, 2, 2, 2, 2, 2, 2 ], 2 ], [ [ 2, 2, 2, 2, 2, 2, 2, 2, 2, 2, 2, 2 ], 6 ], [ [ 4, 4, 4, 4, 4, 4 ], 6 ], [ [ 4, 4, 4, 4, 4, 4 ], 6 ], [ [ 2, 2, 2, 2, 2, 2, 2, 2, 2, 2, 2, 2 ], 6 ], [ [ 12, 12 ], 4 ], [ [ 6, 6, 6, 6 ], 4 ], [ [ 6, 6, 6, 6 ], 4 ], [ [ 12, 12 ], 4 ] ]
336|192|[ 192, 300 ]|[ [ [ 1, 1, 1, 1, 1, 1, 1, 1, 1, 1, 1, 1, 1, 1, 1, 1, 1, 1, 1, 1, 1, 1, 1, 1 ], 1 ], [ [ 1, 1, 1, 1, 1, 1, 1, 1, 1, 1, 1, 1, 2, 2, 2, 2, 2, 2 ], 2 ], [ [ 1, 1, 1, 1, 1, 1, 1, 1, 1, 1, 1, 1, 2, 2, 2, 2, 2, 2 ], 2 ], [ [ 1, 1, 1, 1, 1, 1, 1, 1, 1, 1, 1, 1, 2, 2, 2, 2, 2, 2 ], 2 ], [ [ 1, 1, 2, 2, 2, 2, 2, 2, 2, 2, 2, 2, 2 ], 12 ], [ [ 1, 1, 1, 1, 1, 1, 2, 2, 2, 2, 2, 2, 2, 2, 2 ], 12 ], [ [ 2, 2, 2, 2, 2, 2, 2, 2, 2, 2, 2, 2 ], 1 ], [ [ 3, 3, 3, 3, 6, 6 ], 4 ], [ [ 3, 3, 3, 3, 3, 3, 3, 3 ], 2 ], [ [ 3, 3, 3, 3, 6, 6 ], 4 ], [ [ 3, 3, 3, 3, 6, 6 ], 4 ], [ [ 6, 6, 6, 6 ], 2 ], [ [ 6, 6, 6, 6 ], 8 ], [ [ 12, 12 ], 8 ], [ [ 2, 2, 2, 2, 2, 2, 4, 4, 4 ], 24 ], [ [ 2, 2, 2, 2, 2, 2, 2, 2, 2, 2, 2, 2 ], 4 ], [ [ 4, 4, 4, 4, 4, 4 ], 4 ], [ [ 6, 6, 12 ], 8 ], [ [ 6, 6, 12 ], 8 ], [ [ 2, 2, 2, 2, 2, 2, 2, 2, 2, 2, 2, 2 ], 12 ], [ [ 4, 4, 4, 4, 4, 4 ], 12 ], [ [ 2, 2, 2, 2, 2, 2, 4, 4, 4 ], 8 ], [ [ 2, 2, 2, 2, 2, 2, 4, 4, 4 ], 8 ], [ [ 2, 2, 2, 2, 2, 2, 2, 2, 2, 2, 2, 2 ], 12 ], [ [ 4, 4, 4, 4, 4, 4 ], 12 ], [ [ 6, 6, 12 ], 8 ], [ [ 6, 6, 12 ], 8 ] ]
337|192|[ 192, 302 ]|[ [ [ 1, 1, 1, 1, 1, 1, 1, 1, 1, 1, 1, 1, 1, 1, 1, 1, 1, 1, 1, 1, 1, 1, 1, 1 ], 1 ], [ [ 1, 1, 1, 1, 1, 1, 1, 1, 1, 1, 1, 1, 2, 2, 2, 2, 2, 2 ], 2 ], [ [ 1, 1, 1, 1, 1, 1, 1, 1, 1, 1, 1, 1, 2, 2, 2, 2, 2, 2 ], 2 ], [ [ 1, 1, 1, 1, 1, 1, 1, 1, 1, 1, 1, 1, 2, 2, 2, 2, 2, 2 ], 2 ], [ [ 1, 1, 1, 1, 1, 1, 1, 1, 2, 2, 2, 2, 2, 2, 2, 2 ], 3 ], [ [ 1, 1, 1, 1, 2, 2, 2, 2, 2, 2, 2, 2, 2, 2 ], 6 ], [ [ 1, 1, 1, 1, 2, 2, 2, 2, 2, 2, 2, 2, 2, 2 ], 6 ], [ [ 1, 1, 1, 1, 2, 2, 2, 2, 2, 2, 2, 2, 2, 2 ], 6 ], [ [ 2, 2, 2, 2, 2, 2, 2, 2, 2, 2, 2, 2 ], 1 ], [ [ 2, 2, 2, 2, 2, 2, 2, 2, 2, 2, 2, 2 ], 3 ], [ [ 3, 3, 3, 3, 6, 6 ], 4 ], [ [ 3, 3, 3, 3, 6, 6 ], 4 ], [ [ 3, 3, 3, 3, 6, 6 ], 4 ], [ [ 6, 6, 6, 6 ], 2 ], [ [ 3, 3, 3, 3, 3, 3, 3, 3 ], 2 ], [ [ 12, 12 ], 8 ], [ [ 6, 6, 6, 6 ], 8 ], [ [ 2, 2, 2, 2, 2, 2, 2, 2, 2, 2, 2, 2 ], 12 ], [ [ 4, 4, 4, 4, 4, 4 ], 12 ], [ [ 2, 2, 2, 2, 2, 2, 2, 2, 2, 2, 2, 2 ], 4 ], [ [ 4, 4, 4, 4, 4, 4 ], 4 ], [ [ 6, 6, 12 ], 8 ], [ [ 6, 6, 12 ], 8 ], [ [ 2, 2, 2, 2, 2, 2, 4, 4, 4 ], 12 ], [ [ 2, 2, 2, 2, 2, 2, 4, 4, 4 ], 12 ], [ [ 2, 2, 2, 2, 2, 2, 4, 4, 4 ], 4 ], [ [ 2, 2, 2, 2, 2, 2, 4, 4, 4 ], 4 ], [ [ 2, 2, 2, 2, 2, 2, 4, 4, 4 ], 4 ], [ [ 2, 2, 2, 2, 2, 2, 4, 4, 4 ], 4 ], [ [ 2, 2, 2, 2, 2, 2, 4, 4, 4 ], 12 ], [ [ 2, 2, 2, 2, 2, 2, 4, 4, 4 ], 12 ], [ [ 6, 6, 12 ], 8 ], [ [ 6, 6, 12 ], 8 ] ]
338|192|[ 192, 34 ]|[ [ [ 1, 1, 1, 1, 1, 1, 1, 1, 1, 1, 1, 1, 1, 1, 1, 1, 1, 1, 1, 1, 1, 1, 1, 1 ], 1 ], [ [ 1, 1, 1, 1, 1, 1, 1, 1, 1, 1, 1, 1, 2, 2, 2, 2, 2, 2 ], 4 ], [ [ 1, 1, 1, 1, 1, 1, 1, 1, 1, 1, 1, 1, 2, 2, 2, 2, 2, 2 ], 2 ], [ [ 1, 1, 1, 1, 1, 1, 2, 2, 2, 2, 2, 2, 2, 2, 2 ], 12 ], [ [ 1, 1, 2, 2, 2, 2, 2, 2, 2, 2, 2, 2, 2 ], 12 ], [ [ 2, 2, 2, 2, 2, 2, 2, 2, 2, 2, 2, 2 ], 1 ], [ [ 3, 3, 3, 3, 6, 6 ], 4 ], [ [ 3, 3, 3, 3, 6, 6 ], 8 ], [ [ 3, 3, 3, 3, 3, 3, 3, 3 ], 2 ], [ [ 6, 6, 6, 6 ], 2 ], [ [ 8, 8, 8 ], 8 ], [ [ 4, 4, 4, 4, 4, 4 ], 24 ], [ [ 24 ], 8 ], [ [ 24 ], 8 ], [ [ 6, 6, 6, 6 ], 8 ], [ [ 12, 12 ], 4 ], [ [ 12, 12 ], 4 ], [ [ 2, 2, 2, 2, 2, 2, 4, 4, 4 ], 24 ], [ [ 2, 2, 2, 2, 2, 2, 2, 2, 2, 2, 2, 2 ], 4 ], [ [ 4, 4, 4, 4, 4, 4 ], 4 ], [ [ 24 ], 8 ], [ [ 24 ], 8 ], [ [ 4, 4, 4, 4, 4, 4 ], 24 ], [ [ 8, 8, 8 ], 8 ] ]
339|192|[ 192, 303 ]|[ [ [ 1, 1, 1, 1, 1, 1, 1, 1, 1, 1, 1, 1, 1, 1, 1, 1, 1, 1, 1, 1, 1, 1, 1, 1 ], 1 ], [ [ 1, 1, 1, 1, 1, 1, 1, 1, 1, 1, 1, 1, 2, 2, 2, 2, 2, 2 ], 4 ], [ [ 1, 1, 1, 1, 1, 1, 1, 1, 1, 1, 1, 1, 2, 2, 2, 2, 2, 2 ], 2 ], [ [ 1, 1, 1, 1, 2, 2, 2, 2, 2, 2, 2, 2, 2, 2 ], 12 ], [ [ 1, 1, 1, 1, 1, 1, 1, 1, 2, 2, 2, 2, 2, 2, 2, 2 ], 3 ], [ [ 1, 1, 1, 1, 2, 2, 2, 2, 2, 2, 2, 2, 2, 2 ], 6 ], [ [ 2, 2, 2, 2, 2, 2, 2, 2, 2, 2, 2, 2 ], 1 ], [ [ 2, 2, 2, 2, 2, 2, 2, 2, 2, 2, 2, 2 ], 3 ], [ [ 3, 3, 3, 3, 3, 3, 3, 3 ], 2 ], [ [ 3, 3, 3, 3, 6, 6 ], 8 ], [ [ 3, 3, 3, 3, 6, 6 ], 4 ], [ [ 6, 6, 6, 6 ], 2 ], [ [ 8, 8, 8 ], 4 ], [ [ 8, 8, 8 ], 4 ], [ [ 8, 8, 8 ], 12 ], [ [ 8, 8, 8 ], 12 ], [ [ 24 ], 8 ], [ [ 24 ], 8 ], [ [ 6, 6, 6, 6 ], 8 ], [ [ 12, 12 ], 4 ], [ [ 12, 12 ], 4 ], [ [ 2, 2, 2, 2, 2, 2, 2, 2, 2, 2, 2, 2 ], 12 ], [ [ 4, 4, 4, 4, 4, 4 ], 6 ], [ [ 4, 4, 4, 4, 4, 4 ], 6 ], [ [ 2, 2, 2, 2, 2, 2, 2, 2, 2, 2, 2, 2 ], 4 ], [ [ 4, 4, 4, 4, 4, 4 ], 2 ], [ [ 4, 4, 4, 4, 4, 4 ], 2 ], [ [ 24 ], 8 ], [ [ 24 ], 8 ], [ [ 8, 8, 8 ], 12 ], [ [ 8, 8, 8 ], 12 ], [ [ 8, 8, 8 ], 4 ], [ [ 8, 8, 8 ], 4 ] ]
340|192|[ 192, 30 ]|[ [ [ 1, 1, 1, 1, 1, 1, 1, 1, 1, 1, 1, 1, 1, 1, 1, 1, 1, 1, 1, 1, 1, 1, 1, 1 ], 1 ], [ [ 1, 1, 1, 1, 1, 1, 1, 1, 1, 1, 1, 1, 2, 2, 2, 2, 2, 2 ], 4 ], [ [ 1, 1, 1, 1, 1, 1, 1, 1, 1, 1, 1, 1, 2, 2, 2, 2, 2, 2 ], 2 ], [ [ 1, 1, 1, 1, 1, 1, 2, 2, 2, 2, 2, 2, 2, 2, 2 ], 12 ], [ [ 1, 1, 2, 2, 2, 2, 2, 2, 2, 2, 2, 2, 2 ], 12 ], [ [ 2, 2, 2, 2, 2, 2, 2, 2, 2, 2, 2, 2 ], 1 ], [ [ 3, 3, 3, 3, 6, 6 ], 4 ], [ [ 3, 3, 3, 3, 6, 6 ], 8 ], [ [ 3, 3, 3, 3, 3, 3, 3, 3 ], 2 ], [ [ 6, 6, 6, 6 ], 2 ], [ [ 4, 4, 4, 4, 4, 4 ], 8 ], [ [ 8, 8, 8 ], 24 ], [ [ 12, 12 ], 8 ], [ [ 12, 12 ], 8 ], [ [ 6, 6, 6, 6 ], 4 ], [ [ 12, 12 ], 8 ], [ [ 6, 6, 6, 6 ], 4 ], [ [ 2, 2, 2, 2, 2, 2, 4, 4, 4 ], 24 ], [ [ 2, 2, 2, 2, 2, 2, 2, 2, 2, 2, 2, 2 ], 4 ], [ [ 4, 4, 4, 4, 4, 4 ], 4 ], [ [ 12, 12 ], 8 ], [ [ 12, 12 ], 8 ], [ [ 8, 8, 8 ], 24 ], [ [ 4, 4, 4, 4, 4, 4 ], 8 ] ]
341|192|[ 192, 302 ]|[ [ [ 1, 1, 1, 1, 1, 1, 1, 1, 1, 1, 1, 1, 1, 1, 1, 1, 1, 1, 1, 1, 1, 1, 1, 1 ], 1 ], [ [ 1, 1, 1, 1, 1, 1, 1, 1, 1, 1, 1, 1, 2, 2, 2, 2, 2, 2 ], 4 ], [ [ 1, 1, 1, 1, 1, 1, 1, 1, 1, 1, 1, 1, 2, 2, 2, 2, 2, 2 ], 2 ], [ [ 1, 1, 1, 1, 2, 2, 2, 2, 2, 2, 2, 2, 2, 2 ], 12 ], [ [ 1, 1, 1, 1, 1, 1, 1, 1, 2, 2, 2, 2, 2, 2, 2, 2 ], 3 ], [ [ 1, 1, 1, 1, 2, 2, 2, 2, 2, 2, 2, 2, 2, 2 ], 6 ], [ [ 2, 2, 2, 2, 2, 2, 2, 2, 2, 2, 2, 2 ], 1 ], [ [ 2, 2, 2, 2, 2, 2, 2, 2, 2, 2, 2, 2 ], 3 ], [ [ 3, 3, 3, 3, 3, 3, 3, 3 ], 2 ], [ [ 3, 3, 3, 3, 6, 6 ], 8 ], [ [ 3, 3, 3, 3, 6, 6 ], 4 ], [ [ 6, 6, 6, 6 ], 2 ], [ [ 4, 4, 4, 4, 4, 4 ], 4 ], [ [ 4, 4, 4, 4, 4, 4 ], 4 ], [ [ 4, 4, 4, 4, 4, 4 ], 12 ], [ [ 4, 4, 4, 4, 4, 4 ], 12 ], [ [ 12, 12 ], 8 ], [ [ 12, 12 ], 8 ], [ [ 6, 6, 6, 6 ], 4 ], [ [ 12, 12 ], 8 ], [ [ 6, 6, 6, 6 ], 4 ], [ [ 2, 2, 2, 2, 2, 2, 2, 2, 2, 2, 2, 2 ], 6 ], [ [ 4, 4, 4, 4, 4, 4 ], 12 ], [ [ 2, 2, 2, 2, 2, 2, 2, 2, 2, 2, 2, 2 ], 6 ], [ [ 2, 2, 2, 2, 2, 2, 2, 2, 2, 2, 2, 2 ], 2 ], [ [ 4, 4, 4, 4, 4, 4 ], 4 ], [ [ 2, 2, 2, 2, 2, 2, 2, 2, 2, 2, 2, 2 ], 2 ], [ [ 12, 12 ], 8 ], [ [ 12, 12 ], 8 ], [ [ 4, 4, 4, 4, 4, 4 ], 12 ], [ [ 4, 4, 4, 4, 4, 4 ], 12 ], [ [ 4, 4, 4, 4, 4, 4 ], 4 ], [ [ 4, 4, 4, 4, 4, 4 ], 4 ] ]
342|192|[ 192, 34 ]|[ [ [ 1, 1, 1, 1, 1, 1, 1, 1, 1, 1, 1, 1, 1, 1, 1, 1, 1, 1, 1, 1, 1, 1, 1, 1 ], 1 ], [ [ 1, 1, 1, 1, 1, 1, 1, 1, 1, 1, 1, 1, 2, 2, 2, 2, 2, 2 ], 4 ], [ [ 1, 1, 1, 1, 1, 1, 1, 1, 1, 1, 1, 1, 2, 2, 2, 2, 2, 2 ], 2 ], [ [ 1, 1, 1, 1, 2, 2, 2, 2, 2, 2, 2, 2, 2, 2 ], 12 ], [ [ 1, 1, 2, 2, 2, 2, 2, 4, 4, 4 ], 24 ], [ [ 2, 2, 2, 2, 2, 2, 2, 2, 2, 2, 2, 2 ], 1 ], [ [ 2, 2, 2, 2, 2, 2, 2, 2, 2, 2, 2, 2 ], 12 ], [ [ 3, 3, 3, 3, 3, 3, 3, 3 ], 2 ], [ [ 3, 3, 3, 3, 6, 6 ], 8 ], [ [ 3, 3, 3, 3, 6, 6 ], 4 ], [ [ 6, 6, 6, 6 ], 2 ], [ [ 8, 8, 8 ], 8 ], [ [ 8, 8, 8 ], 8 ], [ [ 2, 2, 2, 2, 2, 2, 4, 4, 4 ], 24 ], [ [ 2, 2, 2, 2, 2, 2, 4, 4, 4 ], 24 ], [ [ 24 ], 8 ], [ [ 24 ], 8 ], [ [ 24 ], 8 ], [ [ 24 ], 8 ], [ [ 6, 6, 6, 6 ], 8 ], [ [ 12, 12 ], 4 ], [ [ 12, 12 ], 4 ], [ [ 4, 4, 4, 4, 4, 4 ], 4 ], [ [ 2, 2, 2, 2, 2, 2, 2, 2, 2, 2, 2, 2 ], 4 ] ]
343|192|[ 192, 306 ]|[ [ [ 1, 1, 1, 1, 1, 1, 1, 1, 1, 1, 1, 1, 1, 1, 1, 1, 1, 1, 1, 1, 1, 1, 1, 1 ], 1 ], [ [ 1, 1, 1, 1, 1, 1, 1, 1, 1, 1, 1, 1, 2, 2, 2, 2, 2, 2 ], 4 ], [ [ 1, 1, 1, 1, 1, 1, 1, 1, 1, 1, 1, 1, 2, 2, 2, 2, 2, 2 ], 2 ], [ [ 1, 1, 1, 1, 2, 2, 2, 2, 4, 4, 4 ], 12 ], [ [ 1, 1, 2, 2, 2, 2, 2, 2, 2, 2, 2, 2, 2 ], 24 ], [ [ 2, 2, 2, 2, 2, 2, 2, 2, 2, 2, 2, 2 ], 1 ], [ [ 2, 2, 2, 2, 2, 2, 4, 4, 4 ], 12 ], [ [ 3, 3, 3, 3, 6, 6 ], 4 ], [ [ 3, 3, 3, 3, 6, 6 ], 8 ], [ [ 3, 3, 3, 3, 3, 3, 3, 3 ], 2 ], [ [ 6, 6, 6, 6 ], 2 ], [ [ 8, 8, 8 ], 8 ], [ [ 8, 8, 8 ], 8 ], [ [ 2, 2, 2, 2, 2, 2, 2, 2, 2, 2, 2, 2 ], 12 ], [ [ 2, 2, 2, 2, 2, 2, 2, 2, 2, 2, 2, 2 ], 12 ], [ [ 4, 4, 4, 4, 4, 4 ], 12 ], [ [ 4, 4, 4, 4, 4, 4 ], 12 ], [ [ 24 ], 8 ], [ [ 24 ], 8 ], [ [ 24 ], 8 ], [ [ 24 ], 8 ], [ [ 6, 6, 6, 6 ], 8 ], [ [ 12, 12 ], 4 ], [ [ 12, 12 ], 4 ], [ [ 4, 4, 4, 4, 4, 4 ], 2 ], [ [ 2, 2, 2, 2, 2, 2, 2, 2, 2, 2, 2, 2 ], 4 ], [ [ 4, 4, 4, 4, 4, 4 ], 2 ] ]
344|192|[ 192, 33 ]|[ [ [ 1, 1, 1, 1, 1, 1, 1, 1, 1, 1, 1, 1, 1, 1, 1, 1, 1, 1, 1, 1, 1, 1, 1, 1 ], 1 ], [ [ 1, 1, 1, 1, 1, 1, 1, 1, 1, 1, 1, 1, 2, 2, 2, 2, 2, 2 ], 4 ], [ [ 1, 1, 1, 1, 1, 1, 1, 1, 1, 1, 1, 1, 2, 2, 2, 2, 2, 2 ], 2 ], [ [ 1, 1, 1, 1, 2, 2, 2, 2, 4, 4, 4 ], 12 ], [ [ 1, 1, 2, 2, 2, 2, 2, 2, 2, 2, 2, 2, 2 ], 24 ], [ [ 2, 2, 2, 2, 2, 2, 2, 2, 2, 2, 2, 2 ], 1 ], [ [ 2, 2, 2, 2, 2, 2, 4, 4, 4 ], 12 ], [ [ 3, 3, 3, 3, 6, 6 ], 4 ], [ [ 3, 3, 3, 3, 6, 6 ], 8 ], [ [ 3, 3, 3, 3, 3, 3, 3, 3 ], 2 ], [ [ 6, 6, 6, 6 ], 2 ], [ [ 4, 4, 4, 4, 4, 4 ], 8 ], [ [ 4, 4, 4, 4, 4, 4 ], 8 ], [ [ 2, 2, 2, 2, 2, 2, 4, 4, 4 ], 24 ], [ [ 2, 2, 2, 2, 2, 2, 4, 4, 4 ], 24 ], [ [ 12, 12 ], 8 ], [ [ 12, 12 ], 8 ], [ [ 12, 12 ], 8 ], [ [ 12, 12 ], 8 ], [ [ 6, 6, 6, 6 ], 4 ], [ [ 12, 12 ], 8 ], [ [ 6, 6, 6, 6 ], 4 ], [ [ 4, 4, 4, 4, 4, 4 ], 4 ], [ [ 2, 2, 2, 2, 2, 2, 2, 2, 2, 2, 2, 2 ], 4 ] ]
345|192|[ 192, 300 ]|[ [ [ 1, 1, 1, 1, 1, 1, 1, 1, 1, 1, 1, 1, 1, 1, 1, 1, 1, 1, 1, 1, 1, 1, 1, 1 ], 1 ], [ [ 1, 1, 1, 1, 1, 1, 1, 1, 1, 1, 1, 1, 2, 2, 2, 2, 2, 2 ], 4 ], [ [ 1, 1, 1, 1, 1, 1, 1, 1, 1, 1, 1, 1, 2, 2, 2, 2, 2, 2 ], 2 ], [ [ 1, 1, 1, 1, 2, 2, 2, 2, 2, 2, 2, 2, 2, 2 ], 12 ], [ [ 1, 1, 2, 2, 2, 2, 2, 4, 4, 4 ], 24 ], [ [ 2, 2, 2, 2, 2, 2, 2, 2, 2, 2, 2, 2 ], 1 ], [ [ 2, 2, 2, 2, 2, 2, 2, 2, 2, 2, 2, 2 ], 12 ], [ [ 3, 3, 3, 3, 3, 3, 3, 3 ], 2 ], [ [ 3, 3, 3, 3, 6, 6 ], 8 ], [ [ 3, 3, 3, 3, 6, 6 ], 4 ], [ [ 6, 6, 6, 6 ], 2 ], [ [ 4, 4, 4, 4, 4, 4 ], 8 ], [ [ 4, 4, 4, 4, 4, 4 ], 8 ], [ [ 2, 2, 2, 2, 2, 2, 2, 2, 2, 2, 2, 2 ], 12 ], [ [ 2, 2, 2, 2, 2, 2, 2, 2, 2, 2, 2, 2 ], 12 ], [ [ 4, 4, 4, 4, 4, 4 ], 12 ], [ [ 4, 4, 4, 4, 4, 4 ], 12 ], [ [ 12, 12 ], 8 ], [ [ 12, 12 ], 8 ], [ [ 12, 12 ], 8 ], [ [ 12, 12 ], 8 ], [ [ 6, 6, 6, 6 ], 4 ], [ [ 12, 12 ], 8 ], [ [ 6, 6, 6, 6 ], 4 ], [ [ 4, 4, 4, 4, 4, 4 ], 4 ], [ [ 2, 2, 2, 2, 2, 2, 2, 2, 2, 2, 2, 2 ], 2 ], [ [ 2, 2, 2, 2, 2, 2, 2, 2, 2, 2, 2, 2 ], 2 ] ]
346|192|[ 192, 33 ]|[ [ [ 1, 1, 1, 1, 1, 1, 1, 1, 1, 1, 1, 1, 1, 1, 1, 1, 1, 1, 1, 1, 1, 1, 1, 1 ], 1 ], [ [ 1, 1, 1, 1, 1, 1, 1, 1, 1, 1, 1, 1, 2, 2, 2, 2, 2, 2 ], 4 ], [ [ 1, 1, 1, 1, 1, 1, 1, 1, 1, 1, 1, 1, 2, 2, 2, 2, 2, 2 ], 2 ], [ [ 1, 1, 2, 2, 2, 2, 2, 2, 2, 2, 2, 2, 2 ], 24 ], [ [ 1, 1, 1, 1, 2, 2, 2, 2, 4, 4, 4 ], 12 ], [ [ 2, 2, 2, 2, 2, 2, 2, 2, 2, 2, 2, 2 ], 1 ], [ [ 2, 2, 2, 2, 2, 2, 4, 4, 4 ], 12 ], [ [ 6, 6, 6, 6 ], 2 ], [ [ 3, 3, 3, 3, 6, 6 ], 4 ], [ [ 3, 3, 3, 3, 6, 6 ], 4 ], [ [ 3, 3, 3, 3, 6, 6 ], 4 ], [ [ 3, 3, 3, 3, 3, 3, 3, 3 ], 2 ], [ [ 2, 2, 2, 2, 2, 2, 4, 4, 4 ], 8 ], [ [ 2, 2, 2, 2, 2, 2, 4, 4, 4 ], 8 ], [ [ 4, 4, 4, 4, 4, 4 ], 24 ], [ [ 4, 4, 4, 4, 4, 4 ], 24 ], [ [ 6, 6, 12 ], 8 ], [ [ 6, 6, 12 ], 8 ], [ [ 6, 6, 12 ], 8 ], [ [ 6, 6, 12 ], 8 ], [ [ 12, 12 ], 8 ], [ [ 6, 6, 6, 6 ], 8 ], [ [ 2, 2, 2, 2, 2, 2, 2, 2, 2, 2, 2, 2 ], 4 ], [ [ 4, 4, 4, 4, 4, 4 ], 4 ] ]
347|192|[ 192, 800 ]|[ [ [ 1, 1, 1, 1, 1, 1, 1, 1, 1, 1, 1, 1, 1, 1, 1, 1, 1, 1, 1, 1, 1, 1, 1, 1 ], 1 ], [ [ 1, 1, 1, 1, 1, 1, 1, 1, 1, 1, 1, 1, 2, 2, 2, 2, 2, 2 ], 4 ], [ [ 1, 1, 1, 1, 1, 1, 1, 1, 1, 1, 1, 1, 2, 2, 2, 2, 2, 2 ], 2 ], [ [ 1, 1, 2, 2, 2, 2, 2, 2, 2, 2, 2, 2, 2 ], 24 ], [ [ 1, 1, 1, 1, 2, 2, 2, 2, 4, 4, 4 ], 12 ], [ [ 2, 2, 2, 2, 2, 2, 2, 2, 2, 2, 2, 2 ], 1 ], [ [ 2, 2, 2, 2, 2, 2, 4, 4, 4 ], 12 ], [ [ 6, 6, 6, 6 ], 2 ], [ [ 3, 3, 3, 3, 6, 6 ], 4 ], [ [ 3, 3, 3, 3, 6, 6 ], 4 ], [ [ 3, 3, 3, 3, 6, 6 ], 4 ], [ [ 3, 3, 3, 3, 3, 3, 3, 3 ], 2 ], [ [ 2, 2, 2, 2, 2, 2, 2, 2, 2, 2, 2, 2 ], 4 ], [ [ 2, 2, 2, 2, 2, 2, 2, 2, 2, 2, 2, 2 ], 4 ], [ [ 4, 4, 4, 4, 4, 4 ], 4 ], [ [ 4, 4, 4, 4, 4, 4 ], 4 ], [ [ 8, 8, 8 ], 24 ], [ [ 8, 8, 8 ], 24 ], [ [ 6, 6, 6, 6 ], 4 ], [ [ 6, 6, 6, 6 ], 4 ], [ [ 12, 12 ], 4 ], [ [ 12, 12 ], 4 ], [ [ 12, 12 ], 4 ], [ [ 12, 12 ], 4 ], [ [ 6, 6, 6, 6 ], 4 ], [ [ 6, 6, 6, 6 ], 4 ], [ [ 12, 12 ], 4 ], [ [ 6, 6, 6, 6 ], 4 ], [ [ 6, 6, 6, 6 ], 4 ], [ [ 12, 12 ], 4 ], [ [ 2, 2, 2, 2, 2, 2, 2, 2, 2, 2, 2, 2 ], 4 ], [ [ 4, 4, 4, 4, 4, 4 ], 2 ], [ [ 4, 4, 4, 4, 4, 4 ], 2 ] ]
348|192|[ 192, 30 ]|[ [ [ 1, 1, 1, 1, 1, 1, 1, 1, 1, 1, 1, 1, 1, 1, 1, 1, 1, 1, 1, 1, 1, 1, 1, 1 ], 1 ], [ [ 1, 1, 1, 1, 1, 1, 1, 1, 1, 1, 1, 1, 2, 2, 2, 2, 2, 2 ], 4 ], [ [ 1, 1, 1, 1, 1, 1, 1, 1, 1, 1, 1, 1, 2, 2, 2, 2, 2, 2 ], 2 ], [ [ 1, 1, 1, 1, 2, 2, 2, 2, 2, 2, 2, 2, 2, 2 ], 12 ], [ [ 1, 1, 2, 2, 2, 2, 2, 4, 4, 4 ], 24 ], [ [ 2, 2, 2, 2, 2, 2, 2, 2, 2, 2, 2, 2 ], 1 ], [ [ 2, 2, 2, 2, 2, 2, 2, 2, 2, 2, 2, 2 ], 12 ], [ [ 3, 3, 3, 3, 6, 6 ], 4 ], [ [ 3, 3, 3, 3, 6, 6 ], 4 ], [ [ 3, 3, 3, 3, 3, 3, 3, 3 ], 2 ], [ [ 3, 3, 3, 3, 6, 6 ], 4 ], [ [ 6, 6, 6, 6 ], 2 ], [ [ 2, 2, 2, 2, 2, 2, 4, 4, 4 ], 8 ], [ [ 2, 2, 2, 2, 2, 2, 4, 4, 4 ], 8 ], [ [ 8, 8, 8 ], 24 ], [ [ 8, 8, 8 ], 24 ], [ [ 6, 6, 12 ], 8 ], [ [ 6, 6, 12 ], 8 ], [ [ 6, 6, 12 ], 8 ], [ [ 6, 6, 12 ], 8 ], [ [ 6, 6, 6, 6 ], 8 ], [ [ 12, 12 ], 8 ], [ [ 4, 4, 4, 4, 4, 4 ], 4 ], [ [ 2, 2, 2, 2, 2, 2, 2, 2, 2, 2, 2, 2 ], 4 ] ]
349|192|[ 192, 803 ]|[ [ [ 1, 1, 1, 1, 1, 1, 1, 1, 1, 1, 1, 1, 1, 1, 1, 1, 1, 1, 1, 1, 1, 1, 1, 1 ], 1 ], [ [ 1, 1, 1, 1, 1, 1, 1, 1, 1, 1, 1, 1, 2, 2, 2, 2, 2, 2 ], 4 ], [ [ 1, 1, 1, 1, 1, 1, 1, 1, 1, 1, 1, 1, 2, 2, 2, 2, 2, 2 ], 2 ], [ [ 1, 1, 1, 1, 2, 2, 2, 2, 2, 2, 2, 2, 2, 2 ], 12 ], [ [ 1, 1, 2, 2, 2, 2, 2, 4, 4, 4 ], 24 ], [ [ 2, 2, 2, 2, 2, 2, 2, 2, 2, 2, 2, 2 ], 1 ], [ [ 2, 2, 2, 2, 2, 2, 2, 2, 2, 2, 2, 2 ], 12 ], [ [ 3, 3, 3, 3, 6, 6 ], 4 ], [ [ 3, 3, 3, 3, 6, 6 ], 4 ], [ [ 3, 3, 3, 3, 3, 3, 3, 3 ], 2 ], [ [ 3, 3, 3, 3, 6, 6 ], 4 ], [ [ 6, 6, 6, 6 ], 2 ], [ [ 2, 2, 2, 2, 2, 2, 2, 2, 2, 2, 2, 2 ], 4 ], [ [ 2, 2, 2, 2, 2, 2, 2, 2, 2, 2, 2, 2 ], 4 ], [ [ 4, 4, 4, 4, 4, 4 ], 4 ], [ [ 4, 4, 4, 4, 4, 4 ], 4 ], [ [ 4, 4, 4, 4, 4, 4 ], 24 ], [ [ 4, 4, 4, 4, 4, 4 ], 24 ], [ [ 12, 12 ], 4 ], [ [ 12, 12 ], 4 ], [ [ 6, 6, 6, 6 ], 4 ], [ [ 6, 6, 6, 6 ], 4 ], [ [ 12, 12 ], 4 ], [ [ 12, 12 ], 4 ], [ [ 6, 6, 6, 6 ], 4 ], [ [ 6, 6, 6, 6 ], 4 ], [ [ 6, 6, 6, 6 ], 4 ], [ [ 12, 12 ], 4 ], [ [ 12, 12 ], 4 ], [ [ 6, 6, 6, 6 ], 4 ], [ [ 4, 4, 4, 4, 4, 4 ], 4 ], [ [ 2, 2, 2, 2, 2, 2, 2, 2, 2, 2, 2, 2 ], 2 ], [ [ 2, 2, 2, 2, 2, 2, 2, 2, 2, 2, 2, 2 ], 2 ] ]
350|192|[ 192, 886 ]|[ [ [ 1, 1, 1, 1, 1, 1, 1, 1, 1, 1, 1, 1, 1, 1, 1, 1, 1, 1, 1, 1, 1, 1, 1, 1 ], 1 ], [ [ 1, 1, 1, 1, 1, 1, 1, 1, 1, 1, 1, 1, 2, 2, 2, 2, 2, 2 ], 4 ], [ [ 1, 1, 1, 1, 1, 1, 1, 1, 1, 1, 1, 1, 2, 2, 2, 2, 2, 2 ], 2 ], [ [ 1, 1, 1, 1, 1, 1, 1, 1, 1, 1, 1, 1, 4, 4, 4 ], 4 ], [ [ 1, 1, 1, 1, 1, 1, 2, 2, 2, 2, 2, 2, 2, 2, 2 ], 8 ], [ [ 2, 2, 2, 2, 2, 2, 2, 2, 2, 2, 2, 2 ], 1 ], [ [ 2, 2, 2, 2, 2, 2, 4, 4, 4 ], 4 ], [ [ 3, 3, 3, 3, 6, 6 ], 2 ], [ [ 3, 3, 3, 3, 6, 6 ], 4 ], [ [ 6, 6, 6, 6 ], 1 ], [ [ 6, 6, 12 ], 4 ], [ [ 3, 3, 6, 6, 6 ], 8 ], [ [ 3, 3, 3, 3, 3, 3, 3, 3 ], 1 ], [ [ 3, 3, 3, 3, 12 ], 4 ], [ [ 3, 3, 3, 3, 6, 6 ], 4 ], [ [ 3, 3, 3, 3, 3, 3, 3, 3 ], 1 ], [ [ 3, 3, 3, 3, 6, 6 ], 2 ], [ [ 3, 3, 6, 6, 6 ], 8 ], [ [ 3, 3, 3, 3, 12 ], 4 ], [ [ 6, 6, 6, 6 ], 1 ], [ [ 6, 6, 12 ], 4 ], [ [ 2, 2, 2, 2, 2, 2, 2, 2, 2, 2, 2, 2 ], 4 ], [ [ 2, 2, 2, 2, 2, 2, 2, 2, 2, 2, 2, 2 ], 4 ], [ [ 4, 4, 4, 4, 4, 4 ], 4 ], [ [ 4, 4, 4, 4, 4, 4 ], 4 ], [ [ 8, 8, 8 ], 8 ], [ [ 8, 8, 8 ], 8 ], [ [ 12, 12 ], 4 ], [ [ 12, 12 ], 4 ], [ [ 6, 6, 6, 6 ], 4 ], [ [ 6, 6, 6, 6 ], 4 ], [ [ 24 ], 8 ], [ [ 24 ], 8 ], [ [ 6, 6, 6, 6 ], 4 ], [ [ 6, 6, 6, 6 ], 4 ], [ [ 12, 12 ], 4 ], [ [ 12, 12 ], 4 ], [ [ 24 ], 8 ], [ [ 24 ], 8 ], [ [ 12, 12 ], 2 ], [ [ 6, 6, 6, 6 ], 4 ], [ [ 12, 12 ], 2 ], [ [ 4, 4, 4, 4, 4, 4 ], 2 ], [ [ 2, 2, 2, 2, 2, 2, 2, 2, 2, 2, 2, 2 ], 4 ], [ [ 4, 4, 4, 4, 4, 4 ], 2 ], [ [ 12, 12 ], 2 ], [ [ 6, 6, 6, 6 ], 4 ], [ [ 12, 12 ], 2 ] ]
351|192|[ 192, 157 ]|[ [ [ 1, 1, 1, 1, 1, 1, 1, 1, 1, 1, 1, 1, 1, 1, 1, 1, 1, 1, 1, 1, 1, 1, 1, 1 ], 1 ], [ [ 1, 1, 1, 1, 1, 1, 1, 1, 1, 1, 1, 1, 2, 2, 2, 2, 2, 2 ], 4 ], [ [ 1, 1, 1, 1, 1, 1, 1, 1, 1, 1, 1, 1, 2, 2, 2, 2, 2, 2 ], 2 ], [ [ 1, 1, 1, 1, 1, 1, 1, 1, 1, 1, 1, 1, 2, 2, 2, 2, 2, 2 ], 4 ], [ [ 1, 1, 1, 1, 1, 1, 2, 2, 2, 4, 4, 4 ], 8 ], [ [ 2, 2, 2, 2, 2, 2, 2, 2, 2, 2, 2, 2 ], 1 ], [ [ 2, 2, 2, 2, 2, 2, 2, 2, 2, 2, 2, 2 ], 4 ], [ [ 3, 3, 3, 3, 6, 6 ], 2 ], [ [ 3, 3, 3, 3, 6, 6 ], 4 ], [ [ 6, 6, 6, 6 ], 1 ], [ [ 6, 6, 6, 6 ], 4 ], [ [ 3, 3, 6, 12 ], 8 ], [ [ 3, 3, 3, 3, 3, 3, 3, 3 ], 1 ], [ [ 3, 3, 3, 3, 6, 6 ], 4 ], [ [ 3, 3, 3, 3, 6, 6 ], 4 ], [ [ 3, 3, 3, 3, 3, 3, 3, 3 ], 1 ], [ [ 3, 3, 3, 3, 6, 6 ], 2 ], [ [ 3, 3, 6, 12 ], 8 ], [ [ 3, 3, 3, 3, 6, 6 ], 4 ], [ [ 6, 6, 6, 6 ], 1 ], [ [ 6, 6, 6, 6 ], 4 ], [ [ 2, 2, 2, 2, 2, 2, 4, 4, 4 ], 8 ], [ [ 2, 2, 2, 2, 2, 2, 4, 4, 4 ], 8 ], [ [ 8, 8, 8 ], 8 ], [ [ 8, 8, 8 ], 8 ], [ [ 6, 6, 12 ], 8 ], [ [ 6, 6, 12 ], 8 ], [ [ 24 ], 8 ], [ [ 24 ], 8 ], [ [ 6, 6, 12 ], 8 ], [ [ 6, 6, 12 ], 8 ], [ [ 24 ], 8 ], [ [ 24 ], 8 ], [ [ 12, 12 ], 4 ], [ [ 6, 6, 6, 6 ], 4 ], [ [ 4, 4, 4, 4, 4, 4 ], 4 ], [ [ 2, 2, 2, 2, 2, 2, 2, 2, 2, 2, 2, 2 ], 4 ], [ [ 12, 12 ], 4 ], [ [ 6, 6, 6, 6 ], 4 ] ]
352|192|[ 192, 890 ]|[ [ [ 1, 1, 1, 1, 1, 1, 1, 1, 1, 1, 1, 1, 1, 1, 1, 1, 1, 1, 1, 1, 1, 1, 1, 1 ], 1 ], [ [ 1, 1, 1, 1, 1, 1, 1, 1, 1, 1, 1, 1, 2, 2, 2, 2, 2, 2 ], 4 ], [ [ 1, 1, 1, 1, 1, 1, 1, 1, 1, 1, 1, 1, 2, 2, 2, 2, 2, 2 ], 2 ], [ [ 1, 1, 1, 1, 1, 1, 1, 1, 1, 1, 1, 1, 2, 2, 2, 2, 2, 2 ], 4 ], [ [ 1, 1, 1, 1, 1, 1, 2, 2, 2, 4, 4, 4 ], 8 ], [ [ 2, 2, 2, 2, 2, 2, 2, 2, 2, 2, 2, 2 ], 1 ], [ [ 2, 2, 2, 2, 2, 2, 2, 2, 2, 2, 2, 2 ], 4 ], [ [ 3, 3, 3, 3, 6, 6 ], 2 ], [ [ 3, 3, 3, 3, 6, 6 ], 4 ], [ [ 6, 6, 6, 6 ], 1 ], [ [ 6, 6, 6, 6 ], 4 ], [ [ 3, 3, 6, 12 ], 8 ], [ [ 3, 3, 3, 3, 3, 3, 3, 3 ], 1 ], [ [ 3, 3, 3, 3, 6, 6 ], 4 ], [ [ 3, 3, 3, 3, 6, 6 ], 4 ], [ [ 3, 3, 3, 3, 3, 3, 3, 3 ], 1 ], [ [ 3, 3, 3, 3, 6, 6 ], 2 ], [ [ 3, 3, 6, 12 ], 8 ], [ [ 3, 3, 3, 3, 6, 6 ], 4 ], [ [ 6, 6, 6, 6 ], 1 ], [ [ 6, 6, 6, 6 ], 4 ], [ [ 2, 2, 2, 2, 2, 2, 2, 2, 2, 2, 2, 2 ], 4 ], [ [ 2, 2, 2, 2, 2, 2, 2, 2, 2, 2, 2, 2 ], 4 ], [ [ 4, 4, 4, 4, 4, 4 ], 4 ], [ [ 4, 4, 4, 4, 4, 4 ], 4 ], [ [ 4, 4, 4, 4, 4, 4 ], 8 ], [ [ 4, 4, 4, 4, 4, 4 ], 8 ], [ [ 12, 12 ], 4 ], [ [ 12, 12 ], 4 ], [ [ 6, 6, 6, 6 ], 4 ], [ [ 6, 6, 6, 6 ], 4 ], [ [ 12, 12 ], 8 ], [ [ 12, 12 ], 8 ], [ [ 6, 6, 6, 6 ], 4 ], [ [ 6, 6, 6, 6 ], 4 ], [ [ 12, 12 ], 4 ], [ [ 12, 12 ], 4 ], [ [ 12, 12 ], 8 ], [ [ 12, 12 ], 8 ], [ [ 12, 12 ], 4 ], [ [ 6, 6, 6, 6 ], 2 ], [ [ 6, 6, 6, 6 ], 2 ], [ [ 4, 4, 4, 4, 4, 4 ], 4 ], [ [ 2, 2, 2, 2, 2, 2, 2, 2, 2, 2, 2, 2 ], 2 ], [ [ 2, 2, 2, 2, 2, 2, 2, 2, 2, 2, 2, 2 ], 2 ], [ [ 12, 12 ], 4 ], [ [ 6, 6, 6, 6 ], 2 ], [ [ 6, 6, 6, 6 ], 2 ] ]
353|192|[ 192, 159 ]|[ [ [ 1, 1, 1, 1, 1, 1, 1, 1, 1, 1, 1, 1, 1, 1, 1, 1, 1, 1, 1, 1, 1, 1, 1, 1 ], 1 ], [ [ 1, 1, 1, 1, 1, 1, 1, 1, 1, 1, 1, 1, 2, 2, 2, 2, 2, 2 ], 4 ], [ [ 1, 1, 1, 1, 1, 1, 1, 1, 1, 1, 1, 1, 2, 2, 2, 2, 2, 2 ], 2 ], [ [ 1, 1, 1, 1, 1, 1, 1, 1, 1, 1, 1, 1, 4, 4, 4 ], 4 ], [ [ 1, 1, 1, 1, 1, 1, 2, 2, 2, 2, 2, 2, 2, 2, 2 ], 8 ], [ [ 2, 2, 2, 2, 2, 2, 2, 2, 2, 2, 2, 2 ], 1 ], [ [ 2, 2, 2, 2, 2, 2, 4, 4, 4 ], 4 ], [ [ 3, 3, 3, 3, 6, 6 ], 2 ], [ [ 3, 3, 3, 3, 6, 6 ], 4 ], [ [ 6, 6, 6, 6 ], 1 ], [ [ 6, 6, 12 ], 4 ], [ [ 3, 3, 6, 6, 6 ], 8 ], [ [ 3, 3, 3, 3, 3, 3, 3, 3 ], 1 ], [ [ 3, 3, 3, 3, 12 ], 4 ], [ [ 3, 3, 3, 3, 6, 6 ], 4 ], [ [ 3, 3, 3, 3, 3, 3, 3, 3 ], 1 ], [ [ 3, 3, 3, 3, 6, 6 ], 2 ], [ [ 3, 3, 6, 6, 6 ], 8 ], [ [ 3, 3, 3, 3, 12 ], 4 ], [ [ 6, 6, 6, 6 ], 1 ], [ [ 6, 6, 12 ], 4 ], [ [ 2, 2, 2, 2, 2, 2, 4, 4, 4 ], 8 ], [ [ 2, 2, 2, 2, 2, 2, 4, 4, 4 ], 8 ], [ [ 4, 4, 4, 4, 4, 4 ], 8 ], [ [ 4, 4, 4, 4, 4, 4 ], 8 ], [ [ 6, 6, 12 ], 8 ], [ [ 6, 6, 12 ], 8 ], [ [ 12, 12 ], 8 ], [ [ 12, 12 ], 8 ], [ [ 6, 6, 12 ], 8 ], [ [ 6, 6, 12 ], 8 ], [ [ 12, 12 ], 8 ], [ [ 12, 12 ], 8 ], [ [ 12, 12 ], 4 ], [ [ 6, 6, 6, 6 ], 4 ], [ [ 4, 4, 4, 4, 4, 4 ], 4 ], [ [ 2, 2, 2, 2, 2, 2, 2, 2, 2, 2, 2, 2 ], 4 ], [ [ 12, 12 ], 4 ], [ [ 6, 6, 6, 6 ], 4 ] ]
354|192|[ 192, 104 ]|[ [ [ 1, 1, 1, 1, 1, 1, 1, 1, 1, 1, 1, 1, 1, 1, 1, 1, 1, 1, 1, 1, 1, 1, 1, 1 ], 1 ], [ [ 1, 1, 1, 1, 1, 1, 1, 1, 1, 1, 1, 1, 2, 2, 2, 2, 2, 2 ], 4 ], [ [ 1, 1, 1, 1, 1, 1, 1, 1, 1, 1, 1, 1, 2, 2, 2, 2, 2, 2 ], 2 ], [ [ 1, 1, 1, 1, 1, 1, 1, 1, 1, 1, 1, 1, 4, 4, 4 ], 4 ], [ [ 1, 1, 1, 1, 1, 1, 2, 2, 2, 2, 2, 2, 2, 2, 2 ], 8 ], [ [ 2, 2, 2, 2, 2, 2, 2, 2, 2, 2, 2, 2 ], 1 ], [ [ 2, 2, 2, 2, 2, 2, 4, 4, 4 ], 4 ], [ [ 3, 3, 3, 3, 6, 6 ], 8 ], [ [ 3, 3, 3, 3, 6, 6 ], 2 ], [ [ 6, 6, 6, 6 ], 2 ], [ [ 3, 3, 6, 6, 6 ], 8 ], [ [ 6, 6, 12 ], 4 ], [ [ 3, 3, 3, 3, 3, 3, 3, 3 ], 2 ], [ [ 3, 3, 3, 3, 6, 6 ], 2 ], [ [ 3, 3, 3, 3, 12 ], 4 ], [ [ 3, 3, 6, 6, 6 ], 8 ], [ [ 3, 3, 3, 3, 12 ], 4 ], [ [ 6, 6, 12 ], 4 ], [ [ 2, 2, 2, 2, 2, 2, 4, 4, 4 ], 24 ], [ [ 2, 2, 2, 2, 2, 2, 4, 4, 4 ], 24 ], [ [ 4, 4, 4, 4, 4, 4 ], 24 ], [ [ 4, 4, 4, 4, 4, 4 ], 24 ], [ [ 12, 12 ], 4 ], [ [ 6, 6, 6, 6 ], 8 ], [ [ 12, 12 ], 4 ], [ [ 2, 2, 2, 2, 2, 2, 2, 2, 2, 2, 2, 2 ], 4 ], [ [ 4, 4, 4, 4, 4, 4 ], 4 ] ]
355|192|[ 192, 636 ]|[ [ [ 1, 1, 1, 1, 1, 1, 1, 1, 1, 1, 1, 1, 1, 1, 1, 1, 1, 1, 1, 1, 1, 1, 1, 1 ], 1 ], [ [ 1, 1, 1, 1, 1, 1, 1, 1, 1, 1, 1, 1, 2, 2, 2, 2, 2, 2 ], 4 ], [ [ 1, 1, 1, 1, 1, 1, 1, 1, 1, 1, 1, 1, 2, 2, 2, 2, 2, 2 ], 2 ], [ [ 1, 1, 1, 1, 1, 1, 1, 1, 1, 1, 1, 1, 4, 4, 4 ], 4 ], [ [ 1, 1, 1, 1, 1, 1, 2, 2, 2, 2, 2, 2, 2, 2, 2 ], 8 ], [ [ 2, 2, 2, 2, 2, 2, 2, 2, 2, 2, 2, 2 ], 1 ], [ [ 2, 2, 2, 2, 2, 2, 4, 4, 4 ], 4 ], [ [ 3, 3, 3, 3, 6, 6 ], 8 ], [ [ 6, 6, 6, 6 ], 2 ], [ [ 3, 3, 3, 3, 6, 6 ], 2 ], [ [ 3, 3, 6, 6, 6 ], 8 ], [ [ 6, 6, 12 ], 4 ], [ [ 3, 3, 3, 3, 6, 6 ], 2 ], [ [ 3, 3, 3, 3, 3, 3, 3, 3 ], 2 ], [ [ 3, 3, 3, 3, 12 ], 4 ], [ [ 3, 3, 6, 6, 6 ], 8 ], [ [ 3, 3, 3, 3, 12 ], 4 ], [ [ 6, 6, 12 ], 4 ], [ [ 2, 2, 2, 2, 2, 2, 2, 2, 2, 2, 2, 2 ], 12 ], [ [ 2, 2, 2, 2, 2, 2, 2, 2, 2, 2, 2, 2 ], 12 ], [ [ 4, 4, 4, 4, 4, 4 ], 12 ], [ [ 4, 4, 4, 4, 4, 4 ], 12 ], [ [ 8, 8, 8 ], 24 ], [ [ 8, 8, 8 ], 24 ], [ [ 12, 12 ], 4 ], [ [ 6, 6, 6, 6 ], 8 ], [ [ 12, 12 ], 4 ], [ [ 2, 2, 2, 2, 2, 2, 2, 2, 2, 2, 2, 2 ], 4 ], [ [ 4, 4, 4, 4, 4, 4 ], 2 ], [ [ 4, 4, 4, 4, 4, 4 ], 2 ] ]
356|192|[ 192, 95 ]|[ [ [ 1, 1, 1, 1, 1, 1, 1, 1, 1, 1, 1, 1, 1, 1, 1, 1, 1, 1, 1, 1, 1, 1, 1, 1 ], 1 ], [ [ 1, 1, 1, 1, 1, 1, 1, 1, 1, 1, 1, 1, 2, 2, 2, 2, 2, 2 ], 4 ], [ [ 1, 1, 1, 1, 1, 1, 1, 1, 1, 1, 1, 1, 2, 2, 2, 2, 2, 2 ], 2 ], [ [ 1, 1, 1, 1, 1, 1, 1, 1, 1, 1, 1, 1, 2, 2, 2, 2, 2, 2 ], 4 ], [ [ 1, 1, 1, 1, 1, 1, 2, 2, 2, 4, 4, 4 ], 8 ], [ [ 2, 2, 2, 2, 2, 2, 2, 2, 2, 2, 2, 2 ], 1 ], [ [ 2, 2, 2, 2, 2, 2, 2, 2, 2, 2, 2, 2 ], 4 ], [ [ 3, 3, 3, 3, 6, 6 ], 8 ], [ [ 3, 3, 3, 3, 6, 6 ], 2 ], [ [ 6, 6, 6, 6 ], 2 ], [ [ 3, 3, 6, 12 ], 8 ], [ [ 6, 6, 6, 6 ], 4 ], [ [ 3, 3, 3, 3, 3, 3, 3, 3 ], 2 ], [ [ 3, 3, 3, 3, 6, 6 ], 2 ], [ [ 3, 3, 3, 3, 6, 6 ], 4 ], [ [ 3, 3, 6, 12 ], 8 ], [ [ 3, 3, 3, 3, 6, 6 ], 4 ], [ [ 6, 6, 6, 6 ], 4 ], [ [ 2, 2, 2, 2, 2, 2, 4, 4, 4 ], 24 ], [ [ 2, 2, 2, 2, 2, 2, 4, 4, 4 ], 24 ], [ [ 8, 8, 8 ], 24 ], [ [ 8, 8, 8 ], 24 ], [ [ 12, 12 ], 8 ], [ [ 6, 6, 6, 6 ], 4 ], [ [ 6, 6, 6, 6 ], 4 ], [ [ 2, 2, 2, 2, 2, 2, 2, 2, 2, 2, 2, 2 ], 4 ], [ [ 4, 4, 4, 4, 4, 4 ], 4 ] ]
357|192|[ 192, 591 ]|[ [ [ 1, 1, 1, 1, 1, 1, 1, 1, 1, 1, 1, 1, 1, 1, 1, 1, 1, 1, 1, 1, 1, 1, 1, 1 ], 1 ], [ [ 1, 1, 1, 1, 1, 1, 1, 1, 1, 1, 1, 1, 2, 2, 2, 2, 2, 2 ], 4 ], [ [ 1, 1, 1, 1, 1, 1, 1, 1, 1, 1, 1, 1, 2, 2, 2, 2, 2, 2 ], 2 ], [ [ 1, 1, 1, 1, 1, 1, 1, 1, 1, 1, 1, 1, 2, 2, 2, 2, 2, 2 ], 4 ], [ [ 1, 1, 1, 1, 1, 1, 2, 2, 2, 4, 4, 4 ], 8 ], [ [ 2, 2, 2, 2, 2, 2, 2, 2, 2, 2, 2, 2 ], 1 ], [ [ 2, 2, 2, 2, 2, 2, 2, 2, 2, 2, 2, 2 ], 4 ], [ [ 3, 3, 3, 3, 6, 6 ], 8 ], [ [ 6, 6, 6, 6 ], 2 ], [ [ 3, 3, 3, 3, 6, 6 ], 2 ], [ [ 3, 3, 6, 12 ], 8 ], [ [ 6, 6, 6, 6 ], 4 ], [ [ 3, 3, 3, 3, 6, 6 ], 2 ], [ [ 3, 3, 3, 3, 3, 3, 3, 3 ], 2 ], [ [ 3, 3, 3, 3, 6, 6 ], 4 ], [ [ 3, 3, 6, 12 ], 8 ], [ [ 3, 3, 3, 3, 6, 6 ], 4 ], [ [ 6, 6, 6, 6 ], 4 ], [ [ 2, 2, 2, 2, 2, 2, 2, 2, 2, 2, 2, 2 ], 12 ], [ [ 2, 2, 2, 2, 2, 2, 2, 2, 2, 2, 2, 2 ], 12 ], [ [ 4, 4, 4, 4, 4, 4 ], 12 ], [ [ 4, 4, 4, 4, 4, 4 ], 12 ], [ [ 4, 4, 4, 4, 4, 4 ], 24 ], [ [ 4, 4, 4, 4, 4, 4 ], 24 ], [ [ 12, 12 ], 8 ], [ [ 6, 6, 6, 6 ], 4 ], [ [ 6, 6, 6, 6 ], 4 ], [ [ 2, 2, 2, 2, 2, 2, 2, 2, 2, 2, 2, 2 ], 2 ], [ [ 4, 4, 4, 4, 4, 4 ], 4 ], [ [ 2, 2, 2, 2, 2, 2, 2, 2, 2, 2, 2, 2 ], 2 ] ]
358|192|[ 192, 1472 ]|[ [ [ 1, 1, 1, 1, 1, 1, 1, 1, 1, 1, 1, 1, 1, 1, 1, 1, 1, 1, 1, 1, 1, 1, 1, 1 ], 1 ], [ [ 1, 1, 1, 1, 1, 1, 1, 1, 1, 1, 1, 1, 2, 2, 2, 2, 2, 2 ], 2 ], [ [ 1, 1, 1, 1, 2, 2, 2, 2, 2, 2, 2, 2, 2, 2 ], 12 ], [ [ 1, 1, 1, 1, 2, 2, 2, 2, 2, 2, 2, 2, 2, 2 ], 6 ], [ [ 1, 1, 1, 1, 1, 1, 1, 1, 2, 2, 2, 2, 2, 2, 2, 2 ], 3 ], [ [ 1, 1, 1, 1, 2, 2, 2, 2, 2, 2, 2, 2, 2, 2 ], 6 ], [ [ 1, 1, 1, 1, 2, 2, 2, 2, 2, 2, 2, 2, 2, 2 ], 6 ], [ [ 2, 2, 2, 2, 2, 2, 2, 2, 2, 2, 2, 2 ], 1 ], [ [ 2, 2, 2, 2, 2, 2, 2, 2, 2, 2, 2, 2 ], 3 ], [ [ 3, 3, 3, 3, 6, 6 ], 16 ], [ [ 3, 3, 3, 3, 3, 3, 3, 3 ], 8 ], [ [ 4, 4, 4, 4, 4, 4 ], 12 ], [ [ 4, 4, 4, 4, 4, 4 ], 6 ], [ [ 6, 6, 6, 6 ], 8 ], [ [ 4, 4, 4, 4, 4, 4 ], 6 ], [ [ 6, 6, 6, 6 ], 16 ], [ [ 12, 12 ], 16 ], [ [ 4, 4, 4, 4, 4, 4 ], 12 ], [ [ 2, 2, 2, 2, 4, 4, 4, 4 ], 12 ], [ [ 2, 2, 2, 2, 2, 2, 2, 2, 2, 2, 2, 2 ], 12 ], [ [ 4, 4, 4, 4, 4, 4 ], 12 ], [ [ 4, 4, 4, 4, 4, 4 ], 6 ], [ [ 2, 2, 2, 2, 2, 2, 2, 2, 2, 2, 2, 2 ], 6 ], [ [ 4, 4, 4, 4, 4, 4 ], 2 ], [ [ 2, 2, 2, 2, 2, 2, 2, 2, 2, 2, 2, 2 ], 2 ] ]
359|192|[ 192, 1473 ]|[ [ [ 1, 1, 1, 1, 1, 1, 1, 1, 1, 1, 1, 1, 1, 1, 1, 1, 1, 1, 1, 1, 1, 1, 1, 1 ], 1 ], [ [ 1, 1, 1, 1, 1, 1, 1, 1, 1, 1, 1, 1, 2, 2, 2, 2, 2, 2 ], 2 ], [ [ 1, 1, 1, 1, 2, 2, 4, 4, 4, 4 ], 12 ], [ [ 1, 1, 1, 1, 2, 2, 4, 4, 4, 4 ], 6 ], [ [ 1, 1, 1, 1, 1, 1, 1, 1, 2, 2, 2, 2, 2, 2, 2, 2 ], 3 ], [ [ 1, 1, 1, 1, 2, 2, 2, 2, 2, 2, 2, 2, 2, 2 ], 6 ], [ [ 1, 1, 1, 1, 2, 2, 4, 4, 4, 4 ], 6 ], [ [ 2, 2, 2, 2, 2, 2, 2, 2, 2, 2, 2, 2 ], 1 ], [ [ 2, 2, 2, 2, 2, 2, 2, 2, 2, 2, 2, 2 ], 3 ], [ [ 4, 4, 4, 4, 4, 4 ], 6 ], [ [ 4, 4, 4, 4, 4, 4 ], 12 ], [ [ 3, 3, 3, 3, 3, 3, 3, 3 ], 8 ], [ [ 3, 3, 3, 3, 6, 6 ], 16 ], [ [ 6, 6, 6, 6 ], 8 ], [ [ 4, 4, 4, 4, 4, 4 ], 6 ], [ [ 12, 12 ], 16 ], [ [ 6, 6, 6, 6 ], 16 ], [ [ 2, 2, 2, 2, 4, 4, 4, 4 ], 12 ], [ [ 4, 4, 4, 4, 4, 4 ], 12 ], [ [ 2, 2, 2, 2, 2, 2, 2, 2, 2, 2, 2, 2 ], 12 ], [ [ 4, 4, 4, 4, 4, 4 ], 12 ], [ [ 2, 2, 2, 2, 2, 2, 2, 2, 2, 2, 2, 2 ], 6 ], [ [ 4, 4, 4, 4, 4, 4 ], 6 ], [ [ 4, 4, 4, 4, 4, 4 ], 2 ], [ [ 2, 2, 2, 2, 2, 2, 2, 2, 2, 2, 2, 2 ], 2 ] ]
360|192|[ 192, 1147 ]|[ [ [ 1, 1, 1, 1, 1, 1, 1, 1, 1, 1, 1, 1, 1, 1, 1, 1, 1, 1, 1, 1, 1, 1, 1, 1 ], 1 ], [ [ 1, 1, 1, 1, 1, 1, 1, 1, 1, 1, 1, 1, 2, 2, 2, 2, 2, 2 ], 2 ], [ [ 1, 1, 1, 1, 1, 1, 1, 1, 1, 1, 1, 1, 2, 2, 2, 2, 2, 2 ], 2 ], [ [ 1, 1, 1, 1, 1, 1, 1, 1, 1, 1, 1, 1, 2, 2, 2, 2, 2, 2 ], 2 ], [ [ 1, 1, 1, 1, 2, 2, 2, 2, 2, 2, 2, 2, 2, 2 ], 6 ], [ [ 1, 1, 1, 1, 1, 1, 1, 1, 2, 2, 2, 2, 2, 2, 2, 2 ], 3 ], [ [ 1, 1, 1, 1, 2, 2, 2, 2, 2, 2, 2, 2, 2, 2 ], 6 ], [ [ 1, 1, 1, 1, 2, 2, 2, 2, 2, 2, 2, 2, 2, 2 ], 6 ], [ [ 2, 2, 2, 2, 2, 2, 2, 2, 2, 2, 2, 2 ], 1 ], [ [ 2, 2, 2, 2, 2, 2, 2, 2, 2, 2, 2, 2 ], 2 ], [ [ 2, 2, 2, 2, 2, 2, 2, 2, 2, 2, 2, 2 ], 2 ], [ [ 2, 2, 2, 2, 2, 2, 2, 2, 2, 2, 2, 2 ], 3 ], [ [ 2, 2, 2, 2, 2, 2, 2, 2, 2, 2, 2, 2 ], 6 ], [ [ 2, 2, 2, 2, 2, 2, 2, 2, 2, 2, 2, 2 ], 6 ], [ [ 2, 2, 2, 2, 2, 2, 2, 2, 2, 2, 2, 2 ], 3 ], [ [ 2, 2, 2, 2, 2, 2, 2, 2, 2, 2, 2, 2 ], 6 ], [ [ 6, 6, 6, 6 ], 4 ], [ [ 6, 6, 6, 6 ], 2 ], [ [ 6, 6, 6, 6 ], 4 ], [ [ 3, 3, 3, 3, 6, 6 ], 4 ], [ [ 2, 2, 2, 2, 2, 2, 2, 2, 2, 2, 2, 2 ], 3 ], [ [ 6, 6, 6, 6 ], 2 ], [ [ 6, 6, 6, 6 ], 4 ], [ [ 3, 3, 3, 3, 6, 6 ], 4 ], [ [ 6, 6, 6, 6 ], 2 ], [ [ 3, 3, 3, 3, 6, 6 ], 4 ], [ [ 3, 3, 3, 3, 3, 3, 3, 3 ], 2 ], [ [ 2, 2, 2, 2, 2, 2, 2, 2, 2, 2, 2, 2 ], 1 ], [ [ 2, 2, 2, 2, 2, 2, 2, 2, 2, 2, 2, 2 ], 2 ], [ [ 2, 2, 2, 2, 2, 2, 2, 2, 2, 2, 2, 2 ], 1 ], [ [ 12, 12 ], 8 ], [ [ 12, 12 ], 8 ], [ [ 6, 6, 6, 6 ], 8 ], [ [ 12, 12 ], 8 ], [ [ 2, 2, 2, 2, 2, 2, 2, 2, 2, 2, 2, 2 ], 12 ], [ [ 4, 4, 4, 4, 4, 4 ], 12 ], [ [ 4, 4, 4, 4, 4, 4 ], 12 ], [ [ 4, 4, 4, 4, 4, 4 ], 12 ], [ [ 4, 4, 4, 4, 4, 4 ], 4 ], [ [ 4, 4, 4, 4, 4, 4 ], 4 ], [ [ 4, 4, 4, 4, 4, 4 ], 4 ], [ [ 2, 2, 2, 2, 2, 2, 2, 2, 2, 2, 2, 2 ], 4 ] ]
361|192|[ 192, 379 ]|[ [ [ 1, 1, 1, 1, 1, 1, 1, 1, 1, 1, 1, 1, 1, 1, 1, 1, 1, 1, 1, 1, 1, 1, 1, 1 ], 1 ], [ [ 1, 1, 1, 1, 1, 1, 1, 1, 1, 1, 1, 1, 2, 2, 2, 2, 2, 2 ], 2 ], [ [ 1, 1, 1, 1, 1, 1, 1, 1, 1, 1, 1, 1, 4, 4, 4 ], 2 ], [ [ 1, 1, 1, 1, 1, 1, 1, 1, 1, 1, 1, 1, 4, 4, 4 ], 2 ], [ [ 1, 1, 1, 1, 2, 2, 2, 2, 2, 2, 2, 2, 2, 2 ], 6 ], [ [ 1, 1, 1, 1, 1, 1, 1, 1, 2, 2, 2, 2, 2, 2, 2, 2 ], 3 ], [ [ 1, 1, 1, 1, 2, 2, 2, 2, 4, 4, 4 ], 6 ], [ [ 1, 1, 1, 1, 2, 2, 2, 2, 4, 4, 4 ], 6 ], [ [ 2, 2, 2, 2, 2, 2, 2, 2, 2, 2, 2, 2 ], 1 ], [ [ 2, 2, 2, 2, 2, 2, 4, 4, 4 ], 2 ], [ [ 2, 2, 2, 2, 2, 2, 4, 4, 4 ], 2 ], [ [ 2, 2, 2, 2, 2, 2, 2, 2, 2, 2, 2, 2 ], 3 ], [ [ 2, 2, 2, 2, 2, 2, 4, 4, 4 ], 6 ], [ [ 2, 2, 2, 2, 2, 2, 4, 4, 4 ], 6 ], [ [ 4, 4, 4, 4, 4, 4 ], 6 ], [ [ 4, 4, 4, 4, 4, 4 ], 3 ], [ [ 12, 12 ], 2 ], [ [ 12, 12 ], 4 ], [ [ 6, 6, 12 ], 4 ], [ [ 3, 3, 3, 3, 12 ], 4 ], [ [ 4, 4, 4, 4, 4, 4 ], 3 ], [ [ 12, 12 ], 2 ], [ [ 6, 6, 12 ], 4 ], [ [ 3, 3, 3, 3, 12 ], 4 ], [ [ 6, 6, 6, 6 ], 2 ], [ [ 3, 3, 3, 3, 6, 6 ], 4 ], [ [ 3, 3, 3, 3, 3, 3, 3, 3 ], 2 ], [ [ 4, 4, 4, 4, 4, 4 ], 2 ], [ [ 4, 4, 4, 4, 4, 4 ], 1 ], [ [ 4, 4, 4, 4, 4, 4 ], 1 ], [ [ 24 ], 8 ], [ [ 24 ], 8 ], [ [ 6, 6, 6, 6 ], 8 ], [ [ 12, 12 ], 8 ], [ [ 2, 2, 2, 2, 2, 2, 2, 2, 2, 2, 2, 2 ], 12 ], [ [ 4, 4, 4, 4, 4, 4 ], 12 ], [ [ 8, 8, 8 ], 12 ], [ [ 8, 8, 8 ], 12 ], [ [ 8, 8, 8 ], 4 ], [ [ 8, 8, 8 ], 4 ], [ [ 4, 4, 4, 4, 4, 4 ], 4 ], [ [ 2, 2, 2, 2, 2, 2, 2, 2, 2, 2, 2, 2 ], 4 ] ]
362|192|[ 192, 1331 ]|[ [ [ 1, 1, 1, 1, 1, 1, 1, 1, 1, 1, 1, 1, 1, 1, 1, 1, 1, 1, 1, 1, 1, 1, 1, 1 ], 1 ], [ [ 1, 1, 1, 1, 1, 1, 1, 1, 1, 1, 1, 1, 2, 2, 2, 2, 2, 2 ], 2 ], [ [ 1, 1, 1, 1, 1, 1, 2, 2, 2, 2, 2, 2, 2, 2, 2 ], 4 ], [ [ 1, 1, 1, 1, 1, 1, 2, 2, 2, 2, 2, 2, 2, 2, 2 ], 4 ], [ [ 1, 1, 1, 1, 2, 2, 2, 2, 2, 2, 2, 2, 2, 2 ], 6 ], [ [ 1, 1, 1, 1, 1, 1, 1, 1, 2, 2, 2, 2, 2, 2, 2, 2 ], 3 ], [ [ 1, 1, 2, 2, 2, 2, 2, 2, 2, 2, 2, 2, 2 ], 12 ], [ [ 1, 1, 2, 2, 2, 2, 2, 2, 2, 2, 2, 2, 2 ], 12 ], [ [ 2, 2, 2, 2, 2, 2, 2, 2, 2, 2, 2, 2 ], 1 ], [ [ 2, 2, 2, 2, 2, 2, 2, 2, 2, 2, 2, 2 ], 3 ], [ [ 4, 4, 4, 4, 4, 4 ], 6 ], [ [ 4, 4, 4, 4, 4, 4 ], 6 ], [ [ 12, 12 ], 4 ], [ [ 12, 12 ], 4 ], [ [ 3, 3, 6, 6, 6 ], 8 ], [ [ 3, 3, 6, 6, 6 ], 8 ], [ [ 6, 6, 6, 6 ], 2 ], [ [ 3, 3, 3, 3, 6, 6 ], 4 ], [ [ 3, 3, 3, 3, 3, 3, 3, 3 ], 2 ], [ [ 4, 4, 4, 4, 4, 4 ], 2 ], [ [ 4, 4, 4, 4, 4, 4 ], 2 ], [ [ 24 ], 8 ], [ [ 24 ], 8 ], [ [ 6, 6, 6, 6 ], 8 ], [ [ 12, 12 ], 8 ], [ [ 2, 2, 2, 2, 2, 2, 2, 2, 2, 2, 2, 2 ], 12 ], [ [ 4, 4, 4, 4, 4, 4 ], 12 ], [ [ 8, 8, 8 ], 12 ], [ [ 8, 8, 8 ], 12 ], [ [ 8, 8, 8 ], 4 ], [ [ 8, 8, 8 ], 4 ], [ [ 2, 2, 2, 2, 2, 2, 2, 2, 2, 2, 2, 2 ], 4 ], [ [ 4, 4, 4, 4, 4, 4 ], 4 ] ]
363|192|[ 192, 302 ]|[ [ [ 1, 1, 1, 1, 1, 1, 1, 1, 1, 1, 1, 1, 1, 1, 1, 1, 1, 1, 1, 1, 1, 1, 1, 1 ], 1 ], [ [ 1, 1, 1, 1, 1, 1, 1, 1, 1, 1, 1, 1, 2, 2, 2, 2, 2, 2 ], 2 ], [ [ 1, 1, 1, 1, 1, 1, 2, 2, 2, 4, 4, 4 ], 4 ], [ [ 1, 1, 1, 1, 1, 1, 2, 2, 2, 4, 4, 4 ], 4 ], [ [ 1, 1, 1, 1, 2, 2, 2, 2, 2, 2, 2, 2, 2, 2 ], 6 ], [ [ 1, 1, 1, 1, 1, 1, 1, 1, 2, 2, 2, 2, 2, 2, 2, 2 ], 3 ], [ [ 1, 1, 2, 2, 2, 2, 2, 4, 4, 4 ], 12 ], [ [ 1, 1, 2, 2, 2, 2, 2, 4, 4, 4 ], 12 ], [ [ 2, 2, 2, 2, 2, 2, 2, 2, 2, 2, 2, 2 ], 1 ], [ [ 2, 2, 2, 2, 2, 2, 2, 2, 2, 2, 2, 2 ], 3 ], [ [ 2, 2, 2, 2, 2, 2, 2, 2, 2, 2, 2, 2 ], 6 ], [ [ 2, 2, 2, 2, 2, 2, 2, 2, 2, 2, 2, 2 ], 6 ], [ [ 3, 3, 6, 12 ], 8 ], [ [ 3, 3, 6, 12 ], 8 ], [ [ 6, 6, 6, 6 ], 4 ], [ [ 6, 6, 6, 6 ], 4 ], [ [ 6, 6, 6, 6 ], 2 ], [ [ 3, 3, 3, 3, 6, 6 ], 4 ], [ [ 3, 3, 3, 3, 3, 3, 3, 3 ], 2 ], [ [ 2, 2, 2, 2, 2, 2, 2, 2, 2, 2, 2, 2 ], 2 ], [ [ 2, 2, 2, 2, 2, 2, 2, 2, 2, 2, 2, 2 ], 2 ], [ [ 6, 6, 6, 6 ], 8 ], [ [ 12, 12 ], 8 ], [ [ 12, 12 ], 8 ], [ [ 12, 12 ], 8 ], [ [ 4, 4, 4, 4, 4, 4 ], 12 ], [ [ 4, 4, 4, 4, 4, 4 ], 12 ], [ [ 2, 2, 2, 2, 2, 2, 2, 2, 2, 2, 2, 2 ], 12 ], [ [ 4, 4, 4, 4, 4, 4 ], 12 ], [ [ 4, 4, 4, 4, 4, 4 ], 4 ], [ [ 4, 4, 4, 4, 4, 4 ], 4 ], [ [ 2, 2, 2, 2, 2, 2, 2, 2, 2, 2, 2, 2 ], 4 ], [ [ 4, 4, 4, 4, 4, 4 ], 4 ] ]
364|192|[ 192, 591 ]|[ [ [ 1, 1, 1, 1, 1, 1, 1, 1, 1, 1, 1, 1, 1, 1, 1, 1, 1, 1, 1, 1, 1, 1, 1, 1 ], 1 ], [ [ 1, 1, 1, 1, 1, 1, 1, 1, 1, 1, 1, 1, 2, 2, 2, 2, 2, 2 ], 2 ], [ [ 1, 1, 1, 1, 1, 1, 1, 1, 1, 1, 1, 1, 2, 2, 2, 2, 2, 2 ], 4 ], [ [ 1, 1, 1, 1, 2, 2, 2, 2, 2, 2, 2, 2, 2, 2 ], 12 ], [ [ 1, 1, 2, 2, 2, 2, 2, 4, 4, 4 ], 24 ], [ [ 2, 2, 2, 2, 2, 2, 2, 2, 2, 2, 2, 2 ], 1 ], [ [ 2, 2, 2, 2, 2, 2, 2, 2, 2, 2, 2, 2 ], 4 ], [ [ 4, 4, 4, 4, 4, 4 ], 12 ], [ [ 6, 6, 6, 6 ], 2 ], [ [ 6, 6, 6, 6 ], 4 ], [ [ 3, 3, 3, 3, 6, 6 ], 4 ], [ [ 6, 6, 6, 6 ], 4 ], [ [ 6, 6, 6, 6 ], 2 ], [ [ 3, 3, 3, 3, 6, 6 ], 4 ], [ [ 6, 6, 6, 6 ], 4 ], [ [ 3, 3, 3, 3, 3, 3, 3, 3 ], 2 ], [ [ 3, 3, 3, 3, 6, 6 ], 4 ], [ [ 6, 6, 6, 6 ], 2 ], [ [ 2, 2, 2, 2, 2, 2, 2, 2, 2, 2, 2, 2 ], 2 ], [ [ 2, 2, 2, 2, 2, 2, 2, 2, 2, 2, 2, 2 ], 2 ], [ [ 12, 12 ], 8 ], [ [ 12, 12 ], 8 ], [ [ 6, 6, 6, 6 ], 8 ], [ [ 12, 12 ], 8 ], [ [ 2, 2, 2, 2, 2, 2, 2, 2, 2, 2, 2, 2 ], 12 ], [ [ 4, 4, 4, 4, 4, 4 ], 12 ], [ [ 4, 4, 4, 4, 4, 4 ], 24 ], [ [ 4, 4, 4, 4, 4, 4 ], 8 ], [ [ 4, 4, 4, 4, 4, 4 ], 4 ], [ [ 2, 2, 2, 2, 2, 2, 2, 2, 2, 2, 2, 2 ], 4 ] ]
365|192|[ 192, 381 ]|[ [ [ 1, 1, 1, 1, 1, 1, 1, 1, 1, 1, 1, 1, 1, 1, 1, 1, 1, 1, 1, 1, 1, 1, 1, 1 ], 1 ], [ [ 1, 1, 1, 1, 1, 1, 1, 1, 1, 1, 1, 1, 2, 2, 2, 2, 2, 2 ], 2 ], [ [ 1, 1, 1, 1, 1, 1, 1, 1, 1, 1, 1, 1, 4, 4, 4 ], 4 ], [ [ 1, 1, 1, 1, 2, 2, 2, 2, 2, 2, 2, 2, 2, 2 ], 12 ], [ [ 1, 1, 2, 2, 2, 2, 2, 2, 2, 2, 2, 2, 2 ], 24 ], [ [ 2, 2, 2, 2, 2, 2, 2, 2, 2, 2, 2, 2 ], 1 ], [ [ 2, 2, 2, 2, 2, 2, 4, 4, 4 ], 4 ], [ [ 2, 2, 2, 2, 2, 2, 2, 2, 2, 2, 2, 2 ], 12 ], [ [ 12, 12 ], 4 ], [ [ 12, 12 ], 2 ], [ [ 3, 3, 3, 3, 12 ], 4 ], [ [ 6, 6, 12 ], 4 ], [ [ 12, 12 ], 2 ], [ [ 3, 3, 3, 3, 12 ], 4 ], [ [ 6, 6, 12 ], 4 ], [ [ 3, 3, 3, 3, 3, 3, 3, 3 ], 2 ], [ [ 3, 3, 3, 3, 6, 6 ], 4 ], [ [ 6, 6, 6, 6 ], 2 ], [ [ 4, 4, 4, 4, 4, 4 ], 2 ], [ [ 4, 4, 4, 4, 4, 4 ], 2 ], [ [ 24 ], 8 ], [ [ 24 ], 8 ], [ [ 6, 6, 6, 6 ], 8 ], [ [ 12, 12 ], 8 ], [ [ 2, 2, 2, 2, 2, 2, 2, 2, 2, 2, 2, 2 ], 12 ], [ [ 4, 4, 4, 4, 4, 4 ], 12 ], [ [ 8, 8, 8 ], 24 ], [ [ 8, 8, 8 ], 8 ], [ [ 4, 4, 4, 4, 4, 4 ], 4 ], [ [ 2, 2, 2, 2, 2, 2, 2, 2, 2, 2, 2, 2 ], 4 ] ]
366|192|[ 192, 757 ]|[ [ [ 1, 1, 1, 1, 1, 1, 1, 1, 1, 1, 1, 1, 1, 1, 1, 1, 1, 1, 1, 1, 1, 1, 1, 1 ], 1 ], [ [ 1, 1, 1, 1, 1, 1, 1, 1, 1, 1, 1, 1, 2, 2, 2, 2, 2, 2 ], 2 ], [ [ 1, 1, 1, 1, 1, 1, 2, 2, 2, 2, 2, 2, 2, 2, 2 ], 8 ], [ [ 1, 1, 1, 1, 2, 2, 2, 2, 2, 2, 2, 2, 2, 2 ], 12 ], [ [ 1, 1, 1, 1, 2, 2, 2, 2, 4, 4, 4 ], 12 ], [ [ 2, 2, 2, 2, 2, 2, 2, 2, 2, 2, 2, 2 ], 1 ], [ [ 2, 2, 2, 2, 2, 2, 4, 4, 4 ], 12 ], [ [ 2, 2, 2, 2, 2, 2, 2, 2, 2, 2, 2, 2 ], 12 ], [ [ 3, 3, 6, 6, 6 ], 8 ], [ [ 3, 3, 6, 6, 6 ], 8 ], [ [ 12, 12 ], 4 ], [ [ 12, 12 ], 4 ], [ [ 3, 3, 3, 3, 3, 3, 3, 3 ], 2 ], [ [ 3, 3, 3, 3, 6, 6 ], 4 ], [ [ 6, 6, 6, 6 ], 2 ], [ [ 4, 4, 4, 4, 4, 4 ], 2 ], [ [ 4, 4, 4, 4, 4, 4 ], 2 ], [ [ 6, 6, 6, 6 ], 8 ], [ [ 12, 12 ], 8 ], [ [ 24 ], 8 ], [ [ 24 ], 8 ], [ [ 2, 2, 2, 2, 2, 2, 2, 2, 2, 2, 2, 2 ], 12 ], [ [ 4, 4, 4, 4, 4, 4 ], 12 ], [ [ 8, 8, 8 ], 24 ], [ [ 8, 8, 8 ], 8 ], [ [ 2, 2, 2, 2, 2, 2, 2, 2, 2, 2, 2, 2 ], 4 ], [ [ 4, 4, 4, 4, 4, 4 ], 4 ] ]
367|192|[ 192, 300 ]|[ [ [ 1, 1, 1, 1, 1, 1, 1, 1, 1, 1, 1, 1, 1, 1, 1, 1, 1, 1, 1, 1, 1, 1, 1, 1 ], 1 ], [ [ 1, 1, 1, 1, 1, 1, 1, 1, 1, 1, 1, 1, 2, 2, 2, 2, 2, 2 ], 2 ], [ [ 1, 1, 1, 1, 1, 1, 2, 2, 2, 4, 4, 4 ], 8 ], [ [ 1, 1, 1, 1, 2, 2, 2, 2, 2, 2, 2, 2, 2, 2 ], 12 ], [ [ 1, 1, 1, 1, 2, 2, 2, 2, 2, 2, 2, 2, 2, 2 ], 12 ], [ [ 2, 2, 2, 2, 2, 2, 2, 2, 2, 2, 2, 2 ], 1 ], [ [ 2, 2, 2, 2, 2, 2, 2, 2, 2, 2, 2, 2 ], 12 ], [ [ 4, 4, 4, 4, 4, 4 ], 12 ], [ [ 6, 6, 6, 6 ], 4 ], [ [ 6, 6, 6, 6 ], 4 ], [ [ 3, 3, 6, 12 ], 8 ], [ [ 3, 3, 6, 12 ], 8 ], [ [ 3, 3, 3, 3, 3, 3, 3, 3 ], 2 ], [ [ 3, 3, 3, 3, 6, 6 ], 4 ], [ [ 6, 6, 6, 6 ], 2 ], [ [ 2, 2, 2, 2, 2, 2, 2, 2, 2, 2, 2, 2 ], 2 ], [ [ 2, 2, 2, 2, 2, 2, 2, 2, 2, 2, 2, 2 ], 2 ], [ [ 12, 12 ], 8 ], [ [ 12, 12 ], 8 ], [ [ 6, 6, 6, 6 ], 8 ], [ [ 12, 12 ], 8 ], [ [ 4, 4, 4, 4, 4, 4 ], 24 ], [ [ 2, 2, 2, 2, 2, 2, 2, 2, 2, 2, 2, 2 ], 12 ], [ [ 4, 4, 4, 4, 4, 4 ], 12 ], [ [ 4, 4, 4, 4, 4, 4 ], 8 ], [ [ 2, 2, 2, 2, 2, 2, 2, 2, 2, 2, 2, 2 ], 4 ], [ [ 4, 4, 4, 4, 4, 4 ], 4 ] ]
368|192|[ 192, 1008 ]|[ [ [ 1, 1, 1, 1, 1, 1, 1, 1, 1, 1, 1, 1, 1, 1, 1, 1, 1, 1, 1, 1, 1, 1, 1, 1 ], 1 ], [ [ 1, 1, 1, 1, 1, 1, 1, 1, 2, 2, 2, 2, 2, 2, 2, 2 ], 3 ], [ [ 1, 1, 1, 1, 1, 1, 1, 1, 1, 1, 1, 1, 2, 2, 2, 2, 2, 2 ], 4 ], [ [ 1, 1, 1, 1, 1, 1, 1, 1, 1, 1, 1, 1, 2, 2, 2, 2, 2, 2 ], 4 ], [ [ 1, 1, 1, 1, 1, 1, 1, 1, 1, 1, 1, 1, 2, 2, 2, 2, 2, 2 ], 4 ], [ [ 2, 2, 2, 2, 2, 2, 2, 2, 2, 2, 2, 2 ], 12 ], [ [ 2, 2, 2, 2, 4, 4, 4, 4 ], 12 ], [ [ 2, 2, 2, 2, 4, 4, 4, 4 ], 12 ], [ [ 2, 2, 2, 2, 4, 4, 4, 4 ], 12 ], [ [ 3, 3, 3, 3, 3, 3, 3, 3 ], 16 ], [ [ 3, 3, 3, 3, 6, 6 ], 16 ], [ [ 3, 3, 3, 3, 6, 6 ], 16 ], [ [ 3, 3, 3, 3, 6, 6 ], 16 ], [ [ 3, 3, 3, 3, 6, 6 ], 16 ], [ [ 3, 3, 3, 3, 6, 6 ], 16 ], [ [ 3, 3, 3, 3, 6, 6 ], 16 ], [ [ 3, 3, 3, 3, 3, 3, 3, 3 ], 16 ] ]
369|192|[ 192, 1009 ]|[ [ [ 1, 1, 1, 1, 1, 1, 1, 1, 1, 1, 1, 1, 1, 1, 1, 1, 1, 1, 1, 1, 1, 1, 1, 1 ], 1 ], [ [ 1, 1, 1, 1, 1, 1, 1, 1, 2, 2, 2, 2, 2, 2, 2, 2 ], 3 ], [ [ 1, 1, 1, 1, 1, 1, 1, 1, 1, 1, 1, 1, 2, 2, 2, 2, 2, 2 ], 4 ], [ [ 1, 1, 1, 1, 1, 1, 1, 1, 1, 1, 1, 1, 2, 2, 2, 2, 2, 2 ], 4 ], [ [ 1, 1, 1, 1, 1, 1, 1, 1, 1, 1, 1, 1, 2, 2, 2, 2, 2, 2 ], 4 ], [ [ 2, 2, 2, 2, 4, 4, 4, 4 ], 12 ], [ [ 2, 2, 2, 2, 2, 2, 2, 2, 2, 2, 2, 2 ], 12 ], [ [ 2, 2, 2, 2, 4, 4, 4, 4 ], 12 ], [ [ 2, 2, 2, 2, 4, 4, 4, 4 ], 12 ], [ [ 3, 3, 3, 3, 6, 6 ], 16 ], [ [ 3, 3, 3, 3, 6, 6 ], 16 ], [ [ 3, 3, 3, 3, 6, 6 ], 16 ], [ [ 3, 3, 3, 3, 3, 3, 3, 3 ], 16 ], [ [ 3, 3, 3, 3, 3, 3, 3, 3 ], 16 ], [ [ 3, 3, 3, 3, 6, 6 ], 16 ], [ [ 3, 3, 3, 3, 6, 6 ], 16 ], [ [ 3, 3, 3, 3, 6, 6 ], 16 ] ]
370|192|[ 192, 184 ]|[ [ [ 1, 1, 1, 1, 1, 1, 1, 1, 1, 1, 1, 1, 1, 1, 1, 1, 1, 1, 1, 1, 1, 1, 1, 1 ], 1 ], [ [ 1, 1, 1, 1, 1, 1, 1, 1, 2, 2, 2, 2, 2, 2, 2, 2 ], 3 ], [ [ 1, 1, 1, 1, 1, 1, 1, 1, 1, 1, 1, 1, 2, 2, 2, 2, 2, 2 ], 12 ], [ [ 2, 2, 2, 2, 4, 4, 4, 4 ], 12 ], [ [ 2, 2, 2, 2, 2, 2, 2, 2, 2, 2, 2, 2 ], 4 ], [ [ 4, 4, 8, 8 ], 24 ], [ [ 4, 4, 4, 4, 4, 4 ], 24 ], [ [ 4, 4, 8, 8 ], 24 ], [ [ 4, 4, 4, 4, 4, 4 ], 24 ], [ [ 3, 3, 3, 3, 3, 3, 3, 3 ], 32 ], [ [ 6, 6, 6, 6 ], 32 ] ]
371|192|[ 192, 1009 ]|[ [ [ 1, 1, 1, 1, 1, 1, 1, 1, 1, 1, 1, 1, 1, 1, 1, 1, 1, 1, 1, 1, 1, 1, 1, 1 ], 1 ], [ [ 1, 1, 1, 1, 1, 1, 1, 1, 2, 2, 2, 2, 2, 2, 2, 2 ], 3 ], [ [ 1, 1, 1, 1, 1, 1, 1, 1, 1, 1, 1, 1, 2, 2, 2, 2, 2, 2 ], 12 ], [ [ 2, 2, 2, 2, 2, 2, 2, 2, 2, 2, 2, 2 ], 4 ], [ [ 2, 2, 2, 2, 4, 4, 4, 4 ], 12 ], [ [ 2, 2, 2, 2, 2, 2, 2, 2, 2, 2, 2, 2 ], 4 ], [ [ 2, 2, 2, 2, 4, 4, 4, 4 ], 12 ], [ [ 2, 2, 2, 2, 2, 2, 2, 2, 2, 2, 2, 2 ], 4 ], [ [ 2, 2, 2, 2, 4, 4, 4, 4 ], 12 ], [ [ 6, 6, 6, 6 ], 16 ], [ [ 3, 3, 3, 3, 3, 3, 3, 3 ], 16 ], [ [ 6, 6, 6, 6 ], 16 ], [ [ 6, 6, 6, 6 ], 16 ], [ [ 6, 6, 6, 6 ], 16 ], [ [ 3, 3, 3, 3, 3, 3, 3, 3 ], 16 ], [ [ 6, 6, 6, 6 ], 16 ], [ [ 6, 6, 6, 6 ], 16 ] ]
372|192|[ 192, 1023 ]|[ [ [ 1, 1, 1, 1, 1, 1, 1, 1, 1, 1, 1, 1, 1, 1, 1, 1, 1, 1, 1, 1, 1, 1, 1, 1 ], 1 ], [ [ 1, 1, 1, 1, 1, 1, 1, 1, 2, 2, 2, 2, 2, 2, 2, 2 ], 3 ], [ [ 1, 1, 1, 1, 1, 1, 1, 1, 1, 1, 1, 1, 2, 2, 2, 2, 2, 2 ], 12 ], [ [ 2, 2, 2, 2, 2, 2, 2, 2, 2, 2, 2, 2 ], 12 ], [ [ 2, 2, 2, 2, 4, 4, 4, 4 ], 12 ], [ [ 2, 2, 2, 2, 4, 4, 4, 4 ], 12 ], [ [ 2, 2, 2, 2, 4, 4, 4, 4 ], 12 ], [ [ 3, 3, 3, 3, 3, 3, 3, 3 ], 64 ], [ [ 3, 3, 3, 3, 3, 3, 3, 3 ], 64 ] ]
373|192|[ 192, 1008 ]|[ [ [ 1, 1, 1, 1, 1, 1, 1, 1, 1, 1, 1, 1, 1, 1, 1, 1, 1, 1, 1, 1, 1, 1, 1, 1 ], 1 ], [ [ 1, 1, 1, 1, 1, 1, 1, 1, 2, 2, 2, 2, 2, 2, 2, 2 ], 3 ], [ [ 1, 1, 1, 1, 1, 1, 1, 1, 1, 1, 1, 1, 2, 2, 2, 2, 2, 2 ], 4 ], [ [ 1, 1, 1, 1, 2, 2, 2, 2, 2, 2, 2, 2, 2, 2 ], 12 ], [ [ 1, 1, 1, 1, 2, 2, 4, 4, 4, 4 ], 12 ], [ [ 2, 2, 2, 2, 2, 2, 2, 2, 2, 2, 2, 2 ], 4 ], [ [ 2, 2, 2, 2, 2, 2, 2, 2, 2, 2, 2, 2 ], 4 ], [ [ 2, 2, 2, 2, 4, 4, 4, 4 ], 12 ], [ [ 2, 2, 2, 2, 4, 4, 4, 4 ], 12 ], [ [ 6, 6, 6, 6 ], 16 ], [ [ 6, 6, 6, 6 ], 16 ], [ [ 3, 3, 3, 3, 6, 6 ], 16 ], [ [ 3, 3, 3, 3, 3, 3, 3, 3 ], 16 ], [ [ 3, 3, 3, 3, 6, 6 ], 16 ], [ [ 3, 3, 3, 3, 3, 3, 3, 3 ], 16 ], [ [ 6, 6, 6, 6 ], 16 ], [ [ 6, 6, 6, 6 ], 16 ] ]
374|192|[ 192, 185 ]|[ [ [ 1, 1, 1, 1, 1, 1, 1, 1, 1, 1, 1, 1, 1, 1, 1, 1, 1, 1, 1, 1, 1, 1, 1, 1 ], 1 ], [ [ 1, 1, 1, 1, 1, 1, 1, 1, 2, 2, 2, 2, 2, 2, 2, 2 ], 3 ], [ [ 1, 1, 1, 1, 1, 1, 1, 1, 1, 1, 1, 1, 2, 2, 2, 2, 2, 2 ], 4 ], [ [ 1, 1, 2, 2, 2, 2, 2, 4, 4, 4 ], 24 ], [ [ 1, 1, 2, 2, 2, 2, 2, 4, 4, 4 ], 24 ], [ [ 2, 2, 2, 2, 4, 4, 4, 4 ], 12 ], [ [ 2, 2, 2, 2, 2, 2, 2, 2, 2, 2, 2, 2 ], 12 ], [ [ 4, 4, 4, 4, 4, 4 ], 24 ], [ [ 4, 4, 4, 4, 4, 4 ], 24 ], [ [ 3, 3, 3, 3, 3, 3, 3, 3 ], 32 ], [ [ 3, 3, 3, 3, 6, 6 ], 32 ] ]
375|192|[ 192, 184 ]|[ [ [ 1, 1, 1, 1, 1, 1, 1, 1, 1, 1, 1, 1, 1, 1, 1, 1, 1, 1, 1, 1, 1, 1, 1, 1 ], 1 ], [ [ 1, 1, 1, 1, 1, 1, 1, 1, 2, 2, 2, 2, 2, 2, 2, 2 ], 3 ], [ [ 1, 1, 1, 1, 1, 1, 1, 1, 1, 1, 1, 1, 2, 2, 2, 2, 2, 2 ], 4 ], [ [ 1, 1, 2, 2, 2, 2, 2, 4, 4, 4 ], 24 ], [ [ 1, 1, 2, 2, 2, 2, 2, 4, 4, 4 ], 24 ], [ [ 2, 2, 2, 2, 4, 4, 4, 4 ], 12 ], [ [ 2, 2, 2, 2, 2, 2, 2, 2, 2, 2, 2, 2 ], 12 ], [ [ 4, 4, 8, 8 ], 24 ], [ [ 4, 4, 8, 8 ], 24 ], [ [ 3, 3, 3, 3, 3, 3, 3, 3 ], 32 ], [ [ 3, 3, 3, 3, 6, 6 ], 32 ] ]
376|192|[ 192, 1009 ]|[ [ [ 1, 1, 1, 1, 1, 1, 1, 1, 1, 1, 1, 1, 1, 1, 1, 1, 1, 1, 1, 1, 1, 1, 1, 1 ], 1 ], [ [ 1, 1, 1, 1, 1, 1, 1, 1, 2, 2, 2, 2, 2, 2, 2, 2 ], 3 ], [ [ 1, 1, 1, 1, 1, 1, 1, 1, 1, 1, 1, 1, 2, 2, 2, 2, 2, 2 ], 4 ], [ [ 1, 1, 1, 1, 2, 2, 2, 2, 2, 2, 2, 2, 2, 2 ], 12 ], [ [ 1, 1, 1, 1, 2, 2, 4, 4, 4, 4 ], 12 ], [ [ 2, 2, 2, 2, 2, 2, 2, 2, 2, 2, 2, 2 ], 4 ], [ [ 2, 2, 2, 2, 2, 2, 2, 2, 2, 2, 2, 2 ], 4 ], [ [ 2, 2, 2, 2, 4, 4, 4, 4 ], 12 ], [ [ 2, 2, 2, 2, 4, 4, 4, 4 ], 12 ], [ [ 3, 3, 3, 3, 6, 6 ], 16 ], [ [ 3, 3, 3, 3, 3, 3, 3, 3 ], 16 ], [ [ 6, 6, 6, 6 ], 16 ], [ [ 6, 6, 6, 6 ], 16 ], [ [ 3, 3, 3, 3, 3, 3, 3, 3 ], 16 ], [ [ 3, 3, 3, 3, 6, 6 ], 16 ], [ [ 6, 6, 6, 6 ], 16 ], [ [ 6, 6, 6, 6 ], 16 ] ]
377|192|[ 192, 1008 ]|[ [ [ 1, 1, 1, 1, 1, 1, 1, 1, 1, 1, 1, 1, 1, 1, 1, 1, 1, 1, 1, 1, 1, 1, 1, 1 ], 1 ], [ [ 1, 1, 1, 1, 1, 1, 1, 1, 2, 2, 2, 2, 2, 2, 2, 2 ], 3 ], [ [ 1, 1, 1, 1, 1, 1, 1, 1, 1, 1, 1, 1, 2, 2, 2, 2, 2, 2 ], 4 ], [ [ 1, 1, 1, 1, 2, 2, 4, 4, 4, 4 ], 12 ], [ [ 1, 1, 1, 1, 2, 2, 2, 2, 2, 2, 2, 2, 2, 2 ], 12 ], [ [ 2, 2, 2, 2, 2, 2, 2, 2, 2, 2, 2, 2 ], 4 ], [ [ 2, 2, 2, 2, 2, 2, 2, 2, 2, 2, 2, 2 ], 4 ], [ [ 2, 2, 2, 2, 4, 4, 4, 4 ], 12 ], [ [ 2, 2, 2, 2, 4, 4, 4, 4 ], 12 ], [ [ 3, 3, 3, 3, 3, 3, 3, 3 ], 16 ], [ [ 3, 3, 3, 3, 6, 6 ], 16 ], [ [ 6, 6, 6, 6 ], 16 ], [ [ 6, 6, 6, 6 ], 16 ], [ [ 3, 3, 3, 3, 3, 3, 3, 3 ], 16 ], [ [ 3, 3, 3, 3, 6, 6 ], 16 ], [ [ 6, 6, 6, 6 ], 16 ], [ [ 6, 6, 6, 6 ], 16 ] ]
378|192|[ 192, 185 ]|[ [ [ 1, 1, 1, 1, 1, 1, 1, 1, 1, 1, 1, 1, 1, 1, 1, 1, 1, 1, 1, 1, 1, 1, 1, 1 ], 1 ], [ [ 1, 1, 1, 1, 1, 1, 1, 1, 2, 2, 2, 2, 2, 2, 2, 2 ], 3 ], [ [ 1, 1, 1, 1, 1, 1, 1, 1, 1, 1, 1, 1, 2, 2, 2, 2, 2, 2 ], 4 ], [ [ 1, 1, 1, 1, 2, 2, 2, 2, 2, 2, 2, 2, 2, 2 ], 12 ], [ [ 1, 1, 1, 1, 2, 2, 4, 4, 4, 4 ], 12 ], [ [ 2, 2, 2, 2, 2, 2, 4, 4, 4 ], 24 ], [ [ 2, 2, 2, 2, 2, 2, 4, 4, 4 ], 24 ], [ [ 2, 2, 4, 4, 4, 4, 4 ], 24 ], [ [ 2, 2, 4, 4, 4, 4, 4 ], 24 ], [ [ 3, 3, 3, 3, 3, 3, 3, 3 ], 32 ], [ [ 3, 3, 3, 3, 6, 6 ], 32 ] ]
379|192|[ 192, 184 ]|[ [ [ 1, 1, 1, 1, 1, 1, 1, 1, 1, 1, 1, 1, 1, 1, 1, 1, 1, 1, 1, 1, 1, 1, 1, 1 ], 1 ], [ [ 1, 1, 1, 1, 1, 1, 1, 1, 2, 2, 2, 2, 2, 2, 2, 2 ], 3 ], [ [ 1, 1, 1, 1, 1, 1, 1, 1, 1, 1, 1, 1, 2, 2, 2, 2, 2, 2 ], 4 ], [ [ 1, 1, 1, 1, 2, 2, 4, 4, 4, 4 ], 12 ], [ [ 1, 1, 1, 1, 2, 2, 2, 2, 2, 2, 2, 2, 2, 2 ], 12 ], [ [ 2, 2, 2, 2, 2, 2, 4, 4, 4 ], 24 ], [ [ 2, 2, 2, 2, 2, 2, 4, 4, 4 ], 24 ], [ [ 2, 2, 4, 8, 8 ], 24 ], [ [ 2, 2, 4, 8, 8 ], 24 ], [ [ 3, 3, 3, 3, 3, 3, 3, 3 ], 32 ], [ [ 3, 3, 3, 3, 6, 6 ], 32 ] ]
380|192|[ 192, 1008 ]|[ [ [ 1, 1, 1, 1, 1, 1, 1, 1, 1, 1, 1, 1, 1, 1, 1, 1, 1, 1, 1, 1, 1, 1, 1, 1 ], 1 ], [ [ 1, 1, 1, 1, 1, 1, 1, 1, 2, 2, 2, 2, 2, 2, 2, 2 ], 3 ], [ [ 1, 1, 1, 1, 1, 1, 1, 1, 2, 2, 2, 2, 2, 2, 2, 2 ], 12 ], [ [ 1, 1, 1, 1, 2, 2, 4, 4, 4, 4 ], 12 ], [ [ 2, 2, 2, 2, 2, 2, 2, 2, 2, 2, 2, 2 ], 4 ], [ [ 2, 2, 2, 2, 4, 4, 4, 4 ], 12 ], [ [ 2, 2, 2, 2, 4, 4, 4, 4 ], 12 ], [ [ 2, 2, 2, 2, 2, 2, 2, 2, 2, 2, 2, 2 ], 4 ], [ [ 2, 2, 2, 2, 2, 2, 2, 2, 2, 2, 2, 2 ], 4 ], [ [ 6, 6, 6, 6 ], 16 ], [ [ 6, 6, 6, 6 ], 16 ], [ [ 6, 6, 6, 6 ], 16 ], [ [ 3, 3, 3, 3, 3, 3, 3, 3 ], 16 ], [ [ 6, 6, 6, 6 ], 16 ], [ [ 6, 6, 6, 6 ], 16 ], [ [ 3, 3, 3, 3, 3, 3, 3, 3 ], 16 ], [ [ 6, 6, 6, 6 ], 16 ] ]
381|192|[ 192, 1009 ]|[ [ [ 1, 1, 1, 1, 1, 1, 1, 1, 1, 1, 1, 1, 1, 1, 1, 1, 1, 1, 1, 1, 1, 1, 1, 1 ], 1 ], [ [ 1, 1, 1, 1, 1, 1, 1, 1, 2, 2, 2, 2, 2, 2, 2, 2 ], 3 ], [ [ 1, 1, 1, 1, 2, 2, 4, 4, 4, 4 ], 12 ], [ [ 1, 1, 1, 1, 2, 2, 4, 4, 4, 4 ], 12 ], [ [ 1, 1, 1, 1, 2, 2, 4, 4, 4, 4 ], 12 ], [ [ 2, 2, 2, 2, 2, 2, 2, 2, 2, 2, 2, 2 ], 12 ], [ [ 2, 2, 2, 2, 2, 2, 2, 2, 2, 2, 2, 2 ], 4 ], [ [ 2, 2, 2, 2, 2, 2, 2, 2, 2, 2, 2, 2 ], 4 ], [ [ 2, 2, 2, 2, 2, 2, 2, 2, 2, 2, 2, 2 ], 4 ], [ [ 6, 6, 6, 6 ], 16 ], [ [ 3, 3, 3, 3, 3, 3, 3, 3 ], 16 ], [ [ 6, 6, 6, 6 ], 16 ], [ [ 6, 6, 6, 6 ], 16 ], [ [ 6, 6, 6, 6 ], 16 ], [ [ 6, 6, 6, 6 ], 16 ], [ [ 3, 3, 3, 3, 3, 3, 3, 3 ], 16 ], [ [ 6, 6, 6, 6 ], 16 ] ]
382|192|[ 192, 1008 ]|[ [ [ 1, 1, 1, 1, 1, 1, 1, 1, 1, 1, 1, 1, 1, 1, 1, 1, 1, 1, 1, 1, 1, 1, 1, 1 ], 1 ], [ [ 1, 1, 1, 1, 1, 1, 1, 1, 2, 2, 2, 2, 2, 2, 2, 2 ], 3 ], [ [ 1, 1, 1, 1, 2, 2, 2, 2, 2, 2, 2, 2, 2, 2 ], 12 ], [ [ 1, 1, 1, 1, 2, 2, 4, 4, 4, 4 ], 12 ], [ [ 1, 1, 1, 1, 2, 2, 4, 4, 4, 4 ], 12 ], [ [ 2, 2, 2, 2, 2, 2, 2, 2, 2, 2, 2, 2 ], 4 ], [ [ 2, 2, 2, 2, 4, 4, 4, 4 ], 12 ], [ [ 2, 2, 2, 2, 2, 2, 2, 2, 2, 2, 2, 2 ], 4 ], [ [ 2, 2, 2, 2, 2, 2, 2, 2, 2, 2, 2, 2 ], 4 ], [ [ 6, 6, 6, 6 ], 16 ], [ [ 3, 3, 3, 3, 3, 3, 3, 3 ], 16 ], [ [ 6, 6, 6, 6 ], 16 ], [ [ 6, 6, 6, 6 ], 16 ], [ [ 6, 6, 6, 6 ], 16 ], [ [ 3, 3, 3, 3, 3, 3, 3, 3 ], 16 ], [ [ 6, 6, 6, 6 ], 16 ], [ [ 6, 6, 6, 6 ], 16 ] ]
383|192|[ 192, 184 ]|[ [ [ 1, 1, 1, 1, 1, 1, 1, 1, 1, 1, 1, 1, 1, 1, 1, 1, 1, 1, 1, 1, 1, 1, 1, 1 ], 1 ], [ [ 1, 1, 1, 1, 1, 1, 1, 1, 2, 2, 2, 2, 2, 2, 2, 2 ], 3 ], [ [ 1, 1, 1, 1, 2, 2, 4, 4, 4, 4 ], 12 ], [ [ 1, 1, 2, 4, 8, 8 ], 24 ], [ [ 1, 1, 2, 4, 8, 8 ], 24 ], [ [ 2, 2, 2, 2, 2, 2, 2, 2, 2, 2, 2, 2 ], 12 ], [ [ 4, 4, 4, 4, 4, 4 ], 24 ], [ [ 4, 4, 4, 4, 4, 4 ], 24 ], [ [ 2, 2, 2, 2, 2, 2, 2, 2, 2, 2, 2, 2 ], 4 ], [ [ 3, 3, 3, 3, 3, 3, 3, 3 ], 32 ], [ [ 6, 6, 6, 6 ], 32 ] ]
384|192|[ 192, 185 ]|[ [ [ 1, 1, 1, 1, 1, 1, 1, 1, 1, 1, 1, 1, 1, 1, 1, 1, 1, 1, 1, 1, 1, 1, 1, 1 ], 1 ], [ [ 1, 1, 1, 1, 1, 1, 1, 1, 2, 2, 2, 2, 2, 2, 2, 2 ], 3 ], [ [ 1, 1, 1, 1, 2, 2, 2, 2, 2, 2, 2, 2, 2, 2 ], 12 ], [ [ 1, 1, 2, 4, 4, 4, 4, 4 ], 24 ], [ [ 1, 1, 2, 4, 4, 4, 4, 4 ], 24 ], [ [ 2, 2, 2, 2, 4, 4, 4, 4 ], 12 ], [ [ 4, 4, 4, 4, 4, 4 ], 24 ], [ [ 4, 4, 4, 4, 4, 4 ], 24 ], [ [ 2, 2, 2, 2, 2, 2, 2, 2, 2, 2, 2, 2 ], 4 ], [ [ 6, 6, 6, 6 ], 32 ], [ [ 3, 3, 3, 3, 3, 3, 3, 3 ], 32 ] ]
385|192|[ 192, 1505 ]|[ [ [ 1, 1, 1, 1, 1, 1, 1, 1, 1, 1, 1, 1, 1, 1, 1, 1, 1, 1, 1, 1, 1, 1, 1, 1 ], 1 ], [ [ 1, 1, 1, 1, 1, 1, 1, 1, 1, 1, 1, 1, 1, 1, 1, 1, 2, 2, 2, 2 ], 3 ], [ [ 1, 1, 1, 1, 1, 1, 1, 1, 2, 2, 2, 2, 2, 2, 2, 2 ], 3 ], [ [ 1, 1, 1, 1, 1, 1, 1, 1, 2, 2, 2, 2, 2, 2, 2, 2 ], 3 ], [ [ 1, 1, 1, 1, 1, 1, 1, 1, 2, 2, 2, 2, 2, 2, 2, 2 ], 3 ], [ [ 1, 1, 1, 1, 1, 1, 1, 1, 2, 2, 2, 2, 2, 2, 2, 2 ], 3 ], [ [ 1, 1, 1, 1, 1, 1, 1, 1, 2, 2, 2, 2, 2, 2, 2, 2 ], 3 ], [ [ 2, 2, 2, 2, 2, 2, 2, 2, 2, 2, 2, 2 ], 3 ], [ [ 2, 2, 2, 2, 2, 2, 2, 2, 2, 2, 2, 2 ], 3 ], [ [ 2, 2, 2, 2, 2, 2, 2, 2, 2, 2, 2, 2 ], 3 ], [ [ 4, 4, 4, 4, 4, 4 ], 1 ], [ [ 4, 4, 4, 4, 4, 4 ], 3 ], [ [ 4, 4, 4, 4, 4, 4 ], 3 ], [ [ 4, 4, 4, 4, 4, 4 ], 3 ], [ [ 4, 4, 4, 4, 4, 4 ], 3 ], [ [ 4, 4, 4, 4, 4, 4 ], 3 ], [ [ 4, 4, 4, 4, 4, 4 ], 3 ], [ [ 4, 4, 4, 4, 4, 4 ], 3 ], [ [ 4, 4, 4, 4, 4, 4 ], 3 ], [ [ 4, 4, 4, 4, 4, 4 ], 3 ], [ [ 2, 2, 2, 2, 2, 2, 2, 2, 2, 2, 2, 2 ], 1 ], [ [ 2, 2, 2, 2, 2, 2, 2, 2, 2, 2, 2, 2 ], 3 ], [ [ 4, 4, 4, 4, 4, 4 ], 3 ], [ [ 4, 4, 4, 4, 4, 4 ], 1 ], [ [ 6, 6, 6, 6 ], 16 ], [ [ 3, 3, 3, 3, 3, 3, 3, 3 ], 16 ], [ [ 12, 12 ], 16 ], [ [ 12, 12 ], 16 ], [ [ 12, 12 ], 16 ], [ [ 12, 12 ], 16 ], [ [ 6, 6, 6, 6 ], 16 ], [ [ 3, 3, 3, 3, 3, 3, 3, 3 ], 16 ] ]
386|192|[ 192, 1495 ]|[ [ [ 1, 1, 1, 1, 1, 1, 1, 1, 1, 1, 1, 1, 1, 1, 1, 1, 1, 1, 1, 1, 1, 1, 1, 1 ], 1 ], [ [ 1, 1, 1, 1, 1, 1, 1, 1, 1, 1, 1, 1, 1, 1, 1, 1, 2, 2, 2, 2 ], 3 ], [ [ 1, 1, 1, 1, 1, 1, 1, 1, 2, 2, 2, 2, 2, 2, 2, 2 ], 3 ], [ [ 1, 1, 1, 1, 1, 1, 1, 1, 2, 2, 2, 2, 2, 2, 2, 2 ], 6 ], [ [ 1, 1, 1, 1, 1, 1, 1, 1, 2, 2, 2, 2, 2, 2, 2, 2 ], 3 ], [ [ 1, 1, 1, 1, 1, 1, 1, 1, 2, 2, 2, 2, 2, 2, 2, 2 ], 3 ], [ [ 2, 2, 2, 2, 2, 2, 2, 2, 2, 2, 2, 2 ], 3 ], [ [ 2, 2, 2, 2, 2, 2, 2, 2, 2, 2, 2, 2 ], 6 ], [ [ 4, 4, 4, 4, 4, 4 ], 12 ], [ [ 4, 4, 4, 4, 4, 4 ], 12 ], [ [ 2, 2, 2, 2, 2, 2, 2, 2, 4, 4 ], 12 ], [ [ 4, 4, 4, 4, 4, 4 ], 12 ], [ [ 2, 2, 2, 2, 2, 2, 2, 2, 2, 2, 2, 2 ], 1 ], [ [ 2, 2, 2, 2, 2, 2, 2, 2, 2, 2, 2, 2 ], 3 ], [ [ 4, 4, 4, 4, 4, 4 ], 12 ], [ [ 4, 4, 4, 4, 4, 4 ], 12 ], [ [ 2, 2, 2, 2, 2, 2, 2, 2, 4, 4 ], 12 ], [ [ 4, 4, 4, 4, 4, 4 ], 12 ], [ [ 6, 6, 6, 6 ], 32 ], [ [ 3, 3, 3, 3, 3, 3, 3, 3 ], 32 ] ]
387|192|[ 192, 185 ]|[ [ [ 1, 1, 1, 1, 1, 1, 1, 1, 1, 1, 1, 1, 1, 1, 1, 1, 1, 1, 1, 1, 1, 1, 1, 1 ], 1 ], [ [ 1, 1, 1, 1, 1, 1, 1, 1, 2, 2, 2, 2, 2, 2, 2, 2 ], 3 ], [ [ 1, 1, 1, 1, 1, 1, 1, 1, 2, 2, 2, 2, 2, 2, 2, 2 ], 12 ], [ [ 1, 1, 1, 1, 2, 2, 4, 4, 4, 4 ], 12 ], [ [ 4, 4, 4, 4, 4, 4 ], 24 ], [ [ 2, 2, 2, 2, 4, 4, 4, 4 ], 24 ], [ [ 2, 2, 2, 2, 2, 2, 2, 2, 2, 2, 2, 2 ], 4 ], [ [ 4, 4, 4, 4, 4, 4 ], 24 ], [ [ 2, 2, 2, 2, 4, 4, 4, 4 ], 24 ], [ [ 3, 3, 3, 3, 3, 3, 3, 3 ], 32 ], [ [ 6, 6, 6, 6 ], 32 ] ]
388|192|[ 192, 1020 ]|[ [ [ 1, 1, 1, 1, 1, 1, 1, 1, 1, 1, 1, 1, 1, 1, 1, 1, 1, 1, 1, 1, 1, 1, 1, 1 ], 1 ], [ [ 1, 1, 1, 1, 1, 1, 1, 1, 2, 2, 2, 2, 2, 2, 2, 2 ], 3 ], [ [ 1, 1, 1, 1, 1, 1, 1, 1, 4, 4, 4, 4 ], 3 ], [ [ 1, 1, 1, 1, 1, 1, 1, 1, 4, 4, 4, 4 ], 3 ], [ [ 1, 1, 1, 1, 1, 1, 1, 1, 2, 2, 2, 2, 2, 2, 2, 2 ], 3 ], [ [ 1, 1, 1, 1, 1, 1, 1, 1, 2, 2, 2, 2, 2, 2, 2, 2 ], 3 ], [ [ 1, 1, 1, 1, 1, 1, 1, 1, 4, 4, 4, 4 ], 3 ], [ [ 1, 1, 1, 1, 1, 1, 1, 1, 4, 4, 4, 4 ], 3 ], [ [ 2, 2, 2, 2, 4, 4, 4, 4 ], 3 ], [ [ 2, 2, 2, 2, 4, 4, 4, 4 ], 3 ], [ [ 2, 2, 2, 2, 2, 2, 2, 2, 2, 2, 2, 2 ], 3 ], [ [ 2, 2, 2, 2, 2, 2, 2, 2, 2, 2, 2, 2 ], 3 ], [ [ 2, 2, 2, 2, 4, 4, 4, 4 ], 3 ], [ [ 2, 2, 2, 2, 4, 4, 4, 4 ], 3 ], [ [ 2, 2, 2, 2, 4, 4, 4, 4 ], 3 ], [ [ 2, 2, 2, 2, 4, 4, 4, 4 ], 3 ], [ [ 2, 2, 2, 2, 4, 4, 4, 4 ], 3 ], [ [ 2, 2, 2, 2, 4, 4, 4, 4 ], 3 ], [ [ 2, 2, 2, 2, 4, 4, 4, 4 ], 3 ], [ [ 2, 2, 2, 2, 4, 4, 4, 4 ], 3 ], [ [ 2, 2, 2, 2, 4, 4, 4, 4 ], 3 ], [ [ 2, 2, 2, 2, 4, 4, 4, 4 ], 3 ], [ [ 3, 3, 3, 3, 3, 3, 3, 3 ], 64 ], [ [ 3, 3, 3, 3, 3, 3, 3, 3 ], 64 ] ]
389|192|[ 192, 3 ]|[ [ [ 1, 1, 1, 1, 1, 1, 1, 1, 1, 1, 1, 1, 1, 1, 1, 1, 1, 1, 1, 1, 1, 1, 1, 1 ], 1 ], [ [ 1, 1, 1, 1, 1, 1, 1, 1, 2, 2, 2, 2, 2, 2, 2, 2 ], 3 ], [ [ 1, 1, 1, 1, 1, 1, 1, 1, 8, 8 ], 3 ], [ [ 1, 1, 1, 1, 1, 1, 1, 1, 8, 8 ], 3 ], [ [ 1, 1, 1, 1, 1, 1, 1, 1, 4, 4, 4, 4 ], 3 ], [ [ 1, 1, 1, 1, 1, 1, 1, 1, 4, 4, 4, 4 ], 3 ], [ [ 1, 1, 1, 1, 1, 1, 1, 1, 8, 8 ], 3 ], [ [ 1, 1, 1, 1, 1, 1, 1, 1, 8, 8 ], 3 ], [ [ 2, 2, 2, 2, 8, 8 ], 3 ], [ [ 2, 2, 2, 2, 8, 8 ], 3 ], [ [ 2, 2, 2, 2, 4, 4, 4, 4 ], 3 ], [ [ 2, 2, 2, 2, 4, 4, 4, 4 ], 3 ], [ [ 2, 2, 2, 2, 8, 8 ], 3 ], [ [ 2, 2, 2, 2, 8, 8 ], 3 ], [ [ 4, 4, 8, 8 ], 3 ], [ [ 4, 4, 8, 8 ], 3 ], [ [ 4, 4, 8, 8 ], 3 ], [ [ 4, 4, 8, 8 ], 3 ], [ [ 4, 4, 8, 8 ], 3 ], [ [ 4, 4, 8, 8 ], 3 ], [ [ 4, 4, 8, 8 ], 3 ], [ [ 4, 4, 8, 8 ], 3 ], [ [ 3, 3, 3, 3, 3, 3, 3, 3 ], 64 ], [ [ 3, 3, 3, 3, 3, 3, 3, 3 ], 64 ] ]
390|192|[ 192, 1541 ]|[ [ [ 1, 1, 1, 1, 1, 1, 1, 1, 1, 1, 1, 1, 1, 1, 1, 1, 1, 1, 1, 1, 1, 1, 1, 1 ], 1 ], [ [ 1, 1, 1, 1, 1, 1, 1, 1, 2, 2, 2, 2, 2, 2, 2, 2 ], 3 ], [ [ 1, 1, 1, 1, 1, 1, 1, 1, 2, 2, 2, 2, 2, 2, 2, 2 ], 3 ], [ [ 1, 1, 1, 1, 1, 1, 1, 1, 2, 2, 2, 2, 2, 2, 2, 2 ], 3 ], [ [ 1, 1, 1, 1, 1, 1, 1, 1, 2, 2, 2, 2, 2, 2, 2, 2 ], 3 ], [ [ 1, 1, 1, 1, 1, 1, 1, 1, 2, 2, 2, 2, 2, 2, 2, 2 ], 3 ], [ [ 1, 1, 1, 1, 1, 1, 1, 1, 2, 2, 2, 2, 2, 2, 2, 2 ], 3 ], [ [ 1, 1, 1, 1, 1, 1, 1, 1, 2, 2, 2, 2, 2, 2, 2, 2 ], 3 ], [ [ 2, 2, 2, 2, 2, 2, 2, 2, 2, 2, 2, 2 ], 3 ], [ [ 2, 2, 2, 2, 2, 2, 2, 2, 2, 2, 2, 2 ], 3 ], [ [ 2, 2, 2, 2, 2, 2, 2, 2, 2, 2, 2, 2 ], 3 ], [ [ 2, 2, 2, 2, 2, 2, 2, 2, 2, 2, 2, 2 ], 3 ], [ [ 2, 2, 2, 2, 2, 2, 2, 2, 2, 2, 2, 2 ], 3 ], [ [ 2, 2, 2, 2, 2, 2, 2, 2, 2, 2, 2, 2 ], 3 ], [ [ 2, 2, 2, 2, 2, 2, 2, 2, 2, 2, 2, 2 ], 3 ], [ [ 2, 2, 2, 2, 2, 2, 2, 2, 2, 2, 2, 2 ], 3 ], [ [ 2, 2, 2, 2, 2, 2, 2, 2, 2, 2, 2, 2 ], 3 ], [ [ 2, 2, 2, 2, 2, 2, 2, 2, 2, 2, 2, 2 ], 3 ], [ [ 2, 2, 2, 2, 2, 2, 2, 2, 2, 2, 2, 2 ], 3 ], [ [ 2, 2, 2, 2, 2, 2, 2, 2, 2, 2, 2, 2 ], 3 ], [ [ 2, 2, 2, 2, 2, 2, 2, 2, 2, 2, 2, 2 ], 3 ], [ [ 2, 2, 2, 2, 2, 2, 2, 2, 2, 2, 2, 2 ], 3 ], [ [ 3, 3, 3, 3, 3, 3, 3, 3 ], 64 ], [ [ 3, 3, 3, 3, 3, 3, 3, 3 ], 64 ] ]
391|192|[ 192, 1023 ]|[ [ [ 1, 1, 1, 1, 1, 1, 1, 1, 1, 1, 1, 1, 1, 1, 1, 1, 1, 1, 1, 1, 1, 1, 1, 1 ], 1 ], [ [ 1, 1, 1, 1, 1, 1, 1, 1, 2, 2, 2, 2, 2, 2, 2, 2 ], 3 ], [ [ 1, 1, 1, 1, 2, 2, 2, 2, 2, 2, 2, 2, 2, 2 ], 12 ], [ [ 1, 1, 1, 1, 2, 2, 2, 2, 2, 2, 2, 2, 2, 2 ], 12 ], [ [ 1, 1, 1, 1, 2, 2, 4, 4, 4, 4 ], 12 ], [ [ 2, 2, 2, 2, 4, 4, 4, 4 ], 12 ], [ [ 2, 2, 2, 2, 4, 4, 4, 4 ], 12 ], [ [ 3, 3, 3, 3, 3, 3, 3, 3 ], 64 ], [ [ 3, 3, 3, 3, 3, 3, 3, 3 ], 64 ] ]
392|192|[ 192, 1023 ]|[ [ [ 1, 1, 1, 1, 1, 1, 1, 1, 1, 1, 1, 1, 1, 1, 1, 1, 1, 1, 1, 1, 1, 1, 1, 1 ], 1 ], [ [ 1, 1, 1, 1, 1, 1, 1, 1, 2, 2, 2, 2, 2, 2, 2, 2 ], 3 ], [ [ 1, 1, 1, 1, 2, 2, 4, 4, 4, 4 ], 12 ], [ [ 1, 1, 1, 1, 2, 2, 4, 4, 4, 4 ], 12 ], [ [ 1, 1, 1, 1, 2, 2, 4, 4, 4, 4 ], 12 ], [ [ 2, 2, 2, 2, 2, 2, 2, 2, 2, 2, 2, 2 ], 12 ], [ [ 2, 2, 2, 2, 2, 2, 2, 2, 2, 2, 2, 2 ], 12 ], [ [ 3, 3, 3, 3, 3, 3, 3, 3 ], 64 ], [ [ 3, 3, 3, 3, 3, 3, 3, 3 ], 64 ] ]
393|192|[ 192, 1472 ]|[ [ [ 1, 1, 1, 1, 1, 1, 1, 1, 1, 1, 1, 1, 1, 1, 1, 1, 1, 1, 1, 1, 1, 1, 1, 1 ], 1 ], [ [ 1, 1, 1, 1, 1, 1, 1, 1, 2, 2, 2, 2, 2, 2, 2, 2 ], 6 ], [ [ 1, 1, 1, 1, 2, 2, 2, 2, 2, 2, 2, 2, 2, 2 ], 12 ], [ [ 1, 1, 1, 1, 2, 2, 4, 4, 4, 4 ], 12 ], [ [ 1, 1, 1, 1, 1, 1, 1, 1, 2, 2, 2, 2, 2, 2, 2, 2 ], 3 ], [ [ 2, 2, 2, 2, 2, 2, 2, 2, 2, 2, 2, 2 ], 1 ], [ [ 2, 2, 2, 2, 2, 2, 2, 2, 2, 2, 2, 2 ], 3 ], [ [ 2, 2, 2, 2, 2, 2, 2, 2, 2, 2, 2, 2 ], 12 ], [ [ 2, 2, 2, 2, 2, 2, 2, 2, 2, 2, 2, 2 ], 6 ], [ [ 12, 12 ], 16 ], [ [ 6, 6, 6, 6 ], 16 ], [ [ 4, 4, 4, 4, 4, 4 ], 6 ], [ [ 4, 4, 4, 4, 4, 4 ], 12 ], [ [ 2, 2, 2, 2, 2, 2, 2, 2, 2, 2, 2, 2 ], 6 ], [ [ 4, 4, 4, 4, 4, 4 ], 6 ], [ [ 6, 6, 6, 6 ], 16 ], [ [ 6, 6, 6, 6 ], 8 ], [ [ 4, 4, 4, 4, 4, 4 ], 12 ], [ [ 3, 3, 3, 3, 3, 3, 3, 3 ], 8 ], [ [ 4, 4, 4, 4, 4, 4 ], 12 ], [ [ 2, 2, 2, 2, 2, 2, 2, 2, 2, 2, 2, 2 ], 6 ], [ [ 4, 4, 4, 4, 4, 4 ], 6 ], [ [ 2, 2, 2, 2, 2, 2, 2, 2, 2, 2, 2, 2 ], 2 ], [ [ 2, 2, 2, 2, 2, 2, 2, 2, 2, 2, 2, 2 ], 2 ], [ [ 4, 4, 4, 4, 4, 4 ], 2 ] ]
394|192|[ 192, 1470 ]|[ [ [ 1, 1, 1, 1, 1, 1, 1, 1, 1, 1, 1, 1, 1, 1, 1, 1, 1, 1, 1, 1, 1, 1, 1, 1 ], 1 ], [ [ 1, 1, 1, 1, 1, 1, 1, 1, 1, 1, 1, 1, 1, 1, 1, 1, 2, 2, 2, 2 ], 3 ], [ [ 1, 1, 1, 1, 2, 2, 2, 2, 2, 2, 2, 2, 2, 2 ], 12 ], [ [ 1, 1, 1, 1, 2, 2, 4, 4, 4, 4 ], 12 ], [ [ 1, 1, 1, 1, 1, 1, 1, 1, 2, 2, 2, 2, 2, 2, 2, 2 ], 3 ], [ [ 2, 2, 2, 2, 2, 2, 2, 2, 2, 2, 2, 2 ], 1 ], [ [ 2, 2, 2, 2, 2, 2, 2, 2, 2, 2, 2, 2 ], 3 ], [ [ 2, 2, 2, 2, 2, 2, 2, 2, 2, 2, 2, 2 ], 3 ], [ [ 2, 2, 2, 2, 2, 2, 2, 2, 2, 2, 2, 2 ], 12 ], [ [ 2, 2, 2, 2, 2, 2, 2, 2, 2, 2, 2, 2 ], 12 ], [ [ 12, 12 ], 8 ], [ [ 12, 12 ], 8 ], [ [ 2, 2, 2, 2, 4, 4, 4, 4 ], 12 ], [ [ 2, 2, 2, 2, 4, 4, 4, 4 ], 12 ], [ [ 12, 12 ], 8 ], [ [ 12, 12 ], 8 ], [ [ 6, 6, 6, 6 ], 8 ], [ [ 3, 3, 3, 3, 3, 3, 3, 3 ], 8 ], [ [ 2, 2, 2, 2, 4, 4, 4, 4 ], 12 ], [ [ 2, 2, 2, 2, 2, 2, 2, 2, 2, 2, 2, 2 ], 12 ], [ [ 6, 6, 6, 6 ], 8 ], [ [ 6, 6, 6, 6 ], 8 ], [ [ 4, 4, 4, 4, 4, 4 ], 6 ], [ [ 4, 4, 4, 4, 4, 4 ], 6 ], [ [ 4, 4, 4, 4, 4, 4 ], 2 ], [ [ 2, 2, 2, 2, 2, 2, 2, 2, 2, 2, 2, 2 ], 1 ], [ [ 2, 2, 2, 2, 2, 2, 2, 2, 2, 2, 2, 2 ], 1 ], [ [ 4, 4, 4, 4, 4, 4 ], 2 ] ]
395|192|[ 192, 1471 ]|[ [ [ 1, 1, 1, 1, 1, 1, 1, 1, 1, 1, 1, 1, 1, 1, 1, 1, 1, 1, 1, 1, 1, 1, 1, 1 ], 1 ], [ [ 1, 1, 1, 1, 1, 1, 1, 1, 2, 2, 2, 2, 2, 2, 2, 2 ], 6 ], [ [ 1, 1, 1, 1, 2, 2, 4, 4, 4, 4 ], 12 ], [ [ 1, 1, 1, 1, 2, 2, 2, 2, 2, 2, 2, 2, 2, 2 ], 12 ], [ [ 1, 1, 1, 1, 1, 1, 1, 1, 2, 2, 2, 2, 2, 2, 2, 2 ], 3 ], [ [ 2, 2, 2, 2, 2, 2, 2, 2, 2, 2, 2, 2 ], 1 ], [ [ 2, 2, 2, 2, 2, 2, 2, 2, 2, 2, 2, 2 ], 3 ], [ [ 2, 2, 2, 2, 2, 2, 2, 2, 2, 2, 2, 2 ], 12 ], [ [ 4, 4, 4, 4, 4, 4 ], 12 ], [ [ 12, 12 ], 8 ], [ [ 12, 12 ], 8 ], [ [ 2, 2, 2, 2, 4, 4, 4, 4 ], 12 ], [ [ 4, 4, 4, 4, 4, 4 ], 12 ], [ [ 12, 12 ], 8 ], [ [ 12, 12 ], 8 ], [ [ 3, 3, 3, 3, 3, 3, 3, 3 ], 8 ], [ [ 6, 6, 6, 6 ], 8 ], [ [ 4, 4, 4, 4, 4, 4 ], 12 ], [ [ 6, 6, 6, 6 ], 8 ], [ [ 6, 6, 6, 6 ], 8 ], [ [ 4, 4, 4, 4, 4, 4 ], 12 ], [ [ 4, 4, 4, 4, 4, 4 ], 3 ], [ [ 4, 4, 4, 4, 4, 4 ], 6 ], [ [ 4, 4, 4, 4, 4, 4 ], 1 ], [ [ 4, 4, 4, 4, 4, 4 ], 3 ], [ [ 4, 4, 4, 4, 4, 4 ], 1 ], [ [ 2, 2, 2, 2, 2, 2, 2, 2, 2, 2, 2, 2 ], 2 ], [ [ 4, 4, 4, 4, 4, 4 ], 2 ] ]
396|192|[ 192, 1473 ]|[ [ [ 1, 1, 1, 1, 1, 1, 1, 1, 1, 1, 1, 1, 1, 1, 1, 1, 1, 1, 1, 1, 1, 1, 1, 1 ], 1 ], [ [ 1, 1, 1, 1, 1, 1, 1, 1, 2, 2, 2, 2, 2, 2, 2, 2 ], 6 ], [ [ 1, 1, 1, 1, 2, 2, 2, 2, 2, 2, 2, 2, 2, 2 ], 12 ], [ [ 1, 1, 1, 1, 2, 2, 4, 4, 4, 4 ], 12 ], [ [ 1, 1, 1, 1, 1, 1, 1, 1, 2, 2, 2, 2, 2, 2, 2, 2 ], 3 ], [ [ 2, 2, 2, 2, 2, 2, 2, 2, 2, 2, 2, 2 ], 1 ], [ [ 2, 2, 2, 2, 2, 2, 2, 2, 2, 2, 2, 2 ], 3 ], [ [ 4, 4, 4, 4, 4, 4 ], 6 ], [ [ 4, 4, 4, 4, 4, 4 ], 12 ], [ [ 12, 12 ], 16 ], [ [ 6, 6, 6, 6 ], 16 ], [ [ 2, 2, 2, 2, 4, 4, 4, 4 ], 12 ], [ [ 2, 2, 2, 2, 4, 4, 4, 4 ], 6 ], [ [ 4, 4, 4, 4, 4, 4 ], 6 ], [ [ 2, 2, 2, 2, 4, 4, 4, 4 ], 6 ], [ [ 6, 6, 6, 6 ], 16 ], [ [ 6, 6, 6, 6 ], 8 ], [ [ 4, 4, 4, 4, 4, 4 ], 12 ], [ [ 3, 3, 3, 3, 3, 3, 3, 3 ], 8 ], [ [ 4, 4, 4, 4, 4, 4 ], 12 ], [ [ 2, 2, 2, 2, 2, 2, 2, 2, 2, 2, 2, 2 ], 6 ], [ [ 4, 4, 4, 4, 4, 4 ], 6 ], [ [ 2, 2, 2, 2, 2, 2, 2, 2, 2, 2, 2, 2 ], 2 ], [ [ 2, 2, 2, 2, 2, 2, 2, 2, 2, 2, 2, 2 ], 2 ], [ [ 4, 4, 4, 4, 4, 4 ], 2 ] ]
397|192|[ 192, 1469 ]|[ [ [ 1, 1, 1, 1, 1, 1, 1, 1, 1, 1, 1, 1, 1, 1, 1, 1, 1, 1, 1, 1, 1, 1, 1, 1 ], 1 ], [ [ 1, 1, 1, 1, 1, 1, 1, 1, 1, 1, 1, 1, 1, 1, 1, 1, 2, 2, 2, 2 ], 3 ], [ [ 1, 1, 1, 1, 1, 1, 1, 1, 2, 2, 2, 2, 2, 2, 2, 2 ], 6 ], [ [ 1, 1, 1, 1, 1, 1, 1, 1, 4, 4, 4, 4 ], 6 ], [ [ 1, 1, 1, 1, 1, 1, 1, 1, 2, 2, 2, 2, 2, 2, 2, 2 ], 3 ], [ [ 2, 2, 2, 2, 2, 2, 2, 2, 2, 2, 2, 2 ], 1 ], [ [ 2, 2, 2, 2, 2, 2, 2, 2, 2, 2, 2, 2 ], 3 ], [ [ 2, 2, 2, 2, 2, 2, 2, 2, 2, 2, 2, 2 ], 6 ], [ [ 2, 2, 2, 2, 4, 4, 4, 4 ], 6 ], [ [ 2, 2, 2, 2, 2, 2, 2, 2, 2, 2, 2, 2 ], 3 ], [ [ 4, 4, 4, 4, 4, 4 ], 6 ], [ [ 4, 4, 4, 4, 4, 4 ], 6 ], [ [ 12, 12 ], 8 ], [ [ 12, 12 ], 8 ], [ [ 4, 4, 4, 4, 4, 4 ], 6 ], [ [ 4, 4, 4, 4, 4, 4 ], 6 ], [ [ 4, 4, 4, 4, 4, 4 ], 6 ], [ [ 4, 4, 4, 4, 4, 4 ], 6 ], [ [ 12, 12 ], 8 ], [ [ 12, 12 ], 8 ], [ [ 4, 4, 4, 4, 4, 4 ], 6 ], [ [ 4, 4, 4, 4, 4, 4 ], 6 ], [ [ 6, 6, 6, 6 ], 8 ], [ [ 3, 3, 3, 3, 3, 3, 3, 3 ], 8 ], [ [ 2, 2, 2, 2, 4, 4, 4, 4 ], 6 ], [ [ 2, 2, 2, 2, 2, 2, 2, 2, 2, 2, 2, 2 ], 6 ], [ [ 6, 6, 6, 6 ], 8 ], [ [ 6, 6, 6, 6 ], 8 ], [ [ 2, 2, 2, 2, 4, 4, 4, 4 ], 6 ], [ [ 2, 2, 2, 2, 2, 2, 2, 2, 2, 2, 2, 2 ], 6 ], [ [ 4, 4, 4, 4, 4, 4 ], 3 ], [ [ 4, 4, 4, 4, 4, 4 ], 3 ], [ [ 4, 4, 4, 4, 4, 4 ], 1 ], [ [ 4, 4, 4, 4, 4, 4 ], 3 ], [ [ 4, 4, 4, 4, 4, 4 ], 3 ], [ [ 4, 4, 4, 4, 4, 4 ], 1 ], [ [ 2, 2, 2, 2, 2, 2, 2, 2, 2, 2, 2, 2 ], 1 ], [ [ 2, 2, 2, 2, 2, 2, 2, 2, 2, 2, 2, 2 ], 1 ], [ [ 4, 4, 4, 4, 4, 4 ], 1 ], [ [ 4, 4, 4, 4, 4, 4 ], 1 ] ]
398|192|[ 192, 1488 ]|[ [ [ 1, 1, 1, 1, 1, 1, 1, 1, 1, 1, 1, 1, 1, 1, 1, 1, 1, 1, 1, 1, 1, 1, 1, 1 ], 1 ], [ [ 1, 1, 1, 1, 1, 1, 1, 1, 1, 1, 1, 1, 1, 1, 1, 1, 2, 2, 2, 2 ], 3 ], [ [ 1, 1, 1, 1, 2, 2, 2, 2, 2, 2, 2, 2, 2, 2 ], 12 ], [ [ 1, 1, 1, 1, 2, 2, 4, 4, 4, 4 ], 12 ], [ [ 1, 1, 1, 1, 1, 1, 1, 1, 2, 2, 2, 2, 2, 2, 2, 2 ], 3 ], [ [ 2, 2, 2, 2, 2, 2, 2, 2, 2, 2, 2, 2 ], 1 ], [ [ 2, 2, 2, 2, 2, 2, 2, 2, 2, 2, 2, 2 ], 3 ], [ [ 2, 2, 2, 2, 2, 2, 2, 2, 2, 2, 2, 2 ], 3 ], [ [ 4, 4, 4, 4, 4, 4 ], 12 ], [ [ 4, 4, 4, 4, 4, 4 ], 12 ], [ [ 6, 6, 6, 6 ], 8 ], [ [ 6, 6, 6, 6 ], 8 ], [ [ 4, 4, 4, 4, 4, 4 ], 12 ], [ [ 4, 4, 4, 4, 4, 4 ], 12 ], [ [ 6, 6, 6, 6 ], 8 ], [ [ 6, 6, 6, 6 ], 8 ], [ [ 6, 6, 6, 6 ], 8 ], [ [ 3, 3, 3, 3, 3, 3, 3, 3 ], 8 ], [ [ 2, 2, 2, 2, 4, 4, 4, 4 ], 12 ], [ [ 2, 2, 2, 2, 2, 2, 2, 2, 2, 2, 2, 2 ], 12 ], [ [ 6, 6, 6, 6 ], 8 ], [ [ 6, 6, 6, 6 ], 8 ], [ [ 2, 2, 2, 2, 2, 2, 2, 2, 2, 2, 2, 2 ], 6 ], [ [ 2, 2, 2, 2, 2, 2, 2, 2, 2, 2, 2, 2 ], 6 ], [ [ 2, 2, 2, 2, 2, 2, 2, 2, 2, 2, 2, 2 ], 2 ], [ [ 2, 2, 2, 2, 2, 2, 2, 2, 2, 2, 2, 2 ], 1 ], [ [ 2, 2, 2, 2, 2, 2, 2, 2, 2, 2, 2, 2 ], 1 ], [ [ 2, 2, 2, 2, 2, 2, 2, 2, 2, 2, 2, 2 ], 2 ] ]
399|192|[ 192, 1488 ]|[ [ [ 1, 1, 1, 1, 1, 1, 1, 1, 1, 1, 1, 1, 1, 1, 1, 1, 1, 1, 1, 1, 1, 1, 1, 1 ], 1 ], [ [ 1, 1, 1, 1, 1, 1, 1, 1, 2, 2, 2, 2, 2, 2, 2, 2 ], 6 ], [ [ 1, 1, 1, 1, 2, 2, 4, 4, 4, 4 ], 12 ], [ [ 1, 1, 1, 1, 2, 2, 2, 2, 2, 2, 2, 2, 2, 2 ], 12 ], [ [ 1, 1, 1, 1, 1, 1, 1, 1, 2, 2, 2, 2, 2, 2, 2, 2 ], 3 ], [ [ 2, 2, 2, 2, 2, 2, 2, 2, 2, 2, 2, 2 ], 1 ], [ [ 2, 2, 2, 2, 2, 2, 2, 2, 2, 2, 2, 2 ], 3 ], [ [ 2, 2, 2, 2, 2, 2, 2, 2, 2, 2, 2, 2 ], 12 ], [ [ 4, 4, 4, 4, 4, 4 ], 12 ], [ [ 6, 6, 6, 6 ], 8 ], [ [ 6, 6, 6, 6 ], 8 ], [ [ 2, 2, 2, 2, 4, 4, 4, 4 ], 12 ], [ [ 4, 4, 4, 4, 4, 4 ], 12 ], [ [ 6, 6, 6, 6 ], 8 ], [ [ 6, 6, 6, 6 ], 8 ], [ [ 3, 3, 3, 3, 3, 3, 3, 3 ], 8 ], [ [ 6, 6, 6, 6 ], 8 ], [ [ 4, 4, 4, 4, 4, 4 ], 12 ], [ [ 6, 6, 6, 6 ], 8 ], [ [ 6, 6, 6, 6 ], 8 ], [ [ 4, 4, 4, 4, 4, 4 ], 12 ], [ [ 2, 2, 2, 2, 2, 2, 2, 2, 2, 2, 2, 2 ], 6 ], [ [ 2, 2, 2, 2, 2, 2, 2, 2, 2, 2, 2, 2 ], 3 ], [ [ 2, 2, 2, 2, 2, 2, 2, 2, 2, 2, 2, 2 ], 1 ], [ [ 2, 2, 2, 2, 2, 2, 2, 2, 2, 2, 2, 2 ], 3 ], [ [ 2, 2, 2, 2, 2, 2, 2, 2, 2, 2, 2, 2 ], 1 ], [ [ 2, 2, 2, 2, 2, 2, 2, 2, 2, 2, 2, 2 ], 2 ], [ [ 2, 2, 2, 2, 2, 2, 2, 2, 2, 2, 2, 2 ], 2 ] ]
400|192|[ 192, 1537 ]|[ [ [ 1, 1, 1, 1, 1, 1, 1, 1, 1, 1, 1, 1, 1, 1, 1, 1, 1, 1, 1, 1, 1, 1, 1, 1 ], 1 ], [ [ 1, 1, 1, 1, 1, 1, 1, 1, 1, 1, 1, 1, 1, 1, 1, 1, 2, 2, 2, 2 ], 3 ], [ [ 1, 1, 1, 1, 1, 1, 1, 1, 2, 2, 2, 2, 2, 2, 2, 2 ], 6 ], [ [ 1, 1, 1, 1, 1, 1, 1, 1, 4, 4, 4, 4 ], 6 ], [ [ 1, 1, 1, 1, 1, 1, 1, 1, 2, 2, 2, 2, 2, 2, 2, 2 ], 3 ], [ [ 2, 2, 2, 2, 2, 2, 2, 2, 2, 2, 2, 2 ], 1 ], [ [ 2, 2, 2, 2, 2, 2, 2, 2, 2, 2, 2, 2 ], 3 ], [ [ 2, 2, 2, 2, 2, 2, 2, 2, 2, 2, 2, 2 ], 6 ], [ [ 2, 2, 2, 2, 4, 4, 4, 4 ], 6 ], [ [ 2, 2, 2, 2, 2, 2, 2, 2, 2, 2, 2, 2 ], 3 ], [ [ 2, 2, 2, 2, 2, 2, 2, 2, 2, 2, 2, 2 ], 6 ], [ [ 2, 2, 2, 2, 2, 2, 2, 2, 2, 2, 2, 2 ], 6 ], [ [ 6, 6, 6, 6 ], 8 ], [ [ 6, 6, 6, 6 ], 8 ], [ [ 2, 2, 2, 2, 4, 4, 4, 4 ], 6 ], [ [ 2, 2, 2, 2, 4, 4, 4, 4 ], 6 ], [ [ 2, 2, 2, 2, 2, 2, 2, 2, 2, 2, 2, 2 ], 6 ], [ [ 2, 2, 2, 2, 2, 2, 2, 2, 2, 2, 2, 2 ], 6 ], [ [ 6, 6, 6, 6 ], 8 ], [ [ 6, 6, 6, 6 ], 8 ], [ [ 2, 2, 2, 2, 4, 4, 4, 4 ], 6 ], [ [ 2, 2, 2, 2, 4, 4, 4, 4 ], 6 ], [ [ 6, 6, 6, 6 ], 8 ], [ [ 3, 3, 3, 3, 3, 3, 3, 3 ], 8 ], [ [ 2, 2, 2, 2, 4, 4, 4, 4 ], 6 ], [ [ 2, 2, 2, 2, 2, 2, 2, 2, 2, 2, 2, 2 ], 6 ], [ [ 6, 6, 6, 6 ], 8 ], [ [ 6, 6, 6, 6 ], 8 ], [ [ 2, 2, 2, 2, 4, 4, 4, 4 ], 6 ], [ [ 2, 2, 2, 2, 2, 2, 2, 2, 2, 2, 2, 2 ], 6 ], [ [ 2, 2, 2, 2, 2, 2, 2, 2, 2, 2, 2, 2 ], 3 ], [ [ 2, 2, 2, 2, 2, 2, 2, 2, 2, 2, 2, 2 ], 3 ], [ [ 2, 2, 2, 2, 2, 2, 2, 2, 2, 2, 2, 2 ], 1 ], [ [ 2, 2, 2, 2, 2, 2, 2, 2, 2, 2, 2, 2 ], 3 ], [ [ 2, 2, 2, 2, 2, 2, 2, 2, 2, 2, 2, 2 ], 3 ], [ [ 2, 2, 2, 2, 2, 2, 2, 2, 2, 2, 2, 2 ], 1 ], [ [ 2, 2, 2, 2, 2, 2, 2, 2, 2, 2, 2, 2 ], 1 ], [ [ 2, 2, 2, 2, 2, 2, 2, 2, 2, 2, 2, 2 ], 1 ], [ [ 2, 2, 2, 2, 2, 2, 2, 2, 2, 2, 2, 2 ], 1 ], [ [ 2, 2, 2, 2, 2, 2, 2, 2, 2, 2, 2, 2 ], 1 ] ]
401|192|[ 192, 988 ]|[ [ [ 1, 1, 1, 1, 1, 1, 1, 1, 1, 1, 1, 1, 1, 1, 1, 1, 1, 1, 1, 1, 1, 1, 1, 1 ], 1 ], [ [ 1, 1, 1, 1, 4, 4, 4, 4, 4 ], 12 ], [ [ 1, 1, 1, 1, 2, 2, 2, 2, 2, 2, 2, 2, 2, 2 ], 12 ], [ [ 1, 1, 2, 2, 2, 2, 2, 2, 2, 2, 2, 2, 2 ], 24 ], [ [ 1, 1, 1, 1, 2, 2, 2, 2, 2, 2, 2, 2, 2, 2 ], 6 ], [ [ 2, 2, 2, 2, 2, 2, 2, 2, 2, 2, 2, 2 ], 1 ], [ [ 2, 2, 4, 4, 4, 4, 4 ], 12 ], [ [ 12, 12 ], 16 ], [ [ 12, 12 ], 16 ], [ [ 8, 8, 8 ], 24 ], [ [ 8, 8, 8 ], 24 ], [ [ 3, 3, 3, 3, 3, 3, 3, 3 ], 8 ], [ [ 12, 12 ], 16 ], [ [ 6, 6, 6, 6 ], 8 ], [ [ 4, 4, 4, 4, 4, 4 ], 6 ], [ [ 4, 4, 4, 4, 4, 4 ], 4 ], [ [ 4, 4, 4, 4, 4, 4 ], 2 ] ]
402|192|[ 192, 991 ]|[ [ [ 1, 1, 1, 1, 1, 1, 1, 1, 1, 1, 1, 1, 1, 1, 1, 1, 1, 1, 1, 1, 1, 1, 1, 1 ], 1 ], [ [ 1, 1, 1, 1, 1, 1, 1, 1, 2, 2, 2, 2, 2, 2, 2, 2 ], 3 ], [ [ 1, 1, 1, 1, 2, 2, 2, 2, 2, 2, 2, 2, 2, 2 ], 6 ], [ [ 1, 1, 1, 1, 1, 1, 1, 1, 2, 2, 2, 2, 2, 2, 2, 2 ], 6 ], [ [ 1, 1, 1, 1, 1, 1, 1, 1, 1, 1, 1, 1, 2, 2, 2, 2, 2, 2 ], 2 ], [ [ 1, 1, 1, 1, 1, 1, 1, 1, 2, 2, 2, 2, 2, 2, 2, 2 ], 3 ], [ [ 1, 1, 1, 1, 1, 1, 1, 1, 2, 2, 2, 2, 2, 2, 2, 2 ], 3 ], [ [ 2, 2, 2, 2, 2, 2, 2, 2, 2, 2, 2, 2 ], 1 ], [ [ 2, 2, 2, 2, 2, 2, 2, 2, 2, 2, 2, 2 ], 3 ], [ [ 2, 2, 2, 2, 2, 2, 2, 2, 2, 2, 2, 2 ], 2 ], [ [ 2, 2, 2, 2, 4, 4, 4, 4 ], 12 ], [ [ 2, 2, 2, 2, 4, 4, 4, 4 ], 12 ], [ [ 4, 4, 4, 4, 4, 4 ], 12 ], [ [ 4, 4, 4, 4, 4, 4 ], 12 ], [ [ 2, 2, 2, 2, 4, 4, 4, 4 ], 12 ], [ [ 2, 2, 2, 2, 4, 4, 4, 4 ], 12 ], [ [ 4, 4, 4, 4, 4, 4 ], 12 ], [ [ 4, 4, 4, 4, 4, 4 ], 12 ], [ [ 3, 3, 3, 3, 6, 6 ], 8 ], [ [ 6, 6, 6, 6 ], 8 ], [ [ 6, 6, 6, 6 ], 8 ], [ [ 6, 6, 6, 6 ], 8 ], [ [ 3, 3, 3, 3, 3, 3, 3, 3 ], 8 ], [ [ 6, 6, 6, 6 ], 8 ], [ [ 3, 3, 3, 3, 6, 6 ], 8 ], [ [ 6, 6, 6, 6 ], 8 ], [ [ 2, 2, 2, 2, 2, 2, 2, 2, 2, 2, 2, 2 ], 1 ], [ [ 2, 2, 2, 2, 2, 2, 2, 2, 2, 2, 2, 2 ], 1 ] ]
403|192|[ 192, 991 ]|[ [ [ 1, 1, 1, 1, 1, 1, 1, 1, 1, 1, 1, 1, 1, 1, 1, 1, 1, 1, 1, 1, 1, 1, 1, 1 ], 1 ], [ [ 1, 1, 1, 1, 1, 1, 1, 1, 1, 1, 1, 1, 2, 2, 2, 2, 2, 2 ], 6 ], [ [ 1, 1, 1, 1, 1, 1, 1, 1, 1, 1, 1, 1, 1, 1, 1, 1, 2, 2, 2, 2 ], 3 ], [ [ 1, 1, 1, 1, 1, 1, 1, 1, 1, 1, 1, 1, 2, 2, 2, 2, 2, 2 ], 2 ], [ [ 1, 1, 1, 1, 1, 1, 1, 1, 2, 2, 2, 2, 2, 2, 2, 2 ], 3 ], [ [ 2, 2, 2, 2, 2, 2, 2, 2, 2, 2, 2, 2 ], 1 ], [ [ 2, 2, 2, 2, 2, 2, 2, 2, 2, 2, 2, 2 ], 6 ], [ [ 2, 2, 2, 2, 2, 2, 2, 2, 2, 2, 2, 2 ], 3 ], [ [ 2, 2, 2, 2, 2, 2, 2, 2, 2, 2, 2, 2 ], 2 ], [ [ 2, 2, 2, 2, 2, 2, 2, 2, 2, 2, 2, 2 ], 3 ], [ [ 4, 4, 4, 4, 4, 4 ], 12 ], [ [ 4, 4, 4, 4, 4, 4 ], 12 ], [ [ 4, 4, 4, 4, 4, 4 ], 12 ], [ [ 4, 4, 4, 4, 4, 4 ], 12 ], [ [ 4, 4, 4, 4, 4, 4 ], 12 ], [ [ 4, 4, 4, 4, 4, 4 ], 12 ], [ [ 4, 4, 4, 4, 4, 4 ], 12 ], [ [ 4, 4, 4, 4, 4, 4 ], 12 ], [ [ 6, 6, 6, 6 ], 8 ], [ [ 3, 3, 3, 3, 6, 6 ], 8 ], [ [ 3, 3, 3, 3, 3, 3, 3, 3 ], 8 ], [ [ 3, 3, 3, 3, 6, 6 ], 8 ], [ [ 6, 6, 6, 6 ], 8 ], [ [ 6, 6, 6, 6 ], 8 ], [ [ 6, 6, 6, 6 ], 8 ], [ [ 6, 6, 6, 6 ], 8 ], [ [ 2, 2, 2, 2, 2, 2, 2, 2, 2, 2, 2, 2 ], 1 ], [ [ 2, 2, 2, 2, 2, 2, 2, 2, 2, 2, 2, 2 ], 1 ] ]
404|192|[ 192, 991 ]|[ [ [ 1, 1, 1, 1, 1, 1, 1, 1, 1, 1, 1, 1, 1, 1, 1, 1, 1, 1, 1, 1, 1, 1, 1, 1 ], 1 ], [ [ 1, 1, 1, 1, 1, 1, 1, 1, 1, 1, 1, 1, 1, 1, 1, 1, 2, 2, 2, 2 ], 3 ], [ [ 1, 1, 1, 1, 1, 1, 1, 1, 2, 2, 2, 2, 2, 2, 2, 2 ], 6 ], [ [ 1, 1, 1, 1, 2, 2, 2, 2, 2, 2, 2, 2, 2, 2 ], 6 ], [ [ 1, 1, 1, 1, 1, 1, 1, 1, 1, 1, 1, 1, 2, 2, 2, 2, 2, 2 ], 2 ], [ [ 1, 1, 1, 1, 1, 1, 1, 1, 2, 2, 2, 2, 2, 2, 2, 2 ], 3 ], [ [ 2, 2, 2, 2, 2, 2, 2, 2, 2, 2, 2, 2 ], 1 ], [ [ 2, 2, 2, 2, 2, 2, 2, 2, 2, 2, 2, 2 ], 3 ], [ [ 2, 2, 2, 2, 2, 2, 2, 2, 2, 2, 2, 2 ], 3 ], [ [ 2, 2, 2, 2, 2, 2, 2, 2, 2, 2, 2, 2 ], 2 ], [ [ 2, 2, 2, 2, 2, 2, 2, 2, 4, 4 ], 12 ], [ [ 2, 2, 2, 2, 2, 2, 2, 2, 4, 4 ], 12 ], [ [ 4, 4, 4, 4, 4, 4 ], 12 ], [ [ 4, 4, 4, 4, 4, 4 ], 12 ], [ [ 4, 4, 4, 4, 4, 4 ], 12 ], [ [ 4, 4, 4, 4, 4, 4 ], 12 ], [ [ 4, 4, 4, 4, 4, 4 ], 12 ], [ [ 4, 4, 4, 4, 4, 4 ], 12 ], [ [ 3, 3, 3, 3, 6, 6 ], 8 ], [ [ 6, 6, 6, 6 ], 8 ], [ [ 6, 6, 6, 6 ], 8 ], [ [ 3, 3, 3, 3, 3, 3, 3, 3 ], 8 ], [ [ 6, 6, 6, 6 ], 8 ], [ [ 6, 6, 6, 6 ], 8 ], [ [ 6, 6, 6, 6 ], 8 ], [ [ 3, 3, 3, 3, 6, 6 ], 8 ], [ [ 2, 2, 2, 2, 2, 2, 2, 2, 2, 2, 2, 2 ], 1 ], [ [ 2, 2, 2, 2, 2, 2, 2, 2, 2, 2, 2, 2 ], 1 ] ]
405|192|[ 192, 1488 ]|[ [ [ 1, 1, 1, 1, 1, 1, 1, 1, 1, 1, 1, 1, 1, 1, 1, 1, 1, 1, 1, 1, 1, 1, 1, 1 ], 1 ], [ [ 1, 1, 1, 1, 1, 1, 1, 1, 2, 2, 2, 2, 2, 2, 2, 2 ], 3 ], [ [ 1, 1, 1, 1, 2, 2, 2, 2, 2, 2, 2, 2, 2, 2 ], 6 ], [ [ 1, 1, 1, 1, 1, 1, 1, 1, 2, 2, 2, 2, 2, 2, 2, 2 ], 6 ], [ [ 1, 1, 1, 1, 1, 1, 1, 1, 1, 1, 1, 1, 2, 2, 2, 2, 2, 2 ], 2 ], [ [ 1, 1, 1, 1, 1, 1, 1, 1, 2, 2, 2, 2, 2, 2, 2, 2 ], 3 ], [ [ 1, 1, 1, 1, 1, 1, 1, 1, 2, 2, 2, 2, 2, 2, 2, 2 ], 3 ], [ [ 2, 2, 2, 2, 2, 2, 2, 2, 2, 2, 2, 2 ], 1 ], [ [ 2, 2, 2, 2, 2, 2, 2, 2, 2, 2, 2, 2 ], 3 ], [ [ 2, 2, 2, 2, 2, 2, 2, 2, 2, 2, 2, 2 ], 2 ], [ [ 2, 2, 2, 2, 2, 2, 2, 2, 2, 2, 2, 2 ], 12 ], [ [ 2, 2, 2, 2, 2, 2, 2, 2, 2, 2, 2, 2 ], 12 ], [ [ 2, 2, 2, 2, 4, 4, 4, 4 ], 12 ], [ [ 2, 2, 2, 2, 4, 4, 4, 4 ], 12 ], [ [ 4, 4, 4, 4, 4, 4 ], 12 ], [ [ 4, 4, 4, 4, 4, 4 ], 12 ], [ [ 4, 4, 4, 4, 4, 4 ], 12 ], [ [ 4, 4, 4, 4, 4, 4 ], 12 ], [ [ 3, 3, 3, 3, 6, 6 ], 8 ], [ [ 6, 6, 6, 6 ], 8 ], [ [ 6, 6, 6, 6 ], 8 ], [ [ 6, 6, 6, 6 ], 8 ], [ [ 3, 3, 3, 3, 3, 3, 3, 3 ], 8 ], [ [ 6, 6, 6, 6 ], 8 ], [ [ 3, 3, 3, 3, 6, 6 ], 8 ], [ [ 6, 6, 6, 6 ], 8 ], [ [ 2, 2, 2, 2, 2, 2, 2, 2, 2, 2, 2, 2 ], 1 ], [ [ 2, 2, 2, 2, 2, 2, 2, 2, 2, 2, 2, 2 ], 1 ] ]
406|192|[ 192, 1488 ]|[ [ [ 1, 1, 1, 1, 1, 1, 1, 1, 1, 1, 1, 1, 1, 1, 1, 1, 1, 1, 1, 1, 1, 1, 1, 1 ], 1 ], [ [ 1, 1, 1, 1, 1, 1, 1, 1, 1, 1, 1, 1, 2, 2, 2, 2, 2, 2 ], 6 ], [ [ 1, 1, 1, 1, 1, 1, 1, 1, 1, 1, 1, 1, 1, 1, 1, 1, 2, 2, 2, 2 ], 3 ], [ [ 1, 1, 1, 1, 1, 1, 1, 1, 1, 1, 1, 1, 2, 2, 2, 2, 2, 2 ], 2 ], [ [ 1, 1, 1, 1, 1, 1, 1, 1, 2, 2, 2, 2, 2, 2, 2, 2 ], 3 ], [ [ 2, 2, 2, 2, 2, 2, 2, 2, 2, 2, 2, 2 ], 1 ], [ [ 2, 2, 2, 2, 2, 2, 2, 2, 2, 2, 2, 2 ], 6 ], [ [ 2, 2, 2, 2, 2, 2, 2, 2, 2, 2, 2, 2 ], 3 ], [ [ 2, 2, 2, 2, 2, 2, 2, 2, 2, 2, 2, 2 ], 2 ], [ [ 2, 2, 2, 2, 2, 2, 2, 2, 2, 2, 2, 2 ], 3 ], [ [ 2, 2, 2, 2, 2, 2, 2, 2, 4, 4 ], 12 ], [ [ 2, 2, 2, 2, 2, 2, 2, 2, 2, 2, 2, 2 ], 12 ], [ [ 4, 4, 4, 4, 4, 4 ], 12 ], [ [ 2, 2, 2, 2, 4, 4, 4, 4 ], 12 ], [ [ 2, 2, 2, 2, 2, 2, 2, 2, 4, 4 ], 12 ], [ [ 2, 2, 2, 2, 2, 2, 2, 2, 2, 2, 2, 2 ], 12 ], [ [ 4, 4, 4, 4, 4, 4 ], 12 ], [ [ 2, 2, 2, 2, 4, 4, 4, 4 ], 12 ], [ [ 6, 6, 6, 6 ], 8 ], [ [ 3, 3, 3, 3, 6, 6 ], 8 ], [ [ 3, 3, 3, 3, 3, 3, 3, 3 ], 8 ], [ [ 3, 3, 3, 3, 6, 6 ], 8 ], [ [ 6, 6, 6, 6 ], 8 ], [ [ 6, 6, 6, 6 ], 8 ], [ [ 6, 6, 6, 6 ], 8 ], [ [ 6, 6, 6, 6 ], 8 ], [ [ 2, 2, 2, 2, 2, 2, 2, 2, 2, 2, 2, 2 ], 1 ], [ [ 2, 2, 2, 2, 2, 2, 2, 2, 2, 2, 2, 2 ], 1 ] ]
407|192|[ 192, 1488 ]|[ [ [ 1, 1, 1, 1, 1, 1, 1, 1, 1, 1, 1, 1, 1, 1, 1, 1, 1, 1, 1, 1, 1, 1, 1, 1 ], 1 ], [ [ 1, 1, 1, 1, 1, 1, 1, 1, 1, 1, 1, 1, 1, 1, 1, 1, 2, 2, 2, 2 ], 3 ], [ [ 1, 1, 1, 1, 1, 1, 1, 1, 2, 2, 2, 2, 2, 2, 2, 2 ], 6 ], [ [ 1, 1, 1, 1, 2, 2, 2, 2, 2, 2, 2, 2, 2, 2 ], 6 ], [ [ 1, 1, 1, 1, 1, 1, 1, 1, 1, 1, 1, 1, 2, 2, 2, 2, 2, 2 ], 2 ], [ [ 1, 1, 1, 1, 1, 1, 1, 1, 2, 2, 2, 2, 2, 2, 2, 2 ], 3 ], [ [ 2, 2, 2, 2, 2, 2, 2, 2, 2, 2, 2, 2 ], 1 ], [ [ 2, 2, 2, 2, 2, 2, 2, 2, 2, 2, 2, 2 ], 3 ], [ [ 2, 2, 2, 2, 2, 2, 2, 2, 2, 2, 2, 2 ], 3 ], [ [ 2, 2, 2, 2, 2, 2, 2, 2, 2, 2, 2, 2 ], 2 ], [ [ 2, 2, 2, 2, 2, 2, 2, 2, 2, 2, 2, 2 ], 12 ], [ [ 2, 2, 2, 2, 2, 2, 2, 2, 2, 2, 2, 2 ], 12 ], [ [ 4, 4, 4, 4, 4, 4 ], 12 ], [ [ 4, 4, 4, 4, 4, 4 ], 12 ], [ [ 4, 4, 4, 4, 4, 4 ], 12 ], [ [ 4, 4, 4, 4, 4, 4 ], 12 ], [ [ 2, 2, 2, 2, 4, 4, 4, 4 ], 12 ], [ [ 2, 2, 2, 2, 4, 4, 4, 4 ], 12 ], [ [ 3, 3, 3, 3, 6, 6 ], 8 ], [ [ 6, 6, 6, 6 ], 8 ], [ [ 6, 6, 6, 6 ], 8 ], [ [ 3, 3, 3, 3, 3, 3, 3, 3 ], 8 ], [ [ 6, 6, 6, 6 ], 8 ], [ [ 6, 6, 6, 6 ], 8 ], [ [ 6, 6, 6, 6 ], 8 ], [ [ 3, 3, 3, 3, 6, 6 ], 8 ], [ [ 2, 2, 2, 2, 2, 2, 2, 2, 2, 2, 2, 2 ], 1 ], [ [ 2, 2, 2, 2, 2, 2, 2, 2, 2, 2, 2, 2 ], 1 ] ]
408|192|[ 192, 994 ]|[ [ [ 1, 1, 1, 1, 1, 1, 1, 1, 1, 1, 1, 1, 1, 1, 1, 1, 1, 1, 1, 1, 1, 1, 1, 1 ], 1 ], [ [ 1, 1, 1, 1, 1, 1, 1, 1, 2, 2, 2, 2, 2, 2, 2, 2 ], 6 ], [ [ 1, 1, 1, 1, 2, 2, 2, 2, 2, 2, 2, 2, 2, 2 ], 6 ], [ [ 1, 1, 1, 1, 1, 1, 1, 1, 2, 2, 2, 2, 2, 2, 2, 2 ], 3 ], [ [ 1, 1, 1, 1, 1, 1, 1, 1, 1, 1, 1, 1, 2, 2, 2, 2, 2, 2 ], 2 ], [ [ 1, 1, 1, 1, 1, 1, 1, 1, 2, 2, 2, 2, 2, 2, 2, 2 ], 3 ], [ [ 1, 1, 1, 1, 1, 1, 1, 1, 2, 2, 2, 2, 2, 2, 2, 2 ], 3 ], [ [ 2, 2, 2, 2, 2, 2, 2, 2, 2, 2, 2, 2 ], 1 ], [ [ 2, 2, 2, 2, 2, 2, 2, 2, 2, 2, 2, 2 ], 2 ], [ [ 2, 2, 2, 2, 2, 2, 2, 2, 2, 2, 2, 2 ], 3 ], [ [ 12, 12 ], 8 ], [ [ 12, 12 ], 8 ], [ [ 12, 12 ], 8 ], [ [ 12, 12 ], 8 ], [ [ 6, 6, 6, 6 ], 8 ], [ [ 3, 3, 3, 3, 3, 3, 3, 3 ], 4 ], [ [ 6, 6, 6, 6 ], 4 ], [ [ 3, 3, 3, 3, 6, 6 ], 8 ], [ [ 6, 6, 6, 6 ], 4 ], [ [ 6, 6, 6, 6 ], 4 ], [ [ 4, 4, 4, 4, 4, 4 ], 6 ], [ [ 4, 4, 4, 4, 4, 4 ], 6 ], [ [ 4, 4, 4, 4, 4, 4 ], 2 ], [ [ 4, 4, 4, 4, 4, 4 ], 6 ], [ [ 4, 4, 4, 4, 4, 4 ], 6 ], [ [ 4, 4, 4, 4, 4, 4 ], 2 ], [ [ 4, 4, 4, 4, 4, 4 ], 2 ], [ [ 4, 4, 4, 4, 4, 4 ], 2 ], [ [ 6, 6, 6, 6 ], 8 ], [ [ 3, 3, 3, 3, 3, 3, 3, 3 ], 4 ], [ [ 6, 6, 6, 6 ], 4 ], [ [ 3, 3, 3, 3, 6, 6 ], 8 ], [ [ 6, 6, 6, 6 ], 4 ], [ [ 6, 6, 6, 6 ], 4 ], [ [ 12, 12 ], 8 ], [ [ 12, 12 ], 8 ], [ [ 12, 12 ], 8 ], [ [ 12, 12 ], 8 ], [ [ 2, 2, 2, 2, 2, 2, 2, 2, 2, 2, 2, 2 ], 1 ], [ [ 2, 2, 2, 2, 2, 2, 2, 2, 2, 2, 2, 2 ], 1 ] ]
409|192|[ 192, 994 ]|[ [ [ 1, 1, 1, 1, 1, 1, 1, 1, 1, 1, 1, 1, 1, 1, 1, 1, 1, 1, 1, 1, 1, 1, 1, 1 ], 1 ], [ [ 1, 1, 1, 1, 1, 1, 1, 1, 1, 1, 1, 1, 1, 1, 1, 1, 2, 2, 2, 2 ], 3 ], [ [ 1, 1, 1, 1, 1, 1, 1, 1, 2, 2, 2, 2, 2, 2, 2, 2 ], 6 ], [ [ 1, 1, 1, 1, 2, 2, 2, 2, 2, 2, 2, 2, 2, 2 ], 6 ], [ [ 1, 1, 1, 1, 1, 1, 1, 1, 1, 1, 1, 1, 2, 2, 2, 2, 2, 2 ], 2 ], [ [ 1, 1, 1, 1, 1, 1, 1, 1, 2, 2, 2, 2, 2, 2, 2, 2 ], 3 ], [ [ 2, 2, 2, 2, 2, 2, 2, 2, 2, 2, 2, 2 ], 1 ], [ [ 2, 2, 2, 2, 2, 2, 2, 2, 2, 2, 2, 2 ], 3 ], [ [ 2, 2, 2, 2, 2, 2, 2, 2, 2, 2, 2, 2 ], 3 ], [ [ 2, 2, 2, 2, 2, 2, 2, 2, 2, 2, 2, 2 ], 2 ], [ [ 12, 12 ], 8 ], [ [ 12, 12 ], 8 ], [ [ 12, 12 ], 8 ], [ [ 12, 12 ], 8 ], [ [ 3, 3, 3, 3, 6, 6 ], 8 ], [ [ 6, 6, 6, 6 ], 8 ], [ [ 6, 6, 6, 6 ], 4 ], [ [ 3, 3, 3, 3, 3, 3, 3, 3 ], 4 ], [ [ 6, 6, 6, 6 ], 4 ], [ [ 6, 6, 6, 6 ], 4 ], [ [ 4, 4, 4, 4, 4, 4 ], 6 ], [ [ 4, 4, 4, 4, 4, 4 ], 6 ], [ [ 4, 4, 4, 4, 4, 4 ], 2 ], [ [ 4, 4, 4, 4, 4, 4 ], 6 ], [ [ 4, 4, 4, 4, 4, 4 ], 6 ], [ [ 4, 4, 4, 4, 4, 4 ], 2 ], [ [ 4, 4, 4, 4, 4, 4 ], 2 ], [ [ 4, 4, 4, 4, 4, 4 ], 2 ], [ [ 6, 6, 6, 6 ], 4 ], [ [ 3, 3, 3, 3, 3, 3, 3, 3 ], 4 ], [ [ 3, 3, 3, 3, 6, 6 ], 8 ], [ [ 6, 6, 6, 6 ], 8 ], [ [ 6, 6, 6, 6 ], 4 ], [ [ 6, 6, 6, 6 ], 4 ], [ [ 12, 12 ], 8 ], [ [ 12, 12 ], 8 ], [ [ 12, 12 ], 8 ], [ [ 12, 12 ], 8 ], [ [ 2, 2, 2, 2, 2, 2, 2, 2, 2, 2, 2, 2 ], 1 ], [ [ 2, 2, 2, 2, 2, 2, 2, 2, 2, 2, 2, 2 ], 1 ] ]
410|192|[ 192, 994 ]|[ [ [ 1, 1, 1, 1, 1, 1, 1, 1, 1, 1, 1, 1, 1, 1, 1, 1, 1, 1, 1, 1, 1, 1, 1, 1 ], 1 ], [ [ 1, 1, 1, 1, 1, 1, 1, 1, 1, 1, 1, 1, 2, 2, 2, 2, 2, 2 ], 6 ], [ [ 1, 1, 1, 1, 1, 1, 1, 1, 1, 1, 1, 1, 1, 1, 1, 1, 2, 2, 2, 2 ], 3 ], [ [ 1, 1, 1, 1, 1, 1, 1, 1, 1, 1, 1, 1, 2, 2, 2, 2, 2, 2 ], 2 ], [ [ 1, 1, 1, 1, 1, 1, 1, 1, 2, 2, 2, 2, 2, 2, 2, 2 ], 3 ], [ [ 2, 2, 2, 2, 2, 2, 2, 2, 2, 2, 2, 2 ], 1 ], [ [ 2, 2, 2, 2, 2, 2, 2, 2, 2, 2, 2, 2 ], 6 ], [ [ 2, 2, 2, 2, 2, 2, 2, 2, 2, 2, 2, 2 ], 3 ], [ [ 2, 2, 2, 2, 2, 2, 2, 2, 2, 2, 2, 2 ], 2 ], [ [ 2, 2, 2, 2, 2, 2, 2, 2, 2, 2, 2, 2 ], 3 ], [ [ 12, 12 ], 8 ], [ [ 12, 12 ], 8 ], [ [ 12, 12 ], 8 ], [ [ 12, 12 ], 8 ], [ [ 6, 6, 6, 6 ], 4 ], [ [ 6, 6, 6, 6 ], 8 ], [ [ 6, 6, 6, 6 ], 4 ], [ [ 6, 6, 6, 6 ], 4 ], [ [ 3, 3, 3, 3, 6, 6 ], 8 ], [ [ 3, 3, 3, 3, 3, 3, 3, 3 ], 4 ], [ [ 4, 4, 4, 4, 4, 4 ], 6 ], [ [ 4, 4, 4, 4, 4, 4 ], 2 ], [ [ 4, 4, 4, 4, 4, 4 ], 6 ], [ [ 4, 4, 4, 4, 4, 4 ], 2 ], [ [ 4, 4, 4, 4, 4, 4 ], 6 ], [ [ 4, 4, 4, 4, 4, 4 ], 2 ], [ [ 4, 4, 4, 4, 4, 4 ], 6 ], [ [ 4, 4, 4, 4, 4, 4 ], 2 ], [ [ 3, 3, 3, 3, 6, 6 ], 8 ], [ [ 6, 6, 6, 6 ], 4 ], [ [ 3, 3, 3, 3, 3, 3, 3, 3 ], 4 ], [ [ 6, 6, 6, 6 ], 8 ], [ [ 6, 6, 6, 6 ], 4 ], [ [ 6, 6, 6, 6 ], 4 ], [ [ 12, 12 ], 8 ], [ [ 12, 12 ], 8 ], [ [ 12, 12 ], 8 ], [ [ 12, 12 ], 8 ], [ [ 2, 2, 2, 2, 2, 2, 2, 2, 2, 2, 2, 2 ], 1 ], [ [ 2, 2, 2, 2, 2, 2, 2, 2, 2, 2, 2, 2 ], 1 ] ]
411|192|[ 192, 1497 ]|[ [ [ 1, 1, 1, 1, 1, 1, 1, 1, 1, 1, 1, 1, 1, 1, 1, 1, 1, 1, 1, 1, 1, 1, 1, 1 ], 1 ], [ [ 1, 1, 1, 1, 1, 1, 1, 1, 2, 2, 2, 2, 2, 2, 2, 2 ], 6 ], [ [ 1, 1, 1, 1, 2, 2, 2, 2, 2, 2, 2, 2, 2, 2 ], 6 ], [ [ 1, 1, 1, 1, 1, 1, 1, 1, 2, 2, 2, 2, 2, 2, 2, 2 ], 3 ], [ [ 1, 1, 1, 1, 1, 1, 1, 1, 1, 1, 1, 1, 2, 2, 2, 2, 2, 2 ], 2 ], [ [ 1, 1, 1, 1, 1, 1, 1, 1, 2, 2, 2, 2, 2, 2, 2, 2 ], 3 ], [ [ 1, 1, 1, 1, 1, 1, 1, 1, 2, 2, 2, 2, 2, 2, 2, 2 ], 3 ], [ [ 2, 2, 2, 2, 2, 2, 2, 2, 2, 2, 2, 2 ], 1 ], [ [ 2, 2, 2, 2, 2, 2, 2, 2, 2, 2, 2, 2 ], 2 ], [ [ 2, 2, 2, 2, 2, 2, 2, 2, 2, 2, 2, 2 ], 3 ], [ [ 6, 6, 6, 6 ], 8 ], [ [ 12, 12 ], 8 ], [ [ 12, 12 ], 8 ], [ [ 6, 6, 6, 6 ], 8 ], [ [ 6, 6, 6, 6 ], 8 ], [ [ 3, 3, 3, 3, 3, 3, 3, 3 ], 4 ], [ [ 6, 6, 6, 6 ], 4 ], [ [ 3, 3, 3, 3, 6, 6 ], 8 ], [ [ 6, 6, 6, 6 ], 4 ], [ [ 6, 6, 6, 6 ], 4 ], [ [ 4, 4, 4, 4, 4, 4 ], 2 ], [ [ 2, 2, 2, 2, 2, 2, 2, 2, 2, 2, 2, 2 ], 6 ], [ [ 2, 2, 2, 2, 2, 2, 2, 2, 2, 2, 2, 2 ], 6 ], [ [ 4, 4, 4, 4, 4, 4 ], 6 ], [ [ 2, 2, 2, 2, 2, 2, 2, 2, 2, 2, 2, 2 ], 2 ], [ [ 4, 4, 4, 4, 4, 4 ], 6 ], [ [ 4, 4, 4, 4, 4, 4 ], 2 ], [ [ 2, 2, 2, 2, 2, 2, 2, 2, 2, 2, 2, 2 ], 2 ], [ [ 6, 6, 6, 6 ], 8 ], [ [ 3, 3, 3, 3, 3, 3, 3, 3 ], 4 ], [ [ 6, 6, 6, 6 ], 4 ], [ [ 3, 3, 3, 3, 6, 6 ], 8 ], [ [ 6, 6, 6, 6 ], 4 ], [ [ 6, 6, 6, 6 ], 4 ], [ [ 12, 12 ], 8 ], [ [ 6, 6, 6, 6 ], 8 ], [ [ 6, 6, 6, 6 ], 8 ], [ [ 12, 12 ], 8 ], [ [ 2, 2, 2, 2, 2, 2, 2, 2, 2, 2, 2, 2 ], 1 ], [ [ 2, 2, 2, 2, 2, 2, 2, 2, 2, 2, 2, 2 ], 1 ] ]
412|192|[ 192, 1497 ]|[ [ [ 1, 1, 1, 1, 1, 1, 1, 1, 1, 1, 1, 1, 1, 1, 1, 1, 1, 1, 1, 1, 1, 1, 1, 1 ], 1 ], [ [ 1, 1, 1, 1, 1, 1, 1, 1, 1, 1, 1, 1, 1, 1, 1, 1, 2, 2, 2, 2 ], 3 ], [ [ 1, 1, 1, 1, 1, 1, 1, 1, 2, 2, 2, 2, 2, 2, 2, 2 ], 6 ], [ [ 1, 1, 1, 1, 2, 2, 2, 2, 2, 2, 2, 2, 2, 2 ], 6 ], [ [ 1, 1, 1, 1, 1, 1, 1, 1, 1, 1, 1, 1, 2, 2, 2, 2, 2, 2 ], 2 ], [ [ 1, 1, 1, 1, 1, 1, 1, 1, 2, 2, 2, 2, 2, 2, 2, 2 ], 3 ], [ [ 2, 2, 2, 2, 2, 2, 2, 2, 2, 2, 2, 2 ], 1 ], [ [ 2, 2, 2, 2, 2, 2, 2, 2, 2, 2, 2, 2 ], 3 ], [ [ 2, 2, 2, 2, 2, 2, 2, 2, 2, 2, 2, 2 ], 3 ], [ [ 2, 2, 2, 2, 2, 2, 2, 2, 2, 2, 2, 2 ], 2 ], [ [ 6, 6, 6, 6 ], 8 ], [ [ 6, 6, 6, 6 ], 8 ], [ [ 12, 12 ], 8 ], [ [ 12, 12 ], 8 ], [ [ 3, 3, 3, 3, 6, 6 ], 8 ], [ [ 6, 6, 6, 6 ], 8 ], [ [ 6, 6, 6, 6 ], 4 ], [ [ 3, 3, 3, 3, 3, 3, 3, 3 ], 4 ], [ [ 6, 6, 6, 6 ], 4 ], [ [ 6, 6, 6, 6 ], 4 ], [ [ 4, 4, 4, 4, 4, 4 ], 2 ], [ [ 4, 4, 4, 4, 4, 4 ], 6 ], [ [ 2, 2, 2, 2, 2, 2, 2, 2, 2, 2, 2, 2 ], 6 ], [ [ 2, 2, 2, 2, 2, 2, 2, 2, 2, 2, 2, 2 ], 6 ], [ [ 2, 2, 2, 2, 2, 2, 2, 2, 2, 2, 2, 2 ], 2 ], [ [ 4, 4, 4, 4, 4, 4 ], 6 ], [ [ 4, 4, 4, 4, 4, 4 ], 2 ], [ [ 2, 2, 2, 2, 2, 2, 2, 2, 2, 2, 2, 2 ], 2 ], [ [ 6, 6, 6, 6 ], 4 ], [ [ 3, 3, 3, 3, 3, 3, 3, 3 ], 4 ], [ [ 3, 3, 3, 3, 6, 6 ], 8 ], [ [ 6, 6, 6, 6 ], 8 ], [ [ 6, 6, 6, 6 ], 4 ], [ [ 6, 6, 6, 6 ], 4 ], [ [ 6, 6, 6, 6 ], 8 ], [ [ 6, 6, 6, 6 ], 8 ], [ [ 12, 12 ], 8 ], [ [ 12, 12 ], 8 ], [ [ 2, 2, 2, 2, 2, 2, 2, 2, 2, 2, 2, 2 ], 1 ], [ [ 2, 2, 2, 2, 2, 2, 2, 2, 2, 2, 2, 2 ], 1 ] ]
413|192|[ 192, 1497 ]|[ [ [ 1, 1, 1, 1, 1, 1, 1, 1, 1, 1, 1, 1, 1, 1, 1, 1, 1, 1, 1, 1, 1, 1, 1, 1 ], 1 ], [ [ 1, 1, 1, 1, 1, 1, 1, 1, 1, 1, 1, 1, 2, 2, 2, 2, 2, 2 ], 6 ], [ [ 1, 1, 1, 1, 1, 1, 1, 1, 1, 1, 1, 1, 1, 1, 1, 1, 2, 2, 2, 2 ], 3 ], [ [ 1, 1, 1, 1, 1, 1, 1, 1, 1, 1, 1, 1, 2, 2, 2, 2, 2, 2 ], 2 ], [ [ 1, 1, 1, 1, 1, 1, 1, 1, 2, 2, 2, 2, 2, 2, 2, 2 ], 3 ], [ [ 2, 2, 2, 2, 2, 2, 2, 2, 2, 2, 2, 2 ], 1 ], [ [ 2, 2, 2, 2, 2, 2, 2, 2, 2, 2, 2, 2 ], 6 ], [ [ 2, 2, 2, 2, 2, 2, 2, 2, 2, 2, 2, 2 ], 3 ], [ [ 2, 2, 2, 2, 2, 2, 2, 2, 2, 2, 2, 2 ], 2 ], [ [ 2, 2, 2, 2, 2, 2, 2, 2, 2, 2, 2, 2 ], 3 ], [ [ 12, 12 ], 8 ], [ [ 6, 6, 6, 6 ], 8 ], [ [ 12, 12 ], 8 ], [ [ 6, 6, 6, 6 ], 8 ], [ [ 6, 6, 6, 6 ], 4 ], [ [ 6, 6, 6, 6 ], 8 ], [ [ 6, 6, 6, 6 ], 4 ], [ [ 6, 6, 6, 6 ], 4 ], [ [ 3, 3, 3, 3, 6, 6 ], 8 ], [ [ 3, 3, 3, 3, 3, 3, 3, 3 ], 4 ], [ [ 2, 2, 2, 2, 2, 2, 2, 2, 2, 2, 2, 2 ], 6 ], [ [ 4, 4, 4, 4, 4, 4 ], 2 ], [ [ 4, 4, 4, 4, 4, 4 ], 6 ], [ [ 2, 2, 2, 2, 2, 2, 2, 2, 2, 2, 2, 2 ], 2 ], [ [ 2, 2, 2, 2, 2, 2, 2, 2, 2, 2, 2, 2 ], 6 ], [ [ 4, 4, 4, 4, 4, 4 ], 2 ], [ [ 4, 4, 4, 4, 4, 4 ], 6 ], [ [ 2, 2, 2, 2, 2, 2, 2, 2, 2, 2, 2, 2 ], 2 ], [ [ 3, 3, 3, 3, 6, 6 ], 8 ], [ [ 6, 6, 6, 6 ], 4 ], [ [ 3, 3, 3, 3, 3, 3, 3, 3 ], 4 ], [ [ 6, 6, 6, 6 ], 8 ], [ [ 6, 6, 6, 6 ], 4 ], [ [ 6, 6, 6, 6 ], 4 ], [ [ 6, 6, 6, 6 ], 8 ], [ [ 12, 12 ], 8 ], [ [ 6, 6, 6, 6 ], 8 ], [ [ 12, 12 ], 8 ], [ [ 2, 2, 2, 2, 2, 2, 2, 2, 2, 2, 2, 2 ], 1 ], [ [ 2, 2, 2, 2, 2, 2, 2, 2, 2, 2, 2, 2 ], 1 ] ]
414|192|[ 192, 972 ]|[ [ [ 1, 1, 1, 1, 1, 1, 1, 1, 1, 1, 1, 1, 1, 1, 1, 1, 1, 1, 1, 1, 1, 1, 1, 1 ], 1 ], [ [ 1, 1, 1, 1, 1, 1, 1, 1, 1, 1, 1, 1, 1, 1, 1, 1, 2, 2, 2, 2 ], 3 ], [ [ 1, 1, 1, 1, 2, 2, 2, 2, 2, 2, 2, 2, 2, 2 ], 12 ], [ [ 1, 1, 1, 1, 2, 2, 4, 4, 4, 4 ], 12 ], [ [ 1, 1, 1, 1, 1, 1, 1, 1, 2, 2, 2, 2, 2, 2, 2, 2 ], 3 ], [ [ 2, 2, 2, 2, 2, 2, 2, 2, 2, 2, 2, 2 ], 1 ], [ [ 2, 2, 2, 2, 2, 2, 2, 2, 2, 2, 2, 2 ], 3 ], [ [ 2, 2, 2, 2, 2, 2, 2, 2, 2, 2, 2, 2 ], 12 ], [ [ 2, 2, 2, 2, 4, 4, 4, 4 ], 12 ], [ [ 2, 2, 2, 2, 2, 2, 2, 2, 2, 2, 2, 2 ], 3 ], [ [ 2, 2, 2, 2, 2, 2, 2, 2, 4, 4 ], 12 ], [ [ 2, 2, 2, 2, 2, 2, 2, 2, 4, 4 ], 12 ], [ [ 12, 12 ], 8 ], [ [ 12, 12 ], 8 ], [ [ 4, 4, 4, 4, 4, 4 ], 12 ], [ [ 4, 4, 4, 4, 4, 4 ], 12 ], [ [ 12, 12 ], 8 ], [ [ 12, 12 ], 8 ], [ [ 6, 6, 6, 6 ], 8 ], [ [ 6, 6, 6, 6 ], 8 ], [ [ 6, 6, 6, 6 ], 8 ], [ [ 3, 3, 3, 3, 3, 3, 3, 3 ], 8 ], [ [ 4, 4, 4, 4, 4, 4 ], 6 ], [ [ 4, 4, 4, 4, 4, 4 ], 6 ], [ [ 4, 4, 4, 4, 4, 4 ], 2 ], [ [ 4, 4, 4, 4, 4, 4 ], 2 ], [ [ 2, 2, 2, 2, 2, 2, 2, 2, 2, 2, 2, 2 ], 1 ], [ [ 2, 2, 2, 2, 2, 2, 2, 2, 2, 2, 2, 2 ], 1 ] ]
415|192|[ 192, 972 ]|[ [ [ 1, 1, 1, 1, 1, 1, 1, 1, 1, 1, 1, 1, 1, 1, 1, 1, 1, 1, 1, 1, 1, 1, 1, 1 ], 1 ], [ [ 1, 1, 1, 1, 1, 1, 1, 1, 1, 1, 1, 1, 1, 1, 1, 1, 2, 2, 2, 2 ], 3 ], [ [ 1, 1, 1, 1, 2, 2, 2, 2, 2, 2, 2, 2, 2, 2 ], 12 ], [ [ 1, 1, 1, 1, 2, 2, 4, 4, 4, 4 ], 12 ], [ [ 1, 1, 1, 1, 1, 1, 1, 1, 2, 2, 2, 2, 2, 2, 2, 2 ], 3 ], [ [ 2, 2, 2, 2, 2, 2, 2, 2, 2, 2, 2, 2 ], 1 ], [ [ 2, 2, 2, 2, 2, 2, 2, 2, 2, 2, 2, 2 ], 3 ], [ [ 2, 2, 2, 2, 2, 2, 2, 2, 2, 2, 2, 2 ], 12 ], [ [ 2, 2, 2, 2, 4, 4, 4, 4 ], 12 ], [ [ 2, 2, 2, 2, 2, 2, 2, 2, 2, 2, 2, 2 ], 3 ], [ [ 4, 4, 4, 4, 4, 4 ], 12 ], [ [ 12, 12 ], 8 ], [ [ 12, 12 ], 8 ], [ [ 4, 4, 4, 4, 4, 4 ], 12 ], [ [ 4, 4, 4, 4, 4, 4 ], 12 ], [ [ 12, 12 ], 8 ], [ [ 12, 12 ], 8 ], [ [ 4, 4, 4, 4, 4, 4 ], 12 ], [ [ 6, 6, 6, 6 ], 8 ], [ [ 3, 3, 3, 3, 3, 3, 3, 3 ], 8 ], [ [ 6, 6, 6, 6 ], 8 ], [ [ 6, 6, 6, 6 ], 8 ], [ [ 4, 4, 4, 4, 4, 4 ], 6 ], [ [ 4, 4, 4, 4, 4, 4 ], 2 ], [ [ 4, 4, 4, 4, 4, 4 ], 6 ], [ [ 4, 4, 4, 4, 4, 4 ], 2 ], [ [ 2, 2, 2, 2, 2, 2, 2, 2, 2, 2, 2, 2 ], 1 ], [ [ 2, 2, 2, 2, 2, 2, 2, 2, 2, 2, 2, 2 ], 1 ] ]
416|192|[ 192, 1488 ]|[ [ [ 1, 1, 1, 1, 1, 1, 1, 1, 1, 1, 1, 1, 1, 1, 1, 1, 1, 1, 1, 1, 1, 1, 1, 1 ], 1 ], [ [ 1, 1, 1, 1, 1, 1, 1, 1, 1, 1, 1, 1, 1, 1, 1, 1, 2, 2, 2, 2 ], 3 ], [ [ 1, 1, 1, 1, 2, 2, 2, 2, 2, 2, 2, 2, 2, 2 ], 12 ], [ [ 1, 1, 1, 1, 2, 2, 4, 4, 4, 4 ], 12 ], [ [ 1, 1, 1, 1, 1, 1, 1, 1, 2, 2, 2, 2, 2, 2, 2, 2 ], 3 ], [ [ 2, 2, 2, 2, 2, 2, 2, 2, 2, 2, 2, 2 ], 1 ], [ [ 2, 2, 2, 2, 2, 2, 2, 2, 2, 2, 2, 2 ], 3 ], [ [ 2, 2, 2, 2, 2, 2, 2, 2, 2, 2, 2, 2 ], 12 ], [ [ 2, 2, 2, 2, 4, 4, 4, 4 ], 12 ], [ [ 2, 2, 2, 2, 2, 2, 2, 2, 2, 2, 2, 2 ], 3 ], [ [ 2, 2, 2, 2, 2, 2, 2, 2, 4, 4 ], 12 ], [ [ 6, 6, 6, 6 ], 8 ], [ [ 6, 6, 6, 6 ], 8 ], [ [ 4, 4, 4, 4, 4, 4 ], 12 ], [ [ 2, 2, 2, 2, 2, 2, 2, 2, 4, 4 ], 12 ], [ [ 6, 6, 6, 6 ], 8 ], [ [ 6, 6, 6, 6 ], 8 ], [ [ 4, 4, 4, 4, 4, 4 ], 12 ], [ [ 6, 6, 6, 6 ], 8 ], [ [ 6, 6, 6, 6 ], 8 ], [ [ 6, 6, 6, 6 ], 8 ], [ [ 3, 3, 3, 3, 3, 3, 3, 3 ], 8 ], [ [ 2, 2, 2, 2, 2, 2, 2, 2, 2, 2, 2, 2 ], 6 ], [ [ 2, 2, 2, 2, 2, 2, 2, 2, 2, 2, 2, 2 ], 2 ], [ [ 2, 2, 2, 2, 2, 2, 2, 2, 2, 2, 2, 2 ], 6 ], [ [ 2, 2, 2, 2, 2, 2, 2, 2, 2, 2, 2, 2 ], 2 ], [ [ 2, 2, 2, 2, 2, 2, 2, 2, 2, 2, 2, 2 ], 1 ], [ [ 2, 2, 2, 2, 2, 2, 2, 2, 2, 2, 2, 2 ], 1 ] ]
417|192|[ 192, 972 ]|[ [ [ 1, 1, 1, 1, 1, 1, 1, 1, 1, 1, 1, 1, 1, 1, 1, 1, 1, 1, 1, 1, 1, 1, 1, 1 ], 1 ], [ [ 1, 1, 1, 1, 1, 1, 1, 1, 1, 1, 1, 1, 1, 1, 1, 1, 2, 2, 2, 2 ], 3 ], [ [ 1, 1, 1, 1, 2, 2, 4, 4, 4, 4 ], 12 ], [ [ 1, 1, 1, 1, 2, 2, 2, 2, 2, 2, 2, 2, 2, 2 ], 12 ], [ [ 1, 1, 1, 1, 1, 1, 1, 1, 2, 2, 2, 2, 2, 2, 2, 2 ], 3 ], [ [ 2, 2, 2, 2, 2, 2, 2, 2, 2, 2, 2, 2 ], 1 ], [ [ 2, 2, 2, 2, 2, 2, 2, 2, 2, 2, 2, 2 ], 3 ], [ [ 2, 2, 2, 2, 2, 2, 2, 2, 2, 2, 2, 2 ], 3 ], [ [ 4, 4, 4, 4, 4, 4 ], 12 ], [ [ 4, 4, 4, 4, 4, 4 ], 12 ], [ [ 12, 12 ], 8 ], [ [ 12, 12 ], 8 ], [ [ 4, 4, 4, 4, 4, 4 ], 12 ], [ [ 4, 4, 4, 4, 4, 4 ], 12 ], [ [ 12, 12 ], 8 ], [ [ 12, 12 ], 8 ], [ [ 6, 6, 6, 6 ], 8 ], [ [ 6, 6, 6, 6 ], 8 ], [ [ 2, 2, 2, 2, 2, 2, 2, 2, 2, 2, 2, 2 ], 12 ], [ [ 2, 2, 2, 2, 4, 4, 4, 4 ], 12 ], [ [ 6, 6, 6, 6 ], 8 ], [ [ 3, 3, 3, 3, 3, 3, 3, 3 ], 8 ], [ [ 4, 4, 4, 4, 4, 4 ], 2 ], [ [ 4, 4, 4, 4, 4, 4 ], 6 ], [ [ 4, 4, 4, 4, 4, 4 ], 6 ], [ [ 2, 2, 2, 2, 2, 2, 2, 2, 2, 2, 2, 2 ], 1 ], [ [ 2, 2, 2, 2, 2, 2, 2, 2, 2, 2, 2, 2 ], 1 ], [ [ 4, 4, 4, 4, 4, 4 ], 2 ] ]
418|192|[ 192, 1469 ]|[ [ [ 1, 1, 1, 1, 1, 1, 1, 1, 1, 1, 1, 1, 1, 1, 1, 1, 1, 1, 1, 1, 1, 1, 1, 1 ], 1 ], [ [ 1, 1, 1, 1, 1, 1, 1, 1, 1, 1, 1, 1, 1, 1, 1, 1, 2, 2, 2, 2 ], 3 ], [ [ 1, 1, 1, 1, 1, 1, 1, 1, 4, 4, 4, 4 ], 6 ], [ [ 1, 1, 1, 1, 1, 1, 1, 1, 2, 2, 2, 2, 2, 2, 2, 2 ], 6 ], [ [ 1, 1, 1, 1, 1, 1, 1, 1, 2, 2, 2, 2, 2, 2, 2, 2 ], 3 ], [ [ 2, 2, 2, 2, 2, 2, 2, 2, 2, 2, 2, 2 ], 1 ], [ [ 2, 2, 2, 2, 2, 2, 2, 2, 2, 2, 2, 2 ], 3 ], [ [ 2, 2, 2, 2, 4, 4, 4, 4 ], 6 ], [ [ 2, 2, 2, 2, 2, 2, 2, 2, 2, 2, 2, 2 ], 6 ], [ [ 2, 2, 2, 2, 2, 2, 2, 2, 2, 2, 2, 2 ], 3 ], [ [ 2, 2, 2, 2, 2, 2, 2, 2, 4, 4 ], 6 ], [ [ 2, 2, 2, 2, 2, 2, 2, 2, 4, 4 ], 6 ], [ [ 12, 12 ], 8 ], [ [ 12, 12 ], 8 ], [ [ 4, 4, 4, 4, 4, 4 ], 6 ], [ [ 4, 4, 4, 4, 4, 4 ], 6 ], [ [ 2, 2, 2, 2, 2, 2, 2, 2, 4, 4 ], 6 ], [ [ 2, 2, 2, 2, 2, 2, 2, 2, 4, 4 ], 6 ], [ [ 12, 12 ], 8 ], [ [ 12, 12 ], 8 ], [ [ 4, 4, 4, 4, 4, 4 ], 6 ], [ [ 4, 4, 4, 4, 4, 4 ], 6 ], [ [ 6, 6, 6, 6 ], 8 ], [ [ 6, 6, 6, 6 ], 8 ], [ [ 2, 2, 2, 2, 2, 2, 2, 2, 2, 2, 2, 2 ], 6 ], [ [ 2, 2, 2, 2, 4, 4, 4, 4 ], 6 ], [ [ 6, 6, 6, 6 ], 8 ], [ [ 3, 3, 3, 3, 3, 3, 3, 3 ], 8 ], [ [ 2, 2, 2, 2, 2, 2, 2, 2, 2, 2, 2, 2 ], 6 ], [ [ 2, 2, 2, 2, 4, 4, 4, 4 ], 6 ], [ [ 4, 4, 4, 4, 4, 4 ], 1 ], [ [ 4, 4, 4, 4, 4, 4 ], 3 ], [ [ 4, 4, 4, 4, 4, 4 ], 3 ], [ [ 4, 4, 4, 4, 4, 4 ], 1 ], [ [ 4, 4, 4, 4, 4, 4 ], 3 ], [ [ 4, 4, 4, 4, 4, 4 ], 3 ], [ [ 2, 2, 2, 2, 2, 2, 2, 2, 2, 2, 2, 2 ], 1 ], [ [ 2, 2, 2, 2, 2, 2, 2, 2, 2, 2, 2, 2 ], 1 ], [ [ 4, 4, 4, 4, 4, 4 ], 1 ], [ [ 4, 4, 4, 4, 4, 4 ], 1 ] ]
419|192|[ 192, 1470 ]|[ [ [ 1, 1, 1, 1, 1, 1, 1, 1, 1, 1, 1, 1, 1, 1, 1, 1, 1, 1, 1, 1, 1, 1, 1, 1 ], 1 ], [ [ 1, 1, 1, 1, 1, 1, 1, 1, 1, 1, 1, 1, 1, 1, 1, 1, 2, 2, 2, 2 ], 3 ], [ [ 1, 1, 1, 1, 1, 1, 1, 1, 2, 2, 2, 2, 2, 2, 2, 2 ], 3 ], [ [ 1, 1, 1, 1, 2, 2, 2, 2, 2, 2, 2, 2, 2, 2 ], 12 ], [ [ 1, 1, 1, 1, 2, 2, 4, 4, 4, 4 ], 12 ], [ [ 2, 2, 2, 2, 2, 2, 2, 2, 2, 2, 2, 2 ], 1 ], [ [ 2, 2, 2, 2, 2, 2, 2, 2, 2, 2, 2, 2 ], 3 ], [ [ 2, 2, 2, 2, 2, 2, 2, 2, 2, 2, 2, 2 ], 3 ], [ [ 2, 2, 2, 2, 2, 2, 2, 2, 2, 2, 2, 2 ], 12 ], [ [ 2, 2, 2, 2, 4, 4, 4, 4 ], 12 ], [ [ 2, 2, 2, 2, 2, 2, 2, 2, 2, 2, 2, 2 ], 12 ], [ [ 2, 2, 2, 2, 4, 4, 4, 4 ], 12 ], [ [ 4, 4, 4, 4, 4, 4 ], 6 ], [ [ 4, 4, 4, 4, 4, 4 ], 2 ], [ [ 2, 2, 2, 2, 2, 2, 2, 2, 2, 2, 2, 2 ], 12 ], [ [ 2, 2, 2, 2, 4, 4, 4, 4 ], 12 ], [ [ 4, 4, 4, 4, 4, 4 ], 6 ], [ [ 4, 4, 4, 4, 4, 4 ], 2 ], [ [ 3, 3, 3, 3, 3, 3, 3, 3 ], 8 ], [ [ 6, 6, 6, 6 ], 8 ], [ [ 6, 6, 6, 6 ], 8 ], [ [ 6, 6, 6, 6 ], 8 ], [ [ 12, 12 ], 8 ], [ [ 12, 12 ], 8 ], [ [ 12, 12 ], 8 ], [ [ 12, 12 ], 8 ], [ [ 2, 2, 2, 2, 2, 2, 2, 2, 2, 2, 2, 2 ], 1 ], [ [ 2, 2, 2, 2, 2, 2, 2, 2, 2, 2, 2, 2 ], 1 ] ]
420|192|[ 192, 992 ]|[ [ [ 1, 1, 1, 1, 1, 1, 1, 1, 1, 1, 1, 1, 1, 1, 1, 1, 1, 1, 1, 1, 1, 1, 1, 1 ], 1 ], [ [ 1, 1, 1, 1, 1, 1, 1, 1, 1, 1, 1, 1, 1, 1, 1, 1, 2, 2, 2, 2 ], 3 ], [ [ 1, 1, 1, 1, 1, 1, 1, 1, 4, 4, 4, 4 ], 3 ], [ [ 1, 1, 1, 1, 1, 1, 1, 1, 4, 4, 4, 4 ], 3 ], [ [ 1, 1, 1, 1, 1, 1, 1, 1, 2, 2, 2, 2, 2, 2, 2, 2 ], 3 ], [ [ 1, 1, 1, 1, 1, 1, 1, 1, 4, 4, 4, 4 ], 3 ], [ [ 1, 1, 1, 1, 1, 1, 1, 1, 4, 4, 4, 4 ], 3 ], [ [ 2, 2, 2, 2, 2, 2, 2, 2, 2, 2, 2, 2 ], 1 ], [ [ 2, 2, 2, 2, 2, 2, 2, 2, 2, 2, 2, 2 ], 3 ], [ [ 2, 2, 2, 2, 4, 4, 4, 4 ], 3 ], [ [ 2, 2, 2, 2, 4, 4, 4, 4 ], 3 ], [ [ 2, 2, 2, 2, 2, 2, 2, 2, 2, 2, 2, 2 ], 3 ], [ [ 2, 2, 2, 2, 4, 4, 4, 4 ], 3 ], [ [ 2, 2, 2, 2, 4, 4, 4, 4 ], 3 ], [ [ 6, 6, 6, 6 ], 16 ], [ [ 6, 6, 6, 6 ], 16 ], [ [ 6, 6, 6, 6 ], 16 ], [ [ 3, 3, 3, 3, 3, 3, 3, 3 ], 16 ], [ [ 3, 3, 3, 3, 3, 3, 3, 3 ], 16 ], [ [ 6, 6, 6, 6 ], 16 ], [ [ 6, 6, 6, 6 ], 16 ], [ [ 6, 6, 6, 6 ], 16 ], [ [ 2, 2, 2, 2, 4, 4, 4, 4 ], 3 ], [ [ 2, 2, 2, 2, 4, 4, 4, 4 ], 3 ], [ [ 2, 2, 2, 2, 4, 4, 4, 4 ], 3 ], [ [ 2, 2, 2, 2, 4, 4, 4, 4 ], 3 ], [ [ 2, 2, 2, 2, 4, 4, 4, 4 ], 3 ], [ [ 2, 2, 2, 2, 4, 4, 4, 4 ], 3 ], [ [ 2, 2, 2, 2, 2, 2, 2, 2, 2, 2, 2, 2 ], 1 ], [ [ 2, 2, 2, 2, 4, 4, 4, 4 ], 3 ], [ [ 2, 2, 2, 2, 2, 2, 2, 2, 2, 2, 2, 2 ], 1 ], [ [ 2, 2, 2, 2, 4, 4, 4, 4 ], 3 ] ]
421|192|[ 192, 992 ]|[ [ [ 1, 1, 1, 1, 1, 1, 1, 1, 1, 1, 1, 1, 1, 1, 1, 1, 1, 1, 1, 1, 1, 1, 1, 1 ], 1 ], [ [ 1, 1, 1, 1, 1, 1, 1, 1, 1, 1, 1, 1, 1, 1, 1, 1, 2, 2, 2, 2 ], 3 ], [ [ 1, 1, 1, 1, 1, 1, 1, 1, 4, 4, 4, 4 ], 3 ], [ [ 1, 1, 1, 1, 1, 1, 1, 1, 4, 4, 4, 4 ], 3 ], [ [ 1, 1, 1, 1, 1, 1, 1, 1, 2, 2, 2, 2, 2, 2, 2, 2 ], 3 ], [ [ 1, 1, 1, 1, 1, 1, 1, 1, 4, 4, 4, 4 ], 3 ], [ [ 1, 1, 1, 1, 1, 1, 1, 1, 4, 4, 4, 4 ], 3 ], [ [ 2, 2, 2, 2, 2, 2, 2, 2, 2, 2, 2, 2 ], 1 ], [ [ 2, 2, 2, 2, 2, 2, 2, 2, 2, 2, 2, 2 ], 3 ], [ [ 2, 2, 2, 2, 4, 4, 4, 4 ], 3 ], [ [ 2, 2, 2, 2, 4, 4, 4, 4 ], 3 ], [ [ 2, 2, 2, 2, 2, 2, 2, 2, 2, 2, 2, 2 ], 3 ], [ [ 2, 2, 2, 2, 4, 4, 4, 4 ], 3 ], [ [ 2, 2, 2, 2, 4, 4, 4, 4 ], 3 ], [ [ 3, 3, 3, 3, 3, 3, 3, 3 ], 16 ], [ [ 6, 6, 6, 6 ], 16 ], [ [ 6, 6, 6, 6 ], 16 ], [ [ 6, 6, 6, 6 ], 16 ], [ [ 6, 6, 6, 6 ], 16 ], [ [ 6, 6, 6, 6 ], 16 ], [ [ 3, 3, 3, 3, 3, 3, 3, 3 ], 16 ], [ [ 6, 6, 6, 6 ], 16 ], [ [ 2, 2, 2, 2, 4, 4, 4, 4 ], 3 ], [ [ 2, 2, 2, 2, 4, 4, 4, 4 ], 3 ], [ [ 2, 2, 2, 2, 4, 4, 4, 4 ], 3 ], [ [ 2, 2, 2, 2, 4, 4, 4, 4 ], 3 ], [ [ 2, 2, 2, 2, 4, 4, 4, 4 ], 3 ], [ [ 2, 2, 2, 2, 4, 4, 4, 4 ], 3 ], [ [ 2, 2, 2, 2, 2, 2, 2, 2, 2, 2, 2, 2 ], 1 ], [ [ 2, 2, 2, 2, 4, 4, 4, 4 ], 3 ], [ [ 2, 2, 2, 2, 2, 2, 2, 2, 2, 2, 2, 2 ], 1 ], [ [ 2, 2, 2, 2, 4, 4, 4, 4 ], 3 ] ]
422|192|[ 192, 189 ]|[ [ [ 1, 1, 1, 1, 1, 1, 1, 1, 1, 1, 1, 1, 1, 1, 1, 1, 1, 1, 1, 1, 1, 1, 1, 1 ], 1 ], [ [ 1, 1, 1, 1, 1, 1, 1, 1, 2, 2, 2, 2, 2, 2, 2, 2 ], 3 ], [ [ 1, 1, 1, 1, 2, 2, 4, 4, 4, 4 ], 6 ], [ [ 1, 1, 1, 1, 2, 2, 4, 4, 4, 4 ], 6 ], [ [ 1, 1, 1, 1, 1, 1, 1, 1, 2, 2, 2, 2, 2, 2, 2, 2 ], 3 ], [ [ 1, 1, 1, 1, 1, 1, 1, 1, 2, 2, 2, 2, 2, 2, 2, 2 ], 3 ], [ [ 1, 1, 1, 1, 2, 2, 4, 4, 4, 4 ], 6 ], [ [ 1, 1, 1, 1, 2, 2, 4, 4, 4, 4 ], 6 ], [ [ 2, 2, 2, 2, 2, 2, 2, 2, 2, 2, 2, 2 ], 1 ], [ [ 2, 2, 2, 2, 2, 2, 2, 2, 2, 2, 2, 2 ], 3 ], [ [ 6, 6, 6, 6 ], 16 ], [ [ 3, 3, 3, 3, 3, 3, 3, 3 ], 16 ], [ [ 6, 6, 6, 6 ], 16 ], [ [ 6, 6, 6, 6 ], 16 ], [ [ 6, 6, 6, 6 ], 16 ], [ [ 6, 6, 6, 6 ], 16 ], [ [ 6, 6, 6, 6 ], 16 ], [ [ 3, 3, 3, 3, 3, 3, 3, 3 ], 16 ], [ [ 2, 2, 2, 2, 4, 4, 4, 4 ], 6 ], [ [ 2, 2, 2, 2, 4, 4, 4, 4 ], 6 ], [ [ 2, 2, 2, 2, 4, 4, 4, 4 ], 6 ], [ [ 2, 2, 2, 2, 2, 2, 2, 2, 2, 2, 2, 2 ], 1 ], [ [ 2, 2, 2, 2, 4, 4, 4, 4 ], 6 ], [ [ 2, 2, 2, 2, 2, 2, 2, 2, 2, 2, 2, 2 ], 1 ] ]
423|192|[ 192, 189 ]|[ [ [ 1, 1, 1, 1, 1, 1, 1, 1, 1, 1, 1, 1, 1, 1, 1, 1, 1, 1, 1, 1, 1, 1, 1, 1 ], 1 ], [ [ 1, 1, 1, 1, 1, 1, 1, 1, 1, 1, 1, 1, 1, 1, 1, 1, 2, 2, 2, 2 ], 3 ], [ [ 1, 1, 1, 1, 1, 1, 1, 1, 2, 2, 2, 2, 2, 2, 2, 2 ], 3 ], [ [ 1, 1, 1, 1, 2, 2, 2, 2, 2, 2, 4, 4 ], 6 ], [ [ 1, 1, 1, 1, 2, 2, 2, 2, 2, 2, 4, 4 ], 6 ], [ [ 1, 1, 1, 1, 2, 2, 2, 2, 2, 2, 4, 4 ], 6 ], [ [ 1, 1, 1, 1, 2, 2, 2, 2, 2, 2, 4, 4 ], 6 ], [ [ 2, 2, 2, 2, 2, 2, 2, 2, 2, 2, 2, 2 ], 1 ], [ [ 2, 2, 2, 2, 2, 2, 2, 2, 2, 2, 2, 2 ], 3 ], [ [ 2, 2, 2, 2, 2, 2, 2, 2, 2, 2, 2, 2 ], 3 ], [ [ 2, 2, 2, 2, 2, 2, 2, 2, 4, 4 ], 6 ], [ [ 2, 2, 2, 2, 2, 2, 2, 2, 4, 4 ], 6 ], [ [ 2, 2, 2, 2, 2, 2, 2, 2, 4, 4 ], 6 ], [ [ 2, 2, 2, 2, 2, 2, 2, 2, 4, 4 ], 6 ], [ [ 6, 6, 6, 6 ], 16 ], [ [ 6, 6, 6, 6 ], 16 ], [ [ 3, 3, 3, 3, 3, 3, 3, 3 ], 16 ], [ [ 6, 6, 6, 6 ], 16 ], [ [ 6, 6, 6, 6 ], 16 ], [ [ 6, 6, 6, 6 ], 16 ], [ [ 3, 3, 3, 3, 3, 3, 3, 3 ], 16 ], [ [ 6, 6, 6, 6 ], 16 ], [ [ 2, 2, 2, 2, 2, 2, 2, 2, 2, 2, 2, 2 ], 1 ], [ [ 2, 2, 2, 2, 2, 2, 2, 2, 2, 2, 2, 2 ], 1 ] ]
424|192|[ 192, 189 ]|[ [ [ 1, 1, 1, 1, 1, 1, 1, 1, 1, 1, 1, 1, 1, 1, 1, 1, 1, 1, 1, 1, 1, 1, 1, 1 ], 1 ], [ [ 1, 1, 1, 1, 1, 1, 1, 1, 1, 1, 1, 1, 1, 1, 1, 1, 2, 2, 2, 2 ], 3 ], [ [ 1, 1, 1, 1, 1, 1, 1, 1, 2, 2, 2, 2, 2, 2, 2, 2 ], 3 ], [ [ 1, 1, 1, 1, 2, 2, 2, 2, 2, 2, 4, 4 ], 6 ], [ [ 1, 1, 1, 1, 2, 2, 2, 2, 2, 2, 4, 4 ], 6 ], [ [ 1, 1, 1, 1, 2, 2, 2, 2, 2, 2, 4, 4 ], 6 ], [ [ 1, 1, 1, 1, 2, 2, 2, 2, 2, 2, 4, 4 ], 6 ], [ [ 2, 2, 2, 2, 2, 2, 2, 2, 2, 2, 2, 2 ], 1 ], [ [ 2, 2, 2, 2, 2, 2, 2, 2, 2, 2, 2, 2 ], 3 ], [ [ 2, 2, 2, 2, 2, 2, 2, 2, 2, 2, 2, 2 ], 3 ], [ [ 2, 2, 2, 2, 2, 2, 2, 2, 4, 4 ], 6 ], [ [ 2, 2, 2, 2, 2, 2, 2, 2, 4, 4 ], 6 ], [ [ 2, 2, 2, 2, 2, 2, 2, 2, 4, 4 ], 6 ], [ [ 2, 2, 2, 2, 2, 2, 2, 2, 4, 4 ], 6 ], [ [ 6, 6, 6, 6 ], 16 ], [ [ 3, 3, 3, 3, 3, 3, 3, 3 ], 16 ], [ [ 6, 6, 6, 6 ], 16 ], [ [ 6, 6, 6, 6 ], 16 ], [ [ 3, 3, 3, 3, 3, 3, 3, 3 ], 16 ], [ [ 6, 6, 6, 6 ], 16 ], [ [ 6, 6, 6, 6 ], 16 ], [ [ 6, 6, 6, 6 ], 16 ], [ [ 2, 2, 2, 2, 2, 2, 2, 2, 2, 2, 2, 2 ], 1 ], [ [ 2, 2, 2, 2, 2, 2, 2, 2, 2, 2, 2, 2 ], 1 ] ]
425|192|[ 192, 201 ]|[ [ [ 1, 1, 1, 1, 1, 1, 1, 1, 1, 1, 1, 1, 1, 1, 1, 1, 1, 1, 1, 1, 1, 1, 1, 1 ], 1 ], [ [ 1, 1, 1, 1, 1, 1, 1, 1, 1, 1, 1, 1, 2, 2, 2, 2, 2, 2 ], 4 ], [ [ 1, 1, 1, 1, 2, 2, 2, 2, 2, 2, 2, 2, 2, 2 ], 6 ], [ [ 1, 1, 1, 1, 2, 2, 2, 2, 2, 2, 2, 2, 2, 2 ], 12 ], [ [ 1, 1, 2, 4, 4, 4, 4, 4 ], 24 ], [ [ 2, 2, 2, 2, 2, 2, 2, 2, 2, 2, 2, 2 ], 1 ], [ [ 2, 2, 2, 2, 2, 2, 2, 2, 2, 2, 2, 2 ], 4 ], [ [ 3, 3, 3, 3, 3, 3, 3, 3 ], 16 ], [ [ 6, 6, 6, 6 ], 16 ], [ [ 3, 3, 3, 3, 6, 6 ], 16 ], [ [ 6, 6, 6, 6 ], 16 ], [ [ 6, 6, 6, 6 ], 16 ], [ [ 3, 3, 3, 3, 6, 6 ], 16 ], [ [ 6, 6, 6, 6 ], 16 ], [ [ 3, 3, 3, 3, 3, 3, 3, 3 ], 16 ], [ [ 4, 4, 4, 4, 4, 4 ], 12 ] ]
426|192|[ 192, 181 ]|[ [ [ 1, 1, 1, 1, 1, 1, 1, 1, 1, 1, 1, 1, 1, 1, 1, 1, 1, 1, 1, 1, 1, 1, 1, 1 ], 1 ], [ [ 1, 1, 1, 1, 2, 2, 2, 2, 2, 2, 2, 2, 2, 2 ], 24 ], [ [ 1, 1, 1, 1, 2, 2, 4, 4, 4, 4 ], 12 ], [ [ 1, 1, 1, 1, 1, 1, 1, 1, 2, 2, 2, 2, 2, 2, 2, 2 ], 3 ], [ [ 2, 2, 2, 2, 2, 2, 2, 2, 2, 2, 2, 2 ], 1 ], [ [ 2, 2, 2, 2, 2, 2, 2, 2, 2, 2, 2, 2 ], 3 ], [ [ 6, 6, 6, 6 ], 32 ], [ [ 4, 4, 8, 8 ], 12 ], [ [ 3, 3, 3, 3, 3, 3, 3, 3 ], 32 ], [ [ 4, 4, 4, 4, 4, 4 ], 24 ], [ [ 4, 4, 8, 8 ], 12 ], [ [ 4, 4, 8, 8 ], 12 ], [ [ 4, 4, 8, 8 ], 12 ], [ [ 2, 2, 2, 2, 4, 4, 4, 4 ], 6 ], [ [ 2, 2, 2, 2, 4, 4, 4, 4 ], 6 ] ]
427|192|[ 192, 180 ]|[ [ [ 1, 1, 1, 1, 1, 1, 1, 1, 1, 1, 1, 1, 1, 1, 1, 1, 1, 1, 1, 1, 1, 1, 1, 1 ], 1 ], [ [ 1, 1, 1, 1, 1, 1, 1, 1, 2, 2, 2, 2, 2, 2, 2, 2 ], 3 ], [ [ 1, 1, 1, 1, 2, 2, 4, 4, 4, 4 ], 24 ], [ [ 1, 1, 1, 1, 2, 2, 4, 4, 4, 4 ], 12 ], [ [ 2, 2, 2, 2, 2, 2, 2, 2, 2, 2, 2, 2 ], 1 ], [ [ 2, 2, 2, 2, 2, 2, 2, 2, 2, 2, 2, 2 ], 3 ], [ [ 4, 4, 4, 4, 4, 4 ], 24 ], [ [ 6, 6, 6, 6 ], 32 ], [ [ 3, 3, 3, 3, 3, 3, 3, 3 ], 32 ], [ [ 4, 4, 8, 8 ], 12 ], [ [ 4, 4, 8, 8 ], 12 ], [ [ 4, 4, 8, 8 ], 12 ], [ [ 4, 4, 8, 8 ], 12 ], [ [ 2, 2, 2, 2, 4, 4, 4, 4 ], 6 ], [ [ 2, 2, 2, 2, 4, 4, 4, 4 ], 6 ] ]
428|192|[ 192, 181 ]|[ [ [ 1, 1, 1, 1, 1, 1, 1, 1, 1, 1, 1, 1, 1, 1, 1, 1, 1, 1, 1, 1, 1, 1, 1, 1 ], 1 ], [ [ 1, 1, 1, 1, 1, 1, 1, 1, 2, 2, 2, 2, 2, 2, 2, 2 ], 3 ], [ [ 1, 1, 2, 4, 8, 8 ], 12 ], [ [ 1, 1, 2, 4, 8, 8 ], 12 ], [ [ 1, 1, 1, 1, 2, 2, 4, 4, 4, 4 ], 6 ], [ [ 1, 1, 1, 1, 2, 2, 4, 4, 4, 4 ], 6 ], [ [ 1, 1, 2, 4, 8, 8 ], 12 ], [ [ 1, 1, 2, 4, 8, 8 ], 12 ], [ [ 2, 2, 2, 2, 2, 2, 2, 2, 2, 2, 2, 2 ], 1 ], [ [ 2, 2, 2, 2, 2, 2, 2, 2, 2, 2, 2, 2 ], 3 ], [ [ 2, 2, 2, 2, 2, 2, 2, 2, 2, 2, 2, 2 ], 24 ], [ [ 3, 3, 3, 3, 3, 3, 3, 3 ], 32 ], [ [ 6, 6, 6, 6 ], 32 ], [ [ 4, 4, 4, 4, 4, 4 ], 24 ], [ [ 2, 2, 2, 2, 4, 4, 4, 4 ], 12 ] ]
429|192|[ 192, 180 ]|[ [ [ 1, 1, 1, 1, 1, 1, 1, 1, 1, 1, 1, 1, 1, 1, 1, 1, 1, 1, 1, 1, 1, 1, 1, 1 ], 1 ], [ [ 1, 1, 1, 1, 1, 1, 1, 1, 2, 2, 2, 2, 2, 2, 2, 2 ], 3 ], [ [ 1, 1, 2, 4, 8, 8 ], 12 ], [ [ 1, 1, 2, 4, 8, 8 ], 12 ], [ [ 1, 1, 1, 1, 2, 2, 4, 4, 4, 4 ], 6 ], [ [ 1, 1, 1, 1, 2, 2, 4, 4, 4, 4 ], 6 ], [ [ 1, 1, 2, 4, 8, 8 ], 12 ], [ [ 1, 1, 2, 4, 8, 8 ], 12 ], [ [ 2, 2, 2, 2, 2, 2, 2, 2, 2, 2, 2, 2 ], 1 ], [ [ 2, 2, 2, 2, 2, 2, 2, 2, 2, 2, 2, 2 ], 3 ], [ [ 4, 4, 4, 4, 4, 4 ], 24 ], [ [ 3, 3, 3, 3, 3, 3, 3, 3 ], 32 ], [ [ 6, 6, 6, 6 ], 32 ], [ [ 2, 2, 2, 2, 4, 4, 4, 4 ], 24 ], [ [ 2, 2, 2, 2, 4, 4, 4, 4 ], 12 ] ]
430|192|[ 192, 1494 ]|[ [ [ 1, 1, 1, 1, 1, 1, 1, 1, 1, 1, 1, 1, 1, 1, 1, 1, 1, 1, 1, 1, 1, 1, 1, 1 ], 1 ], [ [ 1, 1, 1, 1, 2, 2, 2, 2, 2, 2, 2, 2, 2, 2 ], 6 ], [ [ 1, 1, 2, 2, 2, 2, 2, 2, 2, 2, 2, 2, 2 ], 24 ], [ [ 1, 1, 1, 1, 2, 2, 2, 2, 2, 2, 2, 2, 2, 2 ], 12 ], [ [ 1, 1, 1, 1, 4, 4, 4, 4, 4 ], 12 ], [ [ 2, 2, 2, 2, 2, 2, 2, 2, 2, 2, 2, 2 ], 1 ], [ [ 2, 2, 4, 4, 4, 4, 4 ], 12 ], [ [ 6, 6, 6, 6 ], 32 ], [ [ 3, 3, 3, 3, 3, 3, 3, 3 ], 32 ], [ [ 8, 8, 8 ], 24 ], [ [ 8, 8, 8 ], 24 ], [ [ 4, 4, 4, 4, 4, 4 ], 6 ], [ [ 4, 4, 4, 4, 4, 4 ], 6 ] ]
431|192|[ 192, 1493 ]|[ [ [ 1, 1, 1, 1, 1, 1, 1, 1, 1, 1, 1, 1, 1, 1, 1, 1, 1, 1, 1, 1, 1, 1, 1, 1 ], 1 ], [ [ 1, 1, 1, 1, 1, 1, 2, 2, 2, 2, 2, 2, 2, 2, 2 ], 12 ], [ [ 1, 1, 1, 1, 2, 2, 2, 2, 2, 2, 2, 2, 2, 2 ], 6 ], [ [ 1, 1, 1, 1, 2, 2, 2, 2, 2, 2, 2, 2, 2, 2 ], 6 ], [ [ 1, 1, 1, 1, 2, 2, 2, 2, 2, 2, 2, 2, 2, 2 ], 6 ], [ [ 1, 1, 2, 2, 2, 2, 2, 2, 2, 2, 2, 2, 2 ], 12 ], [ [ 2, 2, 2, 2, 2, 2, 2, 2, 2, 2, 2, 2 ], 1 ], [ [ 3, 3, 3, 3, 3, 3, 3, 3 ], 32 ], [ [ 2, 2, 4, 4, 4, 4, 4 ], 24 ], [ [ 2, 2, 4, 4, 4, 4, 4 ], 24 ], [ [ 2, 2, 4, 4, 4, 4, 4 ], 24 ], [ [ 6, 6, 6, 6 ], 32 ], [ [ 4, 4, 4, 4, 4, 4 ], 12 ] ]
432|192|[ 192, 1538 ]|[ [ [ 1, 1, 1, 1, 1, 1, 1, 1, 1, 1, 1, 1, 1, 1, 1, 1, 1, 1, 1, 1, 1, 1, 1, 1 ], 1 ], [ [ 1, 1, 1, 1, 1, 1, 1, 1, 2, 2, 2, 2, 2, 2, 2, 2 ], 3 ], [ [ 1, 1, 1, 1, 2, 2, 2, 2, 2, 2, 2, 2, 2, 2 ], 6 ], [ [ 1, 1, 1, 1, 1, 1, 1, 1, 1, 1, 1, 1, 2, 2, 2, 2, 2, 2 ], 6 ], [ [ 1, 1, 1, 1, 1, 1, 1, 1, 2, 2, 2, 2, 2, 2, 2, 2 ], 3 ], [ [ 1, 1, 1, 1, 1, 1, 1, 1, 2, 2, 2, 2, 2, 2, 2, 2 ], 3 ], [ [ 2, 2, 2, 2, 2, 2, 2, 2, 2, 2, 2, 2 ], 1 ], [ [ 2, 2, 2, 2, 2, 2, 2, 2, 2, 2, 2, 2 ], 3 ], [ [ 2, 2, 2, 2, 2, 2, 2, 2, 2, 2, 2, 2 ], 3 ], [ [ 2, 2, 2, 2, 2, 2, 2, 2, 2, 2, 2, 2 ], 3 ], [ [ 2, 2, 2, 2, 2, 2, 2, 2, 2, 2, 2, 2 ], 12 ], [ [ 2, 2, 2, 2, 2, 2, 2, 2, 2, 2, 2, 2 ], 12 ], [ [ 4, 4, 4, 4, 4, 4 ], 12 ], [ [ 4, 4, 4, 4, 4, 4 ], 12 ], [ [ 2, 2, 2, 2, 4, 4, 4, 4 ], 12 ], [ [ 2, 2, 2, 2, 4, 4, 4, 4 ], 12 ], [ [ 2, 2, 2, 2, 4, 4, 4, 4 ], 12 ], [ [ 2, 2, 2, 2, 4, 4, 4, 4 ], 12 ], [ [ 3, 3, 3, 3, 3, 3, 3, 3 ], 32 ], [ [ 6, 6, 6, 6 ], 32 ] ]
433|192|[ 192, 1495 ]|[ [ [ 1, 1, 1, 1, 1, 1, 1, 1, 1, 1, 1, 1, 1, 1, 1, 1, 1, 1, 1, 1, 1, 1, 1, 1 ], 1 ], [ [ 1, 1, 1, 1, 1, 1, 1, 1, 2, 2, 2, 2, 2, 2, 2, 2 ], 3 ], [ [ 1, 1, 1, 1, 2, 2, 2, 2, 2, 2, 2, 2, 2, 2 ], 6 ], [ [ 1, 1, 1, 1, 1, 1, 1, 1, 1, 1, 1, 1, 2, 2, 2, 2, 2, 2 ], 6 ], [ [ 1, 1, 1, 1, 1, 1, 1, 1, 2, 2, 2, 2, 2, 2, 2, 2 ], 3 ], [ [ 1, 1, 1, 1, 1, 1, 1, 1, 2, 2, 2, 2, 2, 2, 2, 2 ], 3 ], [ [ 2, 2, 2, 2, 2, 2, 2, 2, 2, 2, 2, 2 ], 1 ], [ [ 2, 2, 2, 2, 2, 2, 2, 2, 2, 2, 2, 2 ], 3 ], [ [ 2, 2, 2, 2, 2, 2, 2, 2, 2, 2, 2, 2 ], 3 ], [ [ 2, 2, 2, 2, 2, 2, 2, 2, 2, 2, 2, 2 ], 3 ], [ [ 2, 2, 2, 2, 4, 4, 4, 4 ], 12 ], [ [ 2, 2, 2, 2, 4, 4, 4, 4 ], 12 ], [ [ 4, 4, 4, 4, 4, 4 ], 12 ], [ [ 4, 4, 4, 4, 4, 4 ], 12 ], [ [ 4, 4, 4, 4, 4, 4 ], 12 ], [ [ 4, 4, 4, 4, 4, 4 ], 12 ], [ [ 4, 4, 4, 4, 4, 4 ], 12 ], [ [ 4, 4, 4, 4, 4, 4 ], 12 ], [ [ 3, 3, 3, 3, 3, 3, 3, 3 ], 32 ], [ [ 6, 6, 6, 6 ], 32 ] ]
434|192|[ 192, 1472 ]|[ [ [ 1, 1, 1, 1, 1, 1, 1, 1, 1, 1, 1, 1, 1, 1, 1, 1, 1, 1, 1, 1, 1, 1, 1, 1 ], 1 ], [ [ 1, 1, 1, 1, 1, 1, 1, 1, 1, 1, 1, 1, 2, 2, 2, 2, 2, 2 ], 6 ], [ [ 1, 1, 1, 1, 1, 1, 1, 1, 1, 1, 1, 1, 1, 1, 1, 1, 2, 2, 2, 2 ], 3 ], [ [ 1, 1, 1, 1, 1, 1, 1, 1, 1, 1, 1, 1, 2, 2, 2, 2, 2, 2 ], 2 ], [ [ 1, 1, 1, 1, 1, 1, 1, 1, 2, 2, 2, 2, 2, 2, 2, 2 ], 3 ], [ [ 2, 2, 2, 2, 4, 4, 4, 4 ], 6 ], [ [ 2, 2, 2, 2, 2, 2, 2, 2, 2, 2, 2, 2 ], 12 ], [ [ 2, 2, 2, 2, 2, 2, 2, 2, 2, 2, 2, 2 ], 6 ], [ [ 2, 2, 2, 2, 4, 4, 4, 4 ], 12 ], [ [ 2, 2, 2, 2, 2, 2, 2, 2, 4, 4 ], 12 ], [ [ 2, 2, 2, 2, 2, 2, 2, 2, 2, 2, 2, 2 ], 12 ], [ [ 4, 4, 4, 4, 4, 4 ], 12 ], [ [ 2, 2, 2, 2, 4, 4, 4, 4 ], 12 ], [ [ 12, 12 ], 16 ], [ [ 6, 6, 6, 6 ], 16 ], [ [ 2, 2, 2, 2, 2, 2, 2, 2, 2, 2, 2, 2 ], 6 ], [ [ 2, 2, 2, 2, 4, 4, 4, 4 ], 6 ], [ [ 6, 6, 6, 6 ], 8 ], [ [ 3, 3, 3, 3, 6, 6 ], 16 ], [ [ 3, 3, 3, 3, 3, 3, 3, 3 ], 8 ], [ [ 2, 2, 2, 2, 2, 2, 2, 2, 2, 2, 2, 2 ], 6 ], [ [ 4, 4, 4, 4, 4, 4 ], 2 ], [ [ 4, 4, 4, 4, 4, 4 ], 6 ], [ [ 2, 2, 2, 2, 2, 2, 2, 2, 2, 2, 2, 2 ], 2 ], [ [ 2, 2, 2, 2, 2, 2, 2, 2, 2, 2, 2, 2 ], 1 ] ]
435|192|[ 192, 1472 ]|[ [ [ 1, 1, 1, 1, 1, 1, 1, 1, 1, 1, 1, 1, 1, 1, 1, 1, 1, 1, 1, 1, 1, 1, 1, 1 ], 1 ], [ [ 1, 1, 1, 1, 1, 1, 1, 1, 1, 1, 1, 1, 1, 1, 1, 1, 2, 2, 2, 2 ], 3 ], [ [ 1, 1, 1, 1, 1, 1, 1, 1, 4, 4, 4, 4 ], 6 ], [ [ 1, 1, 1, 1, 1, 1, 1, 1, 2, 2, 2, 2, 2, 2, 2, 2 ], 6 ], [ [ 1, 1, 1, 1, 1, 1, 1, 1, 2, 2, 2, 2, 2, 2, 2, 2 ], 3 ], [ [ 2, 2, 2, 2, 2, 2, 2, 2, 2, 2, 2, 2 ], 6 ], [ [ 2, 2, 2, 2, 2, 2, 2, 2, 2, 2, 2, 2 ], 12 ], [ [ 2, 2, 2, 2, 4, 4, 4, 4 ], 12 ], [ [ 2, 2, 2, 2, 2, 2, 2, 2, 2, 2, 2, 2 ], 2 ], [ [ 2, 2, 2, 2, 2, 2, 2, 2, 4, 4 ], 12 ], [ [ 12, 12 ], 16 ], [ [ 4, 4, 4, 4, 4, 4 ], 12 ], [ [ 2, 2, 2, 2, 2, 2, 2, 2, 2, 2, 2, 2 ], 12 ], [ [ 6, 6, 6, 6 ], 16 ], [ [ 2, 2, 2, 2, 4, 4, 4, 4 ], 12 ], [ [ 6, 6, 6, 6 ], 8 ], [ [ 3, 3, 3, 3, 3, 3, 3, 3 ], 8 ], [ [ 2, 2, 2, 2, 2, 2, 2, 2, 2, 2, 2, 2 ], 6 ], [ [ 2, 2, 2, 2, 4, 4, 4, 4 ], 6 ], [ [ 6, 6, 6, 6 ], 16 ], [ [ 2, 2, 2, 2, 2, 2, 2, 2, 2, 2, 2, 2 ], 6 ], [ [ 2, 2, 2, 2, 2, 2, 2, 2, 2, 2, 2, 2 ], 2 ], [ [ 4, 4, 4, 4, 4, 4 ], 2 ], [ [ 4, 4, 4, 4, 4, 4 ], 6 ], [ [ 2, 2, 2, 2, 2, 2, 2, 2, 2, 2, 2, 2 ], 1 ] ]
436|192|[ 192, 1472 ]|[ [ [ 1, 1, 1, 1, 1, 1, 1, 1, 1, 1, 1, 1, 1, 1, 1, 1, 1, 1, 1, 1, 1, 1, 1, 1 ], 1 ], [ [ 1, 1, 1, 1, 1, 1, 1, 1, 1, 1, 1, 1, 1, 1, 1, 1, 2, 2, 2, 2 ], 3 ], [ [ 1, 1, 1, 1, 2, 2, 2, 2, 2, 2, 2, 2, 2, 2 ], 12 ], [ [ 1, 1, 1, 1, 2, 2, 4, 4, 4, 4 ], 12 ], [ [ 1, 1, 1, 1, 1, 1, 1, 1, 2, 2, 2, 2, 2, 2, 2, 2 ], 3 ], [ [ 2, 2, 2, 2, 2, 2, 2, 2, 2, 2, 2, 2 ], 6 ], [ [ 2, 2, 2, 2, 4, 4, 4, 4 ], 6 ], [ [ 2, 2, 2, 2, 2, 2, 2, 2, 2, 2, 2, 2 ], 6 ], [ [ 2, 2, 2, 2, 2, 2, 2, 2, 2, 2, 2, 2 ], 2 ], [ [ 2, 2, 2, 2, 2, 2, 2, 2, 2, 2, 2, 2 ], 12 ], [ [ 12, 12 ], 16 ], [ [ 2, 2, 2, 2, 4, 4, 4, 4 ], 12 ], [ [ 2, 2, 2, 2, 2, 2, 2, 2, 4, 4 ], 12 ], [ [ 6, 6, 6, 6 ], 16 ], [ [ 4, 4, 4, 4, 4, 4 ], 12 ], [ [ 6, 6, 6, 6 ], 8 ], [ [ 3, 3, 3, 3, 3, 3, 3, 3 ], 8 ], [ [ 6, 6, 6, 6 ], 16 ], [ [ 2, 2, 2, 2, 2, 2, 2, 2, 2, 2, 2, 2 ], 6 ], [ [ 2, 2, 2, 2, 4, 4, 4, 4 ], 6 ], [ [ 2, 2, 2, 2, 2, 2, 2, 2, 2, 2, 2, 2 ], 6 ], [ [ 2, 2, 2, 2, 2, 2, 2, 2, 2, 2, 2, 2 ], 2 ], [ [ 4, 4, 4, 4, 4, 4 ], 2 ], [ [ 4, 4, 4, 4, 4, 4 ], 6 ], [ [ 2, 2, 2, 2, 2, 2, 2, 2, 2, 2, 2, 2 ], 1 ] ]
437|192|[ 192, 1472 ]|[ [ [ 1, 1, 1, 1, 1, 1, 1, 1, 1, 1, 1, 1, 1, 1, 1, 1, 1, 1, 1, 1, 1, 1, 1, 1 ], 1 ], [ [ 1, 1, 1, 1, 1, 1, 1, 1, 2, 2, 2, 2, 2, 2, 2, 2 ], 6 ], [ [ 1, 1, 1, 1, 2, 2, 4, 4, 4, 4 ], 12 ], [ [ 1, 1, 1, 1, 1, 1, 1, 1, 2, 2, 2, 2, 2, 2, 2, 2 ], 6 ], [ [ 1, 1, 1, 1, 1, 1, 1, 1, 2, 2, 2, 2, 2, 2, 2, 2 ], 3 ], [ [ 2, 2, 2, 2, 2, 2, 2, 2, 2, 2, 2, 2 ], 3 ], [ [ 2, 2, 2, 2, 4, 4, 4, 4 ], 6 ], [ [ 2, 2, 2, 2, 2, 2, 2, 2, 2, 2, 2, 2 ], 12 ], [ [ 2, 2, 2, 2, 2, 2, 2, 2, 2, 2, 2, 2 ], 2 ], [ [ 2, 2, 2, 2, 2, 2, 2, 2, 2, 2, 2, 2 ], 12 ], [ [ 4, 4, 4, 4, 4, 4 ], 12 ], [ [ 6, 6, 6, 6 ], 16 ], [ [ 12, 12 ], 16 ], [ [ 4, 4, 4, 4, 4, 4 ], 12 ], [ [ 2, 2, 2, 2, 4, 4, 4, 4 ], 12 ], [ [ 3, 3, 3, 3, 3, 3, 3, 3 ], 8 ], [ [ 6, 6, 6, 6 ], 16 ], [ [ 2, 2, 2, 2, 4, 4, 4, 4 ], 6 ], [ [ 6, 6, 6, 6 ], 8 ], [ [ 2, 2, 2, 2, 2, 2, 2, 2, 2, 2, 2, 2 ], 6 ], [ [ 4, 4, 4, 4, 4, 4 ], 2 ], [ [ 2, 2, 2, 2, 2, 2, 2, 2, 2, 2, 2, 2 ], 6 ], [ [ 4, 4, 4, 4, 4, 4 ], 6 ], [ [ 2, 2, 2, 2, 2, 2, 2, 2, 2, 2, 2, 2 ], 2 ], [ [ 2, 2, 2, 2, 2, 2, 2, 2, 2, 2, 2, 2 ], 1 ] ]
438|192|[ 192, 1472 ]|[ [ [ 1, 1, 1, 1, 1, 1, 1, 1, 1, 1, 1, 1, 1, 1, 1, 1, 1, 1, 1, 1, 1, 1, 1, 1 ], 1 ], [ [ 1, 1, 1, 1, 1, 1, 1, 1, 2, 2, 2, 2, 2, 2, 2, 2 ], 6 ], [ [ 1, 1, 1, 1, 2, 2, 2, 2, 2, 2, 2, 2, 2, 2 ], 12 ], [ [ 1, 1, 1, 1, 1, 1, 1, 1, 4, 4, 4, 4 ], 6 ], [ [ 1, 1, 1, 1, 1, 1, 1, 1, 2, 2, 2, 2, 2, 2, 2, 2 ], 3 ], [ [ 2, 2, 2, 2, 2, 2, 2, 2, 2, 2, 2, 2 ], 3 ], [ [ 2, 2, 2, 2, 2, 2, 2, 2, 2, 2, 2, 2 ], 6 ], [ [ 2, 2, 2, 2, 4, 4, 4, 4 ], 12 ], [ [ 2, 2, 2, 2, 2, 2, 2, 2, 2, 2, 2, 2 ], 2 ], [ [ 2, 2, 2, 2, 2, 2, 2, 2, 2, 2, 2, 2 ], 12 ], [ [ 4, 4, 4, 4, 4, 4 ], 12 ], [ [ 6, 6, 6, 6 ], 16 ], [ [ 12, 12 ], 16 ], [ [ 4, 4, 4, 4, 4, 4 ], 12 ], [ [ 2, 2, 2, 2, 4, 4, 4, 4 ], 12 ], [ [ 3, 3, 3, 3, 3, 3, 3, 3 ], 8 ], [ [ 6, 6, 6, 6 ], 16 ], [ [ 2, 2, 2, 2, 2, 2, 2, 2, 2, 2, 2, 2 ], 6 ], [ [ 6, 6, 6, 6 ], 8 ], [ [ 2, 2, 2, 2, 4, 4, 4, 4 ], 6 ], [ [ 4, 4, 4, 4, 4, 4 ], 2 ], [ [ 2, 2, 2, 2, 2, 2, 2, 2, 2, 2, 2, 2 ], 6 ], [ [ 4, 4, 4, 4, 4, 4 ], 6 ], [ [ 2, 2, 2, 2, 2, 2, 2, 2, 2, 2, 2, 2 ], 2 ], [ [ 2, 2, 2, 2, 2, 2, 2, 2, 2, 2, 2, 2 ], 1 ] ]
439|192|[ 192, 1472 ]|[ [ [ 1, 1, 1, 1, 1, 1, 1, 1, 1, 1, 1, 1, 1, 1, 1, 1, 1, 1, 1, 1, 1, 1, 1, 1 ], 1 ], [ [ 1, 1, 1, 1, 2, 2, 2, 2, 2, 2, 2, 2, 2, 2 ], 6 ], [ [ 1, 1, 1, 1, 2, 2, 2, 2, 2, 2, 2, 2, 2, 2 ], 12 ], [ [ 1, 1, 1, 1, 1, 1, 1, 1, 2, 2, 2, 2, 2, 2, 2, 2 ], 6 ], [ [ 1, 1, 1, 1, 1, 1, 1, 1, 1, 1, 1, 1, 2, 2, 2, 2, 2, 2 ], 2 ], [ [ 1, 1, 1, 1, 1, 1, 1, 1, 2, 2, 2, 2, 2, 2, 2, 2 ], 3 ], [ [ 2, 2, 2, 2, 2, 2, 2, 2, 2, 2, 2, 2 ], 3 ], [ [ 2, 2, 2, 2, 4, 4, 4, 4 ], 6 ], [ [ 2, 2, 2, 2, 4, 4, 4, 4 ], 12 ], [ [ 2, 2, 2, 2, 2, 2, 2, 2, 2, 2, 2, 2 ], 12 ], [ [ 4, 4, 4, 4, 4, 4 ], 12 ], [ [ 6, 6, 6, 6 ], 16 ], [ [ 12, 12 ], 16 ], [ [ 4, 4, 4, 4, 4, 4 ], 12 ], [ [ 2, 2, 2, 2, 4, 4, 4, 4 ], 12 ], [ [ 3, 3, 3, 3, 3, 3, 3, 3 ], 8 ], [ [ 3, 3, 3, 3, 6, 6 ], 16 ], [ [ 2, 2, 2, 2, 4, 4, 4, 4 ], 6 ], [ [ 6, 6, 6, 6 ], 8 ], [ [ 2, 2, 2, 2, 2, 2, 2, 2, 2, 2, 2, 2 ], 6 ], [ [ 4, 4, 4, 4, 4, 4 ], 6 ], [ [ 2, 2, 2, 2, 2, 2, 2, 2, 2, 2, 2, 2 ], 6 ], [ [ 4, 4, 4, 4, 4, 4 ], 2 ], [ [ 2, 2, 2, 2, 2, 2, 2, 2, 2, 2, 2, 2 ], 2 ], [ [ 2, 2, 2, 2, 2, 2, 2, 2, 2, 2, 2, 2 ], 1 ] ]
440|192|[ 192, 1472 ]|[ [ [ 1, 1, 1, 1, 1, 1, 1, 1, 1, 1, 1, 1, 1, 1, 1, 1, 1, 1, 1, 1, 1, 1, 1, 1 ], 1 ], [ [ 1, 1, 1, 1, 2, 2, 2, 2, 2, 2, 2, 2, 2, 2 ], 6 ], [ [ 1, 1, 1, 1, 2, 2, 4, 4, 4, 4 ], 12 ], [ [ 1, 1, 1, 1, 1, 1, 1, 1, 4, 4, 4, 4 ], 6 ], [ [ 1, 1, 1, 1, 1, 1, 1, 1, 1, 1, 1, 1, 2, 2, 2, 2, 2, 2 ], 2 ], [ [ 1, 1, 1, 1, 1, 1, 1, 1, 2, 2, 2, 2, 2, 2, 2, 2 ], 3 ], [ [ 2, 2, 2, 2, 2, 2, 2, 2, 2, 2, 2, 2 ], 3 ], [ [ 2, 2, 2, 2, 2, 2, 2, 2, 2, 2, 2, 2 ], 6 ], [ [ 2, 2, 2, 2, 2, 2, 2, 2, 2, 2, 2, 2 ], 12 ], [ [ 2, 2, 2, 2, 2, 2, 2, 2, 2, 2, 2, 2 ], 12 ], [ [ 4, 4, 4, 4, 4, 4 ], 12 ], [ [ 6, 6, 6, 6 ], 16 ], [ [ 12, 12 ], 16 ], [ [ 4, 4, 4, 4, 4, 4 ], 12 ], [ [ 2, 2, 2, 2, 4, 4, 4, 4 ], 12 ], [ [ 3, 3, 3, 3, 3, 3, 3, 3 ], 8 ], [ [ 3, 3, 3, 3, 6, 6 ], 16 ], [ [ 2, 2, 2, 2, 2, 2, 2, 2, 2, 2, 2, 2 ], 6 ], [ [ 6, 6, 6, 6 ], 8 ], [ [ 2, 2, 2, 2, 4, 4, 4, 4 ], 6 ], [ [ 4, 4, 4, 4, 4, 4 ], 6 ], [ [ 2, 2, 2, 2, 2, 2, 2, 2, 2, 2, 2, 2 ], 6 ], [ [ 4, 4, 4, 4, 4, 4 ], 2 ], [ [ 2, 2, 2, 2, 2, 2, 2, 2, 2, 2, 2, 2 ], 2 ], [ [ 2, 2, 2, 2, 2, 2, 2, 2, 2, 2, 2, 2 ], 1 ] ]
441|192|[ 192, 1000 ]|[ [ [ 1, 1, 1, 1, 1, 1, 1, 1, 1, 1, 1, 1, 1, 1, 1, 1, 1, 1, 1, 1, 1, 1, 1, 1 ], 1 ], [ [ 1, 1, 1, 1, 1, 1, 1, 1, 2, 2, 2, 2, 2, 2, 2, 2 ], 6 ], [ [ 1, 1, 1, 1, 1, 1, 1, 1, 1, 1, 1, 1, 2, 2, 2, 2, 2, 2 ], 6 ], [ [ 1, 1, 1, 1, 1, 1, 1, 1, 2, 2, 2, 2, 2, 2, 2, 2 ], 3 ], [ [ 1, 1, 1, 1, 2, 2, 2, 2, 2, 2, 2, 2, 2, 2 ], 6 ], [ [ 2, 2, 2, 2, 2, 2, 2, 2, 2, 2, 2, 2 ], 6 ], [ [ 2, 2, 2, 2, 2, 2, 2, 2, 2, 2, 2, 2 ], 3 ], [ [ 6, 6, 6, 6 ], 16 ], [ [ 6, 6, 6, 6 ], 16 ], [ [ 6, 6, 6, 6 ], 16 ], [ [ 3, 3, 3, 3, 3, 3, 3, 3 ], 16 ], [ [ 4, 4, 4, 4, 4, 4 ], 12 ], [ [ 4, 4, 4, 4, 4, 4 ], 12 ], [ [ 2, 2, 2, 2, 2, 2, 2, 2, 2, 2, 2, 2 ], 4 ], [ [ 2, 2, 2, 2, 2, 2, 2, 2, 2, 2, 2, 2 ], 4 ], [ [ 3, 3, 3, 3, 3, 3, 3, 3 ], 16 ], [ [ 6, 6, 6, 6 ], 16 ], [ [ 6, 6, 6, 6 ], 16 ], [ [ 6, 6, 6, 6 ], 16 ], [ [ 2, 2, 2, 2, 2, 2, 2, 2, 2, 2, 2, 2 ], 1 ] ]
442|192|[ 192, 1000 ]|[ [ [ 1, 1, 1, 1, 1, 1, 1, 1, 1, 1, 1, 1, 1, 1, 1, 1, 1, 1, 1, 1, 1, 1, 1, 1 ], 1 ], [ [ 1, 1, 1, 1, 1, 1, 1, 1, 1, 1, 1, 1, 1, 1, 1, 1, 2, 2, 2, 2 ], 3 ], [ [ 1, 1, 1, 1, 1, 1, 1, 1, 2, 2, 2, 2, 2, 2, 2, 2 ], 6 ], [ [ 1, 1, 1, 1, 1, 1, 1, 1, 2, 2, 2, 2, 2, 2, 2, 2 ], 6 ], [ [ 1, 1, 1, 1, 1, 1, 1, 1, 2, 2, 2, 2, 2, 2, 2, 2 ], 3 ], [ [ 2, 2, 2, 2, 2, 2, 2, 2, 2, 2, 2, 2 ], 6 ], [ [ 2, 2, 2, 2, 2, 2, 2, 2, 2, 2, 2, 2 ], 6 ], [ [ 6, 6, 6, 6 ], 16 ], [ [ 6, 6, 6, 6 ], 16 ], [ [ 6, 6, 6, 6 ], 16 ], [ [ 3, 3, 3, 3, 3, 3, 3, 3 ], 16 ], [ [ 2, 2, 2, 2, 4, 4, 4, 4 ], 12 ], [ [ 2, 2, 2, 2, 4, 4, 4, 4 ], 12 ], [ [ 2, 2, 2, 2, 2, 2, 2, 2, 2, 2, 2, 2 ], 4 ], [ [ 2, 2, 2, 2, 2, 2, 2, 2, 2, 2, 2, 2 ], 4 ], [ [ 3, 3, 3, 3, 3, 3, 3, 3 ], 16 ], [ [ 6, 6, 6, 6 ], 16 ], [ [ 6, 6, 6, 6 ], 16 ], [ [ 6, 6, 6, 6 ], 16 ], [ [ 2, 2, 2, 2, 2, 2, 2, 2, 2, 2, 2, 2 ], 1 ] ]
443|192|[ 192, 1000 ]|[ [ [ 1, 1, 1, 1, 1, 1, 1, 1, 1, 1, 1, 1, 1, 1, 1, 1, 1, 1, 1, 1, 1, 1, 1, 1 ], 1 ], [ [ 1, 1, 1, 1, 1, 1, 1, 1, 2, 2, 2, 2, 2, 2, 2, 2 ], 6 ], [ [ 1, 1, 1, 1, 1, 1, 1, 1, 2, 2, 2, 2, 2, 2, 2, 2 ], 6 ], [ [ 1, 1, 1, 1, 1, 1, 1, 1, 2, 2, 2, 2, 2, 2, 2, 2 ], 3 ], [ [ 1, 1, 1, 1, 2, 2, 2, 2, 2, 2, 2, 2, 2, 2 ], 6 ], [ [ 1, 1, 1, 1, 2, 2, 2, 2, 2, 2, 2, 2, 2, 2 ], 6 ], [ [ 2, 2, 2, 2, 2, 2, 2, 2, 2, 2, 2, 2 ], 3 ], [ [ 6, 6, 6, 6 ], 16 ], [ [ 6, 6, 6, 6 ], 16 ], [ [ 3, 3, 3, 3, 3, 3, 3, 3 ], 16 ], [ [ 6, 6, 6, 6 ], 16 ], [ [ 4, 4, 4, 4, 4, 4 ], 12 ], [ [ 4, 4, 4, 4, 4, 4 ], 12 ], [ [ 2, 2, 2, 2, 2, 2, 2, 2, 2, 2, 2, 2 ], 4 ], [ [ 2, 2, 2, 2, 2, 2, 2, 2, 2, 2, 2, 2 ], 4 ], [ [ 6, 6, 6, 6 ], 16 ], [ [ 3, 3, 3, 3, 3, 3, 3, 3 ], 16 ], [ [ 6, 6, 6, 6 ], 16 ], [ [ 6, 6, 6, 6 ], 16 ], [ [ 2, 2, 2, 2, 2, 2, 2, 2, 2, 2, 2, 2 ], 1 ] ]
444|192|[ 192, 1000 ]|[ [ [ 1, 1, 1, 1, 1, 1, 1, 1, 1, 1, 1, 1, 1, 1, 1, 1, 1, 1, 1, 1, 1, 1, 1, 1 ], 1 ], [ [ 1, 1, 1, 1, 1, 1, 1, 1, 1, 1, 1, 1, 1, 1, 1, 1, 2, 2, 2, 2 ], 6 ], [ [ 1, 1, 1, 1, 1, 1, 1, 1, 2, 2, 2, 2, 2, 2, 2, 2 ], 6 ], [ [ 1, 1, 1, 1, 1, 1, 1, 1, 2, 2, 2, 2, 2, 2, 2, 2 ], 3 ], [ [ 2, 2, 2, 2, 2, 2, 2, 2, 2, 2, 2, 2 ], 6 ], [ [ 2, 2, 2, 2, 2, 2, 2, 2, 2, 2, 2, 2 ], 3 ], [ [ 2, 2, 2, 2, 2, 2, 2, 2, 2, 2, 2, 2 ], 6 ], [ [ 6, 6, 6, 6 ], 16 ], [ [ 6, 6, 6, 6 ], 16 ], [ [ 3, 3, 3, 3, 3, 3, 3, 3 ], 16 ], [ [ 6, 6, 6, 6 ], 16 ], [ [ 2, 2, 2, 2, 4, 4, 4, 4 ], 12 ], [ [ 2, 2, 2, 2, 2, 2, 2, 2, 2, 2, 2, 2 ], 4 ], [ [ 2, 2, 2, 2, 2, 2, 2, 2, 2, 2, 2, 2 ], 4 ], [ [ 2, 2, 2, 2, 4, 4, 4, 4 ], 12 ], [ [ 3, 3, 3, 3, 3, 3, 3, 3 ], 16 ], [ [ 6, 6, 6, 6 ], 16 ], [ [ 6, 6, 6, 6 ], 16 ], [ [ 6, 6, 6, 6 ], 16 ], [ [ 2, 2, 2, 2, 2, 2, 2, 2, 2, 2, 2, 2 ], 1 ] ]
445|192|[ 192, 1000 ]|[ [ [ 1, 1, 1, 1, 1, 1, 1, 1, 1, 1, 1, 1, 1, 1, 1, 1, 1, 1, 1, 1, 1, 1, 1, 1 ], 1 ], [ [ 1, 1, 1, 1, 1, 1, 1, 1, 2, 2, 2, 2, 2, 2, 2, 2 ], 6 ], [ [ 1, 1, 1, 1, 1, 1, 1, 1, 2, 2, 2, 2, 2, 2, 2, 2 ], 6 ], [ [ 1, 1, 1, 1, 1, 1, 1, 1, 2, 2, 2, 2, 2, 2, 2, 2 ], 6 ], [ [ 1, 1, 1, 1, 1, 1, 1, 1, 2, 2, 2, 2, 2, 2, 2, 2 ], 3 ], [ [ 2, 2, 2, 2, 2, 2, 2, 2, 2, 2, 2, 2 ], 3 ], [ [ 2, 2, 2, 2, 2, 2, 2, 2, 2, 2, 2, 2 ], 6 ], [ [ 6, 6, 6, 6 ], 16 ], [ [ 6, 6, 6, 6 ], 16 ], [ [ 3, 3, 3, 3, 3, 3, 3, 3 ], 16 ], [ [ 6, 6, 6, 6 ], 16 ], [ [ 2, 2, 2, 2, 4, 4, 4, 4 ], 12 ], [ [ 2, 2, 2, 2, 4, 4, 4, 4 ], 12 ], [ [ 2, 2, 2, 2, 2, 2, 2, 2, 2, 2, 2, 2 ], 4 ], [ [ 2, 2, 2, 2, 2, 2, 2, 2, 2, 2, 2, 2 ], 4 ], [ [ 3, 3, 3, 3, 3, 3, 3, 3 ], 16 ], [ [ 6, 6, 6, 6 ], 16 ], [ [ 6, 6, 6, 6 ], 16 ], [ [ 6, 6, 6, 6 ], 16 ], [ [ 2, 2, 2, 2, 2, 2, 2, 2, 2, 2, 2, 2 ], 1 ] ]
446|192|[ 192, 1000 ]|[ [ [ 1, 1, 1, 1, 1, 1, 1, 1, 1, 1, 1, 1, 1, 1, 1, 1, 1, 1, 1, 1, 1, 1, 1, 1 ], 1 ], [ [ 1, 1, 1, 1, 1, 1, 1, 1, 1, 1, 1, 1, 2, 2, 2, 2, 2, 2 ], 6 ], [ [ 1, 1, 1, 1, 1, 1, 1, 1, 2, 2, 2, 2, 2, 2, 2, 2 ], 6 ], [ [ 1, 1, 1, 1, 1, 1, 1, 1, 2, 2, 2, 2, 2, 2, 2, 2 ], 3 ], [ [ 1, 1, 1, 1, 2, 2, 2, 2, 2, 2, 2, 2, 2, 2 ], 6 ], [ [ 2, 2, 2, 2, 2, 2, 2, 2, 2, 2, 2, 2 ], 6 ], [ [ 2, 2, 2, 2, 2, 2, 2, 2, 2, 2, 2, 2 ], 3 ], [ [ 6, 6, 6, 6 ], 16 ], [ [ 6, 6, 6, 6 ], 16 ], [ [ 3, 3, 3, 3, 3, 3, 3, 3 ], 16 ], [ [ 6, 6, 6, 6 ], 16 ], [ [ 2, 2, 2, 2, 2, 2, 2, 2, 2, 2, 2, 2 ], 4 ], [ [ 4, 4, 4, 4, 4, 4 ], 12 ], [ [ 4, 4, 4, 4, 4, 4 ], 12 ], [ [ 2, 2, 2, 2, 2, 2, 2, 2, 2, 2, 2, 2 ], 4 ], [ [ 3, 3, 3, 3, 3, 3, 3, 3 ], 16 ], [ [ 6, 6, 6, 6 ], 16 ], [ [ 6, 6, 6, 6 ], 16 ], [ [ 6, 6, 6, 6 ], 16 ], [ [ 2, 2, 2, 2, 2, 2, 2, 2, 2, 2, 2, 2 ], 1 ] ]
447|192|[ 192, 1000 ]|[ [ [ 1, 1, 1, 1, 1, 1, 1, 1, 1, 1, 1, 1, 1, 1, 1, 1, 1, 1, 1, 1, 1, 1, 1, 1 ], 1 ], [ [ 1, 1, 1, 1, 1, 1, 1, 1, 1, 1, 1, 1, 1, 1, 1, 1, 2, 2, 2, 2 ], 3 ], [ [ 1, 1, 1, 1, 2, 2, 2, 2, 2, 2, 2, 2, 2, 2 ], 6 ], [ [ 1, 1, 1, 1, 2, 2, 2, 2, 2, 2, 2, 2, 2, 2 ], 6 ], [ [ 1, 1, 1, 1, 1, 1, 1, 1, 2, 2, 2, 2, 2, 2, 2, 2 ], 3 ], [ [ 1, 1, 1, 1, 2, 2, 2, 2, 2, 2, 2, 2, 2, 2 ], 6 ], [ [ 1, 1, 1, 1, 2, 2, 2, 2, 2, 2, 2, 2, 2, 2 ], 6 ], [ [ 6, 6, 6, 6 ], 16 ], [ [ 6, 6, 6, 6 ], 16 ], [ [ 6, 6, 6, 6 ], 16 ], [ [ 3, 3, 3, 3, 3, 3, 3, 3 ], 16 ], [ [ 2, 2, 2, 2, 2, 2, 2, 2, 2, 2, 2, 2 ], 4 ], [ [ 2, 2, 2, 2, 2, 2, 2, 2, 2, 2, 2, 2 ], 4 ], [ [ 2, 2, 2, 2, 4, 4, 4, 4 ], 12 ], [ [ 2, 2, 2, 2, 4, 4, 4, 4 ], 12 ], [ [ 3, 3, 3, 3, 3, 3, 3, 3 ], 16 ], [ [ 6, 6, 6, 6 ], 16 ], [ [ 6, 6, 6, 6 ], 16 ], [ [ 6, 6, 6, 6 ], 16 ], [ [ 2, 2, 2, 2, 2, 2, 2, 2, 2, 2, 2, 2 ], 1 ] ]
448|192|[ 192, 1000 ]|[ [ [ 1, 1, 1, 1, 1, 1, 1, 1, 1, 1, 1, 1, 1, 1, 1, 1, 1, 1, 1, 1, 1, 1, 1, 1 ], 1 ], [ [ 1, 1, 1, 1, 1, 1, 1, 1, 1, 1, 1, 1, 2, 2, 2, 2, 2, 2 ], 6 ], [ [ 1, 1, 1, 1, 2, 2, 2, 2, 2, 2, 2, 2, 2, 2 ], 6 ], [ [ 1, 1, 1, 1, 1, 1, 1, 1, 2, 2, 2, 2, 2, 2, 2, 2 ], 3 ], [ [ 1, 1, 1, 1, 2, 2, 2, 2, 2, 2, 2, 2, 2, 2 ], 6 ], [ [ 1, 1, 1, 1, 2, 2, 2, 2, 2, 2, 2, 2, 2, 2 ], 6 ], [ [ 2, 2, 2, 2, 2, 2, 2, 2, 2, 2, 2, 2 ], 3 ], [ [ 6, 6, 6, 6 ], 16 ], [ [ 6, 6, 6, 6 ], 16 ], [ [ 6, 6, 6, 6 ], 16 ], [ [ 3, 3, 3, 3, 3, 3, 3, 3 ], 16 ], [ [ 2, 2, 2, 2, 4, 4, 4, 4 ], 12 ], [ [ 2, 2, 2, 2, 4, 4, 4, 4 ], 12 ], [ [ 2, 2, 2, 2, 2, 2, 2, 2, 2, 2, 2, 2 ], 4 ], [ [ 2, 2, 2, 2, 2, 2, 2, 2, 2, 2, 2, 2 ], 4 ], [ [ 6, 6, 6, 6 ], 16 ], [ [ 3, 3, 3, 3, 3, 3, 3, 3 ], 16 ], [ [ 6, 6, 6, 6 ], 16 ], [ [ 6, 6, 6, 6 ], 16 ], [ [ 2, 2, 2, 2, 2, 2, 2, 2, 2, 2, 2, 2 ], 1 ] ]
449|192|[ 192, 1000 ]|[ [ [ 1, 1, 1, 1, 1, 1, 1, 1, 1, 1, 1, 1, 1, 1, 1, 1, 1, 1, 1, 1, 1, 1, 1, 1 ], 1 ], [ [ 1, 1, 1, 1, 1, 1, 1, 1, 1, 1, 1, 1, 2, 2, 2, 2, 2, 2 ], 4 ], [ [ 1, 1, 1, 1, 1, 1, 1, 1, 1, 1, 1, 1, 1, 1, 1, 1, 2, 2, 2, 2 ], 3 ], [ [ 1, 1, 1, 1, 1, 1, 1, 1, 1, 1, 1, 1, 2, 2, 2, 2, 2, 2 ], 4 ], [ [ 1, 1, 1, 1, 1, 1, 1, 1, 2, 2, 2, 2, 2, 2, 2, 2 ], 3 ], [ [ 2, 2, 2, 2, 2, 2, 2, 2, 2, 2, 2, 2 ], 6 ], [ [ 2, 2, 2, 2, 4, 4, 4, 4 ], 12 ], [ [ 2, 2, 2, 2, 2, 2, 2, 2, 2, 2, 2, 2 ], 6 ], [ [ 2, 2, 2, 2, 4, 4, 4, 4 ], 12 ], [ [ 3, 3, 3, 3, 6, 6 ], 16 ], [ [ 3, 3, 3, 3, 3, 3, 3, 3 ], 16 ], [ [ 3, 3, 3, 3, 6, 6 ], 16 ], [ [ 6, 6, 6, 6 ], 16 ], [ [ 3, 3, 3, 3, 6, 6 ], 16 ], [ [ 6, 6, 6, 6 ], 16 ], [ [ 3, 3, 3, 3, 6, 6 ], 16 ], [ [ 3, 3, 3, 3, 3, 3, 3, 3 ], 16 ], [ [ 2, 2, 2, 2, 2, 2, 2, 2, 2, 2, 2, 2 ], 6 ], [ [ 2, 2, 2, 2, 2, 2, 2, 2, 2, 2, 2, 2 ], 6 ], [ [ 2, 2, 2, 2, 2, 2, 2, 2, 2, 2, 2, 2 ], 1 ] ]
450|192|[ 192, 1000 ]|[ [ [ 1, 1, 1, 1, 1, 1, 1, 1, 1, 1, 1, 1, 1, 1, 1, 1, 1, 1, 1, 1, 1, 1, 1, 1 ], 1 ], [ [ 1, 1, 1, 1, 1, 1, 1, 1, 1, 1, 1, 1, 1, 1, 1, 1, 2, 2, 2, 2 ], 3 ], [ [ 1, 1, 1, 1, 1, 1, 1, 1, 2, 2, 2, 2, 2, 2, 2, 2 ], 3 ], [ [ 1, 1, 1, 1, 2, 2, 4, 4, 4, 4 ], 12 ], [ [ 1, 1, 1, 1, 2, 2, 4, 4, 4, 4 ], 12 ], [ [ 2, 2, 2, 2, 2, 2, 2, 2, 2, 2, 2, 2 ], 4 ], [ [ 2, 2, 2, 2, 2, 2, 2, 2, 2, 2, 2, 2 ], 4 ], [ [ 2, 2, 2, 2, 2, 2, 2, 2, 2, 2, 2, 2 ], 6 ], [ [ 2, 2, 2, 2, 2, 2, 2, 2, 2, 2, 2, 2 ], 6 ], [ [ 3, 3, 3, 3, 3, 3, 3, 3 ], 16 ], [ [ 6, 6, 6, 6 ], 16 ], [ [ 6, 6, 6, 6 ], 16 ], [ [ 6, 6, 6, 6 ], 16 ], [ [ 3, 3, 3, 3, 3, 3, 3, 3 ], 16 ], [ [ 6, 6, 6, 6 ], 16 ], [ [ 6, 6, 6, 6 ], 16 ], [ [ 6, 6, 6, 6 ], 16 ], [ [ 2, 2, 2, 2, 2, 2, 2, 2, 2, 2, 2, 2 ], 6 ], [ [ 2, 2, 2, 2, 2, 2, 2, 2, 2, 2, 2, 2 ], 6 ], [ [ 2, 2, 2, 2, 2, 2, 2, 2, 2, 2, 2, 2 ], 1 ] ]
451|192|[ 192, 1000 ]|[ [ [ 1, 1, 1, 1, 1, 1, 1, 1, 1, 1, 1, 1, 1, 1, 1, 1, 1, 1, 1, 1, 1, 1, 1, 1 ], 1 ], [ [ 1, 1, 1, 1, 1, 1, 1, 1, 1, 1, 1, 1, 2, 2, 2, 2, 2, 2 ], 4 ], [ [ 1, 1, 1, 1, 1, 1, 1, 1, 2, 2, 2, 2, 2, 2, 2, 2 ], 3 ], [ [ 1, 1, 1, 1, 1, 1, 1, 1, 2, 2, 2, 2, 2, 2, 2, 2 ], 6 ], [ [ 1, 1, 1, 1, 2, 2, 4, 4, 4, 4 ], 12 ], [ [ 2, 2, 2, 2, 2, 2, 2, 2, 2, 2, 2, 2 ], 3 ], [ [ 2, 2, 2, 2, 2, 2, 2, 2, 2, 2, 2, 2 ], 4 ], [ [ 2, 2, 2, 2, 2, 2, 2, 2, 2, 2, 2, 2 ], 6 ], [ [ 2, 2, 2, 2, 4, 4, 4, 4 ], 12 ], [ [ 6, 6, 6, 6 ], 16 ], [ [ 6, 6, 6, 6 ], 16 ], [ [ 3, 3, 3, 3, 6, 6 ], 16 ], [ [ 3, 3, 3, 3, 3, 3, 3, 3 ], 16 ], [ [ 6, 6, 6, 6 ], 16 ], [ [ 6, 6, 6, 6 ], 16 ], [ [ 3, 3, 3, 3, 6, 6 ], 16 ], [ [ 3, 3, 3, 3, 3, 3, 3, 3 ], 16 ], [ [ 2, 2, 2, 2, 2, 2, 2, 2, 2, 2, 2, 2 ], 6 ], [ [ 2, 2, 2, 2, 2, 2, 2, 2, 2, 2, 2, 2 ], 6 ], [ [ 2, 2, 2, 2, 2, 2, 2, 2, 2, 2, 2, 2 ], 1 ] ]
452|192|[ 192, 1000 ]|[ [ [ 1, 1, 1, 1, 1, 1, 1, 1, 1, 1, 1, 1, 1, 1, 1, 1, 1, 1, 1, 1, 1, 1, 1, 1 ], 1 ], [ [ 1, 1, 1, 1, 1, 1, 1, 1, 1, 1, 1, 1, 2, 2, 2, 2, 2, 2 ], 4 ], [ [ 1, 1, 1, 1, 1, 1, 1, 1, 2, 2, 2, 2, 2, 2, 2, 2 ], 3 ], [ [ 1, 1, 1, 1, 1, 1, 1, 1, 2, 2, 2, 2, 2, 2, 2, 2 ], 6 ], [ [ 1, 1, 1, 1, 2, 2, 4, 4, 4, 4 ], 12 ], [ [ 2, 2, 2, 2, 2, 2, 2, 2, 2, 2, 2, 2 ], 3 ], [ [ 2, 2, 2, 2, 2, 2, 2, 2, 2, 2, 2, 2 ], 4 ], [ [ 2, 2, 2, 2, 2, 2, 2, 2, 2, 2, 2, 2 ], 6 ], [ [ 2, 2, 2, 2, 4, 4, 4, 4 ], 12 ], [ [ 3, 3, 3, 3, 6, 6 ], 16 ], [ [ 3, 3, 3, 3, 3, 3, 3, 3 ], 16 ], [ [ 6, 6, 6, 6 ], 16 ], [ [ 6, 6, 6, 6 ], 16 ], [ [ 3, 3, 3, 3, 6, 6 ], 16 ], [ [ 3, 3, 3, 3, 3, 3, 3, 3 ], 16 ], [ [ 6, 6, 6, 6 ], 16 ], [ [ 6, 6, 6, 6 ], 16 ], [ [ 2, 2, 2, 2, 2, 2, 2, 2, 2, 2, 2, 2 ], 6 ], [ [ 2, 2, 2, 2, 2, 2, 2, 2, 2, 2, 2, 2 ], 6 ], [ [ 2, 2, 2, 2, 2, 2, 2, 2, 2, 2, 2, 2 ], 1 ] ]
453|192|[ 192, 1002 ]|[ [ [ 1, 1, 1, 1, 1, 1, 1, 1, 1, 1, 1, 1, 1, 1, 1, 1, 1, 1, 1, 1, 1, 1, 1, 1 ], 1 ], [ [ 1, 1, 1, 1, 1, 1, 1, 1, 1, 1, 1, 1, 1, 1, 1, 1, 2, 2, 2, 2 ], 3 ], [ [ 1, 1, 1, 1, 1, 1, 1, 1, 2, 2, 2, 2, 2, 2, 2, 2 ], 3 ], [ [ 1, 1, 1, 1, 1, 1, 1, 1, 4, 4, 4, 4 ], 6 ], [ [ 1, 1, 1, 1, 1, 1, 1, 1, 4, 4, 4, 4 ], 6 ], [ [ 2, 2, 2, 2, 2, 2, 2, 2, 2, 2, 2, 2 ], 12 ], [ [ 2, 2, 2, 2, 2, 2, 2, 2, 2, 2, 2, 2 ], 12 ], [ [ 2, 2, 2, 2, 2, 2, 2, 2, 2, 2, 2, 2 ], 4 ], [ [ 2, 2, 2, 2, 2, 2, 2, 2, 2, 2, 2, 2 ], 4 ], [ [ 2, 2, 2, 2, 4, 4, 4, 4 ], 6 ], [ [ 2, 2, 2, 2, 4, 4, 4, 4 ], 6 ], [ [ 6, 6, 6, 6 ], 16 ], [ [ 6, 6, 6, 6 ], 16 ], [ [ 3, 3, 3, 3, 3, 3, 3, 3 ], 16 ], [ [ 6, 6, 6, 6 ], 16 ], [ [ 6, 6, 6, 6 ], 16 ], [ [ 6, 6, 6, 6 ], 16 ], [ [ 3, 3, 3, 3, 3, 3, 3, 3 ], 16 ], [ [ 6, 6, 6, 6 ], 16 ], [ [ 2, 2, 2, 2, 2, 2, 2, 2, 2, 2, 2, 2 ], 1 ] ]
454|192|[ 192, 1002 ]|[ [ [ 1, 1, 1, 1, 1, 1, 1, 1, 1, 1, 1, 1, 1, 1, 1, 1, 1, 1, 1, 1, 1, 1, 1, 1 ], 1 ], [ [ 1, 1, 1, 1, 1, 1, 1, 1, 1, 1, 1, 1, 1, 1, 1, 1, 2, 2, 2, 2 ], 3 ], [ [ 1, 1, 1, 1, 1, 1, 1, 1, 2, 2, 2, 2, 2, 2, 2, 2 ], 3 ], [ [ 1, 1, 1, 1, 2, 2, 2, 2, 2, 2, 2, 2, 2, 2 ], 12 ], [ [ 1, 1, 1, 1, 2, 2, 2, 2, 2, 2, 2, 2, 2, 2 ], 12 ], [ [ 2, 2, 2, 2, 4, 4, 4, 4 ], 6 ], [ [ 2, 2, 2, 2, 4, 4, 4, 4 ], 6 ], [ [ 2, 2, 2, 2, 4, 4, 4, 4 ], 6 ], [ [ 2, 2, 2, 2, 4, 4, 4, 4 ], 6 ], [ [ 2, 2, 2, 2, 2, 2, 2, 2, 2, 2, 2, 2 ], 4 ], [ [ 2, 2, 2, 2, 2, 2, 2, 2, 2, 2, 2, 2 ], 4 ], [ [ 6, 6, 6, 6 ], 16 ], [ [ 6, 6, 6, 6 ], 16 ], [ [ 3, 3, 3, 3, 3, 3, 3, 3 ], 16 ], [ [ 6, 6, 6, 6 ], 16 ], [ [ 6, 6, 6, 6 ], 16 ], [ [ 6, 6, 6, 6 ], 16 ], [ [ 3, 3, 3, 3, 3, 3, 3, 3 ], 16 ], [ [ 6, 6, 6, 6 ], 16 ], [ [ 2, 2, 2, 2, 2, 2, 2, 2, 2, 2, 2, 2 ], 1 ] ]
455|192|[ 192, 1002 ]|[ [ [ 1, 1, 1, 1, 1, 1, 1, 1, 1, 1, 1, 1, 1, 1, 1, 1, 1, 1, 1, 1, 1, 1, 1, 1 ], 1 ], [ [ 1, 1, 1, 1, 1, 1, 1, 1, 2, 2, 2, 2, 2, 2, 2, 2 ], 3 ], [ [ 1, 1, 1, 1, 1, 1, 1, 1, 4, 4, 4, 4 ], 6 ], [ [ 1, 1, 1, 1, 1, 1, 1, 1, 2, 2, 2, 2, 2, 2, 2, 2 ], 12 ], [ [ 2, 2, 2, 2, 2, 2, 2, 2, 2, 2, 2, 2 ], 3 ], [ [ 2, 2, 2, 2, 4, 4, 4, 4 ], 6 ], [ [ 2, 2, 2, 2, 2, 2, 2, 2, 2, 2, 2, 2 ], 12 ], [ [ 2, 2, 2, 2, 2, 2, 2, 2, 2, 2, 2, 2 ], 4 ], [ [ 2, 2, 2, 2, 4, 4, 4, 4 ], 6 ], [ [ 2, 2, 2, 2, 2, 2, 2, 2, 2, 2, 2, 2 ], 4 ], [ [ 2, 2, 2, 2, 4, 4, 4, 4 ], 6 ], [ [ 6, 6, 6, 6 ], 16 ], [ [ 6, 6, 6, 6 ], 16 ], [ [ 6, 6, 6, 6 ], 16 ], [ [ 3, 3, 3, 3, 3, 3, 3, 3 ], 16 ], [ [ 6, 6, 6, 6 ], 16 ], [ [ 3, 3, 3, 3, 3, 3, 3, 3 ], 16 ], [ [ 6, 6, 6, 6 ], 16 ], [ [ 6, 6, 6, 6 ], 16 ], [ [ 2, 2, 2, 2, 2, 2, 2, 2, 2, 2, 2, 2 ], 1 ] ]
456|192|[ 192, 1002 ]|[ [ [ 1, 1, 1, 1, 1, 1, 1, 1, 1, 1, 1, 1, 1, 1, 1, 1, 1, 1, 1, 1, 1, 1, 1, 1 ], 1 ], [ [ 1, 1, 1, 1, 1, 1, 1, 1, 2, 2, 2, 2, 2, 2, 2, 2 ], 3 ], [ [ 1, 1, 1, 1, 1, 1, 1, 1, 4, 4, 4, 4 ], 6 ], [ [ 1, 1, 1, 1, 2, 2, 2, 2, 2, 2, 2, 2, 2, 2 ], 12 ], [ [ 1, 1, 1, 1, 2, 2, 2, 2, 2, 2, 2, 2, 2, 2 ], 12 ], [ [ 2, 2, 2, 2, 2, 2, 2, 2, 2, 2, 2, 2 ], 3 ], [ [ 2, 2, 2, 2, 4, 4, 4, 4 ], 6 ], [ [ 2, 2, 2, 2, 2, 2, 2, 2, 2, 2, 2, 2 ], 4 ], [ [ 2, 2, 2, 2, 4, 4, 4, 4 ], 6 ], [ [ 2, 2, 2, 2, 4, 4, 4, 4 ], 6 ], [ [ 2, 2, 2, 2, 2, 2, 2, 2, 2, 2, 2, 2 ], 4 ], [ [ 6, 6, 6, 6 ], 16 ], [ [ 6, 6, 6, 6 ], 16 ], [ [ 6, 6, 6, 6 ], 16 ], [ [ 3, 3, 3, 3, 3, 3, 3, 3 ], 16 ], [ [ 6, 6, 6, 6 ], 16 ], [ [ 6, 6, 6, 6 ], 16 ], [ [ 3, 3, 3, 3, 3, 3, 3, 3 ], 16 ], [ [ 6, 6, 6, 6 ], 16 ], [ [ 2, 2, 2, 2, 2, 2, 2, 2, 2, 2, 2, 2 ], 1 ] ]
457|192|[ 192, 1540 ]|[ [ [ 1, 1, 1, 1, 1, 1, 1, 1, 1, 1, 1, 1, 1, 1, 1, 1, 1, 1, 1, 1, 1, 1, 1, 1 ], 1 ], [ [ 1, 1, 1, 1, 1, 1, 1, 1, 1, 1, 1, 1, 1, 1, 1, 1, 2, 2, 2, 2 ], 3 ], [ [ 1, 1, 1, 1, 1, 1, 1, 1, 2, 2, 2, 2, 2, 2, 2, 2 ], 3 ], [ [ 1, 1, 1, 1, 1, 1, 1, 1, 2, 2, 2, 2, 2, 2, 2, 2 ], 3 ], [ [ 1, 1, 1, 1, 1, 1, 1, 1, 2, 2, 2, 2, 2, 2, 2, 2 ], 3 ], [ [ 1, 1, 1, 1, 1, 1, 1, 1, 2, 2, 2, 2, 2, 2, 2, 2 ], 3 ], [ [ 1, 1, 1, 1, 1, 1, 1, 1, 2, 2, 2, 2, 2, 2, 2, 2 ], 3 ], [ [ 2, 2, 2, 2, 2, 2, 2, 2, 2, 2, 2, 2 ], 3 ], [ [ 2, 2, 2, 2, 2, 2, 2, 2, 2, 2, 2, 2 ], 3 ], [ [ 2, 2, 2, 2, 2, 2, 2, 2, 2, 2, 2, 2 ], 3 ], [ [ 2, 2, 2, 2, 2, 2, 2, 2, 2, 2, 2, 2 ], 3 ], [ [ 2, 2, 2, 2, 2, 2, 2, 2, 2, 2, 2, 2 ], 3 ], [ [ 2, 2, 2, 2, 2, 2, 2, 2, 2, 2, 2, 2 ], 3 ], [ [ 6, 6, 6, 6 ], 16 ], [ [ 6, 6, 6, 6 ], 16 ], [ [ 3, 3, 3, 3, 3, 3, 3, 3 ], 16 ], [ [ 6, 6, 6, 6 ], 16 ], [ [ 6, 6, 6, 6 ], 16 ], [ [ 3, 3, 3, 3, 3, 3, 3, 3 ], 16 ], [ [ 6, 6, 6, 6 ], 16 ], [ [ 6, 6, 6, 6 ], 16 ], [ [ 2, 2, 2, 2, 2, 2, 2, 2, 2, 2, 2, 2 ], 3 ], [ [ 2, 2, 2, 2, 2, 2, 2, 2, 2, 2, 2, 2 ], 3 ], [ [ 2, 2, 2, 2, 2, 2, 2, 2, 2, 2, 2, 2 ], 3 ], [ [ 2, 2, 2, 2, 2, 2, 2, 2, 2, 2, 2, 2 ], 3 ], [ [ 2, 2, 2, 2, 2, 2, 2, 2, 2, 2, 2, 2 ], 3 ], [ [ 2, 2, 2, 2, 2, 2, 2, 2, 2, 2, 2, 2 ], 3 ], [ [ 2, 2, 2, 2, 2, 2, 2, 2, 2, 2, 2, 2 ], 1 ], [ [ 2, 2, 2, 2, 2, 2, 2, 2, 2, 2, 2, 2 ], 3 ], [ [ 2, 2, 2, 2, 2, 2, 2, 2, 2, 2, 2, 2 ], 3 ], [ [ 2, 2, 2, 2, 2, 2, 2, 2, 2, 2, 2, 2 ], 1 ], [ [ 2, 2, 2, 2, 2, 2, 2, 2, 2, 2, 2, 2 ], 1 ] ]
458|192|[ 192, 1540 ]|[ [ [ 1, 1, 1, 1, 1, 1, 1, 1, 1, 1, 1, 1, 1, 1, 1, 1, 1, 1, 1, 1, 1, 1, 1, 1 ], 1 ], [ [ 1, 1, 1, 1, 1, 1, 1, 1, 1, 1, 1, 1, 1, 1, 1, 1, 2, 2, 2, 2 ], 3 ], [ [ 1, 1, 1, 1, 1, 1, 1, 1, 2, 2, 2, 2, 2, 2, 2, 2 ], 3 ], [ [ 1, 1, 1, 1, 1, 1, 1, 1, 2, 2, 2, 2, 2, 2, 2, 2 ], 3 ], [ [ 1, 1, 1, 1, 1, 1, 1, 1, 2, 2, 2, 2, 2, 2, 2, 2 ], 3 ], [ [ 1, 1, 1, 1, 1, 1, 1, 1, 2, 2, 2, 2, 2, 2, 2, 2 ], 3 ], [ [ 1, 1, 1, 1, 1, 1, 1, 1, 2, 2, 2, 2, 2, 2, 2, 2 ], 3 ], [ [ 2, 2, 2, 2, 2, 2, 2, 2, 2, 2, 2, 2 ], 3 ], [ [ 2, 2, 2, 2, 2, 2, 2, 2, 2, 2, 2, 2 ], 3 ], [ [ 2, 2, 2, 2, 2, 2, 2, 2, 2, 2, 2, 2 ], 3 ], [ [ 2, 2, 2, 2, 2, 2, 2, 2, 2, 2, 2, 2 ], 3 ], [ [ 2, 2, 2, 2, 2, 2, 2, 2, 2, 2, 2, 2 ], 3 ], [ [ 2, 2, 2, 2, 2, 2, 2, 2, 2, 2, 2, 2 ], 3 ], [ [ 6, 6, 6, 6 ], 16 ], [ [ 6, 6, 6, 6 ], 16 ], [ [ 3, 3, 3, 3, 3, 3, 3, 3 ], 16 ], [ [ 6, 6, 6, 6 ], 16 ], [ [ 3, 3, 3, 3, 3, 3, 3, 3 ], 16 ], [ [ 6, 6, 6, 6 ], 16 ], [ [ 6, 6, 6, 6 ], 16 ], [ [ 6, 6, 6, 6 ], 16 ], [ [ 2, 2, 2, 2, 2, 2, 2, 2, 2, 2, 2, 2 ], 3 ], [ [ 2, 2, 2, 2, 2, 2, 2, 2, 2, 2, 2, 2 ], 3 ], [ [ 2, 2, 2, 2, 2, 2, 2, 2, 2, 2, 2, 2 ], 3 ], [ [ 2, 2, 2, 2, 2, 2, 2, 2, 2, 2, 2, 2 ], 1 ], [ [ 2, 2, 2, 2, 2, 2, 2, 2, 2, 2, 2, 2 ], 3 ], [ [ 2, 2, 2, 2, 2, 2, 2, 2, 2, 2, 2, 2 ], 3 ], [ [ 2, 2, 2, 2, 2, 2, 2, 2, 2, 2, 2, 2 ], 3 ], [ [ 2, 2, 2, 2, 2, 2, 2, 2, 2, 2, 2, 2 ], 3 ], [ [ 2, 2, 2, 2, 2, 2, 2, 2, 2, 2, 2, 2 ], 1 ], [ [ 2, 2, 2, 2, 2, 2, 2, 2, 2, 2, 2, 2 ], 3 ], [ [ 2, 2, 2, 2, 2, 2, 2, 2, 2, 2, 2, 2 ], 1 ] ]
459|192|[ 192, 1540 ]|[ [ [ 1, 1, 1, 1, 1, 1, 1, 1, 1, 1, 1, 1, 1, 1, 1, 1, 1, 1, 1, 1, 1, 1, 1, 1 ], 1 ], [ [ 1, 1, 1, 1, 1, 1, 1, 1, 2, 2, 2, 2, 2, 2, 2, 2 ], 3 ], [ [ 1, 1, 1, 1, 1, 1, 1, 1, 2, 2, 2, 2, 2, 2, 2, 2 ], 3 ], [ [ 1, 1, 1, 1, 1, 1, 1, 1, 2, 2, 2, 2, 2, 2, 2, 2 ], 3 ], [ [ 1, 1, 1, 1, 1, 1, 1, 1, 2, 2, 2, 2, 2, 2, 2, 2 ], 3 ], [ [ 1, 1, 1, 1, 1, 1, 1, 1, 2, 2, 2, 2, 2, 2, 2, 2 ], 3 ], [ [ 1, 1, 1, 1, 1, 1, 1, 1, 2, 2, 2, 2, 2, 2, 2, 2 ], 3 ], [ [ 1, 1, 1, 1, 1, 1, 1, 1, 2, 2, 2, 2, 2, 2, 2, 2 ], 3 ], [ [ 2, 2, 2, 2, 2, 2, 2, 2, 2, 2, 2, 2 ], 3 ], [ [ 2, 2, 2, 2, 2, 2, 2, 2, 2, 2, 2, 2 ], 3 ], [ [ 2, 2, 2, 2, 2, 2, 2, 2, 2, 2, 2, 2 ], 3 ], [ [ 2, 2, 2, 2, 2, 2, 2, 2, 2, 2, 2, 2 ], 3 ], [ [ 2, 2, 2, 2, 2, 2, 2, 2, 2, 2, 2, 2 ], 3 ], [ [ 6, 6, 6, 6 ], 16 ], [ [ 3, 3, 3, 3, 3, 3, 3, 3 ], 16 ], [ [ 6, 6, 6, 6 ], 16 ], [ [ 6, 6, 6, 6 ], 16 ], [ [ 6, 6, 6, 6 ], 16 ], [ [ 6, 6, 6, 6 ], 16 ], [ [ 3, 3, 3, 3, 3, 3, 3, 3 ], 16 ], [ [ 6, 6, 6, 6 ], 16 ], [ [ 2, 2, 2, 2, 2, 2, 2, 2, 2, 2, 2, 2 ], 3 ], [ [ 2, 2, 2, 2, 2, 2, 2, 2, 2, 2, 2, 2 ], 3 ], [ [ 2, 2, 2, 2, 2, 2, 2, 2, 2, 2, 2, 2 ], 3 ], [ [ 2, 2, 2, 2, 2, 2, 2, 2, 2, 2, 2, 2 ], 1 ], [ [ 2, 2, 2, 2, 2, 2, 2, 2, 2, 2, 2, 2 ], 3 ], [ [ 2, 2, 2, 2, 2, 2, 2, 2, 2, 2, 2, 2 ], 3 ], [ [ 2, 2, 2, 2, 2, 2, 2, 2, 2, 2, 2, 2 ], 3 ], [ [ 2, 2, 2, 2, 2, 2, 2, 2, 2, 2, 2, 2 ], 3 ], [ [ 2, 2, 2, 2, 2, 2, 2, 2, 2, 2, 2, 2 ], 3 ], [ [ 2, 2, 2, 2, 2, 2, 2, 2, 2, 2, 2, 2 ], 1 ], [ [ 2, 2, 2, 2, 2, 2, 2, 2, 2, 2, 2, 2 ], 1 ] ]
460|192|[ 192, 197 ]|[ [ [ 1, 1, 1, 1, 1, 1, 1, 1, 1, 1, 1, 1, 1, 1, 1, 1, 1, 1, 1, 1, 1, 1, 1, 1 ], 1 ], [ [ 1, 1, 1, 1, 1, 1, 1, 1, 1, 1, 1, 1, 1, 1, 1, 1, 2, 2, 2, 2 ], 3 ], [ [ 1, 1, 1, 1, 1, 1, 1, 1, 2, 2, 2, 2, 2, 2, 2, 2 ], 3 ], [ [ 1, 1, 1, 1, 2, 2, 2, 2, 2, 2, 4, 4 ], 12 ], [ [ 1, 1, 1, 1, 2, 2, 2, 2, 2, 2, 4, 4 ], 12 ], [ [ 2, 2, 2, 2, 2, 2, 2, 2, 4, 4 ], 12 ], [ [ 2, 2, 2, 2, 2, 2, 2, 2, 4, 4 ], 12 ], [ [ 2, 2, 2, 2, 2, 2, 2, 2, 2, 2, 2, 2 ], 4 ], [ [ 2, 2, 2, 2, 2, 2, 2, 2, 2, 2, 2, 2 ], 4 ], [ [ 6, 6, 6, 6 ], 16 ], [ [ 6, 6, 6, 6 ], 16 ], [ [ 3, 3, 3, 3, 3, 3, 3, 3 ], 16 ], [ [ 6, 6, 6, 6 ], 16 ], [ [ 6, 6, 6, 6 ], 16 ], [ [ 3, 3, 3, 3, 3, 3, 3, 3 ], 16 ], [ [ 6, 6, 6, 6 ], 16 ], [ [ 6, 6, 6, 6 ], 16 ], [ [ 2, 2, 2, 2, 2, 2, 2, 2, 2, 2, 2, 2 ], 1 ] ]
461|192|[ 192, 197 ]|[ [ [ 1, 1, 1, 1, 1, 1, 1, 1, 1, 1, 1, 1, 1, 1, 1, 1, 1, 1, 1, 1, 1, 1, 1, 1 ], 1 ], [ [ 1, 1, 1, 1, 1, 1, 1, 1, 1, 1, 1, 1, 1, 1, 1, 1, 2, 2, 2, 2 ], 3 ], [ [ 1, 1, 1, 1, 1, 1, 1, 1, 2, 2, 2, 2, 4, 4 ], 12 ], [ [ 1, 1, 1, 1, 1, 1, 1, 1, 2, 2, 2, 2, 2, 2, 2, 2 ], 3 ], [ [ 2, 2, 2, 2, 2, 2, 2, 2, 4, 4 ], 12 ], [ [ 2, 2, 2, 2, 2, 2, 2, 2, 4, 4 ], 12 ], [ [ 2, 2, 2, 2, 2, 2, 2, 2, 4, 4 ], 12 ], [ [ 2, 2, 2, 2, 2, 2, 2, 2, 2, 2, 2, 2 ], 4 ], [ [ 2, 2, 2, 2, 2, 2, 2, 2, 2, 2, 2, 2 ], 4 ], [ [ 3, 3, 3, 3, 3, 3, 3, 3 ], 16 ], [ [ 6, 6, 6, 6 ], 16 ], [ [ 6, 6, 6, 6 ], 16 ], [ [ 6, 6, 6, 6 ], 16 ], [ [ 6, 6, 6, 6 ], 16 ], [ [ 6, 6, 6, 6 ], 16 ], [ [ 6, 6, 6, 6 ], 16 ], [ [ 3, 3, 3, 3, 3, 3, 3, 3 ], 16 ], [ [ 2, 2, 2, 2, 2, 2, 2, 2, 2, 2, 2, 2 ], 1 ] ]
462|192|[ 192, 197 ]|[ [ [ 1, 1, 1, 1, 1, 1, 1, 1, 1, 1, 1, 1, 1, 1, 1, 1, 1, 1, 1, 1, 1, 1, 1, 1 ], 1 ], [ [ 1, 1, 1, 1, 1, 1, 1, 1, 1, 1, 1, 1, 1, 1, 1, 1, 2, 2, 2, 2 ], 3 ], [ [ 1, 1, 1, 1, 1, 1, 1, 1, 2, 2, 2, 2, 2, 2, 2, 2 ], 3 ], [ [ 1, 1, 1, 1, 2, 2, 2, 2, 2, 2, 4, 4 ], 12 ], [ [ 1, 1, 1, 1, 2, 2, 2, 2, 2, 2, 4, 4 ], 12 ], [ [ 2, 2, 2, 2, 2, 2, 2, 2, 4, 4 ], 12 ], [ [ 2, 2, 2, 2, 2, 2, 2, 2, 4, 4 ], 12 ], [ [ 2, 2, 2, 2, 2, 2, 2, 2, 2, 2, 2, 2 ], 4 ], [ [ 2, 2, 2, 2, 2, 2, 2, 2, 2, 2, 2, 2 ], 4 ], [ [ 6, 6, 6, 6 ], 16 ], [ [ 6, 6, 6, 6 ], 16 ], [ [ 3, 3, 3, 3, 3, 3, 3, 3 ], 16 ], [ [ 6, 6, 6, 6 ], 16 ], [ [ 6, 6, 6, 6 ], 16 ], [ [ 3, 3, 3, 3, 3, 3, 3, 3 ], 16 ], [ [ 6, 6, 6, 6 ], 16 ], [ [ 6, 6, 6, 6 ], 16 ], [ [ 2, 2, 2, 2, 2, 2, 2, 2, 2, 2, 2, 2 ], 1 ] ]
463|192|[ 192, 1002 ]|[ [ [ 1, 1, 1, 1, 1, 1, 1, 1, 1, 1, 1, 1, 1, 1, 1, 1, 1, 1, 1, 1, 1, 1, 1, 1 ], 1 ], [ [ 1, 1, 1, 1, 1, 1, 1, 1, 1, 1, 1, 1, 2, 2, 2, 2, 2, 2 ], 4 ], [ [ 1, 1, 1, 1, 1, 1, 1, 1, 1, 1, 1, 1, 1, 1, 1, 1, 2, 2, 2, 2 ], 3 ], [ [ 1, 1, 1, 1, 1, 1, 1, 1, 1, 1, 1, 1, 2, 2, 2, 2, 2, 2 ], 4 ], [ [ 1, 1, 1, 1, 1, 1, 1, 1, 2, 2, 2, 2, 2, 2, 2, 2 ], 3 ], [ [ 2, 2, 2, 2, 4, 4, 4, 4 ], 6 ], [ [ 2, 2, 2, 2, 2, 2, 2, 2, 2, 2, 2, 2 ], 12 ], [ [ 2, 2, 2, 2, 4, 4, 4, 4 ], 6 ], [ [ 2, 2, 2, 2, 2, 2, 2, 2, 2, 2, 2, 2 ], 12 ], [ [ 3, 3, 3, 3, 3, 3, 3, 3 ], 16 ], [ [ 3, 3, 3, 3, 6, 6 ], 16 ], [ [ 6, 6, 6, 6 ], 16 ], [ [ 3, 3, 3, 3, 6, 6 ], 16 ], [ [ 3, 3, 3, 3, 6, 6 ], 16 ], [ [ 6, 6, 6, 6 ], 16 ], [ [ 3, 3, 3, 3, 6, 6 ], 16 ], [ [ 3, 3, 3, 3, 3, 3, 3, 3 ], 16 ], [ [ 2, 2, 2, 2, 4, 4, 4, 4 ], 6 ], [ [ 2, 2, 2, 2, 4, 4, 4, 4 ], 6 ], [ [ 2, 2, 2, 2, 2, 2, 2, 2, 2, 2, 2, 2 ], 1 ] ]
464|192|[ 192, 1002 ]|[ [ [ 1, 1, 1, 1, 1, 1, 1, 1, 1, 1, 1, 1, 1, 1, 1, 1, 1, 1, 1, 1, 1, 1, 1, 1 ], 1 ], [ [ 1, 1, 1, 1, 1, 1, 1, 1, 1, 1, 1, 1, 1, 1, 1, 1, 2, 2, 2, 2 ], 3 ], [ [ 1, 1, 1, 1, 1, 1, 1, 1, 2, 2, 2, 2, 2, 2, 2, 2 ], 3 ], [ [ 1, 1, 1, 1, 2, 2, 2, 2, 2, 2, 2, 2, 2, 2 ], 12 ], [ [ 1, 1, 1, 1, 2, 2, 2, 2, 2, 2, 2, 2, 2, 2 ], 12 ], [ [ 2, 2, 2, 2, 2, 2, 2, 2, 2, 2, 2, 2 ], 4 ], [ [ 2, 2, 2, 2, 2, 2, 2, 2, 2, 2, 2, 2 ], 4 ], [ [ 2, 2, 2, 2, 4, 4, 4, 4 ], 6 ], [ [ 2, 2, 2, 2, 4, 4, 4, 4 ], 6 ], [ [ 3, 3, 3, 3, 3, 3, 3, 3 ], 16 ], [ [ 6, 6, 6, 6 ], 16 ], [ [ 6, 6, 6, 6 ], 16 ], [ [ 6, 6, 6, 6 ], 16 ], [ [ 3, 3, 3, 3, 3, 3, 3, 3 ], 16 ], [ [ 6, 6, 6, 6 ], 16 ], [ [ 6, 6, 6, 6 ], 16 ], [ [ 6, 6, 6, 6 ], 16 ], [ [ 2, 2, 2, 2, 4, 4, 4, 4 ], 6 ], [ [ 2, 2, 2, 2, 4, 4, 4, 4 ], 6 ], [ [ 2, 2, 2, 2, 2, 2, 2, 2, 2, 2, 2, 2 ], 1 ] ]
465|192|[ 192, 1002 ]|[ [ [ 1, 1, 1, 1, 1, 1, 1, 1, 1, 1, 1, 1, 1, 1, 1, 1, 1, 1, 1, 1, 1, 1, 1, 1 ], 1 ], [ [ 1, 1, 1, 1, 1, 1, 1, 1, 1, 1, 1, 1, 2, 2, 2, 2, 2, 2 ], 4 ], [ [ 1, 1, 1, 1, 1, 1, 1, 1, 2, 2, 2, 2, 2, 2, 2, 2 ], 3 ], [ [ 1, 1, 1, 1, 1, 1, 1, 1, 4, 4, 4, 4 ], 6 ], [ [ 1, 1, 1, 1, 2, 2, 2, 2, 2, 2, 2, 2, 2, 2 ], 12 ], [ [ 2, 2, 2, 2, 2, 2, 2, 2, 2, 2, 2, 2 ], 3 ], [ [ 2, 2, 2, 2, 2, 2, 2, 2, 2, 2, 2, 2 ], 4 ], [ [ 2, 2, 2, 2, 4, 4, 4, 4 ], 6 ], [ [ 2, 2, 2, 2, 2, 2, 2, 2, 2, 2, 2, 2 ], 12 ], [ [ 6, 6, 6, 6 ], 16 ], [ [ 6, 6, 6, 6 ], 16 ], [ [ 3, 3, 3, 3, 3, 3, 3, 3 ], 16 ], [ [ 3, 3, 3, 3, 6, 6 ], 16 ], [ [ 3, 3, 3, 3, 6, 6 ], 16 ], [ [ 3, 3, 3, 3, 3, 3, 3, 3 ], 16 ], [ [ 6, 6, 6, 6 ], 16 ], [ [ 6, 6, 6, 6 ], 16 ], [ [ 2, 2, 2, 2, 4, 4, 4, 4 ], 6 ], [ [ 2, 2, 2, 2, 4, 4, 4, 4 ], 6 ], [ [ 2, 2, 2, 2, 2, 2, 2, 2, 2, 2, 2, 2 ], 1 ] ]
466|192|[ 192, 1002 ]|[ [ [ 1, 1, 1, 1, 1, 1, 1, 1, 1, 1, 1, 1, 1, 1, 1, 1, 1, 1, 1, 1, 1, 1, 1, 1 ], 1 ], [ [ 1, 1, 1, 1, 1, 1, 1, 1, 1, 1, 1, 1, 2, 2, 2, 2, 2, 2 ], 4 ], [ [ 1, 1, 1, 1, 1, 1, 1, 1, 2, 2, 2, 2, 2, 2, 2, 2 ], 3 ], [ [ 1, 1, 1, 1, 1, 1, 1, 1, 4, 4, 4, 4 ], 6 ], [ [ 1, 1, 1, 1, 2, 2, 2, 2, 2, 2, 2, 2, 2, 2 ], 12 ], [ [ 2, 2, 2, 2, 2, 2, 2, 2, 2, 2, 2, 2 ], 3 ], [ [ 2, 2, 2, 2, 2, 2, 2, 2, 2, 2, 2, 2 ], 4 ], [ [ 2, 2, 2, 2, 4, 4, 4, 4 ], 6 ], [ [ 2, 2, 2, 2, 2, 2, 2, 2, 2, 2, 2, 2 ], 12 ], [ [ 6, 6, 6, 6 ], 16 ], [ [ 6, 6, 6, 6 ], 16 ], [ [ 3, 3, 3, 3, 3, 3, 3, 3 ], 16 ], [ [ 3, 3, 3, 3, 6, 6 ], 16 ], [ [ 6, 6, 6, 6 ], 16 ], [ [ 6, 6, 6, 6 ], 16 ], [ [ 3, 3, 3, 3, 6, 6 ], 16 ], [ [ 3, 3, 3, 3, 3, 3, 3, 3 ], 16 ], [ [ 2, 2, 2, 2, 4, 4, 4, 4 ], 6 ], [ [ 2, 2, 2, 2, 4, 4, 4, 4 ], 6 ], [ [ 2, 2, 2, 2, 2, 2, 2, 2, 2, 2, 2, 2 ], 1 ] ]
467|192|[ 192, 197 ]|[ [ [ 1, 1, 1, 1, 1, 1, 1, 1, 1, 1, 1, 1, 1, 1, 1, 1, 1, 1, 1, 1, 1, 1, 1, 1 ], 1 ], [ [ 1, 1, 1, 1, 1, 1, 1, 1, 1, 1, 1, 1, 2, 2, 2, 2, 2, 2 ], 4 ], [ [ 1, 1, 1, 1, 1, 1, 1, 1, 1, 1, 1, 1, 1, 1, 1, 1, 2, 2, 2, 2 ], 3 ], [ [ 1, 1, 1, 1, 1, 1, 1, 1, 1, 1, 1, 1, 2, 2, 2, 2, 2, 2 ], 4 ], [ [ 1, 1, 1, 1, 1, 1, 1, 1, 2, 2, 2, 2, 2, 2, 2, 2 ], 3 ], [ [ 2, 2, 2, 2, 2, 2, 2, 2, 4, 4 ], 12 ], [ [ 2, 2, 2, 2, 2, 2, 2, 2, 4, 4 ], 12 ], [ [ 2, 2, 2, 2, 2, 2, 2, 2, 4, 4 ], 12 ], [ [ 3, 3, 3, 3, 6, 6 ], 16 ], [ [ 3, 3, 3, 3, 3, 3, 3, 3 ], 16 ], [ [ 3, 3, 3, 3, 6, 6 ], 16 ], [ [ 6, 6, 6, 6 ], 16 ], [ [ 3, 3, 3, 3, 3, 3, 3, 3 ], 16 ], [ [ 3, 3, 3, 3, 6, 6 ], 16 ], [ [ 6, 6, 6, 6 ], 16 ], [ [ 3, 3, 3, 3, 6, 6 ], 16 ], [ [ 2, 2, 2, 2, 2, 2, 2, 2, 4, 4 ], 12 ], [ [ 2, 2, 2, 2, 2, 2, 2, 2, 2, 2, 2, 2 ], 1 ] ]
468|192|[ 192, 197 ]|[ [ [ 1, 1, 1, 1, 1, 1, 1, 1, 1, 1, 1, 1, 1, 1, 1, 1, 1, 1, 1, 1, 1, 1, 1, 1 ], 1 ], [ [ 1, 1, 1, 1, 1, 1, 1, 1, 1, 1, 1, 1, 1, 1, 1, 1, 2, 2, 2, 2 ], 3 ], [ [ 1, 1, 1, 1, 1, 1, 1, 1, 2, 2, 2, 2, 2, 2, 2, 2 ], 3 ], [ [ 1, 1, 1, 1, 2, 2, 2, 2, 2, 2, 4, 4 ], 12 ], [ [ 1, 1, 1, 1, 2, 2, 2, 2, 2, 2, 4, 4 ], 12 ], [ [ 2, 2, 2, 2, 2, 2, 2, 2, 2, 2, 2, 2 ], 4 ], [ [ 2, 2, 2, 2, 2, 2, 2, 2, 2, 2, 2, 2 ], 4 ], [ [ 2, 2, 2, 2, 2, 2, 2, 2, 4, 4 ], 12 ], [ [ 6, 6, 6, 6 ], 16 ], [ [ 6, 6, 6, 6 ], 16 ], [ [ 3, 3, 3, 3, 3, 3, 3, 3 ], 16 ], [ [ 6, 6, 6, 6 ], 16 ], [ [ 6, 6, 6, 6 ], 16 ], [ [ 6, 6, 6, 6 ], 16 ], [ [ 3, 3, 3, 3, 3, 3, 3, 3 ], 16 ], [ [ 6, 6, 6, 6 ], 16 ], [ [ 2, 2, 2, 2, 2, 2, 2, 2, 4, 4 ], 12 ], [ [ 2, 2, 2, 2, 2, 2, 2, 2, 2, 2, 2, 2 ], 1 ] ]
469|192|[ 192, 188 ]|[ [ [ 1, 1, 1, 1, 1, 1, 1, 1, 1, 1, 1, 1, 1, 1, 1, 1, 1, 1, 1, 1, 1, 1, 1, 1 ], 1 ], [ [ 1, 1, 1, 1, 1, 1, 1, 1, 1, 1, 1, 1, 1, 1, 1, 1, 2, 2, 2, 2 ], 3 ], [ [ 1, 1, 1, 1, 1, 1, 1, 1, 2, 2, 2, 2, 4, 4 ], 3 ], [ [ 1, 1, 1, 1, 1, 1, 1, 1, 2, 2, 2, 2, 4, 4 ], 3 ], [ [ 1, 1, 1, 1, 1, 1, 1, 1, 2, 2, 2, 2, 2, 2, 2, 2 ], 3 ], [ [ 1, 1, 1, 1, 1, 1, 1, 1, 2, 2, 2, 2, 4, 4 ], 3 ], [ [ 1, 1, 1, 1, 1, 1, 1, 1, 2, 2, 2, 2, 4, 4 ], 3 ], [ [ 2, 2, 2, 2, 2, 2, 2, 2, 4, 4 ], 3 ], [ [ 2, 2, 2, 2, 4, 4, 4, 4 ], 3 ], [ [ 2, 2, 2, 2, 4, 4, 4, 4 ], 3 ], [ [ 2, 2, 2, 2, 2, 2, 2, 2, 4, 4 ], 3 ], [ [ 2, 2, 2, 2, 4, 4, 4, 4 ], 3 ], [ [ 2, 2, 2, 2, 4, 4, 4, 4 ], 3 ], [ [ 6, 6, 6, 6 ], 16 ], [ [ 3, 3, 3, 3, 3, 3, 3, 3 ], 16 ], [ [ 12, 12 ], 16 ], [ [ 12, 12 ], 16 ], [ [ 12, 12 ], 16 ], [ [ 12, 12 ], 16 ], [ [ 3, 3, 3, 3, 3, 3, 3, 3 ], 16 ], [ [ 6, 6, 6, 6 ], 16 ], [ [ 2, 2, 2, 2, 2, 2, 2, 2, 4, 4 ], 3 ], [ [ 2, 2, 2, 2, 4, 4, 4, 4 ], 3 ], [ [ 2, 2, 2, 2, 4, 4, 4, 4 ], 3 ], [ [ 4, 4, 4, 4, 4, 4 ], 1 ], [ [ 4, 4, 4, 4, 4, 4 ], 3 ], [ [ 2, 2, 2, 2, 4, 4, 4, 4 ], 3 ], [ [ 4, 4, 4, 4, 4, 4 ], 3 ], [ [ 2, 2, 2, 2, 2, 2, 2, 2, 2, 2, 2, 2 ], 1 ], [ [ 2, 2, 2, 2, 2, 2, 2, 2, 4, 4 ], 3 ], [ [ 2, 2, 2, 2, 4, 4, 4, 4 ], 3 ], [ [ 4, 4, 4, 4, 4, 4 ], 1 ] ]
470|192|[ 192, 188 ]|[ [ [ 1, 1, 1, 1, 1, 1, 1, 1, 1, 1, 1, 1, 1, 1, 1, 1, 1, 1, 1, 1, 1, 1, 1, 1 ], 1 ], [ [ 1, 1, 1, 1, 1, 1, 1, 1, 1, 1, 1, 1, 1, 1, 1, 1, 2, 2, 2, 2 ], 3 ], [ [ 1, 1, 1, 1, 1, 1, 1, 1, 4, 4, 4, 4 ], 3 ], [ [ 1, 1, 1, 1, 1, 1, 1, 1, 4, 4, 4, 4 ], 3 ], [ [ 1, 1, 1, 1, 1, 1, 1, 1, 2, 2, 2, 2, 2, 2, 2, 2 ], 3 ], [ [ 1, 1, 1, 1, 1, 1, 1, 1, 4, 4, 4, 4 ], 3 ], [ [ 1, 1, 1, 1, 1, 1, 1, 1, 4, 4, 4, 4 ], 3 ], [ [ 2, 2, 2, 2, 2, 2, 2, 2, 4, 4 ], 3 ], [ [ 2, 2, 2, 2, 2, 2, 2, 2, 4, 4 ], 3 ], [ [ 2, 2, 2, 2, 2, 2, 2, 2, 4, 4 ], 3 ], [ [ 2, 2, 2, 2, 2, 2, 2, 2, 4, 4 ], 3 ], [ [ 2, 2, 2, 2, 2, 2, 2, 2, 4, 4 ], 3 ], [ [ 2, 2, 2, 2, 2, 2, 2, 2, 4, 4 ], 3 ], [ [ 12, 12 ], 16 ], [ [ 12, 12 ], 16 ], [ [ 3, 3, 3, 3, 3, 3, 3, 3 ], 16 ], [ [ 6, 6, 6, 6 ], 16 ], [ [ 12, 12 ], 16 ], [ [ 12, 12 ], 16 ], [ [ 3, 3, 3, 3, 3, 3, 3, 3 ], 16 ], [ [ 6, 6, 6, 6 ], 16 ], [ [ 4, 4, 4, 4, 4, 4 ], 1 ], [ [ 4, 4, 4, 4, 4, 4 ], 3 ], [ [ 2, 2, 2, 2, 2, 2, 2, 2, 4, 4 ], 3 ], [ [ 4, 4, 4, 4, 4, 4 ], 3 ], [ [ 2, 2, 2, 2, 4, 4, 4, 4 ], 3 ], [ [ 2, 2, 2, 2, 4, 4, 4, 4 ], 3 ], [ [ 2, 2, 2, 2, 4, 4, 4, 4 ], 3 ], [ [ 2, 2, 2, 2, 2, 2, 2, 2, 2, 2, 2, 2 ], 1 ], [ [ 2, 2, 2, 2, 4, 4, 4, 4 ], 3 ], [ [ 2, 2, 2, 2, 2, 2, 2, 2, 4, 4 ], 3 ], [ [ 4, 4, 4, 4, 4, 4 ], 1 ] ]
471|192|[ 192, 944 ]|[ [ [ 1, 1, 1, 1, 1, 1, 1, 1, 1, 1, 1, 1, 1, 1, 1, 1, 1, 1, 1, 1, 1, 1, 1, 1 ], 1 ], [ [ 1, 1, 1, 1, 1, 1, 1, 1, 1, 1, 1, 1, 1, 1, 1, 1, 2, 2, 2, 2 ], 3 ], [ [ 1, 1, 1, 1, 1, 1, 1, 1, 4, 4, 4, 4 ], 3 ], [ [ 1, 1, 1, 1, 1, 1, 1, 1, 4, 4, 4, 4 ], 6 ], [ [ 1, 1, 1, 1, 1, 1, 1, 1, 2, 2, 2, 2, 2, 2, 2, 2 ], 3 ], [ [ 1, 1, 1, 1, 1, 1, 1, 1, 4, 4, 4, 4 ], 3 ], [ [ 2, 2, 2, 2, 2, 2, 2, 2, 2, 2, 2, 2 ], 12 ], [ [ 2, 2, 2, 2, 4, 4, 4, 4 ], 12 ], [ [ 3, 3, 3, 3, 3, 3, 3, 3 ], 32 ], [ [ 6, 6, 6, 6 ], 32 ], [ [ 2, 2, 2, 2, 2, 2, 2, 2, 2, 2, 2, 2 ], 12 ], [ [ 4, 4, 8, 8 ], 12 ], [ [ 4, 4, 8, 8 ], 12 ], [ [ 2, 2, 2, 2, 4, 4, 4, 4 ], 12 ], [ [ 4, 4, 8, 8 ], 12 ], [ [ 4, 4, 8, 8 ], 12 ], [ [ 2, 2, 2, 2, 4, 4, 4, 4 ], 3 ], [ [ 2, 2, 2, 2, 4, 4, 4, 4 ], 6 ], [ [ 2, 2, 2, 2, 2, 2, 2, 2, 2, 2, 2, 2 ], 1 ], [ [ 2, 2, 2, 2, 4, 4, 4, 4 ], 3 ] ]
472|192|[ 192, 944 ]|[ [ [ 1, 1, 1, 1, 1, 1, 1, 1, 1, 1, 1, 1, 1, 1, 1, 1, 1, 1, 1, 1, 1, 1, 1, 1 ], 1 ], [ [ 1, 1, 1, 1, 1, 1, 1, 1, 1, 1, 1, 1, 1, 1, 1, 1, 2, 2, 2, 2 ], 3 ], [ [ 1, 1, 1, 1, 2, 2, 4, 4, 4, 4 ], 12 ], [ [ 1, 1, 1, 1, 2, 2, 2, 2, 2, 2, 2, 2, 2, 2 ], 12 ], [ [ 1, 1, 1, 1, 1, 1, 1, 1, 2, 2, 2, 2, 2, 2, 2, 2 ], 3 ], [ [ 2, 2, 2, 2, 4, 4, 4, 4 ], 3 ], [ [ 2, 2, 2, 2, 4, 4, 4, 4 ], 6 ], [ [ 2, 2, 2, 2, 4, 4, 4, 4 ], 3 ], [ [ 3, 3, 3, 3, 3, 3, 3, 3 ], 32 ], [ [ 6, 6, 6, 6 ], 32 ], [ [ 4, 4, 8, 8 ], 12 ], [ [ 4, 4, 8, 8 ], 12 ], [ [ 4, 4, 8, 8 ], 12 ], [ [ 4, 4, 8, 8 ], 12 ], [ [ 2, 2, 2, 2, 2, 2, 2, 2, 2, 2, 2, 2 ], 12 ], [ [ 2, 2, 2, 2, 4, 4, 4, 4 ], 12 ], [ [ 2, 2, 2, 2, 4, 4, 4, 4 ], 3 ], [ [ 2, 2, 2, 2, 4, 4, 4, 4 ], 6 ], [ [ 2, 2, 2, 2, 2, 2, 2, 2, 2, 2, 2, 2 ], 1 ], [ [ 2, 2, 2, 2, 4, 4, 4, 4 ], 3 ] ]
473|192|[ 192, 944 ]|[ [ [ 1, 1, 1, 1, 1, 1, 1, 1, 1, 1, 1, 1, 1, 1, 1, 1, 1, 1, 1, 1, 1, 1, 1, 1 ], 1 ], [ [ 1, 1, 1, 1, 1, 1, 1, 1, 2, 2, 2, 2, 2, 2, 2, 2 ], 12 ], [ [ 1, 1, 1, 1, 1, 1, 1, 1, 4, 4, 4, 4 ], 6 ], [ [ 1, 1, 1, 1, 1, 1, 1, 1, 2, 2, 2, 2, 2, 2, 2, 2 ], 3 ], [ [ 2, 2, 2, 2, 2, 2, 2, 2, 2, 2, 2, 2 ], 3 ], [ [ 2, 2, 2, 2, 4, 4, 4, 4 ], 12 ], [ [ 2, 2, 2, 2, 4, 4, 4, 4 ], 3 ], [ [ 2, 2, 2, 2, 4, 4, 4, 4 ], 3 ], [ [ 2, 2, 2, 2, 2, 2, 2, 2, 2, 2, 2, 2 ], 12 ], [ [ 6, 6, 6, 6 ], 32 ], [ [ 4, 4, 8, 8 ], 12 ], [ [ 4, 4, 8, 8 ], 12 ], [ [ 3, 3, 3, 3, 3, 3, 3, 3 ], 32 ], [ [ 4, 4, 8, 8 ], 12 ], [ [ 2, 2, 2, 2, 4, 4, 4, 4 ], 12 ], [ [ 4, 4, 8, 8 ], 12 ], [ [ 2, 2, 2, 2, 4, 4, 4, 4 ], 6 ], [ [ 2, 2, 2, 2, 4, 4, 4, 4 ], 3 ], [ [ 2, 2, 2, 2, 2, 2, 2, 2, 2, 2, 2, 2 ], 1 ], [ [ 2, 2, 2, 2, 4, 4, 4, 4 ], 3 ] ]
474|192|[ 192, 944 ]|[ [ [ 1, 1, 1, 1, 1, 1, 1, 1, 1, 1, 1, 1, 1, 1, 1, 1, 1, 1, 1, 1, 1, 1, 1, 1 ], 1 ], [ [ 1, 1, 1, 1, 1, 1, 1, 1, 4, 4, 4, 4 ], 12 ], [ [ 1, 1, 1, 1, 1, 1, 1, 1, 4, 4, 4, 4 ], 6 ], [ [ 1, 1, 1, 1, 1, 1, 1, 1, 2, 2, 2, 2, 2, 2, 2, 2 ], 3 ], [ [ 2, 2, 2, 2, 2, 2, 2, 2, 2, 2, 2, 2 ], 3 ], [ [ 2, 2, 2, 2, 2, 2, 2, 2, 2, 2, 2, 2 ], 12 ], [ [ 2, 2, 2, 2, 4, 4, 4, 4 ], 3 ], [ [ 2, 2, 2, 2, 4, 4, 4, 4 ], 3 ], [ [ 6, 6, 6, 6 ], 32 ], [ [ 4, 4, 8, 8 ], 12 ], [ [ 2, 2, 2, 2, 4, 4, 4, 4 ], 12 ], [ [ 4, 4, 8, 8 ], 12 ], [ [ 2, 2, 2, 2, 2, 2, 2, 2, 2, 2, 2, 2 ], 12 ], [ [ 3, 3, 3, 3, 3, 3, 3, 3 ], 32 ], [ [ 4, 4, 8, 8 ], 12 ], [ [ 4, 4, 8, 8 ], 12 ], [ [ 2, 2, 2, 2, 4, 4, 4, 4 ], 6 ], [ [ 2, 2, 2, 2, 4, 4, 4, 4 ], 3 ], [ [ 2, 2, 2, 2, 2, 2, 2, 2, 2, 2, 2, 2 ], 1 ], [ [ 2, 2, 2, 2, 4, 4, 4, 4 ], 3 ] ]
475|192|[ 192, 944 ]|[ [ [ 1, 1, 1, 1, 1, 1, 1, 1, 1, 1, 1, 1, 1, 1, 1, 1, 1, 1, 1, 1, 1, 1, 1, 1 ], 1 ], [ [ 1, 1, 1, 1, 2, 2, 4, 4, 4, 4 ], 12 ], [ [ 1, 1, 1, 1, 1, 1, 1, 1, 4, 4, 4, 4 ], 3 ], [ [ 1, 1, 1, 1, 2, 2, 2, 2, 2, 2, 2, 2, 2, 2 ], 12 ], [ [ 1, 1, 1, 1, 1, 1, 1, 1, 2, 2, 2, 2, 2, 2, 2, 2 ], 3 ], [ [ 1, 1, 1, 1, 1, 1, 1, 1, 4, 4, 4, 4 ], 3 ], [ [ 2, 2, 2, 2, 2, 2, 2, 2, 2, 2, 2, 2 ], 3 ], [ [ 2, 2, 2, 2, 4, 4, 4, 4 ], 6 ], [ [ 2, 2, 2, 2, 2, 2, 2, 2, 2, 2, 2, 2 ], 12 ], [ [ 3, 3, 3, 3, 3, 3, 3, 3 ], 32 ], [ [ 4, 4, 8, 8 ], 12 ], [ [ 6, 6, 6, 6 ], 32 ], [ [ 4, 4, 8, 8 ], 12 ], [ [ 4, 4, 8, 8 ], 12 ], [ [ 2, 2, 2, 2, 4, 4, 4, 4 ], 12 ], [ [ 4, 4, 8, 8 ], 12 ], [ [ 2, 2, 2, 2, 4, 4, 4, 4 ], 3 ], [ [ 2, 2, 2, 2, 4, 4, 4, 4 ], 6 ], [ [ 2, 2, 2, 2, 2, 2, 2, 2, 2, 2, 2, 2 ], 1 ], [ [ 2, 2, 2, 2, 4, 4, 4, 4 ], 3 ] ]
476|192|[ 192, 944 ]|[ [ [ 1, 1, 1, 1, 1, 1, 1, 1, 1, 1, 1, 1, 1, 1, 1, 1, 1, 1, 1, 1, 1, 1, 1, 1 ], 1 ], [ [ 1, 1, 1, 1, 1, 1, 1, 1, 1, 1, 1, 1, 1, 1, 1, 1, 2, 2, 2, 2 ], 3 ], [ [ 1, 1, 1, 1, 1, 1, 1, 1, 2, 2, 2, 2, 2, 2, 2, 2 ], 3 ], [ [ 1, 1, 1, 1, 1, 1, 1, 1, 4, 4, 4, 4 ], 6 ], [ [ 1, 1, 1, 1, 1, 1, 1, 1, 4, 4, 4, 4 ], 3 ], [ [ 1, 1, 1, 1, 1, 1, 1, 1, 4, 4, 4, 4 ], 3 ], [ [ 2, 2, 2, 2, 2, 2, 2, 2, 2, 2, 2, 2 ], 12 ], [ [ 2, 2, 2, 2, 4, 4, 4, 4 ], 12 ], [ [ 2, 2, 2, 2, 2, 2, 2, 2, 2, 2, 2, 2 ], 12 ], [ [ 2, 2, 2, 2, 4, 4, 4, 4 ], 12 ], [ [ 2, 2, 2, 2, 8, 8 ], 12 ], [ [ 2, 2, 2, 2, 8, 8 ], 12 ], [ [ 2, 2, 2, 2, 8, 8 ], 12 ], [ [ 2, 2, 2, 2, 8, 8 ], 12 ], [ [ 2, 2, 2, 2, 4, 4, 4, 4 ], 3 ], [ [ 2, 2, 2, 2, 4, 4, 4, 4 ], 6 ], [ [ 2, 2, 2, 2, 4, 4, 4, 4 ], 3 ], [ [ 3, 3, 3, 3, 3, 3, 3, 3 ], 32 ], [ [ 6, 6, 6, 6 ], 32 ], [ [ 2, 2, 2, 2, 2, 2, 2, 2, 2, 2, 2, 2 ], 1 ] ]
477|192|[ 192, 944 ]|[ [ [ 1, 1, 1, 1, 1, 1, 1, 1, 1, 1, 1, 1, 1, 1, 1, 1, 1, 1, 1, 1, 1, 1, 1, 1 ], 1 ], [ [ 1, 1, 1, 1, 1, 1, 1, 1, 2, 2, 2, 2, 2, 2, 2, 2 ], 3 ], [ [ 1, 1, 1, 1, 1, 1, 1, 1, 4, 4, 4, 4 ], 6 ], [ [ 1, 1, 1, 1, 2, 2, 2, 2, 2, 2, 2, 2, 2, 2 ], 12 ], [ [ 1, 1, 1, 1, 2, 2, 2, 2, 2, 2, 2, 2, 2, 2 ], 12 ], [ [ 2, 2, 2, 2, 2, 2, 2, 2, 2, 2, 2, 2 ], 3 ], [ [ 2, 2, 2, 2, 4, 4, 4, 4 ], 3 ], [ [ 2, 2, 2, 2, 4, 4, 4, 4 ], 3 ], [ [ 2, 2, 2, 2, 4, 4, 4, 4 ], 12 ], [ [ 2, 2, 2, 2, 4, 4, 4, 4 ], 12 ], [ [ 4, 4, 8, 8 ], 12 ], [ [ 4, 4, 8, 8 ], 12 ], [ [ 2, 2, 2, 2, 4, 4, 4, 4 ], 3 ], [ [ 2, 2, 2, 2, 4, 4, 4, 4 ], 6 ], [ [ 4, 4, 8, 8 ], 12 ], [ [ 4, 4, 8, 8 ], 12 ], [ [ 2, 2, 2, 2, 4, 4, 4, 4 ], 3 ], [ [ 6, 6, 6, 6 ], 32 ], [ [ 3, 3, 3, 3, 3, 3, 3, 3 ], 32 ], [ [ 2, 2, 2, 2, 2, 2, 2, 2, 2, 2, 2, 2 ], 1 ] ]
478|192|[ 192, 944 ]|[ [ [ 1, 1, 1, 1, 1, 1, 1, 1, 1, 1, 1, 1, 1, 1, 1, 1, 1, 1, 1, 1, 1, 1, 1, 1 ], 1 ], [ [ 1, 1, 1, 1, 1, 1, 1, 1, 2, 2, 2, 2, 2, 2, 2, 2 ], 3 ], [ [ 1, 1, 1, 1, 1, 1, 1, 1, 4, 4, 4, 4 ], 6 ], [ [ 1, 1, 1, 1, 2, 2, 4, 4, 4, 4 ], 12 ], [ [ 1, 1, 1, 1, 2, 2, 4, 4, 4, 4 ], 12 ], [ [ 2, 2, 2, 2, 2, 2, 2, 2, 2, 2, 2, 2 ], 3 ], [ [ 2, 2, 2, 2, 4, 4, 4, 4 ], 3 ], [ [ 2, 2, 2, 2, 4, 4, 4, 4 ], 3 ], [ [ 2, 2, 2, 2, 2, 2, 2, 2, 2, 2, 2, 2 ], 12 ], [ [ 2, 2, 2, 2, 2, 2, 2, 2, 2, 2, 2, 2 ], 12 ], [ [ 4, 4, 8, 8 ], 12 ], [ [ 4, 4, 8, 8 ], 12 ], [ [ 2, 2, 2, 2, 4, 4, 4, 4 ], 3 ], [ [ 2, 2, 2, 2, 4, 4, 4, 4 ], 6 ], [ [ 4, 4, 8, 8 ], 12 ], [ [ 4, 4, 8, 8 ], 12 ], [ [ 2, 2, 2, 2, 4, 4, 4, 4 ], 3 ], [ [ 6, 6, 6, 6 ], 32 ], [ [ 3, 3, 3, 3, 3, 3, 3, 3 ], 32 ], [ [ 2, 2, 2, 2, 2, 2, 2, 2, 2, 2, 2, 2 ], 1 ] ]
479|192|[ 192, 944 ]|[ [ [ 1, 1, 1, 1, 1, 1, 1, 1, 1, 1, 1, 1, 1, 1, 1, 1, 1, 1, 1, 1, 1, 1, 1, 1 ], 1 ], [ [ 1, 1, 1, 1, 1, 1, 1, 1, 2, 2, 2, 2, 2, 2, 2, 2 ], 3 ], [ [ 1, 1, 1, 1, 1, 1, 1, 1, 4, 4, 4, 4 ], 3 ], [ [ 1, 1, 1, 1, 1, 1, 1, 1, 4, 4, 4, 4 ], 3 ], [ [ 1, 1, 1, 1, 2, 2, 4, 4, 4, 4 ], 12 ], [ [ 1, 1, 1, 1, 2, 2, 2, 2, 2, 2, 2, 2, 2, 2 ], 12 ], [ [ 2, 2, 2, 2, 2, 2, 2, 2, 2, 2, 2, 2 ], 3 ], [ [ 2, 2, 2, 2, 4, 4, 4, 4 ], 6 ], [ [ 2, 2, 2, 2, 2, 2, 2, 2, 2, 2, 2, 2 ], 12 ], [ [ 2, 2, 2, 2, 4, 4, 4, 4 ], 12 ], [ [ 2, 2, 2, 2, 8, 8 ], 12 ], [ [ 2, 2, 2, 2, 8, 8 ], 12 ], [ [ 2, 2, 2, 2, 4, 4, 4, 4 ], 3 ], [ [ 2, 2, 2, 2, 4, 4, 4, 4 ], 3 ], [ [ 2, 2, 2, 2, 8, 8 ], 12 ], [ [ 2, 2, 2, 2, 8, 8 ], 12 ], [ [ 2, 2, 2, 2, 4, 4, 4, 4 ], 6 ], [ [ 6, 6, 6, 6 ], 32 ], [ [ 3, 3, 3, 3, 3, 3, 3, 3 ], 32 ], [ [ 2, 2, 2, 2, 2, 2, 2, 2, 2, 2, 2, 2 ], 1 ] ]
480|192|[ 192, 944 ]|[ [ [ 1, 1, 1, 1, 1, 1, 1, 1, 1, 1, 1, 1, 1, 1, 1, 1, 1, 1, 1, 1, 1, 1, 1, 1 ], 1 ], [ [ 1, 1, 1, 1, 1, 1, 1, 1, 2, 2, 2, 2, 2, 2, 2, 2 ], 3 ], [ [ 1, 1, 1, 1, 1, 1, 1, 1, 4, 4, 4, 4 ], 3 ], [ [ 1, 1, 1, 1, 1, 1, 1, 1, 4, 4, 4, 4 ], 3 ], [ [ 1, 1, 1, 1, 2, 2, 8, 8 ], 12 ], [ [ 1, 1, 1, 1, 2, 2, 8, 8 ], 12 ], [ [ 2, 2, 2, 2, 2, 2, 2, 2, 2, 2, 2, 2 ], 3 ], [ [ 2, 2, 2, 2, 4, 4, 4, 4 ], 6 ], [ [ 2, 2, 2, 2, 8, 8 ], 12 ], [ [ 2, 2, 2, 2, 8, 8 ], 12 ], [ [ 2, 2, 2, 2, 2, 2, 2, 2, 2, 2, 2, 2 ], 12 ], [ [ 2, 2, 2, 2, 4, 4, 4, 4 ], 12 ], [ [ 2, 2, 2, 2, 4, 4, 4, 4 ], 6 ], [ [ 2, 2, 2, 2, 4, 4, 4, 4 ], 12 ], [ [ 2, 2, 2, 2, 2, 2, 2, 2, 2, 2, 2, 2 ], 12 ], [ [ 2, 2, 2, 2, 4, 4, 4, 4 ], 3 ], [ [ 2, 2, 2, 2, 4, 4, 4, 4 ], 3 ], [ [ 6, 6, 6, 6 ], 32 ], [ [ 3, 3, 3, 3, 3, 3, 3, 3 ], 32 ], [ [ 2, 2, 2, 2, 2, 2, 2, 2, 2, 2, 2, 2 ], 1 ] ]
481|192|[ 192, 182 ]|[ [ [ 1, 1, 1, 1, 1, 1, 1, 1, 1, 1, 1, 1, 1, 1, 1, 1, 1, 1, 1, 1, 1, 1, 1, 1 ], 1 ], [ [ 1, 1, 1, 1, 1, 1, 1, 1, 1, 1, 1, 1, 1, 1, 1, 1, 2, 2, 2, 2 ], 3 ], [ [ 1, 1, 1, 1, 1, 1, 1, 1, 4, 4, 4, 4 ], 3 ], [ [ 1, 1, 1, 1, 1, 1, 1, 1, 4, 4, 4, 4 ], 6 ], [ [ 1, 1, 1, 1, 1, 1, 1, 1, 2, 2, 2, 2, 2, 2, 2, 2 ], 3 ], [ [ 1, 1, 1, 1, 1, 1, 1, 1, 4, 4, 4, 4 ], 3 ], [ [ 2, 2, 2, 2, 8, 8 ], 12 ], [ [ 2, 2, 2, 2, 8, 8 ], 12 ], [ [ 3, 3, 3, 3, 3, 3, 3, 3 ], 32 ], [ [ 6, 6, 6, 6 ], 32 ], [ [ 2, 2, 2, 2, 2, 2, 2, 2, 4, 4 ], 12 ], [ [ 2, 2, 2, 2, 2, 2, 2, 2, 4, 4 ], 12 ], [ [ 2, 2, 2, 2, 8, 8 ], 12 ], [ [ 4, 4, 4, 4, 4, 4 ], 12 ], [ [ 4, 4, 4, 4, 4, 4 ], 12 ], [ [ 2, 2, 2, 2, 8, 8 ], 12 ], [ [ 2, 2, 2, 2, 4, 4, 4, 4 ], 3 ], [ [ 2, 2, 2, 2, 4, 4, 4, 4 ], 6 ], [ [ 2, 2, 2, 2, 2, 2, 2, 2, 2, 2, 2, 2 ], 1 ], [ [ 2, 2, 2, 2, 4, 4, 4, 4 ], 3 ] ]
482|192|[ 192, 182 ]|[ [ [ 1, 1, 1, 1, 1, 1, 1, 1, 1, 1, 1, 1, 1, 1, 1, 1, 1, 1, 1, 1, 1, 1, 1, 1 ], 1 ], [ [ 1, 1, 1, 1, 2, 2, 8, 8 ], 12 ], [ [ 1, 1, 1, 1, 1, 1, 1, 1, 4, 4, 4, 4 ], 3 ], [ [ 1, 1, 1, 1, 2, 2, 8, 8 ], 12 ], [ [ 1, 1, 1, 1, 1, 1, 1, 1, 2, 2, 2, 2, 2, 2, 2, 2 ], 3 ], [ [ 1, 1, 1, 1, 1, 1, 1, 1, 4, 4, 4, 4 ], 3 ], [ [ 2, 2, 2, 2, 2, 2, 2, 2, 2, 2, 2, 2 ], 3 ], [ [ 2, 2, 2, 2, 4, 4, 4, 4 ], 6 ], [ [ 4, 4, 4, 4, 4, 4 ], 12 ], [ [ 3, 3, 3, 3, 3, 3, 3, 3 ], 32 ], [ [ 2, 2, 2, 2, 8, 8 ], 12 ], [ [ 6, 6, 6, 6 ], 32 ], [ [ 4, 4, 4, 4, 4, 4 ], 12 ], [ [ 4, 4, 4, 4, 4, 4 ], 12 ], [ [ 4, 4, 4, 4, 4, 4 ], 12 ], [ [ 2, 2, 2, 2, 8, 8 ], 12 ], [ [ 2, 2, 2, 2, 4, 4, 4, 4 ], 3 ], [ [ 2, 2, 2, 2, 4, 4, 4, 4 ], 6 ], [ [ 2, 2, 2, 2, 2, 2, 2, 2, 2, 2, 2, 2 ], 1 ], [ [ 2, 2, 2, 2, 4, 4, 4, 4 ], 3 ] ]
483|192|[ 192, 191 ]|[ [ [ 1, 1, 1, 1, 1, 1, 1, 1, 1, 1, 1, 1, 1, 1, 1, 1, 1, 1, 1, 1, 1, 1, 1, 1 ], 1 ], [ [ 1, 1, 1, 1, 1, 1, 1, 1, 1, 1, 1, 1, 1, 1, 1, 1, 2, 2, 2, 2 ], 3 ], [ [ 1, 1, 1, 1, 1, 1, 1, 1, 2, 2, 2, 2, 2, 2, 2, 2 ], 3 ], [ [ 1, 1, 1, 1, 1, 1, 1, 1, 2, 2, 2, 2, 2, 2, 2, 2 ], 6 ], [ [ 1, 1, 1, 1, 1, 1, 1, 1, 2, 2, 2, 2, 2, 2, 2, 2 ], 6 ], [ [ 2, 2, 2, 2, 2, 2, 2, 2, 4, 4 ], 12 ], [ [ 2, 2, 2, 2, 2, 2, 2, 2, 4, 4 ], 12 ], [ [ 2, 2, 2, 2, 2, 2, 2, 2, 2, 2, 2, 2 ], 6 ], [ [ 2, 2, 2, 2, 2, 2, 2, 2, 2, 2, 2, 2 ], 6 ], [ [ 4, 4, 4, 4, 4, 4 ], 4 ], [ [ 4, 4, 4, 4, 4, 4 ], 4 ], [ [ 12, 12 ], 16 ], [ [ 12, 12 ], 16 ], [ [ 3, 3, 3, 3, 3, 3, 3, 3 ], 16 ], [ [ 6, 6, 6, 6 ], 16 ], [ [ 12, 12 ], 16 ], [ [ 12, 12 ], 16 ], [ [ 3, 3, 3, 3, 3, 3, 3, 3 ], 16 ], [ [ 6, 6, 6, 6 ], 16 ], [ [ 2, 2, 2, 2, 2, 2, 2, 2, 2, 2, 2, 2 ], 1 ] ]
484|192|[ 192, 191 ]|[ [ [ 1, 1, 1, 1, 1, 1, 1, 1, 1, 1, 1, 1, 1, 1, 1, 1, 1, 1, 1, 1, 1, 1, 1, 1 ], 1 ], [ [ 1, 1, 1, 1, 1, 1, 1, 1, 1, 1, 1, 1, 1, 1, 1, 1, 2, 2, 2, 2 ], 3 ], [ [ 1, 1, 1, 1, 1, 1, 1, 1, 2, 2, 2, 2, 2, 2, 2, 2 ], 3 ], [ [ 1, 1, 1, 1, 2, 2, 2, 2, 2, 2, 4, 4 ], 12 ], [ [ 1, 1, 1, 1, 2, 2, 2, 2, 2, 2, 4, 4 ], 12 ], [ [ 2, 2, 2, 2, 2, 2, 2, 2, 2, 2, 2, 2 ], 6 ], [ [ 2, 2, 2, 2, 2, 2, 2, 2, 2, 2, 2, 2 ], 6 ], [ [ 2, 2, 2, 2, 2, 2, 2, 2, 2, 2, 2, 2 ], 6 ], [ [ 2, 2, 2, 2, 2, 2, 2, 2, 2, 2, 2, 2 ], 6 ], [ [ 4, 4, 4, 4, 4, 4 ], 4 ], [ [ 4, 4, 4, 4, 4, 4 ], 4 ], [ [ 12, 12 ], 16 ], [ [ 12, 12 ], 16 ], [ [ 3, 3, 3, 3, 3, 3, 3, 3 ], 16 ], [ [ 6, 6, 6, 6 ], 16 ], [ [ 12, 12 ], 16 ], [ [ 12, 12 ], 16 ], [ [ 6, 6, 6, 6 ], 16 ], [ [ 3, 3, 3, 3, 3, 3, 3, 3 ], 16 ], [ [ 2, 2, 2, 2, 2, 2, 2, 2, 2, 2, 2, 2 ], 1 ] ]
485|192|[ 192, 1538 ]|[ [ [ 1, 1, 1, 1, 1, 1, 1, 1, 1, 1, 1, 1, 1, 1, 1, 1, 1, 1, 1, 1, 1, 1, 1, 1 ], 1 ], [ [ 1, 1, 1, 1, 1, 1, 1, 1, 1, 1, 1, 1, 1, 1, 1, 1, 2, 2, 2, 2 ], 3 ], [ [ 1, 1, 1, 1, 1, 1, 1, 1, 2, 2, 2, 2, 2, 2, 2, 2 ], 3 ], [ [ 1, 1, 1, 1, 1, 1, 1, 1, 2, 2, 2, 2, 2, 2, 2, 2 ], 6 ], [ [ 1, 1, 1, 1, 1, 1, 1, 1, 2, 2, 2, 2, 2, 2, 2, 2 ], 3 ], [ [ 1, 1, 1, 1, 1, 1, 1, 1, 2, 2, 2, 2, 2, 2, 2, 2 ], 3 ], [ [ 2, 2, 2, 2, 2, 2, 2, 2, 2, 2, 2, 2 ], 12 ], [ [ 2, 2, 2, 2, 4, 4, 4, 4 ], 12 ], [ [ 2, 2, 2, 2, 4, 4, 4, 4 ], 12 ], [ [ 2, 2, 2, 2, 2, 2, 2, 2, 2, 2, 2, 2 ], 12 ], [ [ 2, 2, 2, 2, 2, 2, 2, 2, 2, 2, 2, 2 ], 3 ], [ [ 2, 2, 2, 2, 2, 2, 2, 2, 2, 2, 2, 2 ], 6 ], [ [ 2, 2, 2, 2, 2, 2, 2, 2, 2, 2, 2, 2 ], 3 ], [ [ 4, 4, 4, 4, 4, 4 ], 12 ], [ [ 4, 4, 4, 4, 4, 4 ], 12 ], [ [ 4, 4, 4, 4, 4, 4 ], 12 ], [ [ 4, 4, 4, 4, 4, 4 ], 12 ], [ [ 3, 3, 3, 3, 3, 3, 3, 3 ], 32 ], [ [ 6, 6, 6, 6 ], 32 ], [ [ 2, 2, 2, 2, 2, 2, 2, 2, 2, 2, 2, 2 ], 1 ] ]
486|192|[ 192, 1538 ]|[ [ [ 1, 1, 1, 1, 1, 1, 1, 1, 1, 1, 1, 1, 1, 1, 1, 1, 1, 1, 1, 1, 1, 1, 1, 1 ], 1 ], [ [ 1, 1, 1, 1, 1, 1, 1, 1, 1, 1, 1, 1, 1, 1, 1, 1, 2, 2, 2, 2 ], 3 ], [ [ 1, 1, 1, 1, 1, 1, 1, 1, 2, 2, 2, 2, 2, 2, 2, 2 ], 3 ], [ [ 1, 1, 1, 1, 2, 2, 2, 2, 2, 2, 2, 2, 2, 2 ], 12 ], [ [ 1, 1, 1, 1, 2, 2, 4, 4, 4, 4 ], 12 ], [ [ 2, 2, 2, 2, 2, 2, 2, 2, 2, 2, 2, 2 ], 6 ], [ [ 2, 2, 2, 2, 2, 2, 2, 2, 2, 2, 2, 2 ], 3 ], [ [ 2, 2, 2, 2, 2, 2, 2, 2, 2, 2, 2, 2 ], 3 ], [ [ 2, 2, 2, 2, 4, 4, 4, 4 ], 12 ], [ [ 2, 2, 2, 2, 2, 2, 2, 2, 2, 2, 2, 2 ], 12 ], [ [ 2, 2, 2, 2, 2, 2, 2, 2, 2, 2, 2, 2 ], 3 ], [ [ 2, 2, 2, 2, 2, 2, 2, 2, 2, 2, 2, 2 ], 6 ], [ [ 4, 4, 4, 4, 4, 4 ], 12 ], [ [ 4, 4, 4, 4, 4, 4 ], 12 ], [ [ 2, 2, 2, 2, 2, 2, 2, 2, 2, 2, 2, 2 ], 3 ], [ [ 4, 4, 4, 4, 4, 4 ], 12 ], [ [ 4, 4, 4, 4, 4, 4 ], 12 ], [ [ 3, 3, 3, 3, 3, 3, 3, 3 ], 32 ], [ [ 6, 6, 6, 6 ], 32 ], [ [ 2, 2, 2, 2, 2, 2, 2, 2, 2, 2, 2, 2 ], 1 ] ]
487|192|[ 192, 1538 ]|[ [ [ 1, 1, 1, 1, 1, 1, 1, 1, 1, 1, 1, 1, 1, 1, 1, 1, 1, 1, 1, 1, 1, 1, 1, 1 ], 1 ], [ [ 1, 1, 1, 1, 1, 1, 1, 1, 2, 2, 2, 2, 2, 2, 2, 2 ], 3 ], [ [ 1, 1, 1, 1, 1, 1, 1, 1, 2, 2, 2, 2, 2, 2, 2, 2 ], 6 ], [ [ 1, 1, 1, 1, 2, 2, 2, 2, 2, 2, 2, 2, 2, 2 ], 12 ], [ [ 1, 1, 1, 1, 2, 2, 4, 4, 4, 4 ], 12 ], [ [ 2, 2, 2, 2, 2, 2, 2, 2, 2, 2, 2, 2 ], 3 ], [ [ 2, 2, 2, 2, 2, 2, 2, 2, 2, 2, 2, 2 ], 3 ], [ [ 2, 2, 2, 2, 2, 2, 2, 2, 2, 2, 2, 2 ], 3 ], [ [ 2, 2, 2, 2, 4, 4, 4, 4 ], 12 ], [ [ 2, 2, 2, 2, 2, 2, 2, 2, 2, 2, 2, 2 ], 12 ], [ [ 2, 2, 2, 2, 2, 2, 2, 2, 2, 2, 2, 2 ], 6 ], [ [ 4, 4, 4, 4, 4, 4 ], 12 ], [ [ 4, 4, 4, 4, 4, 4 ], 12 ], [ [ 2, 2, 2, 2, 2, 2, 2, 2, 2, 2, 2, 2 ], 3 ], [ [ 2, 2, 2, 2, 2, 2, 2, 2, 2, 2, 2, 2 ], 3 ], [ [ 4, 4, 4, 4, 4, 4 ], 12 ], [ [ 4, 4, 4, 4, 4, 4 ], 12 ], [ [ 6, 6, 6, 6 ], 32 ], [ [ 3, 3, 3, 3, 3, 3, 3, 3 ], 32 ], [ [ 2, 2, 2, 2, 2, 2, 2, 2, 2, 2, 2, 2 ], 1 ] ]
488|192|[ 192, 1538 ]|[ [ [ 1, 1, 1, 1, 1, 1, 1, 1, 1, 1, 1, 1, 1, 1, 1, 1, 1, 1, 1, 1, 1, 1, 1, 1 ], 1 ], [ [ 1, 1, 1, 1, 1, 1, 1, 1, 2, 2, 2, 2, 2, 2, 2, 2 ], 3 ], [ [ 1, 1, 1, 1, 1, 1, 1, 1, 2, 2, 2, 2, 2, 2, 2, 2 ], 3 ], [ [ 1, 1, 1, 1, 1, 1, 1, 1, 2, 2, 2, 2, 2, 2, 2, 2 ], 3 ], [ [ 1, 1, 1, 1, 2, 2, 2, 2, 2, 2, 2, 2, 2, 2 ], 12 ], [ [ 1, 1, 1, 1, 2, 2, 2, 2, 2, 2, 2, 2, 2, 2 ], 12 ], [ [ 2, 2, 2, 2, 2, 2, 2, 2, 2, 2, 2, 2 ], 3 ], [ [ 2, 2, 2, 2, 2, 2, 2, 2, 2, 2, 2, 2 ], 6 ], [ [ 2, 2, 2, 2, 4, 4, 4, 4 ], 12 ], [ [ 2, 2, 2, 2, 4, 4, 4, 4 ], 12 ], [ [ 2, 2, 2, 2, 2, 2, 2, 2, 2, 2, 2, 2 ], 6 ], [ [ 2, 2, 2, 2, 2, 2, 2, 2, 2, 2, 2, 2 ], 3 ], [ [ 4, 4, 4, 4, 4, 4 ], 12 ], [ [ 4, 4, 4, 4, 4, 4 ], 12 ], [ [ 2, 2, 2, 2, 2, 2, 2, 2, 2, 2, 2, 2 ], 3 ], [ [ 4, 4, 4, 4, 4, 4 ], 12 ], [ [ 4, 4, 4, 4, 4, 4 ], 12 ], [ [ 6, 6, 6, 6 ], 32 ], [ [ 3, 3, 3, 3, 3, 3, 3, 3 ], 32 ], [ [ 2, 2, 2, 2, 2, 2, 2, 2, 2, 2, 2, 2 ], 1 ] ]
489|192|[ 192, 1538 ]|[ [ [ 1, 1, 1, 1, 1, 1, 1, 1, 1, 1, 1, 1, 1, 1, 1, 1, 1, 1, 1, 1, 1, 1, 1, 1 ], 1 ], [ [ 1, 1, 1, 1, 1, 1, 1, 1, 2, 2, 2, 2, 2, 2, 2, 2 ], 3 ], [ [ 1, 1, 1, 1, 1, 1, 1, 1, 2, 2, 2, 2, 2, 2, 2, 2 ], 3 ], [ [ 1, 1, 1, 1, 1, 1, 1, 1, 2, 2, 2, 2, 2, 2, 2, 2 ], 3 ], [ [ 1, 1, 1, 1, 2, 2, 4, 4, 4, 4 ], 12 ], [ [ 1, 1, 1, 1, 2, 2, 4, 4, 4, 4 ], 12 ], [ [ 2, 2, 2, 2, 2, 2, 2, 2, 2, 2, 2, 2 ], 3 ], [ [ 2, 2, 2, 2, 2, 2, 2, 2, 2, 2, 2, 2 ], 6 ], [ [ 2, 2, 2, 2, 2, 2, 2, 2, 2, 2, 2, 2 ], 12 ], [ [ 2, 2, 2, 2, 2, 2, 2, 2, 2, 2, 2, 2 ], 12 ], [ [ 2, 2, 2, 2, 2, 2, 2, 2, 2, 2, 2, 2 ], 6 ], [ [ 2, 2, 2, 2, 2, 2, 2, 2, 2, 2, 2, 2 ], 3 ], [ [ 4, 4, 4, 4, 4, 4 ], 12 ], [ [ 4, 4, 4, 4, 4, 4 ], 12 ], [ [ 2, 2, 2, 2, 2, 2, 2, 2, 2, 2, 2, 2 ], 3 ], [ [ 4, 4, 4, 4, 4, 4 ], 12 ], [ [ 4, 4, 4, 4, 4, 4 ], 12 ], [ [ 6, 6, 6, 6 ], 32 ], [ [ 3, 3, 3, 3, 3, 3, 3, 3 ], 32 ], [ [ 2, 2, 2, 2, 2, 2, 2, 2, 2, 2, 2, 2 ], 1 ] ]
490|192|[ 192, 1538 ]|[ [ [ 1, 1, 1, 1, 1, 1, 1, 1, 1, 1, 1, 1, 1, 1, 1, 1, 1, 1, 1, 1, 1, 1, 1, 1 ], 1 ], [ [ 1, 1, 1, 1, 1, 1, 1, 1, 1, 1, 1, 1, 1, 1, 1, 1, 2, 2, 2, 2 ], 3 ], [ [ 1, 1, 1, 1, 1, 1, 1, 1, 2, 2, 2, 2, 2, 2, 2, 2 ], 6 ], [ [ 1, 1, 1, 1, 1, 1, 1, 1, 2, 2, 2, 2, 2, 2, 2, 2 ], 3 ], [ [ 1, 1, 1, 1, 1, 1, 1, 1, 2, 2, 2, 2, 2, 2, 2, 2 ], 3 ], [ [ 1, 1, 1, 1, 1, 1, 1, 1, 2, 2, 2, 2, 2, 2, 2, 2 ], 3 ], [ [ 2, 2, 2, 2, 2, 2, 2, 2, 2, 2, 2, 2 ], 12 ], [ [ 2, 2, 2, 2, 4, 4, 4, 4 ], 12 ], [ [ 3, 3, 3, 3, 3, 3, 3, 3 ], 32 ], [ [ 6, 6, 6, 6 ], 32 ], [ [ 2, 2, 2, 2, 2, 2, 2, 2, 2, 2, 2, 2 ], 12 ], [ [ 2, 2, 2, 2, 4, 4, 4, 4 ], 12 ], [ [ 2, 2, 2, 2, 4, 4, 4, 4 ], 12 ], [ [ 2, 2, 2, 2, 4, 4, 4, 4 ], 12 ], [ [ 2, 2, 2, 2, 4, 4, 4, 4 ], 12 ], [ [ 2, 2, 2, 2, 4, 4, 4, 4 ], 12 ], [ [ 2, 2, 2, 2, 2, 2, 2, 2, 2, 2, 2, 2 ], 6 ], [ [ 2, 2, 2, 2, 2, 2, 2, 2, 2, 2, 2, 2 ], 3 ], [ [ 2, 2, 2, 2, 2, 2, 2, 2, 2, 2, 2, 2 ], 3 ], [ [ 2, 2, 2, 2, 2, 2, 2, 2, 2, 2, 2, 2 ], 1 ] ]
491|192|[ 192, 1538 ]|[ [ [ 1, 1, 1, 1, 1, 1, 1, 1, 1, 1, 1, 1, 1, 1, 1, 1, 1, 1, 1, 1, 1, 1, 1, 1 ], 1 ], [ [ 1, 1, 1, 1, 1, 1, 1, 1, 2, 2, 2, 2, 2, 2, 2, 2 ], 12 ], [ [ 1, 1, 1, 1, 1, 1, 1, 1, 2, 2, 2, 2, 2, 2, 2, 2 ], 3 ], [ [ 1, 1, 1, 1, 1, 1, 1, 1, 2, 2, 2, 2, 2, 2, 2, 2 ], 3 ], [ [ 1, 1, 1, 1, 1, 1, 1, 1, 2, 2, 2, 2, 2, 2, 2, 2 ], 3 ], [ [ 2, 2, 2, 2, 2, 2, 2, 2, 2, 2, 2, 2 ], 3 ], [ [ 2, 2, 2, 2, 4, 4, 4, 4 ], 12 ], [ [ 2, 2, 2, 2, 2, 2, 2, 2, 2, 2, 2, 2 ], 6 ], [ [ 3, 3, 3, 3, 3, 3, 3, 3 ], 32 ], [ [ 2, 2, 2, 2, 4, 4, 4, 4 ], 12 ], [ [ 2, 2, 2, 2, 4, 4, 4, 4 ], 12 ], [ [ 2, 2, 2, 2, 4, 4, 4, 4 ], 12 ], [ [ 2, 2, 2, 2, 2, 2, 2, 2, 2, 2, 2, 2 ], 12 ], [ [ 6, 6, 6, 6 ], 32 ], [ [ 2, 2, 2, 2, 4, 4, 4, 4 ], 12 ], [ [ 2, 2, 2, 2, 4, 4, 4, 4 ], 12 ], [ [ 2, 2, 2, 2, 2, 2, 2, 2, 2, 2, 2, 2 ], 6 ], [ [ 2, 2, 2, 2, 2, 2, 2, 2, 2, 2, 2, 2 ], 3 ], [ [ 2, 2, 2, 2, 2, 2, 2, 2, 2, 2, 2, 2 ], 3 ], [ [ 2, 2, 2, 2, 2, 2, 2, 2, 2, 2, 2, 2 ], 1 ] ]
492|192|[ 192, 1538 ]|[ [ [ 1, 1, 1, 1, 1, 1, 1, 1, 1, 1, 1, 1, 1, 1, 1, 1, 1, 1, 1, 1, 1, 1, 1, 1 ], 1 ], [ [ 1, 1, 1, 1, 1, 1, 1, 1, 4, 4, 4, 4 ], 12 ], [ [ 1, 1, 1, 1, 1, 1, 1, 1, 2, 2, 2, 2, 2, 2, 2, 2 ], 3 ], [ [ 1, 1, 1, 1, 1, 1, 1, 1, 2, 2, 2, 2, 2, 2, 2, 2 ], 3 ], [ [ 1, 1, 1, 1, 1, 1, 1, 1, 2, 2, 2, 2, 2, 2, 2, 2 ], 3 ], [ [ 2, 2, 2, 2, 2, 2, 2, 2, 2, 2, 2, 2 ], 3 ], [ [ 2, 2, 2, 2, 2, 2, 2, 2, 2, 2, 2, 2 ], 12 ], [ [ 2, 2, 2, 2, 2, 2, 2, 2, 2, 2, 2, 2 ], 6 ], [ [ 2, 2, 2, 2, 2, 2, 2, 2, 2, 2, 2, 2 ], 12 ], [ [ 3, 3, 3, 3, 3, 3, 3, 3 ], 32 ], [ [ 2, 2, 2, 2, 4, 4, 4, 4 ], 12 ], [ [ 2, 2, 2, 2, 4, 4, 4, 4 ], 12 ], [ [ 6, 6, 6, 6 ], 32 ], [ [ 2, 2, 2, 2, 4, 4, 4, 4 ], 12 ], [ [ 2, 2, 2, 2, 4, 4, 4, 4 ], 12 ], [ [ 2, 2, 2, 2, 4, 4, 4, 4 ], 12 ], [ [ 2, 2, 2, 2, 2, 2, 2, 2, 2, 2, 2, 2 ], 6 ], [ [ 2, 2, 2, 2, 2, 2, 2, 2, 2, 2, 2, 2 ], 3 ], [ [ 2, 2, 2, 2, 2, 2, 2, 2, 2, 2, 2, 2 ], 3 ], [ [ 2, 2, 2, 2, 2, 2, 2, 2, 2, 2, 2, 2 ], 1 ] ]
493|192|[ 192, 1538 ]|[ [ [ 1, 1, 1, 1, 1, 1, 1, 1, 1, 1, 1, 1, 1, 1, 1, 1, 1, 1, 1, 1, 1, 1, 1, 1 ], 1 ], [ [ 1, 1, 1, 1, 2, 2, 4, 4, 4, 4 ], 12 ], [ [ 1, 1, 1, 1, 1, 1, 1, 1, 2, 2, 2, 2, 2, 2, 2, 2 ], 6 ], [ [ 1, 1, 1, 1, 2, 2, 2, 2, 2, 2, 2, 2, 2, 2 ], 12 ], [ [ 1, 1, 1, 1, 1, 1, 1, 1, 2, 2, 2, 2, 2, 2, 2, 2 ], 3 ], [ [ 2, 2, 2, 2, 2, 2, 2, 2, 2, 2, 2, 2 ], 3 ], [ [ 2, 2, 2, 2, 2, 2, 2, 2, 2, 2, 2, 2 ], 3 ], [ [ 2, 2, 2, 2, 2, 2, 2, 2, 2, 2, 2, 2 ], 3 ], [ [ 6, 6, 6, 6 ], 32 ], [ [ 4, 4, 4, 4, 4, 4 ], 12 ], [ [ 3, 3, 3, 3, 3, 3, 3, 3 ], 32 ], [ [ 2, 2, 2, 2, 4, 4, 4, 4 ], 12 ], [ [ 4, 4, 4, 4, 4, 4 ], 12 ], [ [ 2, 2, 2, 2, 2, 2, 2, 2, 2, 2, 2, 2 ], 12 ], [ [ 4, 4, 4, 4, 4, 4 ], 12 ], [ [ 4, 4, 4, 4, 4, 4 ], 12 ], [ [ 2, 2, 2, 2, 2, 2, 2, 2, 2, 2, 2, 2 ], 6 ], [ [ 2, 2, 2, 2, 2, 2, 2, 2, 2, 2, 2, 2 ], 3 ], [ [ 2, 2, 2, 2, 2, 2, 2, 2, 2, 2, 2, 2 ], 1 ], [ [ 2, 2, 2, 2, 2, 2, 2, 2, 2, 2, 2, 2 ], 3 ] ]
494|192|[ 192, 1495 ]|[ [ [ 1, 1, 1, 1, 1, 1, 1, 1, 1, 1, 1, 1, 1, 1, 1, 1, 1, 1, 1, 1, 1, 1, 1, 1 ], 1 ], [ [ 1, 1, 1, 1, 1, 1, 1, 1, 1, 1, 1, 1, 1, 1, 1, 1, 2, 2, 2, 2 ], 3 ], [ [ 1, 1, 1, 1, 1, 1, 1, 1, 2, 2, 2, 2, 2, 2, 2, 2 ], 3 ], [ [ 1, 1, 1, 1, 1, 1, 1, 1, 2, 2, 2, 2, 2, 2, 2, 2 ], 6 ], [ [ 1, 1, 1, 1, 1, 1, 1, 1, 2, 2, 2, 2, 2, 2, 2, 2 ], 3 ], [ [ 1, 1, 1, 1, 1, 1, 1, 1, 2, 2, 2, 2, 2, 2, 2, 2 ], 3 ], [ [ 2, 2, 2, 2, 4, 4, 4, 4 ], 12 ], [ [ 2, 2, 2, 2, 4, 4, 4, 4 ], 12 ], [ [ 2, 2, 2, 2, 4, 4, 4, 4 ], 12 ], [ [ 2, 2, 2, 2, 4, 4, 4, 4 ], 12 ], [ [ 2, 2, 2, 2, 2, 2, 2, 2, 2, 2, 2, 2 ], 3 ], [ [ 2, 2, 2, 2, 2, 2, 2, 2, 2, 2, 2, 2 ], 6 ], [ [ 2, 2, 2, 2, 2, 2, 2, 2, 2, 2, 2, 2 ], 3 ], [ [ 2, 2, 2, 2, 2, 2, 2, 2, 4, 4 ], 12 ], [ [ 4, 4, 4, 4, 4, 4 ], 12 ], [ [ 4, 4, 4, 4, 4, 4 ], 12 ], [ [ 2, 2, 2, 2, 2, 2, 2, 2, 4, 4 ], 12 ], [ [ 3, 3, 3, 3, 3, 3, 3, 3 ], 32 ], [ [ 6, 6, 6, 6 ], 32 ], [ [ 2, 2, 2, 2, 2, 2, 2, 2, 2, 2, 2, 2 ], 1 ] ]
495|192|[ 192, 1495 ]|[ [ [ 1, 1, 1, 1, 1, 1, 1, 1, 1, 1, 1, 1, 1, 1, 1, 1, 1, 1, 1, 1, 1, 1, 1, 1 ], 1 ], [ [ 1, 1, 1, 1, 1, 1, 1, 1, 2, 2, 2, 2, 2, 2, 2, 2 ], 3 ], [ [ 1, 1, 1, 1, 1, 1, 1, 1, 2, 2, 2, 2, 2, 2, 2, 2 ], 3 ], [ [ 1, 1, 1, 1, 1, 1, 1, 1, 2, 2, 2, 2, 2, 2, 2, 2 ], 3 ], [ [ 1, 1, 1, 1, 2, 2, 4, 4, 4, 4 ], 12 ], [ [ 1, 1, 1, 1, 2, 2, 4, 4, 4, 4 ], 12 ], [ [ 2, 2, 2, 2, 2, 2, 2, 2, 2, 2, 2, 2 ], 3 ], [ [ 2, 2, 2, 2, 2, 2, 2, 2, 2, 2, 2, 2 ], 6 ], [ [ 2, 2, 2, 2, 4, 4, 4, 4 ], 12 ], [ [ 2, 2, 2, 2, 4, 4, 4, 4 ], 12 ], [ [ 2, 2, 2, 2, 2, 2, 2, 2, 2, 2, 2, 2 ], 6 ], [ [ 2, 2, 2, 2, 2, 2, 2, 2, 2, 2, 2, 2 ], 3 ], [ [ 4, 4, 4, 4, 4, 4 ], 12 ], [ [ 4, 4, 4, 4, 4, 4 ], 12 ], [ [ 2, 2, 2, 2, 2, 2, 2, 2, 2, 2, 2, 2 ], 3 ], [ [ 4, 4, 4, 4, 4, 4 ], 12 ], [ [ 4, 4, 4, 4, 4, 4 ], 12 ], [ [ 6, 6, 6, 6 ], 32 ], [ [ 3, 3, 3, 3, 3, 3, 3, 3 ], 32 ], [ [ 2, 2, 2, 2, 2, 2, 2, 2, 2, 2, 2, 2 ], 1 ] ]
496|192|[ 192, 194 ]|[ [ [ 1, 1, 1, 1, 1, 1, 1, 1, 1, 1, 1, 1, 1, 1, 1, 1, 1, 1, 1, 1, 1, 1, 1, 1 ], 1 ], [ [ 1, 1, 1, 1, 1, 1, 1, 1, 1, 1, 1, 1, 1, 1, 1, 1, 2, 2, 2, 2 ], 3 ], [ [ 1, 1, 1, 1, 1, 1, 1, 1, 2, 2, 2, 2, 2, 2, 2, 2 ], 3 ], [ [ 1, 1, 1, 1, 2, 2, 2, 2, 2, 2, 4, 4 ], 12 ], [ [ 1, 1, 1, 1, 2, 2, 2, 2, 2, 2, 4, 4 ], 12 ], [ [ 2, 2, 2, 2, 2, 2, 2, 2, 2, 2, 2, 2 ], 12 ], [ [ 2, 2, 2, 2, 2, 2, 2, 2, 2, 2, 2, 2 ], 12 ], [ [ 4, 4, 4, 4, 4, 4 ], 4 ], [ [ 4, 4, 4, 4, 4, 4 ], 4 ], [ [ 12, 12 ], 16 ], [ [ 12, 12 ], 16 ], [ [ 6, 6, 6, 6 ], 16 ], [ [ 3, 3, 3, 3, 3, 3, 3, 3 ], 16 ], [ [ 12, 12 ], 16 ], [ [ 12, 12 ], 16 ], [ [ 3, 3, 3, 3, 3, 3, 3, 3 ], 16 ], [ [ 6, 6, 6, 6 ], 16 ], [ [ 2, 2, 2, 2, 2, 2, 2, 2, 2, 2, 2, 2 ], 1 ] ]
497|192|[ 192, 194 ]|[ [ [ 1, 1, 1, 1, 1, 1, 1, 1, 1, 1, 1, 1, 1, 1, 1, 1, 1, 1, 1, 1, 1, 1, 1, 1 ], 1 ], [ [ 1, 1, 1, 1, 1, 1, 1, 1, 1, 1, 1, 1, 1, 1, 1, 1, 2, 2, 2, 2 ], 3 ], [ [ 1, 1, 1, 1, 1, 1, 1, 1, 2, 2, 2, 2, 2, 2, 2, 2 ], 12 ], [ [ 1, 1, 1, 1, 1, 1, 1, 1, 2, 2, 2, 2, 2, 2, 2, 2 ], 3 ], [ [ 2, 2, 2, 2, 2, 2, 2, 2, 2, 2, 2, 2 ], 12 ], [ [ 2, 2, 2, 2, 2, 2, 2, 2, 4, 4 ], 12 ], [ [ 2, 2, 2, 2, 2, 2, 2, 2, 4, 4 ], 12 ], [ [ 4, 4, 4, 4, 4, 4 ], 4 ], [ [ 4, 4, 4, 4, 4, 4 ], 4 ], [ [ 12, 12 ], 16 ], [ [ 12, 12 ], 16 ], [ [ 6, 6, 6, 6 ], 16 ], [ [ 3, 3, 3, 3, 3, 3, 3, 3 ], 16 ], [ [ 3, 3, 3, 3, 3, 3, 3, 3 ], 16 ], [ [ 6, 6, 6, 6 ], 16 ], [ [ 12, 12 ], 16 ], [ [ 12, 12 ], 16 ], [ [ 2, 2, 2, 2, 2, 2, 2, 2, 2, 2, 2, 2 ], 1 ] ]
498|192|[ 192, 194 ]|[ [ [ 1, 1, 1, 1, 1, 1, 1, 1, 1, 1, 1, 1, 1, 1, 1, 1, 1, 1, 1, 1, 1, 1, 1, 1 ], 1 ], [ [ 1, 1, 1, 1, 1, 1, 1, 1, 1, 1, 1, 1, 1, 1, 1, 1, 2, 2, 2, 2 ], 3 ], [ [ 1, 1, 1, 1, 1, 1, 1, 1, 2, 2, 2, 2, 2, 2, 2, 2 ], 3 ], [ [ 1, 1, 1, 1, 2, 2, 2, 2, 2, 2, 2, 2, 2, 2 ], 12 ], [ [ 1, 1, 1, 1, 2, 2, 2, 2, 2, 2, 2, 2, 2, 2 ], 12 ], [ [ 2, 2, 2, 2, 2, 2, 2, 2, 4, 4 ], 12 ], [ [ 2, 2, 2, 2, 2, 2, 2, 2, 4, 4 ], 12 ], [ [ 4, 4, 4, 4, 4, 4 ], 4 ], [ [ 4, 4, 4, 4, 4, 4 ], 4 ], [ [ 6, 6, 6, 6 ], 16 ], [ [ 3, 3, 3, 3, 3, 3, 3, 3 ], 16 ], [ [ 12, 12 ], 16 ], [ [ 12, 12 ], 16 ], [ [ 3, 3, 3, 3, 3, 3, 3, 3 ], 16 ], [ [ 6, 6, 6, 6 ], 16 ], [ [ 12, 12 ], 16 ], [ [ 12, 12 ], 16 ], [ [ 2, 2, 2, 2, 2, 2, 2, 2, 2, 2, 2, 2 ], 1 ] ]
499|192|[ 192, 194 ]|[ [ [ 1, 1, 1, 1, 1, 1, 1, 1, 1, 1, 1, 1, 1, 1, 1, 1, 1, 1, 1, 1, 1, 1, 1, 1 ], 1 ], [ [ 1, 1, 1, 1, 1, 1, 1, 1, 2, 2, 2, 2, 2, 2, 2, 2 ], 3 ], [ [ 1, 1, 1, 1, 1, 1, 1, 1, 2, 2, 2, 2, 2, 2, 2, 2 ], 12 ], [ [ 1, 1, 1, 1, 2, 2, 4, 4, 4, 4 ], 12 ], [ [ 2, 2, 2, 2, 2, 2, 2, 2, 2, 2, 2, 2 ], 3 ], [ [ 2, 2, 2, 2, 4, 4, 4, 4 ], 12 ], [ [ 2, 2, 2, 2, 2, 2, 2, 2, 2, 2, 2, 2 ], 12 ], [ [ 4, 4, 4, 4, 4, 4 ], 4 ], [ [ 4, 4, 4, 4, 4, 4 ], 4 ], [ [ 3, 3, 3, 3, 3, 3, 3, 3 ], 16 ], [ [ 6, 6, 6, 6 ], 16 ], [ [ 12, 12 ], 16 ], [ [ 12, 12 ], 16 ], [ [ 12, 12 ], 16 ], [ [ 12, 12 ], 16 ], [ [ 3, 3, 3, 3, 3, 3, 3, 3 ], 16 ], [ [ 6, 6, 6, 6 ], 16 ], [ [ 2, 2, 2, 2, 2, 2, 2, 2, 2, 2, 2, 2 ], 1 ] ]
500|192|[ 192, 194 ]|[ [ [ 1, 1, 1, 1, 1, 1, 1, 1, 1, 1, 1, 1, 1, 1, 1, 1, 1, 1, 1, 1, 1, 1, 1, 1 ], 1 ], [ [ 1, 1, 1, 1, 1, 1, 1, 1, 2, 2, 2, 2, 2, 2, 2, 2 ], 3 ], [ [ 1, 1, 1, 1, 2, 2, 2, 2, 2, 2, 2, 2, 2, 2 ], 12 ], [ [ 1, 1, 1, 1, 2, 2, 2, 2, 2, 2, 2, 2, 2, 2 ], 12 ], [ [ 1, 1, 1, 1, 2, 2, 4, 4, 4, 4 ], 12 ], [ [ 2, 2, 2, 2, 2, 2, 2, 2, 2, 2, 2, 2 ], 3 ], [ [ 2, 2, 2, 2, 4, 4, 4, 4 ], 12 ], [ [ 4, 4, 4, 4, 4, 4 ], 4 ], [ [ 4, 4, 4, 4, 4, 4 ], 4 ], [ [ 3, 3, 3, 3, 3, 3, 3, 3 ], 16 ], [ [ 6, 6, 6, 6 ], 16 ], [ [ 12, 12 ], 16 ], [ [ 12, 12 ], 16 ], [ [ 12, 12 ], 16 ], [ [ 12, 12 ], 16 ], [ [ 3, 3, 3, 3, 3, 3, 3, 3 ], 16 ], [ [ 6, 6, 6, 6 ], 16 ], [ [ 2, 2, 2, 2, 2, 2, 2, 2, 2, 2, 2, 2 ], 1 ] ]
501|192|[ 192, 191 ]|[ [ [ 1, 1, 1, 1, 1, 1, 1, 1, 1, 1, 1, 1, 1, 1, 1, 1, 1, 1, 1, 1, 1, 1, 1, 1 ], 1 ], [ [ 1, 1, 1, 1, 1, 1, 1, 1, 2, 2, 2, 2, 2, 2, 2, 2 ], 6 ], [ [ 1, 1, 1, 1, 1, 1, 1, 1, 1, 1, 1, 1, 2, 2, 2, 2, 2, 2 ], 6 ], [ [ 1, 1, 1, 1, 1, 1, 1, 1, 2, 2, 2, 2, 2, 2, 2, 2 ], 3 ], [ [ 1, 1, 1, 1, 2, 2, 2, 2, 2, 2, 2, 2, 2, 2 ], 6 ], [ [ 2, 2, 2, 2, 2, 2, 2, 2, 2, 2, 2, 2 ], 6 ], [ [ 2, 2, 2, 2, 2, 2, 2, 2, 2, 2, 2, 2 ], 3 ], [ [ 12, 12 ], 16 ], [ [ 12, 12 ], 16 ], [ [ 6, 6, 6, 6 ], 16 ], [ [ 3, 3, 3, 3, 3, 3, 3, 3 ], 16 ], [ [ 2, 2, 2, 2, 4, 4, 4, 4 ], 12 ], [ [ 2, 2, 2, 2, 4, 4, 4, 4 ], 12 ], [ [ 4, 4, 4, 4, 4, 4 ], 4 ], [ [ 4, 4, 4, 4, 4, 4 ], 4 ], [ [ 3, 3, 3, 3, 3, 3, 3, 3 ], 16 ], [ [ 6, 6, 6, 6 ], 16 ], [ [ 12, 12 ], 16 ], [ [ 12, 12 ], 16 ], [ [ 2, 2, 2, 2, 2, 2, 2, 2, 2, 2, 2, 2 ], 1 ] ]
502|192|[ 192, 191 ]|[ [ [ 1, 1, 1, 1, 1, 1, 1, 1, 1, 1, 1, 1, 1, 1, 1, 1, 1, 1, 1, 1, 1, 1, 1, 1 ], 1 ], [ [ 1, 1, 1, 1, 1, 1, 1, 1, 2, 2, 2, 2, 2, 2, 2, 2 ], 6 ], [ [ 1, 1, 1, 1, 1, 1, 1, 1, 2, 2, 2, 2, 2, 2, 2, 2 ], 6 ], [ [ 1, 1, 1, 1, 1, 1, 1, 1, 2, 2, 2, 2, 2, 2, 2, 2 ], 3 ], [ [ 1, 1, 1, 1, 2, 2, 2, 2, 2, 2, 2, 2, 2, 2 ], 6 ], [ [ 1, 1, 1, 1, 2, 2, 2, 2, 2, 2, 2, 2, 2, 2 ], 6 ], [ [ 2, 2, 2, 2, 2, 2, 2, 2, 2, 2, 2, 2 ], 3 ], [ [ 12, 12 ], 16 ], [ [ 12, 12 ], 16 ], [ [ 6, 6, 6, 6 ], 16 ], [ [ 3, 3, 3, 3, 3, 3, 3, 3 ], 16 ], [ [ 2, 2, 2, 2, 4, 4, 4, 4 ], 12 ], [ [ 4, 4, 4, 4, 4, 4 ], 4 ], [ [ 4, 4, 4, 4, 4, 4 ], 4 ], [ [ 2, 2, 2, 2, 4, 4, 4, 4 ], 12 ], [ [ 3, 3, 3, 3, 3, 3, 3, 3 ], 16 ], [ [ 6, 6, 6, 6 ], 16 ], [ [ 12, 12 ], 16 ], [ [ 12, 12 ], 16 ], [ [ 2, 2, 2, 2, 2, 2, 2, 2, 2, 2, 2, 2 ], 1 ] ]
503|192|[ 192, 191 ]|[ [ [ 1, 1, 1, 1, 1, 1, 1, 1, 1, 1, 1, 1, 1, 1, 1, 1, 1, 1, 1, 1, 1, 1, 1, 1 ], 1 ], [ [ 1, 1, 1, 1, 1, 1, 1, 1, 1, 1, 1, 1, 1, 1, 1, 1, 2, 2, 2, 2 ], 6 ], [ [ 1, 1, 1, 1, 1, 1, 1, 1, 2, 2, 2, 2, 2, 2, 2, 2 ], 6 ], [ [ 1, 1, 1, 1, 1, 1, 1, 1, 2, 2, 2, 2, 2, 2, 2, 2 ], 3 ], [ [ 2, 2, 2, 2, 2, 2, 2, 2, 2, 2, 2, 2 ], 6 ], [ [ 2, 2, 2, 2, 2, 2, 2, 2, 2, 2, 2, 2 ], 3 ], [ [ 2, 2, 2, 2, 2, 2, 2, 2, 2, 2, 2, 2 ], 6 ], [ [ 12, 12 ], 16 ], [ [ 12, 12 ], 16 ], [ [ 6, 6, 6, 6 ], 16 ], [ [ 3, 3, 3, 3, 3, 3, 3, 3 ], 16 ], [ [ 4, 4, 4, 4, 4, 4 ], 12 ], [ [ 4, 4, 4, 4, 4, 4 ], 4 ], [ [ 4, 4, 4, 4, 4, 4 ], 12 ], [ [ 4, 4, 4, 4, 4, 4 ], 4 ], [ [ 3, 3, 3, 3, 3, 3, 3, 3 ], 16 ], [ [ 6, 6, 6, 6 ], 16 ], [ [ 12, 12 ], 16 ], [ [ 12, 12 ], 16 ], [ [ 2, 2, 2, 2, 2, 2, 2, 2, 2, 2, 2, 2 ], 1 ] ]
504|192|[ 192, 191 ]|[ [ [ 1, 1, 1, 1, 1, 1, 1, 1, 1, 1, 1, 1, 1, 1, 1, 1, 1, 1, 1, 1, 1, 1, 1, 1 ], 1 ], [ [ 1, 1, 1, 1, 1, 1, 1, 1, 2, 2, 2, 2, 2, 2, 2, 2 ], 6 ], [ [ 1, 1, 1, 1, 1, 1, 1, 1, 2, 2, 2, 2, 2, 2, 2, 2 ], 6 ], [ [ 1, 1, 1, 1, 1, 1, 1, 1, 2, 2, 2, 2, 2, 2, 2, 2 ], 6 ], [ [ 1, 1, 1, 1, 1, 1, 1, 1, 2, 2, 2, 2, 2, 2, 2, 2 ], 3 ], [ [ 2, 2, 2, 2, 2, 2, 2, 2, 2, 2, 2, 2 ], 3 ], [ [ 2, 2, 2, 2, 2, 2, 2, 2, 2, 2, 2, 2 ], 6 ], [ [ 12, 12 ], 16 ], [ [ 12, 12 ], 16 ], [ [ 6, 6, 6, 6 ], 16 ], [ [ 3, 3, 3, 3, 3, 3, 3, 3 ], 16 ], [ [ 4, 4, 4, 4, 4, 4 ], 12 ], [ [ 4, 4, 4, 4, 4, 4 ], 4 ], [ [ 4, 4, 4, 4, 4, 4 ], 12 ], [ [ 4, 4, 4, 4, 4, 4 ], 4 ], [ [ 3, 3, 3, 3, 3, 3, 3, 3 ], 16 ], [ [ 6, 6, 6, 6 ], 16 ], [ [ 12, 12 ], 16 ], [ [ 12, 12 ], 16 ], [ [ 2, 2, 2, 2, 2, 2, 2, 2, 2, 2, 2, 2 ], 1 ] ]
505|192|[ 192, 191 ]|[ [ [ 1, 1, 1, 1, 1, 1, 1, 1, 1, 1, 1, 1, 1, 1, 1, 1, 1, 1, 1, 1, 1, 1, 1, 1 ], 1 ], [ [ 1, 1, 1, 1, 1, 1, 1, 1, 1, 1, 1, 1, 2, 2, 2, 2, 2, 2 ], 6 ], [ [ 1, 1, 1, 1, 1, 1, 1, 1, 2, 2, 2, 2, 2, 2, 2, 2 ], 6 ], [ [ 1, 1, 1, 1, 1, 1, 1, 1, 2, 2, 2, 2, 2, 2, 2, 2 ], 3 ], [ [ 1, 1, 1, 1, 2, 2, 2, 2, 2, 2, 2, 2, 2, 2 ], 6 ], [ [ 2, 2, 2, 2, 2, 2, 2, 2, 2, 2, 2, 2 ], 6 ], [ [ 2, 2, 2, 2, 2, 2, 2, 2, 2, 2, 2, 2 ], 3 ], [ [ 12, 12 ], 16 ], [ [ 12, 12 ], 16 ], [ [ 3, 3, 3, 3, 3, 3, 3, 3 ], 16 ], [ [ 6, 6, 6, 6 ], 16 ], [ [ 2, 2, 2, 2, 4, 4, 4, 4 ], 12 ], [ [ 2, 2, 2, 2, 4, 4, 4, 4 ], 12 ], [ [ 4, 4, 4, 4, 4, 4 ], 4 ], [ [ 4, 4, 4, 4, 4, 4 ], 4 ], [ [ 3, 3, 3, 3, 3, 3, 3, 3 ], 16 ], [ [ 6, 6, 6, 6 ], 16 ], [ [ 12, 12 ], 16 ], [ [ 12, 12 ], 16 ], [ [ 2, 2, 2, 2, 2, 2, 2, 2, 2, 2, 2, 2 ], 1 ] ]
506|192|[ 192, 191 ]|[ [ [ 1, 1, 1, 1, 1, 1, 1, 1, 1, 1, 1, 1, 1, 1, 1, 1, 1, 1, 1, 1, 1, 1, 1, 1 ], 1 ], [ [ 1, 1, 1, 1, 1, 1, 1, 1, 1, 1, 1, 1, 1, 1, 1, 1, 2, 2, 2, 2 ], 3 ], [ [ 1, 1, 1, 1, 2, 2, 2, 2, 2, 2, 2, 2, 2, 2 ], 6 ], [ [ 1, 1, 1, 1, 2, 2, 2, 2, 2, 2, 2, 2, 2, 2 ], 6 ], [ [ 1, 1, 1, 1, 1, 1, 1, 1, 2, 2, 2, 2, 2, 2, 2, 2 ], 3 ], [ [ 1, 1, 1, 1, 2, 2, 2, 2, 2, 2, 2, 2, 2, 2 ], 6 ], [ [ 1, 1, 1, 1, 2, 2, 2, 2, 2, 2, 2, 2, 2, 2 ], 6 ], [ [ 12, 12 ], 16 ], [ [ 12, 12 ], 16 ], [ [ 6, 6, 6, 6 ], 16 ], [ [ 3, 3, 3, 3, 3, 3, 3, 3 ], 16 ], [ [ 4, 4, 4, 4, 4, 4 ], 4 ], [ [ 4, 4, 4, 4, 4, 4 ], 4 ], [ [ 2, 2, 2, 2, 2, 2, 2, 2, 4, 4 ], 12 ], [ [ 2, 2, 2, 2, 2, 2, 2, 2, 4, 4 ], 12 ], [ [ 6, 6, 6, 6 ], 16 ], [ [ 3, 3, 3, 3, 3, 3, 3, 3 ], 16 ], [ [ 12, 12 ], 16 ], [ [ 12, 12 ], 16 ], [ [ 2, 2, 2, 2, 2, 2, 2, 2, 2, 2, 2, 2 ], 1 ] ]
507|192|[ 192, 191 ]|[ [ [ 1, 1, 1, 1, 1, 1, 1, 1, 1, 1, 1, 1, 1, 1, 1, 1, 1, 1, 1, 1, 1, 1, 1, 1 ], 1 ], [ [ 1, 1, 1, 1, 1, 1, 1, 1, 1, 1, 1, 1, 2, 2, 2, 2, 2, 2 ], 6 ], [ [ 1, 1, 1, 1, 2, 2, 2, 2, 2, 2, 2, 2, 2, 2 ], 6 ], [ [ 1, 1, 1, 1, 1, 1, 1, 1, 2, 2, 2, 2, 2, 2, 2, 2 ], 3 ], [ [ 1, 1, 1, 1, 2, 2, 2, 2, 2, 2, 2, 2, 2, 2 ], 6 ], [ [ 1, 1, 1, 1, 2, 2, 2, 2, 2, 2, 2, 2, 2, 2 ], 6 ], [ [ 2, 2, 2, 2, 2, 2, 2, 2, 2, 2, 2, 2 ], 3 ], [ [ 12, 12 ], 16 ], [ [ 12, 12 ], 16 ], [ [ 3, 3, 3, 3, 3, 3, 3, 3 ], 16 ], [ [ 6, 6, 6, 6 ], 16 ], [ [ 4, 4, 4, 4, 4, 4 ], 12 ], [ [ 4, 4, 4, 4, 4, 4 ], 12 ], [ [ 4, 4, 4, 4, 4, 4 ], 4 ], [ [ 4, 4, 4, 4, 4, 4 ], 4 ], [ [ 6, 6, 6, 6 ], 16 ], [ [ 3, 3, 3, 3, 3, 3, 3, 3 ], 16 ], [ [ 12, 12 ], 16 ], [ [ 12, 12 ], 16 ], [ [ 2, 2, 2, 2, 2, 2, 2, 2, 2, 2, 2, 2 ], 1 ] ]
508|192|[ 192, 1538 ]|[ [ [ 1, 1, 1, 1, 1, 1, 1, 1, 1, 1, 1, 1, 1, 1, 1, 1, 1, 1, 1, 1, 1, 1, 1, 1 ], 1 ], [ [ 1, 1, 1, 1, 1, 1, 1, 1, 2, 2, 2, 2, 2, 2, 2, 2 ], 3 ], [ [ 1, 1, 1, 1, 1, 1, 1, 1, 2, 2, 2, 2, 2, 2, 2, 2 ], 3 ], [ [ 1, 1, 1, 1, 1, 1, 1, 1, 2, 2, 2, 2, 2, 2, 2, 2 ], 6 ], [ [ 1, 1, 1, 1, 1, 1, 1, 1, 2, 2, 2, 2, 2, 2, 2, 2 ], 6 ], [ [ 1, 1, 1, 1, 1, 1, 1, 1, 2, 2, 2, 2, 2, 2, 2, 2 ], 3 ], [ [ 2, 2, 2, 2, 2, 2, 2, 2, 2, 2, 2, 2 ], 3 ], [ [ 2, 2, 2, 2, 2, 2, 2, 2, 2, 2, 2, 2 ], 3 ], [ [ 2, 2, 2, 2, 2, 2, 2, 2, 2, 2, 2, 2 ], 3 ], [ [ 2, 2, 2, 2, 2, 2, 2, 2, 2, 2, 2, 2 ], 12 ], [ [ 2, 2, 2, 2, 2, 2, 2, 2, 2, 2, 2, 2 ], 12 ], [ [ 4, 4, 4, 4, 4, 4 ], 12 ], [ [ 4, 4, 4, 4, 4, 4 ], 12 ], [ [ 2, 2, 2, 2, 4, 4, 4, 4 ], 12 ], [ [ 2, 2, 2, 2, 4, 4, 4, 4 ], 12 ], [ [ 4, 4, 4, 4, 4, 4 ], 12 ], [ [ 4, 4, 4, 4, 4, 4 ], 12 ], [ [ 3, 3, 3, 3, 3, 3, 3, 3 ], 32 ], [ [ 6, 6, 6, 6 ], 32 ], [ [ 2, 2, 2, 2, 2, 2, 2, 2, 2, 2, 2, 2 ], 1 ] ]
509|192|[ 192, 1538 ]|[ [ [ 1, 1, 1, 1, 1, 1, 1, 1, 1, 1, 1, 1, 1, 1, 1, 1, 1, 1, 1, 1, 1, 1, 1, 1 ], 1 ], [ [ 1, 1, 1, 1, 1, 1, 1, 1, 1, 1, 1, 1, 1, 1, 1, 1, 2, 2, 2, 2 ], 3 ], [ [ 1, 1, 1, 1, 1, 1, 1, 1, 2, 2, 2, 2, 2, 2, 2, 2 ], 3 ], [ [ 1, 1, 1, 1, 2, 2, 2, 2, 2, 2, 2, 2, 2, 2 ], 6 ], [ [ 1, 1, 1, 1, 1, 1, 1, 1, 2, 2, 2, 2, 2, 2, 2, 2 ], 3 ], [ [ 1, 1, 1, 1, 2, 2, 2, 2, 2, 2, 2, 2, 2, 2 ], 6 ], [ [ 1, 1, 1, 1, 1, 1, 1, 1, 2, 2, 2, 2, 2, 2, 2, 2 ], 3 ], [ [ 2, 2, 2, 2, 2, 2, 2, 2, 2, 2, 2, 2 ], 3 ], [ [ 2, 2, 2, 2, 2, 2, 2, 2, 2, 2, 2, 2 ], 3 ], [ [ 2, 2, 2, 2, 2, 2, 2, 2, 2, 2, 2, 2 ], 12 ], [ [ 2, 2, 2, 2, 2, 2, 2, 2, 2, 2, 2, 2 ], 12 ], [ [ 4, 4, 4, 4, 4, 4 ], 12 ], [ [ 4, 4, 4, 4, 4, 4 ], 12 ], [ [ 2, 2, 2, 2, 4, 4, 4, 4 ], 12 ], [ [ 2, 2, 2, 2, 4, 4, 4, 4 ], 12 ], [ [ 2, 2, 2, 2, 4, 4, 4, 4 ], 12 ], [ [ 2, 2, 2, 2, 4, 4, 4, 4 ], 12 ], [ [ 6, 6, 6, 6 ], 32 ], [ [ 3, 3, 3, 3, 3, 3, 3, 3 ], 32 ], [ [ 2, 2, 2, 2, 2, 2, 2, 2, 2, 2, 2, 2 ], 1 ] ]
510|192|[ 192, 1538 ]|[ [ [ 1, 1, 1, 1, 1, 1, 1, 1, 1, 1, 1, 1, 1, 1, 1, 1, 1, 1, 1, 1, 1, 1, 1, 1 ], 1 ], [ [ 1, 1, 1, 1, 1, 1, 1, 1, 2, 2, 2, 2, 2, 2, 2, 2 ], 3 ], [ [ 1, 1, 1, 1, 1, 1, 1, 1, 1, 1, 1, 1, 2, 2, 2, 2, 2, 2 ], 6 ], [ [ 1, 1, 1, 1, 1, 1, 1, 1, 2, 2, 2, 2, 2, 2, 2, 2 ], 3 ], [ [ 1, 1, 1, 1, 1, 1, 1, 1, 2, 2, 2, 2, 2, 2, 2, 2 ], 3 ], [ [ 1, 1, 1, 1, 2, 2, 2, 2, 2, 2, 2, 2, 2, 2 ], 6 ], [ [ 2, 2, 2, 2, 2, 2, 2, 2, 2, 2, 2, 2 ], 3 ], [ [ 2, 2, 2, 2, 2, 2, 2, 2, 2, 2, 2, 2 ], 3 ], [ [ 2, 2, 2, 2, 2, 2, 2, 2, 2, 2, 2, 2 ], 3 ], [ [ 2, 2, 2, 2, 2, 2, 2, 2, 2, 2, 2, 2 ], 12 ], [ [ 2, 2, 2, 2, 2, 2, 2, 2, 2, 2, 2, 2 ], 12 ], [ [ 4, 4, 4, 4, 4, 4 ], 12 ], [ [ 4, 4, 4, 4, 4, 4 ], 12 ], [ [ 4, 4, 4, 4, 4, 4 ], 12 ], [ [ 4, 4, 4, 4, 4, 4 ], 12 ], [ [ 4, 4, 4, 4, 4, 4 ], 12 ], [ [ 4, 4, 4, 4, 4, 4 ], 12 ], [ [ 3, 3, 3, 3, 3, 3, 3, 3 ], 32 ], [ [ 6, 6, 6, 6 ], 32 ], [ [ 2, 2, 2, 2, 2, 2, 2, 2, 2, 2, 2, 2 ], 1 ] ]
511|192|[ 192, 1538 ]|[ [ [ 1, 1, 1, 1, 1, 1, 1, 1, 1, 1, 1, 1, 1, 1, 1, 1, 1, 1, 1, 1, 1, 1, 1, 1 ], 1 ], [ [ 1, 1, 1, 1, 1, 1, 1, 1, 1, 1, 1, 1, 1, 1, 1, 1, 2, 2, 2, 2 ], 6 ], [ [ 1, 1, 1, 1, 1, 1, 1, 1, 2, 2, 2, 2, 2, 2, 2, 2 ], 3 ], [ [ 1, 1, 1, 1, 1, 1, 1, 1, 2, 2, 2, 2, 2, 2, 2, 2 ], 3 ], [ [ 1, 1, 1, 1, 1, 1, 1, 1, 2, 2, 2, 2, 2, 2, 2, 2 ], 3 ], [ [ 2, 2, 2, 2, 2, 2, 2, 2, 2, 2, 2, 2 ], 3 ], [ [ 2, 2, 2, 2, 2, 2, 2, 2, 2, 2, 2, 2 ], 3 ], [ [ 2, 2, 2, 2, 2, 2, 2, 2, 2, 2, 2, 2 ], 3 ], [ [ 2, 2, 2, 2, 2, 2, 2, 2, 2, 2, 2, 2 ], 6 ], [ [ 2, 2, 2, 2, 2, 2, 2, 2, 2, 2, 2, 2 ], 12 ], [ [ 2, 2, 2, 2, 4, 4, 4, 4 ], 12 ], [ [ 2, 2, 2, 2, 4, 4, 4, 4 ], 12 ], [ [ 2, 2, 2, 2, 4, 4, 4, 4 ], 12 ], [ [ 2, 2, 2, 2, 4, 4, 4, 4 ], 12 ], [ [ 2, 2, 2, 2, 2, 2, 2, 2, 2, 2, 2, 2 ], 12 ], [ [ 2, 2, 2, 2, 4, 4, 4, 4 ], 12 ], [ [ 2, 2, 2, 2, 4, 4, 4, 4 ], 12 ], [ [ 3, 3, 3, 3, 3, 3, 3, 3 ], 32 ], [ [ 6, 6, 6, 6 ], 32 ], [ [ 2, 2, 2, 2, 2, 2, 2, 2, 2, 2, 2, 2 ], 1 ] ]
512|192|[ 192, 1495 ]|[ [ [ 1, 1, 1, 1, 1, 1, 1, 1, 1, 1, 1, 1, 1, 1, 1, 1, 1, 1, 1, 1, 1, 1, 1, 1 ], 1 ], [ [ 1, 1, 1, 1, 1, 1, 1, 1, 2, 2, 2, 2, 2, 2, 2, 2 ], 3 ], [ [ 1, 1, 1, 1, 1, 1, 1, 1, 2, 2, 2, 2, 2, 2, 2, 2 ], 3 ], [ [ 1, 1, 1, 1, 1, 1, 1, 1, 2, 2, 2, 2, 2, 2, 2, 2 ], 6 ], [ [ 1, 1, 1, 1, 1, 1, 1, 1, 2, 2, 2, 2, 2, 2, 2, 2 ], 6 ], [ [ 1, 1, 1, 1, 1, 1, 1, 1, 2, 2, 2, 2, 2, 2, 2, 2 ], 3 ], [ [ 2, 2, 2, 2, 2, 2, 2, 2, 2, 2, 2, 2 ], 3 ], [ [ 2, 2, 2, 2, 2, 2, 2, 2, 2, 2, 2, 2 ], 3 ], [ [ 2, 2, 2, 2, 2, 2, 2, 2, 2, 2, 2, 2 ], 3 ], [ [ 2, 2, 2, 2, 4, 4, 4, 4 ], 12 ], [ [ 2, 2, 2, 2, 4, 4, 4, 4 ], 12 ], [ [ 4, 4, 4, 4, 4, 4 ], 12 ], [ [ 4, 4, 4, 4, 4, 4 ], 12 ], [ [ 2, 2, 2, 2, 4, 4, 4, 4 ], 12 ], [ [ 2, 2, 2, 2, 4, 4, 4, 4 ], 12 ], [ [ 4, 4, 4, 4, 4, 4 ], 12 ], [ [ 4, 4, 4, 4, 4, 4 ], 12 ], [ [ 6, 6, 6, 6 ], 32 ], [ [ 3, 3, 3, 3, 3, 3, 3, 3 ], 32 ], [ [ 2, 2, 2, 2, 2, 2, 2, 2, 2, 2, 2, 2 ], 1 ] ]
513|192|[ 192, 1495 ]|[ [ [ 1, 1, 1, 1, 1, 1, 1, 1, 1, 1, 1, 1, 1, 1, 1, 1, 1, 1, 1, 1, 1, 1, 1, 1 ], 1 ], [ [ 1, 1, 1, 1, 1, 1, 1, 1, 1, 1, 1, 1, 1, 1, 1, 1, 2, 2, 2, 2 ], 3 ], [ [ 1, 1, 1, 1, 1, 1, 1, 1, 2, 2, 2, 2, 2, 2, 2, 2 ], 3 ], [ [ 1, 1, 1, 1, 2, 2, 2, 2, 2, 2, 2, 2, 2, 2 ], 6 ], [ [ 1, 1, 1, 1, 1, 1, 1, 1, 2, 2, 2, 2, 2, 2, 2, 2 ], 3 ], [ [ 1, 1, 1, 1, 2, 2, 2, 2, 2, 2, 2, 2, 2, 2 ], 6 ], [ [ 1, 1, 1, 1, 1, 1, 1, 1, 2, 2, 2, 2, 2, 2, 2, 2 ], 3 ], [ [ 2, 2, 2, 2, 2, 2, 2, 2, 2, 2, 2, 2 ], 3 ], [ [ 2, 2, 2, 2, 2, 2, 2, 2, 2, 2, 2, 2 ], 3 ], [ [ 2, 2, 2, 2, 2, 2, 2, 2, 4, 4 ], 12 ], [ [ 2, 2, 2, 2, 2, 2, 2, 2, 4, 4 ], 12 ], [ [ 4, 4, 4, 4, 4, 4 ], 12 ], [ [ 4, 4, 4, 4, 4, 4 ], 12 ], [ [ 2, 2, 2, 2, 4, 4, 4, 4 ], 12 ], [ [ 2, 2, 2, 2, 4, 4, 4, 4 ], 12 ], [ [ 4, 4, 4, 4, 4, 4 ], 12 ], [ [ 4, 4, 4, 4, 4, 4 ], 12 ], [ [ 6, 6, 6, 6 ], 32 ], [ [ 3, 3, 3, 3, 3, 3, 3, 3 ], 32 ], [ [ 2, 2, 2, 2, 2, 2, 2, 2, 2, 2, 2, 2 ], 1 ] ]
514|192|[ 192, 1495 ]|[ [ [ 1, 1, 1, 1, 1, 1, 1, 1, 1, 1, 1, 1, 1, 1, 1, 1, 1, 1, 1, 1, 1, 1, 1, 1 ], 1 ], [ [ 1, 1, 1, 1, 1, 1, 1, 1, 2, 2, 2, 2, 2, 2, 2, 2 ], 3 ], [ [ 1, 1, 1, 1, 1, 1, 1, 1, 1, 1, 1, 1, 2, 2, 2, 2, 2, 2 ], 6 ], [ [ 1, 1, 1, 1, 1, 1, 1, 1, 2, 2, 2, 2, 2, 2, 2, 2 ], 3 ], [ [ 1, 1, 1, 1, 1, 1, 1, 1, 2, 2, 2, 2, 2, 2, 2, 2 ], 3 ], [ [ 1, 1, 1, 1, 2, 2, 2, 2, 2, 2, 2, 2, 2, 2 ], 6 ], [ [ 2, 2, 2, 2, 2, 2, 2, 2, 2, 2, 2, 2 ], 3 ], [ [ 2, 2, 2, 2, 2, 2, 2, 2, 2, 2, 2, 2 ], 3 ], [ [ 2, 2, 2, 2, 2, 2, 2, 2, 2, 2, 2, 2 ], 3 ], [ [ 2, 2, 2, 2, 4, 4, 4, 4 ], 12 ], [ [ 2, 2, 2, 2, 4, 4, 4, 4 ], 12 ], [ [ 2, 2, 2, 2, 4, 4, 4, 4 ], 12 ], [ [ 2, 2, 2, 2, 4, 4, 4, 4 ], 12 ], [ [ 2, 2, 2, 2, 4, 4, 4, 4 ], 12 ], [ [ 2, 2, 2, 2, 4, 4, 4, 4 ], 12 ], [ [ 4, 4, 4, 4, 4, 4 ], 12 ], [ [ 4, 4, 4, 4, 4, 4 ], 12 ], [ [ 3, 3, 3, 3, 3, 3, 3, 3 ], 32 ], [ [ 6, 6, 6, 6 ], 32 ], [ [ 2, 2, 2, 2, 2, 2, 2, 2, 2, 2, 2, 2 ], 1 ] ]
515|192|[ 192, 1495 ]|[ [ [ 1, 1, 1, 1, 1, 1, 1, 1, 1, 1, 1, 1, 1, 1, 1, 1, 1, 1, 1, 1, 1, 1, 1, 1 ], 1 ], [ [ 1, 1, 1, 1, 1, 1, 1, 1, 1, 1, 1, 1, 1, 1, 1, 1, 2, 2, 2, 2 ], 6 ], [ [ 1, 1, 1, 1, 1, 1, 1, 1, 2, 2, 2, 2, 2, 2, 2, 2 ], 3 ], [ [ 1, 1, 1, 1, 1, 1, 1, 1, 2, 2, 2, 2, 2, 2, 2, 2 ], 3 ], [ [ 1, 1, 1, 1, 1, 1, 1, 1, 2, 2, 2, 2, 2, 2, 2, 2 ], 3 ], [ [ 2, 2, 2, 2, 2, 2, 2, 2, 2, 2, 2, 2 ], 3 ], [ [ 2, 2, 2, 2, 2, 2, 2, 2, 2, 2, 2, 2 ], 3 ], [ [ 2, 2, 2, 2, 2, 2, 2, 2, 2, 2, 2, 2 ], 3 ], [ [ 2, 2, 2, 2, 2, 2, 2, 2, 2, 2, 2, 2 ], 6 ], [ [ 4, 4, 4, 4, 4, 4 ], 12 ], [ [ 4, 4, 4, 4, 4, 4 ], 12 ], [ [ 4, 4, 4, 4, 4, 4 ], 12 ], [ [ 4, 4, 4, 4, 4, 4 ], 12 ], [ [ 4, 4, 4, 4, 4, 4 ], 12 ], [ [ 4, 4, 4, 4, 4, 4 ], 12 ], [ [ 4, 4, 4, 4, 4, 4 ], 12 ], [ [ 4, 4, 4, 4, 4, 4 ], 12 ], [ [ 3, 3, 3, 3, 3, 3, 3, 3 ], 32 ], [ [ 6, 6, 6, 6 ], 32 ], [ [ 2, 2, 2, 2, 2, 2, 2, 2, 2, 2, 2, 2 ], 1 ] ]
516|192|[ 192, 955 ]|[ [ [ 1, 1, 1, 1, 1, 1, 1, 1, 1, 1, 1, 1, 1, 1, 1, 1, 1, 1, 1, 1, 1, 1, 1, 1 ], 1 ], [ [ 1, 1, 1, 1, 1, 1, 1, 1, 1, 1, 1, 1, 1, 1, 1, 1, 2, 2, 2, 2 ], 6 ], [ [ 1, 1, 1, 1, 1, 1, 1, 1, 2, 2, 2, 2, 2, 2, 2, 2 ], 6 ], [ [ 1, 1, 1, 1, 1, 1, 1, 1, 2, 2, 2, 2, 2, 2, 2, 2 ], 3 ], [ [ 2, 2, 2, 2, 4, 4, 4, 4 ], 12 ], [ [ 2, 2, 2, 2, 2, 2, 2, 2, 4, 4 ], 24 ], [ [ 6, 6, 6, 6 ], 32 ], [ [ 2, 2, 2, 2, 2, 2, 2, 2, 2, 2, 2, 2 ], 12 ], [ [ 2, 2, 2, 2, 4, 4, 4, 4 ], 24 ], [ [ 2, 2, 2, 2, 4, 4, 4, 4 ], 12 ], [ [ 2, 2, 2, 2, 2, 2, 2, 2, 2, 2, 2, 2 ], 12 ], [ [ 3, 3, 3, 3, 3, 3, 3, 3 ], 32 ], [ [ 2, 2, 2, 2, 4, 4, 4, 4 ], 12 ], [ [ 2, 2, 2, 2, 2, 2, 2, 2, 2, 2, 2, 2 ], 4 ] ]
517|192|[ 192, 955 ]|[ [ [ 1, 1, 1, 1, 1, 1, 1, 1, 1, 1, 1, 1, 1, 1, 1, 1, 1, 1, 1, 1, 1, 1, 1, 1 ], 1 ], [ [ 1, 1, 1, 1, 1, 1, 1, 1, 2, 2, 2, 2, 2, 2, 2, 2 ], 6 ], [ [ 1, 1, 1, 1, 1, 1, 1, 1, 2, 2, 2, 2, 2, 2, 2, 2 ], 3 ], [ [ 1, 1, 1, 1, 1, 1, 1, 1, 4, 4, 4, 4 ], 12 ], [ [ 2, 2, 2, 2, 2, 2, 2, 2, 2, 2, 2, 2 ], 6 ], [ [ 2, 2, 2, 2, 4, 4, 4, 4 ], 24 ], [ [ 2, 2, 2, 2, 2, 2, 2, 2, 2, 2, 2, 2 ], 12 ], [ [ 4, 4, 4, 4, 4, 4 ], 24 ], [ [ 6, 6, 6, 6 ], 32 ], [ [ 2, 2, 2, 2, 4, 4, 4, 4 ], 12 ], [ [ 2, 2, 2, 2, 2, 2, 2, 2, 2, 2, 2, 2 ], 12 ], [ [ 3, 3, 3, 3, 3, 3, 3, 3 ], 32 ], [ [ 2, 2, 2, 2, 2, 2, 2, 2, 2, 2, 2, 2 ], 4 ], [ [ 2, 2, 2, 2, 4, 4, 4, 4 ], 12 ] ]
518|192|[ 192, 955 ]|[ [ [ 1, 1, 1, 1, 1, 1, 1, 1, 1, 1, 1, 1, 1, 1, 1, 1, 1, 1, 1, 1, 1, 1, 1, 1 ], 1 ], [ [ 1, 1, 1, 1, 1, 1, 1, 1, 2, 2, 2, 2, 2, 2, 2, 2 ], 6 ], [ [ 1, 1, 1, 1, 1, 1, 1, 1, 2, 2, 2, 2, 2, 2, 2, 2 ], 3 ], [ [ 1, 1, 1, 1, 2, 2, 4, 4, 4, 4 ], 24 ], [ [ 2, 2, 2, 2, 2, 2, 2, 2, 2, 2, 2, 2 ], 6 ], [ [ 2, 2, 2, 2, 4, 4, 4, 4 ], 12 ], [ [ 2, 2, 2, 2, 2, 2, 2, 2, 2, 2, 2, 2 ], 12 ], [ [ 4, 4, 4, 4, 4, 4 ], 24 ], [ [ 6, 6, 6, 6 ], 32 ], [ [ 2, 2, 2, 2, 4, 4, 4, 4 ], 12 ], [ [ 2, 2, 2, 2, 2, 2, 2, 2, 2, 2, 2, 2 ], 12 ], [ [ 3, 3, 3, 3, 3, 3, 3, 3 ], 32 ], [ [ 2, 2, 2, 2, 2, 2, 2, 2, 2, 2, 2, 2 ], 4 ], [ [ 2, 2, 2, 2, 4, 4, 4, 4 ], 12 ] ]
519|192|[ 192, 955 ]|[ [ [ 1, 1, 1, 1, 1, 1, 1, 1, 1, 1, 1, 1, 1, 1, 1, 1, 1, 1, 1, 1, 1, 1, 1, 1 ], 1 ], [ [ 1, 1, 1, 1, 1, 1, 1, 1, 1, 1, 1, 1, 2, 2, 2, 2, 2, 2 ], 6 ], [ [ 1, 1, 2, 2, 2, 2, 2, 4, 4, 4 ], 24 ], [ [ 1, 1, 1, 1, 2, 2, 2, 2, 2, 2, 2, 2, 2, 2 ], 12 ], [ [ 2, 2, 2, 2, 2, 2, 2, 2, 2, 2, 2, 2 ], 6 ], [ [ 2, 2, 2, 2, 2, 2, 2, 2, 2, 2, 2, 2 ], 3 ], [ [ 2, 2, 2, 2, 2, 2, 2, 2, 2, 2, 2, 2 ], 12 ], [ [ 4, 4, 4, 4, 4, 4 ], 24 ], [ [ 6, 6, 6, 6 ], 32 ], [ [ 4, 4, 4, 4, 4, 4 ], 12 ], [ [ 3, 3, 3, 3, 3, 3, 3, 3 ], 32 ], [ [ 4, 4, 4, 4, 4, 4 ], 12 ], [ [ 4, 4, 4, 4, 4, 4 ], 12 ], [ [ 2, 2, 2, 2, 2, 2, 2, 2, 2, 2, 2, 2 ], 4 ] ]
520|192|[ 192, 955 ]|[ [ [ 1, 1, 1, 1, 1, 1, 1, 1, 1, 1, 1, 1, 1, 1, 1, 1, 1, 1, 1, 1, 1, 1, 1, 1 ], 1 ], [ [ 1, 1, 1, 1, 1, 1, 1, 1, 2, 2, 2, 2, 2, 2, 2, 2 ], 6 ], [ [ 1, 1, 1, 1, 1, 1, 1, 1, 2, 2, 2, 2, 2, 2, 2, 2 ], 3 ], [ [ 1, 1, 1, 1, 1, 1, 1, 1, 2, 2, 2, 2, 2, 2, 2, 2 ], 12 ], [ [ 2, 2, 2, 2, 2, 2, 2, 2, 2, 2, 2, 2 ], 6 ], [ [ 2, 2, 2, 2, 4, 4, 4, 4 ], 24 ], [ [ 2, 2, 2, 2, 2, 2, 2, 2, 2, 2, 2, 2 ], 12 ], [ [ 4, 4, 4, 4, 4, 4 ], 24 ], [ [ 6, 6, 6, 6 ], 32 ], [ [ 2, 2, 2, 2, 4, 4, 4, 4 ], 12 ], [ [ 2, 2, 2, 2, 4, 4, 4, 4 ], 12 ], [ [ 3, 3, 3, 3, 3, 3, 3, 3 ], 32 ], [ [ 2, 2, 2, 2, 2, 2, 2, 2, 2, 2, 2, 2 ], 4 ], [ [ 2, 2, 2, 2, 4, 4, 4, 4 ], 12 ] ]
521|192|[ 192, 955 ]|[ [ [ 1, 1, 1, 1, 1, 1, 1, 1, 1, 1, 1, 1, 1, 1, 1, 1, 1, 1, 1, 1, 1, 1, 1, 1 ], 1 ], [ [ 1, 1, 1, 1, 1, 1, 1, 1, 2, 2, 2, 2, 2, 2, 2, 2 ], 6 ], [ [ 1, 1, 1, 1, 2, 2, 2, 2, 2, 2, 2, 2, 2, 2 ], 6 ], [ [ 1, 1, 1, 1, 2, 2, 2, 2, 2, 2, 2, 2, 2, 2 ], 12 ], [ [ 1, 1, 2, 4, 4, 4, 4, 4 ], 24 ], [ [ 2, 2, 2, 2, 2, 2, 2, 2, 2, 2, 2, 2 ], 3 ], [ [ 2, 2, 2, 2, 4, 4, 4, 4 ], 24 ], [ [ 6, 6, 6, 6 ], 32 ], [ [ 4, 4, 4, 4, 4, 4 ], 12 ], [ [ 2, 2, 2, 2, 2, 2, 2, 2, 2, 2, 2, 2 ], 12 ], [ [ 4, 4, 4, 4, 4, 4 ], 12 ], [ [ 3, 3, 3, 3, 3, 3, 3, 3 ], 32 ], [ [ 4, 4, 4, 4, 4, 4 ], 12 ], [ [ 2, 2, 2, 2, 2, 2, 2, 2, 2, 2, 2, 2 ], 4 ] ]
522|192|[ 192, 955 ]|[ [ [ 1, 1, 1, 1, 1, 1, 1, 1, 1, 1, 1, 1, 1, 1, 1, 1, 1, 1, 1, 1, 1, 1, 1, 1 ], 1 ], [ [ 1, 1, 1, 1, 1, 1, 1, 1, 1, 1, 1, 1, 2, 2, 2, 2, 2, 2 ], 4 ], [ [ 1, 1, 1, 1, 1, 1, 1, 1, 2, 2, 2, 2, 2, 2, 2, 2 ], 3 ], [ [ 1, 1, 1, 1, 1, 1, 1, 1, 2, 2, 2, 2, 2, 2, 2, 2 ], 6 ], [ [ 1, 1, 1, 1, 2, 2, 4, 4, 4, 4 ], 12 ], [ [ 2, 2, 2, 2, 2, 2, 2, 2, 2, 2, 2, 2 ], 12 ], [ [ 2, 2, 2, 2, 4, 4, 4, 4 ], 12 ], [ [ 2, 2, 2, 2, 2, 2, 2, 2, 2, 2, 2, 2 ], 12 ], [ [ 4, 4, 4, 4, 4, 4 ], 24 ], [ [ 2, 2, 2, 2, 4, 4, 4, 4 ], 24 ], [ [ 2, 2, 2, 2, 4, 4, 4, 4 ], 12 ], [ [ 3, 3, 3, 3, 3, 3, 3, 3 ], 32 ], [ [ 3, 3, 3, 3, 6, 6 ], 32 ], [ [ 2, 2, 2, 2, 2, 2, 2, 2, 2, 2, 2, 2 ], 6 ] ]
523|192|[ 192, 955 ]|[ [ [ 1, 1, 1, 1, 1, 1, 1, 1, 1, 1, 1, 1, 1, 1, 1, 1, 1, 1, 1, 1, 1, 1, 1, 1 ], 1 ], [ [ 1, 1, 1, 1, 1, 1, 1, 1, 1, 1, 1, 1, 2, 2, 2, 2, 2, 2 ], 4 ], [ [ 1, 1, 1, 1, 1, 1, 1, 1, 2, 2, 2, 2, 2, 2, 2, 2 ], 3 ], [ [ 1, 1, 1, 1, 2, 2, 2, 2, 2, 2, 2, 2, 2, 2 ], 12 ], [ [ 1, 1, 1, 1, 2, 2, 2, 2, 2, 2, 2, 2, 2, 2 ], 12 ], [ [ 2, 2, 2, 2, 4, 4, 4, 4 ], 12 ], [ [ 2, 2, 2, 2, 2, 2, 2, 2, 2, 2, 2, 2 ], 6 ], [ [ 2, 2, 2, 2, 4, 4, 4, 4 ], 12 ], [ [ 3, 3, 3, 3, 3, 3, 3, 3 ], 32 ], [ [ 3, 3, 3, 3, 6, 6 ], 32 ], [ [ 4, 4, 4, 4, 4, 4 ], 24 ], [ [ 4, 4, 4, 4, 4, 4 ], 24 ], [ [ 2, 2, 2, 2, 4, 4, 4, 4 ], 12 ], [ [ 2, 2, 2, 2, 2, 2, 2, 2, 2, 2, 2, 2 ], 6 ] ]
524|192|[ 192, 955 ]|[ [ [ 1, 1, 1, 1, 1, 1, 1, 1, 1, 1, 1, 1, 1, 1, 1, 1, 1, 1, 1, 1, 1, 1, 1, 1 ], 1 ], [ [ 1, 1, 1, 1, 1, 1, 1, 1, 1, 1, 1, 1, 2, 2, 2, 2, 2, 2 ], 4 ], [ [ 1, 1, 1, 1, 1, 1, 1, 1, 2, 2, 2, 2, 2, 2, 2, 2 ], 3 ], [ [ 1, 1, 1, 1, 2, 2, 2, 2, 2, 2, 2, 2, 2, 2 ], 12 ], [ [ 1, 1, 1, 1, 2, 2, 4, 4, 4, 4 ], 12 ], [ [ 2, 2, 2, 2, 2, 2, 2, 2, 2, 2, 2, 2 ], 6 ], [ [ 2, 2, 2, 2, 4, 4, 4, 4 ], 12 ], [ [ 2, 2, 2, 2, 2, 2, 2, 2, 2, 2, 2, 2 ], 12 ], [ [ 3, 3, 3, 3, 3, 3, 3, 3 ], 32 ], [ [ 3, 3, 3, 3, 6, 6 ], 32 ], [ [ 2, 2, 2, 2, 4, 4, 4, 4 ], 12 ], [ [ 4, 4, 4, 4, 4, 4 ], 24 ], [ [ 4, 4, 4, 4, 4, 4 ], 24 ], [ [ 2, 2, 2, 2, 2, 2, 2, 2, 2, 2, 2, 2 ], 6 ] ]
525|192|[ 192, 955 ]|[ [ [ 1, 1, 1, 1, 1, 1, 1, 1, 1, 1, 1, 1, 1, 1, 1, 1, 1, 1, 1, 1, 1, 1, 1, 1 ], 1 ], [ [ 1, 1, 1, 1, 1, 1, 1, 1, 2, 2, 2, 2, 2, 2, 2, 2 ], 3 ], [ [ 1, 1, 1, 1, 2, 2, 4, 4, 4, 4 ], 12 ], [ [ 1, 1, 1, 1, 1, 1, 1, 1, 2, 2, 2, 2, 2, 2, 2, 2 ], 6 ], [ [ 1, 1, 1, 1, 2, 2, 2, 2, 2, 2, 2, 2, 2, 2 ], 12 ], [ [ 2, 2, 2, 2, 2, 2, 2, 2, 2, 2, 2, 2 ], 4 ], [ [ 2, 2, 2, 2, 2, 2, 2, 2, 2, 2, 2, 2 ], 12 ], [ [ 2, 2, 2, 2, 4, 4, 4, 4 ], 12 ], [ [ 6, 6, 6, 6 ], 32 ], [ [ 2, 2, 2, 2, 4, 4, 4, 4 ], 24 ], [ [ 2, 2, 2, 2, 4, 4, 4, 4 ], 12 ], [ [ 3, 3, 3, 3, 3, 3, 3, 3 ], 32 ], [ [ 4, 4, 4, 4, 4, 4 ], 24 ], [ [ 2, 2, 2, 2, 2, 2, 2, 2, 2, 2, 2, 2 ], 6 ] ]
526|192|[ 192, 955 ]|[ [ [ 1, 1, 1, 1, 1, 1, 1, 1, 1, 1, 1, 1, 1, 1, 1, 1, 1, 1, 1, 1, 1, 1, 1, 1 ], 1 ], [ [ 1, 1, 1, 1, 1, 1, 1, 1, 2, 2, 2, 2, 2, 2, 2, 2 ], 3 ], [ [ 1, 1, 1, 1, 2, 2, 4, 4, 4, 4 ], 12 ], [ [ 1, 1, 1, 1, 2, 2, 4, 4, 4, 4 ], 12 ], [ [ 1, 1, 1, 1, 2, 2, 2, 2, 2, 2, 2, 2, 2, 2 ], 12 ], [ [ 2, 2, 2, 2, 2, 2, 2, 2, 2, 2, 2, 2 ], 4 ], [ [ 2, 2, 2, 2, 2, 2, 2, 2, 2, 2, 2, 2 ], 6 ], [ [ 2, 2, 2, 2, 2, 2, 2, 2, 2, 2, 2, 2 ], 12 ], [ [ 6, 6, 6, 6 ], 32 ], [ [ 4, 4, 4, 4, 4, 4 ], 24 ], [ [ 3, 3, 3, 3, 3, 3, 3, 3 ], 32 ], [ [ 2, 2, 2, 2, 4, 4, 4, 4 ], 12 ], [ [ 4, 4, 4, 4, 4, 4 ], 24 ], [ [ 2, 2, 2, 2, 2, 2, 2, 2, 2, 2, 2, 2 ], 6 ] ]
527|192|[ 192, 955 ]|[ [ [ 1, 1, 1, 1, 1, 1, 1, 1, 1, 1, 1, 1, 1, 1, 1, 1, 1, 1, 1, 1, 1, 1, 1, 1 ], 1 ], [ [ 1, 1, 1, 1, 1, 1, 1, 1, 2, 2, 2, 2, 2, 2, 2, 2 ], 3 ], [ [ 1, 1, 1, 1, 2, 2, 2, 2, 2, 2, 2, 2, 2, 2 ], 12 ], [ [ 1, 1, 1, 1, 2, 2, 4, 4, 4, 4 ], 12 ], [ [ 1, 1, 1, 1, 2, 2, 2, 2, 2, 2, 2, 2, 2, 2 ], 12 ], [ [ 2, 2, 2, 2, 2, 2, 2, 2, 2, 2, 2, 2 ], 4 ], [ [ 2, 2, 2, 2, 4, 4, 4, 4 ], 12 ], [ [ 2, 2, 2, 2, 2, 2, 2, 2, 2, 2, 2, 2 ], 6 ], [ [ 6, 6, 6, 6 ], 32 ], [ [ 4, 4, 4, 4, 4, 4 ], 24 ], [ [ 3, 3, 3, 3, 3, 3, 3, 3 ], 32 ], [ [ 4, 4, 4, 4, 4, 4 ], 24 ], [ [ 2, 2, 2, 2, 4, 4, 4, 4 ], 12 ], [ [ 2, 2, 2, 2, 2, 2, 2, 2, 2, 2, 2, 2 ], 6 ] ]
528|192|[ 192, 955 ]|[ [ [ 1, 1, 1, 1, 1, 1, 1, 1, 1, 1, 1, 1, 1, 1, 1, 1, 1, 1, 1, 1, 1, 1, 1, 1 ], 1 ], [ [ 1, 1, 1, 1, 1, 1, 1, 1, 1, 1, 1, 1, 2, 2, 2, 2, 2, 2 ], 4 ], [ [ 1, 1, 1, 1, 1, 1, 1, 1, 2, 2, 2, 2, 2, 2, 2, 2 ], 3 ], [ [ 1, 1, 1, 1, 2, 2, 4, 4, 4, 4 ], 12 ], [ [ 1, 1, 1, 1, 2, 2, 4, 4, 4, 4 ], 12 ], [ [ 2, 2, 2, 2, 2, 2, 2, 2, 2, 2, 2, 2 ], 12 ], [ [ 2, 2, 2, 2, 2, 2, 2, 2, 2, 2, 2, 2 ], 6 ], [ [ 2, 2, 2, 2, 4, 4, 4, 4 ], 12 ], [ [ 3, 3, 3, 3, 3, 3, 3, 3 ], 32 ], [ [ 3, 3, 3, 3, 6, 6 ], 32 ], [ [ 4, 4, 4, 4, 4, 4 ], 24 ], [ [ 4, 4, 4, 4, 4, 4 ], 24 ], [ [ 2, 2, 2, 2, 2, 2, 2, 2, 2, 2, 2, 2 ], 12 ], [ [ 2, 2, 2, 2, 2, 2, 2, 2, 2, 2, 2, 2 ], 6 ] ]
529|192|[ 192, 955 ]|[ [ [ 1, 1, 1, 1, 1, 1, 1, 1, 1, 1, 1, 1, 1, 1, 1, 1, 1, 1, 1, 1, 1, 1, 1, 1 ], 1 ], [ [ 1, 1, 1, 1, 1, 1, 1, 1, 2, 2, 2, 2, 2, 2, 2, 2 ], 3 ], [ [ 1, 1, 1, 1, 2, 2, 4, 4, 4, 4 ], 12 ], [ [ 1, 1, 1, 1, 2, 2, 4, 4, 4, 4 ], 12 ], [ [ 1, 1, 1, 1, 2, 2, 4, 4, 4, 4 ], 12 ], [ [ 2, 2, 2, 2, 2, 2, 2, 2, 2, 2, 2, 2 ], 4 ], [ [ 2, 2, 2, 2, 2, 2, 2, 2, 2, 2, 2, 2 ], 12 ], [ [ 2, 2, 2, 2, 2, 2, 2, 2, 2, 2, 2, 2 ], 6 ], [ [ 2, 2, 2, 2, 2, 2, 2, 2, 2, 2, 2, 2 ], 12 ], [ [ 3, 3, 3, 3, 3, 3, 3, 3 ], 32 ], [ [ 4, 4, 4, 4, 4, 4 ], 24 ], [ [ 6, 6, 6, 6 ], 32 ], [ [ 4, 4, 4, 4, 4, 4 ], 24 ], [ [ 2, 2, 2, 2, 2, 2, 2, 2, 2, 2, 2, 2 ], 6 ] ]
530|192|[ 192, 956 ]|[ [ [ 1, 1, 1, 1, 1, 1, 1, 1, 1, 1, 1, 1, 1, 1, 1, 1, 1, 1, 1, 1, 1, 1, 1, 1 ], 1 ], [ [ 1, 1, 1, 1, 1, 1, 1, 1, 2, 2, 2, 2, 2, 2, 2, 2 ], 3 ], [ [ 1, 1, 1, 1, 2, 2, 8, 8 ], 24 ], [ [ 1, 1, 1, 1, 1, 1, 1, 1, 4, 4, 4, 4 ], 6 ], [ [ 2, 2, 2, 2, 2, 2, 2, 2, 2, 2, 2, 2 ], 12 ], [ [ 2, 2, 2, 2, 4, 4, 4, 4 ], 12 ], [ [ 2, 2, 2, 2, 2, 2, 2, 2, 2, 2, 2, 2 ], 12 ], [ [ 6, 6, 6, 6 ], 32 ], [ [ 4, 4, 8, 8 ], 24 ], [ [ 2, 2, 2, 2, 2, 2, 2, 2, 2, 2, 2, 2 ], 12 ], [ [ 3, 3, 3, 3, 3, 3, 3, 3 ], 32 ], [ [ 2, 2, 2, 2, 4, 4, 4, 4 ], 12 ], [ [ 2, 2, 2, 2, 2, 2, 2, 2, 2, 2, 2, 2 ], 4 ], [ [ 2, 2, 2, 2, 4, 4, 4, 4 ], 6 ] ]
531|192|[ 192, 956 ]|[ [ [ 1, 1, 1, 1, 1, 1, 1, 1, 1, 1, 1, 1, 1, 1, 1, 1, 1, 1, 1, 1, 1, 1, 1, 1 ], 1 ], [ [ 1, 1, 1, 1, 1, 1, 1, 1, 2, 2, 2, 2, 2, 2, 2, 2 ], 12 ], [ [ 1, 1, 1, 1, 1, 1, 1, 1, 2, 2, 2, 2, 2, 2, 2, 2 ], 3 ], [ [ 1, 1, 1, 1, 1, 1, 1, 1, 4, 4, 4, 4 ], 6 ], [ [ 2, 2, 2, 2, 4, 4, 4, 4 ], 12 ], [ [ 2, 2, 2, 2, 8, 8 ], 24 ], [ [ 2, 2, 2, 2, 2, 2, 2, 2, 2, 2, 2, 2 ], 12 ], [ [ 2, 2, 2, 2, 2, 2, 2, 2, 2, 2, 2, 2 ], 12 ], [ [ 4, 4, 8, 8 ], 24 ], [ [ 2, 2, 2, 2, 4, 4, 4, 4 ], 12 ], [ [ 3, 3, 3, 3, 3, 3, 3, 3 ], 32 ], [ [ 6, 6, 6, 6 ], 32 ], [ [ 2, 2, 2, 2, 4, 4, 4, 4 ], 6 ], [ [ 2, 2, 2, 2, 2, 2, 2, 2, 2, 2, 2, 2 ], 4 ] ]
532|192|[ 192, 956 ]|[ [ [ 1, 1, 1, 1, 1, 1, 1, 1, 1, 1, 1, 1, 1, 1, 1, 1, 1, 1, 1, 1, 1, 1, 1, 1 ], 1 ], [ [ 1, 1, 1, 1, 1, 1, 1, 1, 2, 2, 2, 2, 2, 2, 2, 2 ], 3 ], [ [ 1, 1, 1, 1, 1, 1, 1, 1, 4, 4, 4, 4 ], 12 ], [ [ 1, 1, 1, 1, 1, 1, 1, 1, 4, 4, 4, 4 ], 6 ], [ [ 2, 2, 2, 2, 2, 2, 2, 2, 2, 2, 2, 2 ], 12 ], [ [ 2, 2, 2, 2, 8, 8 ], 24 ], [ [ 2, 2, 2, 2, 2, 2, 2, 2, 2, 2, 2, 2 ], 12 ], [ [ 6, 6, 6, 6 ], 32 ], [ [ 2, 2, 2, 2, 4, 4, 4, 4 ], 12 ], [ [ 2, 2, 2, 2, 2, 2, 2, 2, 2, 2, 2, 2 ], 12 ], [ [ 3, 3, 3, 3, 3, 3, 3, 3 ], 32 ], [ [ 4, 4, 8, 8 ], 24 ], [ [ 2, 2, 2, 2, 4, 4, 4, 4 ], 6 ], [ [ 2, 2, 2, 2, 2, 2, 2, 2, 2, 2, 2, 2 ], 4 ] ]
533|192|[ 192, 956 ]|[ [ [ 1, 1, 1, 1, 1, 1, 1, 1, 1, 1, 1, 1, 1, 1, 1, 1, 1, 1, 1, 1, 1, 1, 1, 1 ], 1 ], [ [ 1, 1, 1, 1, 1, 1, 1, 1, 2, 2, 2, 2, 2, 2, 2, 2 ], 3 ], [ [ 1, 1, 1, 1, 1, 1, 1, 1, 2, 2, 2, 2, 2, 2, 2, 2 ], 12 ], [ [ 1, 1, 1, 1, 1, 1, 1, 1, 4, 4, 4, 4 ], 6 ], [ [ 2, 2, 2, 2, 2, 2, 2, 2, 2, 2, 2, 2 ], 12 ], [ [ 2, 2, 2, 2, 8, 8 ], 24 ], [ [ 2, 2, 2, 2, 2, 2, 2, 2, 2, 2, 2, 2 ], 12 ], [ [ 6, 6, 6, 6 ], 32 ], [ [ 2, 2, 2, 2, 4, 4, 4, 4 ], 12 ], [ [ 3, 3, 3, 3, 3, 3, 3, 3 ], 32 ], [ [ 4, 4, 8, 8 ], 24 ], [ [ 2, 2, 2, 2, 4, 4, 4, 4 ], 12 ], [ [ 2, 2, 2, 2, 4, 4, 4, 4 ], 6 ], [ [ 2, 2, 2, 2, 2, 2, 2, 2, 2, 2, 2, 2 ], 4 ] ]
534|192|[ 192, 956 ]|[ [ [ 1, 1, 1, 1, 1, 1, 1, 1, 1, 1, 1, 1, 1, 1, 1, 1, 1, 1, 1, 1, 1, 1, 1, 1 ], 1 ], [ [ 1, 1, 1, 1, 1, 1, 1, 1, 1, 1, 1, 1, 2, 2, 2, 2, 2, 2 ], 4 ], [ [ 1, 1, 1, 1, 1, 1, 1, 1, 2, 2, 2, 2, 2, 2, 2, 2 ], 3 ], [ [ 1, 1, 1, 1, 1, 1, 1, 1, 4, 4, 4, 4 ], 6 ], [ [ 1, 1, 1, 1, 2, 2, 2, 2, 2, 2, 2, 2, 2, 2 ], 12 ], [ [ 2, 2, 2, 2, 2, 2, 2, 2, 2, 2, 2, 2 ], 12 ], [ [ 2, 2, 2, 2, 4, 4, 4, 4 ], 12 ], [ [ 2, 2, 2, 2, 2, 2, 2, 2, 2, 2, 2, 2 ], 12 ], [ [ 4, 4, 8, 8 ], 24 ], [ [ 2, 2, 2, 2, 8, 8 ], 24 ], [ [ 2, 2, 2, 2, 4, 4, 4, 4 ], 12 ], [ [ 3, 3, 3, 3, 3, 3, 3, 3 ], 32 ], [ [ 3, 3, 3, 3, 6, 6 ], 32 ], [ [ 2, 2, 2, 2, 4, 4, 4, 4 ], 6 ] ]
535|192|[ 192, 956 ]|[ [ [ 1, 1, 1, 1, 1, 1, 1, 1, 1, 1, 1, 1, 1, 1, 1, 1, 1, 1, 1, 1, 1, 1, 1, 1 ], 1 ], [ [ 1, 1, 1, 1, 1, 1, 1, 1, 1, 1, 1, 1, 2, 2, 2, 2, 2, 2 ], 4 ], [ [ 1, 1, 1, 1, 1, 1, 1, 1, 2, 2, 2, 2, 2, 2, 2, 2 ], 3 ], [ [ 1, 1, 1, 1, 2, 2, 2, 2, 2, 2, 2, 2, 2, 2 ], 12 ], [ [ 1, 1, 1, 1, 2, 2, 2, 2, 2, 2, 2, 2, 2, 2 ], 12 ], [ [ 2, 2, 2, 2, 4, 4, 4, 4 ], 12 ], [ [ 2, 2, 2, 2, 4, 4, 4, 4 ], 6 ], [ [ 2, 2, 2, 2, 2, 2, 2, 2, 2, 2, 2, 2 ], 12 ], [ [ 3, 3, 3, 3, 3, 3, 3, 3 ], 32 ], [ [ 3, 3, 3, 3, 6, 6 ], 32 ], [ [ 4, 4, 8, 8 ], 24 ], [ [ 4, 4, 8, 8 ], 24 ], [ [ 2, 2, 2, 2, 4, 4, 4, 4 ], 12 ], [ [ 2, 2, 2, 2, 4, 4, 4, 4 ], 6 ] ]
536|192|[ 192, 956 ]|[ [ [ 1, 1, 1, 1, 1, 1, 1, 1, 1, 1, 1, 1, 1, 1, 1, 1, 1, 1, 1, 1, 1, 1, 1, 1 ], 1 ], [ [ 1, 1, 1, 1, 1, 1, 1, 1, 1, 1, 1, 1, 2, 2, 2, 2, 2, 2 ], 4 ], [ [ 1, 1, 1, 1, 1, 1, 1, 1, 2, 2, 2, 2, 2, 2, 2, 2 ], 3 ], [ [ 1, 1, 1, 1, 2, 2, 2, 2, 2, 2, 2, 2, 2, 2 ], 12 ], [ [ 1, 1, 1, 1, 2, 2, 4, 4, 4, 4 ], 12 ], [ [ 2, 2, 2, 2, 4, 4, 4, 4 ], 6 ], [ [ 2, 2, 2, 2, 2, 2, 2, 2, 2, 2, 2, 2 ], 12 ], [ [ 2, 2, 2, 2, 2, 2, 2, 2, 2, 2, 2, 2 ], 12 ], [ [ 3, 3, 3, 3, 3, 3, 3, 3 ], 32 ], [ [ 3, 3, 3, 3, 6, 6 ], 32 ], [ [ 2, 2, 2, 2, 4, 4, 4, 4 ], 12 ], [ [ 4, 4, 8, 8 ], 24 ], [ [ 4, 4, 8, 8 ], 24 ], [ [ 2, 2, 2, 2, 4, 4, 4, 4 ], 6 ] ]
537|192|[ 192, 956 ]|[ [ [ 1, 1, 1, 1, 1, 1, 1, 1, 1, 1, 1, 1, 1, 1, 1, 1, 1, 1, 1, 1, 1, 1, 1, 1 ], 1 ], [ [ 1, 1, 1, 1, 1, 1, 1, 1, 2, 2, 2, 2, 2, 2, 2, 2 ], 3 ], [ [ 1, 1, 1, 1, 2, 2, 4, 4, 4, 4 ], 12 ], [ [ 1, 1, 1, 1, 1, 1, 1, 1, 4, 4, 4, 4 ], 6 ], [ [ 1, 1, 1, 1, 2, 2, 2, 2, 2, 2, 2, 2, 2, 2 ], 12 ], [ [ 2, 2, 2, 2, 2, 2, 2, 2, 2, 2, 2, 2 ], 4 ], [ [ 2, 2, 2, 2, 2, 2, 2, 2, 2, 2, 2, 2 ], 12 ], [ [ 2, 2, 2, 2, 2, 2, 2, 2, 2, 2, 2, 2 ], 12 ], [ [ 6, 6, 6, 6 ], 32 ], [ [ 4, 4, 8, 8 ], 24 ], [ [ 2, 2, 2, 2, 4, 4, 4, 4 ], 12 ], [ [ 3, 3, 3, 3, 3, 3, 3, 3 ], 32 ], [ [ 2, 2, 2, 2, 8, 8 ], 24 ], [ [ 2, 2, 2, 2, 4, 4, 4, 4 ], 6 ] ]
538|192|[ 192, 956 ]|[ [ [ 1, 1, 1, 1, 1, 1, 1, 1, 1, 1, 1, 1, 1, 1, 1, 1, 1, 1, 1, 1, 1, 1, 1, 1 ], 1 ], [ [ 1, 1, 1, 1, 1, 1, 1, 1, 2, 2, 2, 2, 2, 2, 2, 2 ], 3 ], [ [ 1, 1, 1, 1, 2, 2, 4, 4, 4, 4 ], 12 ], [ [ 1, 1, 1, 1, 2, 2, 2, 2, 2, 2, 2, 2, 2, 2 ], 12 ], [ [ 1, 1, 1, 1, 2, 2, 2, 2, 2, 2, 2, 2, 2, 2 ], 12 ], [ [ 2, 2, 2, 2, 2, 2, 2, 2, 2, 2, 2, 2 ], 4 ], [ [ 2, 2, 2, 2, 4, 4, 4, 4 ], 6 ], [ [ 2, 2, 2, 2, 2, 2, 2, 2, 2, 2, 2, 2 ], 12 ], [ [ 6, 6, 6, 6 ], 32 ], [ [ 4, 4, 8, 8 ], 24 ], [ [ 3, 3, 3, 3, 3, 3, 3, 3 ], 32 ], [ [ 2, 2, 2, 2, 4, 4, 4, 4 ], 12 ], [ [ 4, 4, 8, 8 ], 24 ], [ [ 2, 2, 2, 2, 4, 4, 4, 4 ], 6 ] ]
539|192|[ 192, 956 ]|[ [ [ 1, 1, 1, 1, 1, 1, 1, 1, 1, 1, 1, 1, 1, 1, 1, 1, 1, 1, 1, 1, 1, 1, 1, 1 ], 1 ], [ [ 1, 1, 1, 1, 1, 1, 1, 1, 2, 2, 2, 2, 2, 2, 2, 2 ], 3 ], [ [ 1, 1, 1, 1, 2, 2, 2, 2, 2, 2, 2, 2, 2, 2 ], 12 ], [ [ 1, 1, 1, 1, 2, 2, 2, 2, 2, 2, 2, 2, 2, 2 ], 12 ], [ [ 1, 1, 1, 1, 2, 2, 2, 2, 2, 2, 2, 2, 2, 2 ], 12 ], [ [ 2, 2, 2, 2, 2, 2, 2, 2, 2, 2, 2, 2 ], 4 ], [ [ 2, 2, 2, 2, 4, 4, 4, 4 ], 12 ], [ [ 2, 2, 2, 2, 4, 4, 4, 4 ], 6 ], [ [ 6, 6, 6, 6 ], 32 ], [ [ 4, 4, 8, 8 ], 24 ], [ [ 3, 3, 3, 3, 3, 3, 3, 3 ], 32 ], [ [ 4, 4, 8, 8 ], 24 ], [ [ 2, 2, 2, 2, 4, 4, 4, 4 ], 12 ], [ [ 2, 2, 2, 2, 4, 4, 4, 4 ], 6 ] ]
540|192|[ 192, 956 ]|[ [ [ 1, 1, 1, 1, 1, 1, 1, 1, 1, 1, 1, 1, 1, 1, 1, 1, 1, 1, 1, 1, 1, 1, 1, 1 ], 1 ], [ [ 1, 1, 1, 1, 1, 1, 1, 1, 1, 1, 1, 1, 2, 2, 2, 2, 2, 2 ], 4 ], [ [ 1, 1, 1, 1, 1, 1, 1, 1, 2, 2, 2, 2, 2, 2, 2, 2 ], 3 ], [ [ 1, 1, 1, 1, 2, 2, 4, 4, 4, 4 ], 12 ], [ [ 1, 1, 1, 1, 2, 2, 4, 4, 4, 4 ], 12 ], [ [ 2, 2, 2, 2, 2, 2, 2, 2, 2, 2, 2, 2 ], 12 ], [ [ 2, 2, 2, 2, 4, 4, 4, 4 ], 6 ], [ [ 2, 2, 2, 2, 2, 2, 2, 2, 2, 2, 2, 2 ], 12 ], [ [ 3, 3, 3, 3, 3, 3, 3, 3 ], 32 ], [ [ 3, 3, 3, 3, 6, 6 ], 32 ], [ [ 4, 4, 8, 8 ], 24 ], [ [ 4, 4, 8, 8 ], 24 ], [ [ 2, 2, 2, 2, 2, 2, 2, 2, 2, 2, 2, 2 ], 12 ], [ [ 2, 2, 2, 2, 4, 4, 4, 4 ], 6 ] ]
541|192|[ 192, 956 ]|[ [ [ 1, 1, 1, 1, 1, 1, 1, 1, 1, 1, 1, 1, 1, 1, 1, 1, 1, 1, 1, 1, 1, 1, 1, 1 ], 1 ], [ [ 1, 1, 1, 1, 1, 1, 1, 1, 2, 2, 2, 2, 2, 2, 2, 2 ], 3 ], [ [ 1, 1, 1, 1, 2, 2, 4, 4, 4, 4 ], 12 ], [ [ 1, 1, 1, 1, 2, 2, 2, 2, 2, 2, 2, 2, 2, 2 ], 12 ], [ [ 1, 1, 1, 1, 2, 2, 4, 4, 4, 4 ], 12 ], [ [ 2, 2, 2, 2, 2, 2, 2, 2, 2, 2, 2, 2 ], 4 ], [ [ 2, 2, 2, 2, 2, 2, 2, 2, 2, 2, 2, 2 ], 12 ], [ [ 2, 2, 2, 2, 4, 4, 4, 4 ], 6 ], [ [ 2, 2, 2, 2, 2, 2, 2, 2, 2, 2, 2, 2 ], 12 ], [ [ 3, 3, 3, 3, 3, 3, 3, 3 ], 32 ], [ [ 4, 4, 8, 8 ], 24 ], [ [ 6, 6, 6, 6 ], 32 ], [ [ 4, 4, 8, 8 ], 24 ], [ [ 2, 2, 2, 2, 4, 4, 4, 4 ], 6 ] ]
708|384|[ 384, 5602 ]|[ [ [ 1, 1, 1, 1, 1, 1, 1, 1, 1, 1, 1, 1, 1, 1, 1, 1, 1, 1, 1, 1, 1, 1, 1, 1 ], 1 ], [ [ 1, 1, 1, 1, 1, 1, 1, 1, 1, 1, 1, 1, 1, 1, 1, 1, 1, 1, 2, 2, 2 ], 4 ], [ [ 1, 1, 1, 1, 1, 1, 1, 1, 1, 1, 1, 1, 2, 2, 2, 2, 2, 2 ], 6 ], [ [ 1, 1, 1, 1, 1, 1, 2, 2, 2, 2, 2, 2, 2, 2, 2 ], 4 ], [ [ 1, 1, 2, 2, 2, 2, 2, 4, 4, 4 ], 24 ], [ [ 1, 1, 2, 2, 2, 2, 2, 2, 2, 2, 2, 2, 2 ], 24 ], [ [ 1, 1, 1, 1, 2, 2, 2, 2, 4, 4, 4 ], 12 ], [ [ 1, 1, 1, 1, 2, 2, 2, 2, 2, 2, 2, 2, 2, 2 ], 12 ], [ [ 2, 2, 2, 2, 2, 2, 2, 2, 2, 2, 2, 2 ], 1 ], [ [ 2, 2, 2, 2, 2, 2, 4, 4, 4 ], 12 ], [ [ 2, 2, 2, 2, 2, 2, 2, 2, 2, 2, 2, 2 ], 12 ], [ [ 3, 3, 6, 6, 6 ], 32 ], [ [ 3, 3, 3, 3, 3, 3, 3, 3 ], 32 ], [ [ 6, 6, 6, 6 ], 32 ], [ [ 3, 3, 3, 3, 3, 3, 6 ], 32 ], [ [ 4, 4, 4, 4, 4, 4 ], 48 ], [ [ 8, 8, 8 ], 48 ], [ [ 2, 2, 2, 2, 2, 2, 4, 4, 4 ], 24 ], [ [ 4, 4, 4, 4, 4, 4 ], 12 ], [ [ 2, 2, 2, 2, 2, 2, 2, 2, 2, 2, 2, 2 ], 12 ] ]
709|384|[ 384, 12882 ]|[ [ [ 1, 1, 1, 1, 1, 1, 1, 1, 1, 1, 1, 1, 1, 1, 1, 1, 1, 1, 1, 1, 1, 1, 1, 1 ], 1 ], [ [ 1, 1, 1, 1, 1, 1, 1, 1, 1, 1, 1, 1, 1, 1, 1, 1, 1, 1, 2, 2, 2 ], 4 ], [ [ 1, 1, 1, 1, 1, 1, 1, 1, 1, 1, 1, 1, 2, 2, 2, 2, 2, 2 ], 2 ], [ [ 1, 1, 1, 1, 1, 1, 1, 1, 1, 1, 1, 1, 2, 2, 2, 2, 2, 2 ], 2 ], [ [ 1, 1, 1, 1, 1, 1, 1, 1, 1, 1, 1, 1, 2, 2, 2, 2, 2, 2 ], 2 ], [ [ 1, 1, 1, 1, 1, 1, 2, 2, 2, 2, 2, 2, 2, 2, 2 ], 4 ], [ [ 1, 1, 1, 1, 1, 1, 1, 1, 2, 2, 2, 2, 2, 2, 2, 2 ], 3 ], [ [ 1, 1, 1, 1, 1, 1, 2, 2, 2, 2, 2, 2, 2, 2, 2 ], 12 ], [ [ 1, 1, 1, 1, 2, 2, 2, 2, 2, 2, 2, 2, 2, 2 ], 6 ], [ [ 1, 1, 1, 1, 2, 2, 2, 2, 2, 2, 2, 2, 2, 2 ], 6 ], [ [ 1, 1, 1, 1, 2, 2, 2, 2, 2, 2, 2, 2, 2, 2 ], 6 ], [ [ 1, 1, 2, 2, 2, 2, 2, 2, 2, 2, 2, 2, 2 ], 12 ], [ [ 2, 2, 2, 2, 2, 2, 2, 2, 2, 2, 2, 2 ], 1 ], [ [ 2, 2, 2, 2, 2, 2, 2, 2, 2, 2, 2, 2 ], 3 ], [ [ 3, 3, 3, 3, 3, 3, 6 ], 8 ], [ [ 3, 3, 3, 3, 6, 6 ], 4 ], [ [ 3, 3, 3, 3, 3, 3, 3, 3 ], 2 ], [ [ 3, 3, 3, 3, 6, 6 ], 4 ], [ [ 3, 3, 6, 6, 6 ], 8 ], [ [ 3, 3, 3, 3, 6, 6 ], 4 ], [ [ 6, 6, 6, 6 ], 2 ], [ [ 6, 6, 12 ], 16 ], [ [ 12, 12 ], 8 ], [ [ 6, 6, 6, 6 ], 8 ], [ [ 2, 2, 2, 2, 2, 2, 2, 2, 2, 2, 2, 2 ], 12 ], [ [ 2, 2, 2, 2, 2, 2, 4, 4, 4 ], 24 ], [ [ 4, 4, 4, 4, 4, 4 ], 12 ], [ [ 4, 4, 4, 4, 4, 4 ], 4 ], [ [ 2, 2, 2, 2, 2, 2, 4, 4, 4 ], 8 ], [ [ 2, 2, 2, 2, 2, 2, 2, 2, 2, 2, 2, 2 ], 4 ], [ [ 6, 6, 6, 6 ], 8 ], [ [ 6, 6, 12 ], 16 ], [ [ 12, 12 ], 8 ], [ [ 2, 2, 2, 2, 2, 2, 2, 2, 2, 2, 2, 2 ], 12 ], [ [ 2, 2, 2, 2, 2, 2, 4, 4, 4 ], 24 ], [ [ 4, 4, 4, 4, 4, 4 ], 12 ], [ [ 2, 2, 2, 2, 2, 2, 4, 4, 4 ], 8 ], [ [ 2, 2, 2, 2, 2, 2, 2, 2, 2, 2, 2, 2 ], 4 ], [ [ 4, 4, 4, 4, 4, 4 ], 4 ], [ [ 2, 2, 2, 2, 2, 2, 2, 2, 2, 2, 2, 2 ], 4 ], [ [ 2, 2, 2, 2, 2, 2, 4, 4, 4 ], 8 ], [ [ 4, 4, 4, 4, 4, 4 ], 4 ], [ [ 2, 2, 2, 2, 2, 2, 2, 2, 2, 2, 2, 2 ], 12 ], [ [ 2, 2, 2, 2, 2, 2, 4, 4, 4 ], 24 ], [ [ 4, 4, 4, 4, 4, 4 ], 12 ], [ [ 6, 6, 12 ], 16 ], [ [ 12, 12 ], 8 ], [ [ 6, 6, 6, 6 ], 8 ] ]
710|384|[ 384, 1710 ]|[ [ [ 1, 1, 1, 1, 1, 1, 1, 1, 1, 1, 1, 1, 1, 1, 1, 1, 1, 1, 1, 1, 1, 1, 1, 1 ], 1 ], [ [ 1, 1, 1, 1, 1, 1, 1, 1, 1, 1, 1, 1, 1, 1, 1, 1, 1, 1, 2, 2, 2 ], 4 ], [ [ 1, 1, 1, 1, 1, 1, 1, 1, 1, 1, 1, 1, 2, 2, 2, 2, 2, 2 ], 2 ], [ [ 1, 1, 1, 1, 1, 1, 1, 1, 1, 1, 1, 1, 2, 2, 2, 2, 2, 2 ], 4 ], [ [ 1, 1, 1, 1, 1, 1, 2, 2, 2, 2, 2, 2, 2, 2, 2 ], 4 ], [ [ 1, 1, 1, 1, 2, 2, 2, 2, 2, 2, 2, 2, 2, 2 ], 12 ], [ [ 1, 1, 1, 1, 1, 1, 2, 2, 2, 2, 2, 2, 2, 2, 2 ], 12 ], [ [ 1, 1, 2, 2, 2, 2, 2, 2, 2, 2, 2, 2, 2 ], 12 ], [ [ 1, 1, 1, 1, 1, 1, 1, 1, 2, 2, 2, 2, 2, 2, 2, 2 ], 3 ], [ [ 1, 1, 1, 1, 2, 2, 2, 2, 2, 2, 2, 2, 2, 2 ], 6 ], [ [ 2, 2, 2, 2, 2, 2, 2, 2, 2, 2, 2, 2 ], 1 ], [ [ 2, 2, 2, 2, 2, 2, 2, 2, 2, 2, 2, 2 ], 3 ], [ [ 3, 3, 3, 3, 6, 6 ], 8 ], [ [ 3, 3, 3, 3, 3, 3, 6 ], 8 ], [ [ 3, 3, 6, 6, 6 ], 8 ], [ [ 3, 3, 3, 3, 3, 3, 3, 3 ], 2 ], [ [ 3, 3, 3, 3, 6, 6 ], 4 ], [ [ 6, 6, 6, 6 ], 2 ], [ [ 6, 6, 12 ], 16 ], [ [ 6, 6, 6, 6 ], 8 ], [ [ 12, 12 ], 8 ], [ [ 2, 2, 2, 2, 2, 2, 4, 4, 4 ], 24 ], [ [ 2, 2, 2, 2, 2, 2, 2, 2, 2, 2, 2, 2 ], 12 ], [ [ 4, 4, 4, 4, 4, 4 ], 12 ], [ [ 4, 4, 4, 4, 4, 4 ], 4 ], [ [ 2, 2, 2, 2, 2, 2, 4, 4, 4 ], 8 ], [ [ 2, 2, 2, 2, 2, 2, 2, 2, 2, 2, 2, 2 ], 4 ], [ [ 4, 4, 4, 4, 4, 4 ], 8 ], [ [ 8, 8, 8 ], 8 ], [ [ 8, 8, 8 ], 24 ], [ [ 4, 4, 4, 4, 4, 4 ], 24 ], [ [ 12, 12 ], 16 ], [ [ 24 ], 16 ], [ [ 12, 12 ], 16 ], [ [ 24 ], 16 ], [ [ 4, 4, 4, 4, 4, 4 ], 24 ], [ [ 8, 8, 8 ], 24 ], [ [ 8, 8, 8 ], 8 ], [ [ 4, 4, 4, 4, 4, 4 ], 8 ] ]
711|384|[ 384, 1706 ]|[ [ [ 1, 1, 1, 1, 1, 1, 1, 1, 1, 1, 1, 1, 1, 1, 1, 1, 1, 1, 1, 1, 1, 1, 1, 1 ], 1 ], [ [ 1, 1, 1, 1, 1, 1, 1, 1, 1, 1, 1, 1, 1, 1, 1, 1, 1, 1, 2, 2, 2 ], 4 ], [ [ 1, 1, 1, 1, 1, 1, 1, 1, 1, 1, 1, 1, 2, 2, 2, 2, 2, 2 ], 2 ], [ [ 1, 1, 1, 1, 1, 1, 1, 1, 1, 1, 1, 1, 2, 2, 2, 2, 2, 2 ], 4 ], [ [ 1, 1, 1, 1, 1, 1, 2, 2, 2, 2, 2, 2, 2, 2, 2 ], 4 ], [ [ 1, 1, 2, 2, 2, 2, 2, 4, 4, 4 ], 24 ], [ [ 1, 1, 2, 2, 2, 2, 2, 2, 2, 2, 2, 2, 2 ], 24 ], [ [ 1, 1, 1, 1, 2, 2, 2, 2, 4, 4, 4 ], 12 ], [ [ 1, 1, 1, 1, 2, 2, 2, 2, 2, 2, 2, 2, 2, 2 ], 12 ], [ [ 2, 2, 2, 2, 2, 2, 2, 2, 2, 2, 2, 2 ], 1 ], [ [ 2, 2, 2, 2, 2, 2, 4, 4, 4 ], 12 ], [ [ 2, 2, 2, 2, 2, 2, 2, 2, 2, 2, 2, 2 ], 12 ], [ [ 3, 3, 3, 3, 6, 6 ], 8 ], [ [ 3, 3, 3, 3, 3, 3, 6 ], 8 ], [ [ 3, 3, 6, 6, 6 ], 8 ], [ [ 3, 3, 3, 3, 3, 3, 3, 3 ], 2 ], [ [ 3, 3, 3, 3, 6, 6 ], 4 ], [ [ 6, 6, 6, 6 ], 2 ], [ [ 6, 6, 12 ], 16 ], [ [ 6, 6, 6, 6 ], 8 ], [ [ 12, 12 ], 8 ], [ [ 2, 2, 2, 2, 2, 2, 4, 4, 4 ], 8 ], [ [ 2, 2, 2, 2, 2, 2, 2, 2, 2, 2, 2, 2 ], 4 ], [ [ 4, 4, 4, 4, 4, 4 ], 4 ], [ [ 4, 4, 4, 4, 4, 4 ], 16 ], [ [ 8, 8, 8 ], 16 ], [ [ 2, 2, 2, 2, 2, 2, 2, 2, 2, 2, 2, 2 ], 24 ], [ [ 2, 2, 2, 2, 2, 2, 4, 4, 4 ], 48 ], [ [ 4, 4, 4, 4, 4, 4 ], 24 ], [ [ 24 ], 16 ], [ [ 12, 12 ], 16 ], [ [ 12, 12 ], 16 ], [ [ 24 ], 16 ] ]
712|384|[ 384, 3572 ]|[ [ [ 1, 1, 1, 1, 1, 1, 1, 1, 1, 1, 1, 1, 1, 1, 1, 1, 1, 1, 1, 1, 1, 1, 1, 1 ], 1 ], [ [ 1, 1, 1, 1, 1, 1, 1, 1, 1, 1, 1, 1, 1, 1, 1, 1, 1, 1, 2, 2, 2 ], 4 ], [ [ 1, 1, 1, 1, 1, 1, 1, 1, 1, 1, 1, 1, 2, 2, 2, 2, 2, 2 ], 4 ], [ [ 1, 1, 1, 1, 1, 1, 1, 1, 1, 1, 1, 1, 2, 2, 2, 2, 2, 2 ], 2 ], [ [ 1, 1, 1, 1, 1, 1, 2, 2, 2, 2, 2, 2, 2, 2, 2 ], 4 ], [ [ 1, 1, 1, 1, 2, 2, 2, 2, 4, 4, 4 ], 12 ], [ [ 1, 1, 2, 2, 2, 2, 2, 4, 4, 4 ], 24 ], [ [ 1, 1, 1, 1, 2, 2, 2, 2, 2, 2, 2, 2, 2, 2 ], 12 ], [ [ 1, 1, 2, 2, 2, 2, 2, 2, 2, 2, 2, 2, 2 ], 24 ], [ [ 2, 2, 2, 2, 2, 2, 2, 2, 2, 2, 2, 2 ], 1 ], [ [ 2, 2, 2, 2, 2, 2, 4, 4, 4 ], 12 ], [ [ 2, 2, 2, 2, 2, 2, 2, 2, 2, 2, 2, 2 ], 12 ], [ [ 3, 3, 6, 6, 6 ], 8 ], [ [ 3, 3, 3, 3, 6, 6 ], 4 ], [ [ 3, 3, 3, 3, 6, 6 ], 4 ], [ [ 3, 3, 3, 3, 3, 3, 6 ], 8 ], [ [ 3, 3, 3, 3, 6, 6 ], 4 ], [ [ 3, 3, 3, 3, 3, 3, 3, 3 ], 2 ], [ [ 6, 6, 6, 6 ], 2 ], [ [ 6, 6, 6, 6 ], 8 ], [ [ 6, 6, 12 ], 16 ], [ [ 12, 12 ], 8 ], [ [ 4, 4, 4, 4, 4, 4 ], 48 ], [ [ 8, 8, 8 ], 48 ], [ [ 12, 12 ], 8 ], [ [ 6, 6, 12 ], 16 ], [ [ 6, 6, 6, 6 ], 8 ], [ [ 2, 2, 2, 2, 2, 2, 2, 2, 2, 2, 2, 2 ], 8 ], [ [ 2, 2, 2, 2, 2, 2, 4, 4, 4 ], 16 ], [ [ 4, 4, 4, 4, 4, 4 ], 8 ], [ [ 6, 6, 12 ], 16 ], [ [ 12, 12 ], 8 ], [ [ 6, 6, 6, 6 ], 8 ], [ [ 4, 4, 4, 4, 4, 4 ], 4 ], [ [ 2, 2, 2, 2, 2, 2, 4, 4, 4 ], 8 ], [ [ 2, 2, 2, 2, 2, 2, 2, 2, 2, 2, 2, 2 ], 4 ] ]
713|384|[ 384, 5487 ]|[ [ [ 1, 1, 1, 1, 1, 1, 1, 1, 1, 1, 1, 1, 1, 1, 1, 1, 1, 1, 1, 1, 1, 1, 1, 1 ], 1 ], [ [ 1, 1, 1, 1, 1, 1, 1, 1, 1, 1, 1, 1, 1, 1, 1, 1, 1, 1, 2, 2, 2 ], 4 ], [ [ 1, 1, 1, 1, 1, 1, 1, 1, 1, 1, 1, 1, 2, 2, 2, 2, 2, 2 ], 2 ], [ [ 1, 1, 1, 1, 1, 1, 1, 1, 1, 1, 1, 1, 2, 2, 2, 2, 2, 2 ], 4 ], [ [ 1, 1, 1, 1, 1, 1, 1, 1, 1, 1, 1, 1, 4, 4, 4 ], 4 ], [ [ 1, 1, 1, 1, 1, 1, 1, 1, 1, 1, 1, 1, 2, 2, 2, 2, 2, 2 ], 4 ], [ [ 1, 1, 1, 1, 1, 1, 2, 2, 2, 2, 2, 2, 2, 2, 2 ], 4 ], [ [ 1, 1, 1, 1, 1, 1, 2, 2, 2, 2, 2, 2, 2, 2, 2 ], 8 ], [ [ 1, 1, 1, 1, 1, 1, 2, 2, 2, 4, 4, 4 ], 8 ], [ [ 2, 2, 2, 2, 2, 2, 2, 2, 2, 2, 2, 2 ], 1 ], [ [ 2, 2, 2, 2, 2, 2, 2, 2, 2, 2, 2, 2 ], 4 ], [ [ 2, 2, 2, 2, 2, 2, 4, 4, 4 ], 4 ], [ [ 3, 3, 3, 3, 6, 6 ], 2 ], [ [ 3, 3, 6, 6, 6 ], 4 ], [ [ 6, 6, 6, 6 ], 1 ], [ [ 6, 6, 6, 6 ], 4 ], [ [ 6, 6, 12 ], 4 ], [ [ 3, 3, 3, 3, 3, 3, 6 ], 4 ], [ [ 3, 3, 3, 3, 6, 6 ], 4 ], [ [ 3, 3, 6, 6, 6 ], 8 ], [ [ 3, 3, 6, 12 ], 8 ], [ [ 3, 3, 3, 3, 3, 3, 3, 3 ], 1 ], [ [ 3, 3, 3, 3, 6, 6 ], 4 ], [ [ 3, 3, 3, 3, 12 ], 4 ], [ [ 3, 3, 3, 3, 3, 3, 6 ], 4 ], [ [ 3, 3, 3, 3, 6, 6 ], 4 ], [ [ 3, 3, 6, 6, 6 ], 4 ], [ [ 3, 3, 6, 6, 6 ], 8 ], [ [ 3, 3, 6, 12 ], 8 ], [ [ 3, 3, 3, 3, 6, 6 ], 2 ], [ [ 6, 6, 6, 6 ], 1 ], [ [ 6, 6, 6, 6 ], 4 ], [ [ 6, 6, 12 ], 4 ], [ [ 3, 3, 3, 3, 3, 3, 3, 3 ], 1 ], [ [ 3, 3, 3, 3, 6, 6 ], 4 ], [ [ 3, 3, 3, 3, 12 ], 4 ], [ [ 6, 6, 12 ], 8 ], [ [ 12, 12 ], 4 ], [ [ 6, 6, 6, 6 ], 4 ], [ [ 2, 2, 2, 2, 2, 2, 2, 2, 2, 2, 2, 2 ], 4 ], [ [ 2, 2, 2, 2, 2, 2, 4, 4, 4 ], 8 ], [ [ 4, 4, 4, 4, 4, 4 ], 4 ], [ [ 6, 6, 6, 6 ], 4 ], [ [ 6, 6, 12 ], 8 ], [ [ 12, 12 ], 4 ], [ [ 2, 2, 2, 2, 2, 2, 2, 2, 2, 2, 2, 2 ], 8 ], [ [ 2, 2, 2, 2, 2, 2, 4, 4, 4 ], 16 ], [ [ 4, 4, 4, 4, 4, 4 ], 8 ], [ [ 4, 4, 4, 4, 4, 4 ], 16 ], [ [ 8, 8, 8 ], 16 ], [ [ 6, 6, 12 ], 16 ], [ [ 12, 12 ], 8 ], [ [ 6, 6, 6, 6 ], 8 ], [ [ 24 ], 16 ], [ [ 12, 12 ], 16 ], [ [ 12, 12 ], 8 ], [ [ 6, 6, 12 ], 16 ], [ [ 6, 6, 6, 6 ], 8 ], [ [ 12, 12 ], 16 ], [ [ 24 ], 16 ] ]
714|384|[ 384, 4485 ]|[ [ [ 1, 1, 1, 1, 1, 1, 1, 1, 1, 1, 1, 1, 1, 1, 1, 1, 1, 1, 1, 1, 1, 1, 1, 1 ], 1 ], [ [ 1, 1, 1, 1, 1, 1, 1, 1, 1, 1, 1, 1, 1, 1, 1, 1, 1, 1, 2, 2, 2 ], 4 ], [ [ 1, 1, 1, 1, 1, 1, 1, 1, 1, 1, 1, 1, 2, 2, 2, 2, 2, 2 ], 2 ], [ [ 1, 1, 1, 1, 1, 1, 1, 1, 1, 1, 1, 1, 4, 4, 4 ], 4 ], [ [ 1, 1, 1, 1, 1, 1, 1, 1, 1, 1, 1, 1, 2, 2, 2, 2, 2, 2 ], 4 ], [ [ 1, 1, 1, 1, 1, 1, 1, 1, 1, 1, 1, 1, 2, 2, 2, 2, 2, 2 ], 4 ], [ [ 1, 1, 1, 1, 1, 1, 2, 2, 2, 2, 2, 2, 2, 2, 2 ], 4 ], [ [ 1, 1, 1, 1, 1, 1, 2, 2, 2, 4, 4, 4 ], 8 ], [ [ 1, 1, 1, 1, 1, 1, 2, 2, 2, 2, 2, 2, 2, 2, 2 ], 8 ], [ [ 2, 2, 2, 2, 2, 2, 2, 2, 2, 2, 2, 2 ], 1 ], [ [ 2, 2, 2, 2, 2, 2, 4, 4, 4 ], 4 ], [ [ 2, 2, 2, 2, 2, 2, 2, 2, 2, 2, 2, 2 ], 4 ], [ [ 3, 3, 6, 6, 6 ], 4 ], [ [ 3, 3, 3, 3, 6, 6 ], 2 ], [ [ 6, 6, 6, 6 ], 2 ], [ [ 6, 6, 6, 6 ], 4 ], [ [ 6, 6, 12 ], 4 ], [ [ 3, 3, 3, 3, 6, 6 ], 8 ], [ [ 3, 3, 3, 3, 3, 3, 6 ], 4 ], [ [ 3, 3, 6, 6, 6 ], 4 ], [ [ 3, 3, 6, 6, 6 ], 8 ], [ [ 3, 3, 6, 12 ], 8 ], [ [ 3, 3, 3, 3, 3, 3, 6 ], 4 ], [ [ 3, 3, 3, 3, 3, 3, 3, 3 ], 2 ], [ [ 3, 3, 3, 3, 6, 6 ], 2 ], [ [ 3, 3, 3, 3, 6, 6 ], 4 ], [ [ 3, 3, 3, 3, 12 ], 4 ], [ [ 6, 6, 6, 6 ], 4 ], [ [ 6, 6, 12 ], 4 ], [ [ 3, 3, 6, 6, 6 ], 8 ], [ [ 3, 3, 6, 12 ], 8 ], [ [ 3, 3, 3, 3, 6, 6 ], 4 ], [ [ 3, 3, 3, 3, 12 ], 4 ], [ [ 6, 6, 12 ], 8 ], [ [ 12, 12 ], 8 ], [ [ 6, 6, 6, 6 ], 8 ], [ [ 6, 6, 12 ], 8 ], [ [ 2, 2, 2, 2, 2, 2, 4, 4, 4 ], 8 ], [ [ 2, 2, 2, 2, 2, 2, 2, 2, 2, 2, 2, 2 ], 4 ], [ [ 4, 4, 4, 4, 4, 4 ], 4 ], [ [ 2, 2, 2, 2, 2, 2, 4, 4, 4 ], 48 ], [ [ 2, 2, 2, 2, 2, 2, 2, 2, 2, 2, 2, 2 ], 24 ], [ [ 4, 4, 4, 4, 4, 4 ], 24 ], [ [ 4, 4, 4, 4, 4, 4 ], 48 ], [ [ 8, 8, 8 ], 48 ] ]
715|384|[ 384, 600 ]|[ [ [ 1, 1, 1, 1, 1, 1, 1, 1, 1, 1, 1, 1, 1, 1, 1, 1, 1, 1, 1, 1, 1, 1, 1, 1 ], 1 ], [ [ 1, 1, 1, 1, 1, 1, 1, 1, 1, 1, 1, 1, 1, 1, 1, 1, 2, 2, 2, 2 ], 3 ], [ [ 1, 1, 1, 1, 1, 1, 1, 1, 1, 1, 1, 1, 1, 1, 1, 1, 2, 2, 2, 2 ], 6 ], [ [ 1, 1, 1, 1, 1, 1, 1, 1, 1, 1, 1, 1, 1, 1, 1, 1, 2, 2, 2, 2 ], 6 ], [ [ 1, 1, 1, 1, 1, 1, 1, 1, 2, 2, 2, 2, 2, 2, 2, 2 ], 3 ], [ [ 1, 1, 1, 1, 1, 1, 1, 1, 2, 2, 2, 2, 2, 2, 2, 2 ], 6 ], [ [ 1, 1, 1, 1, 1, 1, 1, 1, 2, 2, 2, 2, 2, 2, 2, 2 ], 6 ], [ [ 2, 2, 2, 2, 2, 2, 2, 2, 2, 2, 2, 2 ], 1 ], [ [ 4, 4, 4, 4, 4, 4 ], 1 ], [ [ 4, 4, 4, 4, 4, 4 ], 3 ], [ [ 4, 4, 4, 4, 4, 4 ], 6 ], [ [ 4, 4, 4, 4, 4, 4 ], 6 ], [ [ 4, 4, 4, 4, 4, 4 ], 3 ], [ [ 4, 4, 4, 4, 4, 4 ], 6 ], [ [ 4, 4, 4, 4, 4, 4 ], 6 ], [ [ 4, 4, 4, 4, 4, 4 ], 1 ], [ [ 8, 8, 8 ], 4 ], [ [ 8, 8, 8 ], 4 ], [ [ 8, 8, 8 ], 12 ], [ [ 8, 8, 8 ], 12 ], [ [ 8, 8, 8 ], 12 ], [ [ 8, 8, 8 ], 12 ], [ [ 8, 8, 8 ], 4 ], [ [ 8, 8, 8 ], 4 ], [ [ 6, 6, 6, 6 ], 16 ], [ [ 3, 3, 3, 3, 3, 3, 3, 3 ], 16 ], [ [ 12, 12 ], 16 ], [ [ 12, 12 ], 16 ], [ [ 24 ], 16 ], [ [ 24 ], 16 ], [ [ 24 ], 16 ], [ [ 24 ], 16 ], [ [ 12, 12 ], 16 ], [ [ 12, 12 ], 16 ], [ [ 6, 6, 6, 6 ], 16 ], [ [ 3, 3, 3, 3, 3, 3, 3, 3 ], 16 ], [ [ 24 ], 16 ], [ [ 24 ], 16 ], [ [ 24 ], 16 ], [ [ 24 ], 16 ] ]
716|384|[ 384, 5791 ]|[ [ [ 1, 1, 1, 1, 1, 1, 1, 1, 1, 1, 1, 1, 1, 1, 1, 1, 1, 1, 1, 1, 1, 1, 1, 1 ], 1 ], [ [ 1, 1, 1, 1, 1, 1, 1, 1, 1, 1, 1, 1, 1, 1, 1, 1, 2, 2, 2, 2 ], 3 ], [ [ 1, 1, 1, 1, 1, 1, 1, 1, 1, 1, 1, 1, 1, 1, 1, 1, 2, 2, 2, 2 ], 6 ], [ [ 1, 1, 1, 1, 1, 1, 1, 1, 1, 1, 1, 1, 1, 1, 1, 1, 2, 2, 2, 2 ], 6 ], [ [ 1, 1, 1, 1, 1, 1, 1, 1, 2, 2, 2, 2, 2, 2, 2, 2 ], 3 ], [ [ 1, 1, 1, 1, 1, 1, 1, 1, 2, 2, 2, 2, 2, 2, 2, 2 ], 6 ], [ [ 1, 1, 1, 1, 1, 1, 1, 1, 2, 2, 2, 2, 2, 2, 2, 2 ], 6 ], [ [ 2, 2, 2, 2, 2, 2, 2, 2, 2, 2, 2, 2 ], 1 ], [ [ 4, 4, 4, 4, 4, 4 ], 2 ], [ [ 4, 4, 4, 4, 4, 4 ], 6 ], [ [ 4, 4, 4, 4, 4, 4 ], 6 ], [ [ 4, 4, 4, 4, 4, 4 ], 6 ], [ [ 4, 4, 4, 4, 4, 4 ], 6 ], [ [ 4, 4, 4, 4, 4, 4 ], 6 ], [ [ 2, 2, 2, 2, 2, 2, 2, 2, 2, 2, 2, 2 ], 8 ], [ [ 2, 2, 2, 2, 4, 4, 4, 4 ], 24 ], [ [ 2, 2, 2, 2, 2, 2, 2, 2, 2, 2, 2, 2 ], 8 ], [ [ 2, 2, 2, 2, 4, 4, 4, 4 ], 24 ], [ [ 3, 3, 3, 3, 3, 3, 3, 3 ], 16 ], [ [ 6, 6, 6, 6 ], 16 ], [ [ 12, 12 ], 32 ], [ [ 6, 6, 6, 6 ], 32 ], [ [ 6, 6, 6, 6 ], 32 ], [ [ 3, 3, 3, 3, 3, 3, 3, 3 ], 16 ], [ [ 6, 6, 6, 6 ], 16 ], [ [ 12, 12 ], 32 ], [ [ 6, 6, 6, 6 ], 32 ], [ [ 6, 6, 6, 6 ], 32 ] ]
717|384|[ 384, 5747 ]|[ [ [ 1, 1, 1, 1, 1, 1, 1, 1, 1, 1, 1, 1, 1, 1, 1, 1, 1, 1, 1, 1, 1, 1, 1, 1 ], 1 ], [ [ 1, 1, 1, 1, 1, 1, 1, 1, 1, 1, 1, 1, 1, 1, 1, 1, 2, 2, 2, 2 ], 3 ], [ [ 1, 1, 1, 1, 1, 1, 1, 1, 1, 1, 1, 1, 1, 1, 1, 1, 2, 2, 2, 2 ], 6 ], [ [ 1, 1, 1, 1, 1, 1, 1, 1, 1, 1, 1, 1, 1, 1, 1, 1, 2, 2, 2, 2 ], 6 ], [ [ 1, 1, 1, 1, 1, 1, 1, 1, 2, 2, 2, 2, 2, 2, 2, 2 ], 3 ], [ [ 1, 1, 1, 1, 1, 1, 1, 1, 2, 2, 2, 2, 2, 2, 2, 2 ], 6 ], [ [ 1, 1, 1, 1, 1, 1, 1, 1, 2, 2, 2, 2, 2, 2, 2, 2 ], 6 ], [ [ 2, 2, 2, 2, 2, 2, 2, 2, 2, 2, 2, 2 ], 1 ], [ [ 4, 4, 4, 4, 4, 4 ], 1 ], [ [ 4, 4, 4, 4, 4, 4 ], 3 ], [ [ 4, 4, 4, 4, 4, 4 ], 6 ], [ [ 4, 4, 4, 4, 4, 4 ], 6 ], [ [ 4, 4, 4, 4, 4, 4 ], 3 ], [ [ 4, 4, 4, 4, 4, 4 ], 6 ], [ [ 4, 4, 4, 4, 4, 4 ], 6 ], [ [ 4, 4, 4, 4, 4, 4 ], 1 ], [ [ 2, 2, 2, 2, 2, 2, 2, 2, 4, 4 ], 12 ], [ [ 2, 2, 2, 2, 2, 2, 2, 2, 4, 4 ], 12 ], [ [ 4, 4, 4, 4, 4, 4 ], 4 ], [ [ 4, 4, 4, 4, 4, 4 ], 4 ], [ [ 2, 2, 2, 2, 4, 4, 4, 4 ], 12 ], [ [ 2, 2, 2, 2, 4, 4, 4, 4 ], 12 ], [ [ 2, 2, 2, 2, 2, 2, 2, 2, 2, 2, 2, 2 ], 4 ], [ [ 2, 2, 2, 2, 2, 2, 2, 2, 2, 2, 2, 2 ], 4 ], [ [ 3, 3, 3, 3, 3, 3, 3, 3 ], 16 ], [ [ 6, 6, 6, 6 ], 16 ], [ [ 12, 12 ], 16 ], [ [ 12, 12 ], 16 ], [ [ 6, 6, 6, 6 ], 16 ], [ [ 6, 6, 6, 6 ], 16 ], [ [ 12, 12 ], 16 ], [ [ 12, 12 ], 16 ], [ [ 3, 3, 3, 3, 3, 3, 3, 3 ], 16 ], [ [ 6, 6, 6, 6 ], 16 ], [ [ 12, 12 ], 16 ], [ [ 12, 12 ], 16 ], [ [ 12, 12 ], 16 ], [ [ 12, 12 ], 16 ], [ [ 6, 6, 6, 6 ], 16 ], [ [ 6, 6, 6, 6 ], 16 ] ]
718|384|[ 384, 5792 ]|[ [ [ 1, 1, 1, 1, 1, 1, 1, 1, 1, 1, 1, 1, 1, 1, 1, 1, 1, 1, 1, 1, 1, 1, 1, 1 ], 1 ], [ [ 1, 1, 1, 1, 1, 1, 1, 1, 1, 1, 1, 1, 1, 1, 1, 1, 2, 2, 2, 2 ], 3 ], [ [ 1, 1, 1, 1, 1, 1, 1, 1, 1, 1, 1, 1, 1, 1, 1, 1, 2, 2, 2, 2 ], 6 ], [ [ 1, 1, 1, 1, 1, 1, 1, 1, 1, 1, 1, 1, 1, 1, 1, 1, 2, 2, 2, 2 ], 6 ], [ [ 1, 1, 1, 1, 1, 1, 1, 1, 2, 2, 2, 2, 2, 2, 2, 2 ], 3 ], [ [ 1, 1, 1, 1, 1, 1, 1, 1, 2, 2, 2, 2, 2, 2, 2, 2 ], 6 ], [ [ 1, 1, 1, 1, 1, 1, 1, 1, 2, 2, 2, 2, 2, 2, 2, 2 ], 6 ], [ [ 2, 2, 2, 2, 2, 2, 2, 2, 2, 2, 2, 2 ], 1 ], [ [ 4, 4, 4, 4, 4, 4 ], 6 ], [ [ 4, 4, 4, 4, 4, 4 ], 6 ], [ [ 4, 4, 4, 4, 4, 4 ], 6 ], [ [ 4, 4, 4, 4, 4, 4 ], 2 ], [ [ 4, 4, 4, 4, 4, 4 ], 6 ], [ [ 4, 4, 4, 4, 4, 4 ], 6 ], [ [ 2, 2, 2, 2, 2, 2, 2, 2, 4, 4 ], 24 ], [ [ 4, 4, 4, 4, 4, 4 ], 8 ], [ [ 2, 2, 2, 2, 2, 2, 2, 2, 4, 4 ], 24 ], [ [ 4, 4, 4, 4, 4, 4 ], 8 ], [ [ 3, 3, 3, 3, 3, 3, 3, 3 ], 16 ], [ [ 6, 6, 6, 6 ], 16 ], [ [ 12, 12 ], 32 ], [ [ 12, 12 ], 32 ], [ [ 12, 12 ], 32 ], [ [ 3, 3, 3, 3, 3, 3, 3, 3 ], 16 ], [ [ 6, 6, 6, 6 ], 16 ], [ [ 12, 12 ], 32 ], [ [ 12, 12 ], 32 ], [ [ 12, 12 ], 32 ] ]
719|384|[ 384, 5657 ]|[ [ [ 1, 1, 1, 1, 1, 1, 1, 1, 1, 1, 1, 1, 1, 1, 1, 1, 1, 1, 1, 1, 1, 1, 1, 1 ], 1 ], [ [ 1, 1, 1, 1, 1, 1, 1, 1, 1, 1, 1, 1, 1, 1, 1, 1, 2, 2, 2, 2 ], 6 ], [ [ 1, 1, 1, 1, 1, 1, 1, 1, 1, 1, 1, 1, 1, 1, 1, 1, 2, 2, 2, 2 ], 6 ], [ [ 1, 1, 1, 1, 1, 1, 1, 1, 1, 1, 1, 1, 1, 1, 1, 1, 2, 2, 2, 2 ], 3 ], [ [ 1, 1, 1, 1, 1, 1, 1, 1, 2, 2, 2, 2, 2, 2, 2, 2 ], 6 ], [ [ 1, 1, 1, 1, 1, 1, 1, 1, 2, 2, 2, 2, 2, 2, 2, 2 ], 6 ], [ [ 1, 1, 1, 1, 1, 1, 1, 1, 2, 2, 2, 2, 2, 2, 2, 2 ], 3 ], [ [ 2, 2, 2, 2, 2, 2, 2, 2, 2, 2, 2, 2 ], 1 ], [ [ 2, 2, 2, 2, 2, 2, 2, 2, 4, 4 ], 24 ], [ [ 2, 2, 2, 2, 4, 4, 4, 4 ], 24 ], [ [ 4, 4, 4, 4, 4, 4 ], 24 ], [ [ 2, 2, 2, 2, 4, 4, 4, 4 ], 24 ], [ [ 3, 3, 3, 3, 3, 3, 3, 3 ], 32 ], [ [ 6, 6, 6, 6 ], 32 ], [ [ 6, 6, 6, 6 ], 32 ], [ [ 6, 6, 6, 6 ], 32 ], [ [ 2, 2, 2, 2, 2, 2, 2, 2, 2, 2, 2, 2 ], 24 ], [ [ 2, 2, 2, 2, 4, 4, 4, 4 ], 24 ], [ [ 2, 2, 2, 2, 4, 4, 4, 4 ], 24 ], [ [ 2, 2, 2, 2, 4, 4, 4, 4 ], 24 ], [ [ 2, 2, 2, 2, 2, 2, 2, 2, 2, 2, 2, 2 ], 8 ], [ [ 2, 2, 2, 2, 4, 4, 4, 4 ], 24 ] ]
720|384|[ 384, 5566 ]|[ [ [ 1, 1, 1, 1, 1, 1, 1, 1, 1, 1, 1, 1, 1, 1, 1, 1, 1, 1, 1, 1, 1, 1, 1, 1 ], 1 ], [ [ 1, 1, 1, 1, 1, 1, 1, 1, 1, 1, 1, 1, 1, 1, 1, 1, 2, 2, 2, 2 ], 6 ], [ [ 1, 1, 1, 1, 1, 1, 1, 1, 1, 1, 1, 1, 1, 1, 1, 1, 2, 2, 2, 2 ], 6 ], [ [ 1, 1, 1, 1, 1, 1, 1, 1, 1, 1, 1, 1, 1, 1, 1, 1, 2, 2, 2, 2 ], 3 ], [ [ 1, 1, 1, 1, 1, 1, 1, 1, 2, 2, 2, 2, 2, 2, 2, 2 ], 6 ], [ [ 1, 1, 1, 1, 1, 1, 1, 1, 2, 2, 2, 2, 2, 2, 2, 2 ], 6 ], [ [ 1, 1, 1, 1, 1, 1, 1, 1, 2, 2, 2, 2, 2, 2, 2, 2 ], 3 ], [ [ 2, 2, 2, 2, 2, 2, 2, 2, 2, 2, 2, 2 ], 1 ], [ [ 2, 2, 2, 2, 2, 2, 2, 2, 4, 4 ], 12 ], [ [ 2, 2, 2, 2, 4, 4, 4, 4 ], 24 ], [ [ 2, 2, 2, 2, 4, 4, 4, 4 ], 24 ], [ [ 4, 4, 4, 4, 4, 4 ], 12 ], [ [ 2, 2, 2, 2, 2, 2, 2, 2, 4, 4 ], 12 ], [ [ 4, 4, 4, 4, 4, 4 ], 12 ], [ [ 3, 3, 3, 3, 3, 3, 3, 3 ], 32 ], [ [ 6, 6, 6, 6 ], 32 ], [ [ 12, 12 ], 32 ], [ [ 12, 12 ], 32 ], [ [ 2, 2, 2, 2, 4, 4, 4, 4 ], 24 ], [ [ 2, 2, 2, 2, 4, 4, 4, 4 ], 12 ], [ [ 2, 2, 2, 2, 2, 2, 2, 2, 2, 2, 2, 2 ], 12 ], [ [ 2, 2, 2, 2, 4, 4, 4, 4 ], 24 ], [ [ 2, 2, 2, 2, 4, 4, 4, 4 ], 12 ], [ [ 2, 2, 2, 2, 2, 2, 2, 2, 2, 2, 2, 2 ], 12 ], [ [ 2, 2, 2, 2, 2, 2, 2, 2, 4, 4 ], 12 ], [ [ 4, 4, 4, 4, 4, 4 ], 4 ], [ [ 2, 2, 2, 2, 2, 2, 2, 2, 4, 4 ], 12 ], [ [ 4, 4, 4, 4, 4, 4 ], 4 ] ]
721|384|[ 384, 5656 ]|[ [ [ 1, 1, 1, 1, 1, 1, 1, 1, 1, 1, 1, 1, 1, 1, 1, 1, 1, 1, 1, 1, 1, 1, 1, 1 ], 1 ], [ [ 1, 1, 1, 1, 1, 1, 1, 1, 1, 1, 1, 1, 1, 1, 1, 1, 2, 2, 2, 2 ], 6 ], [ [ 1, 1, 1, 1, 1, 1, 1, 1, 1, 1, 1, 1, 1, 1, 1, 1, 2, 2, 2, 2 ], 6 ], [ [ 1, 1, 1, 1, 1, 1, 1, 1, 1, 1, 1, 1, 1, 1, 1, 1, 2, 2, 2, 2 ], 3 ], [ [ 1, 1, 1, 1, 1, 1, 1, 1, 2, 2, 2, 2, 2, 2, 2, 2 ], 6 ], [ [ 1, 1, 1, 1, 1, 1, 1, 1, 2, 2, 2, 2, 2, 2, 2, 2 ], 6 ], [ [ 1, 1, 1, 1, 1, 1, 1, 1, 2, 2, 2, 2, 2, 2, 2, 2 ], 3 ], [ [ 2, 2, 2, 2, 2, 2, 2, 2, 2, 2, 2, 2 ], 1 ], [ [ 2, 2, 2, 2, 2, 2, 2, 2, 4, 4 ], 12 ], [ [ 2, 2, 2, 2, 4, 4, 4, 4 ], 24 ], [ [ 2, 2, 2, 2, 4, 4, 4, 4 ], 24 ], [ [ 4, 4, 4, 4, 4, 4 ], 12 ], [ [ 2, 2, 2, 2, 2, 2, 2, 2, 4, 4 ], 12 ], [ [ 4, 4, 4, 4, 4, 4 ], 12 ], [ [ 3, 3, 3, 3, 3, 3, 3, 3 ], 32 ], [ [ 6, 6, 6, 6 ], 32 ], [ [ 6, 6, 6, 6 ], 32 ], [ [ 6, 6, 6, 6 ], 32 ], [ [ 2, 2, 2, 2, 2, 2, 2, 2, 4, 4 ], 24 ], [ [ 2, 2, 2, 2, 2, 2, 2, 2, 4, 4 ], 12 ], [ [ 4, 4, 4, 4, 4, 4 ], 12 ], [ [ 2, 2, 2, 2, 2, 2, 2, 2, 4, 4 ], 24 ], [ [ 2, 2, 2, 2, 2, 2, 2, 2, 4, 4 ], 12 ], [ [ 4, 4, 4, 4, 4, 4 ], 12 ], [ [ 2, 2, 2, 2, 2, 2, 2, 2, 2, 2, 2, 2 ], 4 ], [ [ 2, 2, 2, 2, 4, 4, 4, 4 ], 12 ], [ [ 2, 2, 2, 2, 4, 4, 4, 4 ], 12 ], [ [ 2, 2, 2, 2, 2, 2, 2, 2, 2, 2, 2, 2 ], 4 ] ]
722|384|[ 384, 5565 ]|[ [ [ 1, 1, 1, 1, 1, 1, 1, 1, 1, 1, 1, 1, 1, 1, 1, 1, 1, 1, 1, 1, 1, 1, 1, 1 ], 1 ], [ [ 1, 1, 1, 1, 1, 1, 1, 1, 1, 1, 1, 1, 1, 1, 1, 1, 2, 2, 2, 2 ], 6 ], [ [ 1, 1, 1, 1, 1, 1, 1, 1, 1, 1, 1, 1, 1, 1, 1, 1, 2, 2, 2, 2 ], 6 ], [ [ 1, 1, 1, 1, 1, 1, 1, 1, 1, 1, 1, 1, 1, 1, 1, 1, 2, 2, 2, 2 ], 3 ], [ [ 1, 1, 1, 1, 1, 1, 1, 1, 2, 2, 2, 2, 2, 2, 2, 2 ], 6 ], [ [ 1, 1, 1, 1, 1, 1, 1, 1, 2, 2, 2, 2, 2, 2, 2, 2 ], 6 ], [ [ 1, 1, 1, 1, 1, 1, 1, 1, 2, 2, 2, 2, 2, 2, 2, 2 ], 3 ], [ [ 2, 2, 2, 2, 2, 2, 2, 2, 2, 2, 2, 2 ], 1 ], [ [ 2, 2, 2, 2, 2, 2, 2, 2, 4, 4 ], 24 ], [ [ 2, 2, 2, 2, 4, 4, 4, 4 ], 24 ], [ [ 4, 4, 4, 4, 4, 4 ], 24 ], [ [ 2, 2, 2, 2, 4, 4, 4, 4 ], 24 ], [ [ 3, 3, 3, 3, 3, 3, 3, 3 ], 32 ], [ [ 6, 6, 6, 6 ], 32 ], [ [ 12, 12 ], 32 ], [ [ 12, 12 ], 32 ], [ [ 4, 4, 4, 4, 4, 4 ], 24 ], [ [ 2, 2, 2, 2, 2, 2, 2, 2, 4, 4 ], 24 ], [ [ 2, 2, 2, 2, 2, 2, 2, 2, 4, 4 ], 24 ], [ [ 2, 2, 2, 2, 2, 2, 2, 2, 4, 4 ], 24 ], [ [ 2, 2, 2, 2, 2, 2, 2, 2, 4, 4 ], 24 ], [ [ 4, 4, 4, 4, 4, 4 ], 8 ] ]
723|384|[ 384, 20080 ]|[ [ [ 1, 1, 1, 1, 1, 1, 1, 1, 1, 1, 1, 1, 1, 1, 1, 1, 1, 1, 1, 1, 1, 1, 1, 1 ], 1 ], [ [ 1, 1, 1, 1, 1, 1, 1, 1, 1, 1, 1, 1, 1, 1, 1, 1, 2, 2, 2, 2 ], 6 ], [ [ 1, 1, 1, 1, 1, 1, 1, 1, 1, 1, 1, 1, 1, 1, 1, 1, 2, 2, 2, 2 ], 3 ], [ [ 1, 1, 1, 1, 1, 1, 1, 1, 1, 1, 1, 1, 1, 1, 1, 1, 2, 2, 2, 2 ], 3 ], [ [ 1, 1, 1, 1, 1, 1, 1, 1, 1, 1, 1, 1, 1, 1, 1, 1, 2, 2, 2, 2 ], 3 ], [ [ 1, 1, 1, 1, 1, 1, 1, 1, 2, 2, 2, 2, 2, 2, 2, 2 ], 6 ], [ [ 1, 1, 1, 1, 1, 1, 1, 1, 2, 2, 2, 2, 2, 2, 2, 2 ], 3 ], [ [ 1, 1, 1, 1, 1, 1, 1, 1, 2, 2, 2, 2, 2, 2, 2, 2 ], 3 ], [ [ 1, 1, 1, 1, 1, 1, 1, 1, 2, 2, 2, 2, 2, 2, 2, 2 ], 3 ], [ [ 2, 2, 2, 2, 2, 2, 2, 2, 2, 2, 2, 2 ], 1 ], [ [ 4, 4, 4, 4, 4, 4 ], 6 ], [ [ 4, 4, 4, 4, 4, 4 ], 6 ], [ [ 4, 4, 4, 4, 4, 4 ], 6 ], [ [ 4, 4, 4, 4, 4, 4 ], 6 ], [ [ 4, 4, 4, 4, 4, 4 ], 6 ], [ [ 4, 4, 4, 4, 4, 4 ], 2 ], [ [ 12, 12 ], 32 ], [ [ 12, 12 ], 32 ], [ [ 3, 3, 3, 3, 3, 3, 3, 3 ], 32 ], [ [ 6, 6, 6, 6 ], 32 ], [ [ 2, 2, 2, 2, 2, 2, 2, 2, 2, 2, 2, 2 ], 24 ], [ [ 2, 2, 2, 2, 4, 4, 4, 4 ], 24 ], [ [ 2, 2, 2, 2, 4, 4, 4, 4 ], 24 ], [ [ 2, 2, 2, 2, 4, 4, 4, 4 ], 24 ], [ [ 2, 2, 2, 2, 2, 2, 2, 2, 2, 2, 2, 2 ], 24 ], [ [ 2, 2, 2, 2, 4, 4, 4, 4 ], 24 ], [ [ 2, 2, 2, 2, 4, 4, 4, 4 ], 24 ], [ [ 2, 2, 2, 2, 4, 4, 4, 4 ], 24 ] ]
724|384|[ 384, 20079 ]|[ [ [ 1, 1, 1, 1, 1, 1, 1, 1, 1, 1, 1, 1, 1, 1, 1, 1, 1, 1, 1, 1, 1, 1, 1, 1 ], 1 ], [ [ 1, 1, 1, 1, 1, 1, 1, 1, 1, 1, 1, 1, 1, 1, 1, 1, 2, 2, 2, 2 ], 6 ], [ [ 1, 1, 1, 1, 1, 1, 1, 1, 1, 1, 1, 1, 1, 1, 1, 1, 2, 2, 2, 2 ], 3 ], [ [ 1, 1, 1, 1, 1, 1, 1, 1, 1, 1, 1, 1, 1, 1, 1, 1, 2, 2, 2, 2 ], 3 ], [ [ 1, 1, 1, 1, 1, 1, 1, 1, 1, 1, 1, 1, 1, 1, 1, 1, 2, 2, 2, 2 ], 3 ], [ [ 1, 1, 1, 1, 1, 1, 1, 1, 2, 2, 2, 2, 2, 2, 2, 2 ], 6 ], [ [ 1, 1, 1, 1, 1, 1, 1, 1, 2, 2, 2, 2, 2, 2, 2, 2 ], 3 ], [ [ 1, 1, 1, 1, 1, 1, 1, 1, 2, 2, 2, 2, 2, 2, 2, 2 ], 3 ], [ [ 1, 1, 1, 1, 1, 1, 1, 1, 2, 2, 2, 2, 2, 2, 2, 2 ], 3 ], [ [ 2, 2, 2, 2, 2, 2, 2, 2, 2, 2, 2, 2 ], 1 ], [ [ 4, 4, 4, 4, 4, 4 ], 3 ], [ [ 4, 4, 4, 4, 4, 4 ], 3 ], [ [ 4, 4, 4, 4, 4, 4 ], 6 ], [ [ 4, 4, 4, 4, 4, 4 ], 3 ], [ [ 4, 4, 4, 4, 4, 4 ], 3 ], [ [ 4, 4, 4, 4, 4, 4 ], 6 ], [ [ 4, 4, 4, 4, 4, 4 ], 3 ], [ [ 4, 4, 4, 4, 4, 4 ], 3 ], [ [ 4, 4, 4, 4, 4, 4 ], 1 ], [ [ 4, 4, 4, 4, 4, 4 ], 1 ], [ [ 12, 12 ], 32 ], [ [ 12, 12 ], 32 ], [ [ 3, 3, 3, 3, 3, 3, 3, 3 ], 32 ], [ [ 6, 6, 6, 6 ], 32 ], [ [ 2, 2, 2, 2, 4, 4, 4, 4 ], 12 ], [ [ 2, 2, 2, 2, 2, 2, 2, 2, 2, 2, 2, 2 ], 12 ], [ [ 2, 2, 2, 2, 4, 4, 4, 4 ], 12 ], [ [ 2, 2, 2, 2, 4, 4, 4, 4 ], 12 ], [ [ 2, 2, 2, 2, 4, 4, 4, 4 ], 12 ], [ [ 2, 2, 2, 2, 2, 2, 2, 2, 2, 2, 2, 2 ], 12 ], [ [ 2, 2, 2, 2, 4, 4, 4, 4 ], 12 ], [ [ 2, 2, 2, 2, 4, 4, 4, 4 ], 12 ], [ [ 2, 2, 2, 2, 2, 2, 2, 2, 4, 4 ], 12 ], [ [ 4, 4, 4, 4, 4, 4 ], 12 ], [ [ 2, 2, 2, 2, 2, 2, 2, 2, 4, 4 ], 12 ], [ [ 2, 2, 2, 2, 2, 2, 2, 2, 4, 4 ], 12 ], [ [ 2, 2, 2, 2, 2, 2, 2, 2, 4, 4 ], 12 ], [ [ 4, 4, 4, 4, 4, 4 ], 12 ], [ [ 2, 2, 2, 2, 2, 2, 2, 2, 4, 4 ], 12 ], [ [ 2, 2, 2, 2, 2, 2, 2, 2, 4, 4 ], 12 ] ]
725|384|[ 384, 20078 ]|[ [ [ 1, 1, 1, 1, 1, 1, 1, 1, 1, 1, 1, 1, 1, 1, 1, 1, 1, 1, 1, 1, 1, 1, 1, 1 ], 1 ], [ [ 1, 1, 1, 1, 1, 1, 1, 1, 1, 1, 1, 1, 1, 1, 1, 1, 2, 2, 2, 2 ], 6 ], [ [ 1, 1, 1, 1, 1, 1, 1, 1, 1, 1, 1, 1, 1, 1, 1, 1, 2, 2, 2, 2 ], 3 ], [ [ 1, 1, 1, 1, 1, 1, 1, 1, 1, 1, 1, 1, 1, 1, 1, 1, 2, 2, 2, 2 ], 3 ], [ [ 1, 1, 1, 1, 1, 1, 1, 1, 1, 1, 1, 1, 1, 1, 1, 1, 2, 2, 2, 2 ], 3 ], [ [ 1, 1, 1, 1, 1, 1, 1, 1, 2, 2, 2, 2, 2, 2, 2, 2 ], 6 ], [ [ 1, 1, 1, 1, 1, 1, 1, 1, 2, 2, 2, 2, 2, 2, 2, 2 ], 3 ], [ [ 1, 1, 1, 1, 1, 1, 1, 1, 2, 2, 2, 2, 2, 2, 2, 2 ], 3 ], [ [ 1, 1, 1, 1, 1, 1, 1, 1, 2, 2, 2, 2, 2, 2, 2, 2 ], 3 ], [ [ 2, 2, 2, 2, 2, 2, 2, 2, 2, 2, 2, 2 ], 1 ], [ [ 4, 4, 4, 4, 4, 4 ], 6 ], [ [ 4, 4, 4, 4, 4, 4 ], 6 ], [ [ 4, 4, 4, 4, 4, 4 ], 6 ], [ [ 4, 4, 4, 4, 4, 4 ], 6 ], [ [ 4, 4, 4, 4, 4, 4 ], 6 ], [ [ 4, 4, 4, 4, 4, 4 ], 2 ], [ [ 12, 12 ], 32 ], [ [ 12, 12 ], 32 ], [ [ 3, 3, 3, 3, 3, 3, 3, 3 ], 32 ], [ [ 6, 6, 6, 6 ], 32 ], [ [ 2, 2, 2, 2, 2, 2, 2, 2, 4, 4 ], 24 ], [ [ 2, 2, 2, 2, 2, 2, 2, 2, 4, 4 ], 24 ], [ [ 2, 2, 2, 2, 2, 2, 2, 2, 4, 4 ], 24 ], [ [ 4, 4, 4, 4, 4, 4 ], 24 ], [ [ 2, 2, 2, 2, 2, 2, 2, 2, 4, 4 ], 24 ], [ [ 2, 2, 2, 2, 2, 2, 2, 2, 4, 4 ], 24 ], [ [ 2, 2, 2, 2, 2, 2, 2, 2, 4, 4 ], 24 ], [ [ 4, 4, 4, 4, 4, 4 ], 24 ] ]
726|384|[ 384, 5864 ]|[ [ [ 1, 1, 1, 1, 1, 1, 1, 1, 1, 1, 1, 1, 1, 1, 1, 1, 1, 1, 1, 1, 1, 1, 1, 1 ], 1 ], [ [ 1, 1, 1, 1, 1, 1, 1, 1, 1, 1, 1, 1, 1, 1, 1, 1, 2, 2, 2, 2 ], 3 ], [ [ 1, 1, 1, 1, 1, 1, 1, 1, 1, 1, 1, 1, 1, 1, 1, 1, 2, 2, 2, 2 ], 12 ], [ [ 1, 1, 1, 1, 1, 1, 1, 1, 2, 2, 2, 2, 2, 2, 2, 2 ], 3 ], [ [ 1, 1, 1, 1, 1, 1, 1, 1, 2, 2, 2, 2, 2, 2, 2, 2 ], 12 ], [ [ 2, 2, 2, 2, 2, 2, 2, 2, 2, 2, 2, 2 ], 1 ], [ [ 2, 2, 2, 2, 2, 2, 2, 2, 4, 4 ], 24 ], [ [ 4, 4, 4, 4, 4, 4 ], 24 ], [ [ 2, 2, 2, 2, 4, 4, 4, 4 ], 12 ], [ [ 2, 2, 2, 2, 4, 4, 4, 4 ], 12 ], [ [ 2, 2, 2, 2, 4, 4, 4, 4 ], 12 ], [ [ 2, 2, 2, 2, 4, 4, 4, 4 ], 12 ], [ [ 6, 6, 6, 6 ], 64 ], [ [ 3, 3, 3, 3, 3, 3, 3, 3 ], 64 ], [ [ 3, 3, 3, 3, 3, 3, 3, 3 ], 64 ], [ [ 6, 6, 6, 6 ], 64 ] ]
727|384|[ 384, 18137 ]|[ [ [ 1, 1, 1, 1, 1, 1, 1, 1, 1, 1, 1, 1, 1, 1, 1, 1, 1, 1, 1, 1, 1, 1, 1, 1 ], 1 ], [ [ 1, 1, 1, 1, 1, 1, 1, 1, 1, 1, 1, 1, 1, 1, 1, 1, 2, 2, 2, 2 ], 6 ], [ [ 1, 1, 1, 1, 1, 1, 1, 1, 1, 1, 1, 1, 1, 1, 1, 1, 2, 2, 2, 2 ], 3 ], [ [ 1, 1, 1, 1, 1, 1, 1, 1, 1, 1, 1, 1, 1, 1, 1, 1, 2, 2, 2, 2 ], 3 ], [ [ 1, 1, 1, 1, 1, 1, 1, 1, 1, 1, 1, 1, 1, 1, 1, 1, 2, 2, 2, 2 ], 3 ], [ [ 1, 1, 1, 1, 1, 1, 1, 1, 2, 2, 2, 2, 2, 2, 2, 2 ], 6 ], [ [ 1, 1, 1, 1, 1, 1, 1, 1, 2, 2, 2, 2, 2, 2, 2, 2 ], 3 ], [ [ 1, 1, 1, 1, 1, 1, 1, 1, 2, 2, 2, 2, 2, 2, 2, 2 ], 3 ], [ [ 1, 1, 1, 1, 1, 1, 1, 1, 2, 2, 2, 2, 2, 2, 2, 2 ], 3 ], [ [ 2, 2, 2, 2, 2, 2, 2, 2, 2, 2, 2, 2 ], 1 ], [ [ 4, 4, 4, 4, 4, 4 ], 3 ], [ [ 4, 4, 4, 4, 4, 4 ], 3 ], [ [ 4, 4, 4, 4, 4, 4 ], 6 ], [ [ 4, 4, 4, 4, 4, 4 ], 3 ], [ [ 4, 4, 4, 4, 4, 4 ], 3 ], [ [ 4, 4, 4, 4, 4, 4 ], 6 ], [ [ 4, 4, 4, 4, 4, 4 ], 3 ], [ [ 4, 4, 4, 4, 4, 4 ], 3 ], [ [ 4, 4, 4, 4, 4, 4 ], 1 ], [ [ 4, 4, 4, 4, 4, 4 ], 1 ], [ [ 6, 6, 6, 6 ], 32 ], [ [ 3, 3, 3, 3, 3, 3, 3, 3 ], 32 ], [ [ 12, 12 ], 32 ], [ [ 12, 12 ], 32 ], [ [ 8, 8, 8 ], 12 ], [ [ 8, 8, 8 ], 12 ], [ [ 8, 8, 8 ], 12 ], [ [ 8, 8, 8 ], 12 ], [ [ 8, 8, 8 ], 12 ], [ [ 8, 8, 8 ], 12 ], [ [ 8, 8, 8 ], 12 ], [ [ 8, 8, 8 ], 12 ], [ [ 8, 8, 8 ], 12 ], [ [ 8, 8, 8 ], 12 ], [ [ 8, 8, 8 ], 12 ], [ [ 8, 8, 8 ], 12 ], [ [ 8, 8, 8 ], 12 ], [ [ 8, 8, 8 ], 12 ], [ [ 8, 8, 8 ], 12 ], [ [ 8, 8, 8 ], 12 ] ]
728|384|[ 384, 18123 ]|[ [ [ 1, 1, 1, 1, 1, 1, 1, 1, 1, 1, 1, 1, 1, 1, 1, 1, 1, 1, 1, 1, 1, 1, 1, 1 ], 1 ], [ [ 1, 1, 1, 1, 1, 1, 1, 1, 1, 1, 1, 1, 1, 1, 1, 1, 2, 2, 2, 2 ], 6 ], [ [ 1, 1, 1, 1, 1, 1, 1, 1, 2, 2, 2, 2, 2, 2, 2, 2 ], 3 ], [ [ 1, 1, 1, 1, 1, 1, 1, 1, 2, 2, 2, 2, 2, 2, 2, 2 ], 3 ], [ [ 1, 1, 1, 1, 1, 1, 1, 1, 2, 2, 2, 2, 2, 2, 2, 2 ], 3 ], [ [ 1, 1, 1, 1, 1, 1, 1, 1, 4, 4, 4, 4 ], 3 ], [ [ 1, 1, 1, 1, 1, 1, 1, 1, 4, 4, 4, 4 ], 6 ], [ [ 1, 1, 1, 1, 2, 2, 4, 4, 4, 4 ], 6 ], [ [ 1, 1, 1, 1, 2, 2, 4, 4, 4, 4 ], 6 ], [ [ 1, 1, 1, 1, 1, 1, 1, 1, 4, 4, 4, 4 ], 3 ], [ [ 1, 1, 1, 1, 2, 2, 4, 4, 4, 4 ], 6 ], [ [ 1, 1, 1, 1, 2, 2, 4, 4, 4, 4 ], 6 ], [ [ 2, 2, 2, 2, 4, 4, 4, 4 ], 6 ], [ [ 2, 2, 2, 2, 4, 4, 4, 4 ], 3 ], [ [ 2, 2, 2, 2, 4, 4, 4, 4 ], 3 ], [ [ 3, 3, 3, 3, 3, 3, 3, 3 ], 128 ], [ [ 2, 2, 2, 2, 4, 4, 4, 4 ], 24 ], [ [ 2, 2, 2, 2, 2, 2, 2, 2, 2, 2, 2, 2 ], 24 ], [ [ 2, 2, 2, 2, 4, 4, 4, 4 ], 24 ], [ [ 2, 2, 2, 2, 4, 4, 4, 4 ], 24 ], [ [ 4, 4, 8, 8 ], 24 ], [ [ 4, 4, 8, 8 ], 24 ], [ [ 2, 2, 2, 2, 8, 8 ], 24 ], [ [ 2, 2, 2, 2, 8, 8 ], 24 ] ]
729|384|[ 384, 18224 ]|[ [ [ 1, 1, 1, 1, 1, 1, 1, 1, 1, 1, 1, 1, 1, 1, 1, 1, 1, 1, 1, 1, 1, 1, 1, 1 ], 1 ], [ [ 1, 1, 1, 1, 1, 1, 1, 1, 1, 1, 1, 1, 1, 1, 1, 1, 2, 2, 2, 2 ], 6 ], [ [ 1, 1, 1, 1, 1, 1, 1, 1, 2, 2, 2, 2, 2, 2, 2, 2 ], 3 ], [ [ 1, 1, 1, 1, 1, 1, 1, 1, 2, 2, 2, 2, 2, 2, 2, 2 ], 6 ], [ [ 1, 1, 1, 1, 1, 1, 1, 1, 4, 4, 4, 4 ], 3 ], [ [ 1, 1, 1, 1, 1, 1, 1, 1, 4, 4, 4, 4 ], 6 ], [ [ 1, 1, 1, 1, 2, 2, 4, 4, 4, 4 ], 6 ], [ [ 1, 1, 1, 1, 2, 2, 4, 4, 4, 4 ], 6 ], [ [ 1, 1, 1, 1, 1, 1, 1, 1, 4, 4, 4, 4 ], 3 ], [ [ 1, 1, 1, 1, 2, 2, 4, 4, 4, 4 ], 6 ], [ [ 1, 1, 1, 1, 2, 2, 4, 4, 4, 4 ], 6 ], [ [ 2, 2, 2, 2, 4, 4, 4, 4 ], 6 ], [ [ 2, 2, 2, 2, 4, 4, 4, 4 ], 3 ], [ [ 2, 2, 2, 2, 4, 4, 4, 4 ], 3 ], [ [ 3, 3, 3, 3, 3, 3, 3, 3 ], 64 ], [ [ 3, 3, 3, 3, 3, 3, 3, 3 ], 64 ], [ [ 2, 2, 2, 2, 4, 4, 4, 4 ], 12 ], [ [ 2, 2, 2, 2, 2, 2, 2, 2, 2, 2, 2, 2 ], 12 ], [ [ 2, 2, 2, 2, 4, 4, 4, 4 ], 12 ], [ [ 2, 2, 2, 2, 4, 4, 4, 4 ], 12 ], [ [ 2, 2, 2, 2, 2, 2, 2, 2, 2, 2, 2, 2 ], 4 ], [ [ 2, 2, 2, 2, 4, 4, 4, 4 ], 12 ], [ [ 6, 6, 6, 6 ], 64 ], [ [ 6, 6, 6, 6 ], 64 ] ]
730|384|[ 384, 18235 ]|[ [ [ 1, 1, 1, 1, 1, 1, 1, 1, 1, 1, 1, 1, 1, 1, 1, 1, 1, 1, 1, 1, 1, 1, 1, 1 ], 1 ], [ [ 1, 1, 1, 1, 1, 1, 1, 1, 1, 1, 1, 1, 1, 1, 1, 1, 2, 2, 2, 2 ], 6 ], [ [ 1, 1, 1, 1, 1, 1, 1, 1, 2, 2, 2, 2, 2, 2, 2, 2 ], 3 ], [ [ 1, 1, 1, 1, 1, 1, 1, 1, 1, 1, 1, 1, 2, 2, 2, 2, 2, 2 ], 12 ], [ [ 1, 1, 1, 1, 1, 1, 1, 1, 2, 2, 2, 2, 2, 2, 2, 2 ], 6 ], [ [ 1, 1, 1, 1, 1, 1, 1, 1, 1, 1, 1, 1, 2, 2, 2, 2, 2, 2 ], 4 ], [ [ 2, 2, 2, 2, 4, 4, 4, 4 ], 12 ], [ [ 2, 2, 2, 2, 2, 2, 2, 2, 2, 2, 2, 2 ], 12 ], [ [ 2, 2, 2, 2, 4, 4, 4, 4 ], 12 ], [ [ 2, 2, 2, 2, 2, 2, 2, 2, 2, 2, 2, 2 ], 12 ], [ [ 2, 2, 2, 2, 4, 4, 4, 4 ], 12 ], [ [ 2, 2, 2, 2, 4, 4, 4, 4 ], 12 ], [ [ 2, 2, 2, 2, 4, 4, 4, 4 ], 12 ], [ [ 2, 2, 2, 2, 4, 4, 4, 4 ], 12 ], [ [ 3, 3, 3, 3, 3, 3, 3, 3 ], 64 ], [ [ 3, 3, 3, 3, 6, 6 ], 64 ], [ [ 3, 3, 3, 3, 6, 6 ], 64 ], [ [ 3, 3, 3, 3, 3, 3, 3, 3 ], 64 ] ]
731|384|[ 384, 4 ]|[ [ [ 1, 1, 1, 1, 1, 1, 1, 1, 1, 1, 1, 1, 1, 1, 1, 1, 1, 1, 1, 1, 1, 1, 1, 1 ], 1 ], [ [ 1, 1, 1, 1, 1, 1, 1, 1, 1, 1, 1, 1, 1, 1, 1, 1, 2, 2, 2, 2 ], 6 ], [ [ 1, 1, 1, 1, 1, 1, 1, 1, 2, 2, 2, 2, 2, 2, 2, 2 ], 3 ], [ [ 1, 1, 1, 1, 1, 1, 1, 1, 1, 1, 1, 1, 2, 2, 2, 2, 2, 2 ], 12 ], [ [ 1, 1, 1, 1, 1, 1, 1, 1, 2, 2, 2, 2, 2, 2, 2, 2 ], 6 ], [ [ 1, 1, 1, 1, 1, 1, 1, 1, 1, 1, 1, 1, 2, 2, 2, 2, 2, 2 ], 4 ], [ [ 2, 2, 2, 2, 4, 4, 4, 4 ], 24 ], [ [ 2, 2, 2, 2, 2, 2, 2, 2, 4, 4 ], 24 ], [ [ 2, 2, 2, 2, 4, 4, 4, 4 ], 24 ], [ [ 2, 2, 2, 2, 2, 2, 2, 2, 4, 4 ], 24 ], [ [ 3, 3, 3, 3, 3, 3, 3, 3 ], 64 ], [ [ 3, 3, 3, 3, 6, 6 ], 64 ], [ [ 3, 3, 3, 3, 6, 6 ], 64 ], [ [ 3, 3, 3, 3, 3, 3, 3, 3 ], 64 ] ]
732|384|[ 384, 5719 ]|[ [ [ 1, 1, 1, 1, 1, 1, 1, 1, 1, 1, 1, 1, 1, 1, 1, 1, 1, 1, 1, 1, 1, 1, 1, 1 ], 1 ], [ [ 1, 1, 1, 1, 1, 1, 1, 1, 1, 1, 1, 1, 1, 1, 1, 1, 2, 2, 2, 2 ], 3 ], [ [ 1, 1, 1, 1, 1, 1, 1, 1, 2, 2, 2, 2, 2, 2, 2, 2 ], 3 ], [ [ 1, 1, 1, 1, 1, 1, 1, 1, 1, 1, 1, 1, 2, 2, 2, 2, 2, 2 ], 4 ], [ [ 1, 1, 1, 1, 1, 1, 1, 1, 1, 1, 1, 1, 2, 2, 2, 2, 2, 2 ], 12 ], [ [ 1, 1, 1, 1, 1, 1, 1, 1, 1, 1, 1, 1, 2, 2, 2, 2, 2, 2 ], 6 ], [ [ 1, 1, 1, 1, 1, 1, 1, 1, 1, 1, 1, 1, 2, 2, 2, 2, 2, 2 ], 2 ], [ [ 2, 2, 2, 2, 2, 2, 2, 2, 2, 2, 2, 2 ], 1 ], [ [ 8, 8, 8 ], 24 ], [ [ 8, 8, 8 ], 24 ], [ [ 8, 8, 8 ], 24 ], [ [ 8, 8, 8 ], 24 ], [ [ 8, 8, 8 ], 24 ], [ [ 8, 8, 8 ], 24 ], [ [ 8, 8, 8 ], 24 ], [ [ 8, 8, 8 ], 24 ], [ [ 2, 2, 2, 2, 2, 2, 2, 2, 2, 2, 2, 2 ], 12 ], [ [ 2, 2, 2, 2, 2, 2, 2, 2, 2, 2, 2, 2 ], 4 ], [ [ 4, 4, 4, 4, 4, 4 ], 6 ], [ [ 4, 4, 4, 4, 4, 4 ], 2 ], [ [ 4, 4, 4, 4, 4, 4 ], 2 ], [ [ 4, 4, 4, 4, 4, 4 ], 6 ], [ [ 3, 3, 3, 3, 6, 6 ], 16 ], [ [ 3, 3, 3, 3, 6, 6 ], 8 ], [ [ 3, 3, 3, 3, 6, 6 ], 8 ], [ [ 6, 6, 6, 6 ], 8 ], [ [ 3, 3, 3, 3, 3, 3, 3, 3 ], 8 ], [ [ 3, 3, 3, 3, 6, 6 ], 16 ], [ [ 12, 12 ], 16 ], [ [ 6, 6, 6, 6 ], 16 ], [ [ 6, 6, 6, 6 ], 16 ], [ [ 12, 12 ], 16 ] ]
733|384|[ 384, 574 ]|[ [ [ 1, 1, 1, 1, 1, 1, 1, 1, 1, 1, 1, 1, 1, 1, 1, 1, 1, 1, 1, 1, 1, 1, 1, 1 ], 1 ], [ [ 1, 1, 1, 1, 1, 1, 1, 1, 1, 1, 1, 1, 1, 1, 1, 1, 2, 2, 2, 2 ], 3 ], [ [ 1, 1, 1, 1, 1, 1, 1, 1, 2, 2, 2, 2, 2, 2, 2, 2 ], 3 ], [ [ 1, 1, 1, 1, 1, 1, 1, 1, 1, 1, 1, 1, 2, 2, 2, 2, 2, 2 ], 12 ], [ [ 1, 1, 1, 1, 1, 1, 1, 1, 1, 1, 1, 1, 2, 2, 2, 2, 2, 2 ], 12 ], [ [ 2, 2, 2, 2, 2, 2, 2, 2, 2, 2, 2, 2 ], 1 ], [ [ 4, 4, 4, 4, 8 ], 24 ], [ [ 4, 4, 4, 4, 8 ], 24 ], [ [ 8, 8, 8 ], 24 ], [ [ 8, 8, 8 ], 24 ], [ [ 8, 8, 8 ], 24 ], [ [ 8, 8, 8 ], 24 ], [ [ 4, 4, 4, 4, 8 ], 24 ], [ [ 4, 4, 4, 4, 8 ], 24 ], [ [ 2, 2, 2, 2, 2, 2, 2, 2, 4, 4 ], 12 ], [ [ 2, 2, 2, 2, 2, 2, 2, 2, 4, 4 ], 12 ], [ [ 4, 4, 4, 4, 4, 4 ], 4 ], [ [ 4, 4, 4, 4, 4, 4 ], 4 ], [ [ 3, 3, 3, 3, 3, 3, 3, 3 ], 32 ], [ [ 6, 6, 6, 6 ], 32 ], [ [ 12, 12 ], 32 ], [ [ 12, 12 ], 32 ] ]
734|384|[ 384, 5655 ]|[ [ [ 1, 1, 1, 1, 1, 1, 1, 1, 1, 1, 1, 1, 1, 1, 1, 1, 1, 1, 1, 1, 1, 1, 1, 1 ], 1 ], [ [ 1, 1, 1, 1, 1, 1, 1, 1, 1, 1, 1, 1, 1, 1, 1, 1, 2, 2, 2, 2 ], 3 ], [ [ 1, 1, 1, 1, 1, 1, 1, 1, 2, 2, 2, 2, 2, 2, 2, 2 ], 3 ], [ [ 1, 1, 1, 1, 1, 1, 1, 1, 1, 1, 1, 1, 2, 2, 2, 2, 2, 2 ], 12 ], [ [ 1, 1, 1, 1, 1, 1, 1, 1, 1, 1, 1, 1, 2, 2, 2, 2, 2, 2 ], 12 ], [ [ 2, 2, 2, 2, 2, 2, 2, 2, 2, 2, 2, 2 ], 1 ], [ [ 4, 4, 4, 4, 4, 4 ], 24 ], [ [ 4, 4, 4, 4, 4, 4 ], 24 ], [ [ 4, 4, 8, 8 ], 24 ], [ [ 4, 4, 8, 8 ], 24 ], [ [ 4, 4, 4, 4, 4, 4 ], 24 ], [ [ 4, 4, 4, 4, 4, 4 ], 24 ], [ [ 4, 4, 8, 8 ], 24 ], [ [ 4, 4, 8, 8 ], 24 ], [ [ 2, 2, 2, 2, 2, 2, 2, 2, 2, 2, 2, 2 ], 4 ], [ [ 2, 2, 2, 2, 2, 2, 2, 2, 2, 2, 2, 2 ], 4 ], [ [ 2, 2, 2, 2, 4, 4, 4, 4 ], 12 ], [ [ 2, 2, 2, 2, 4, 4, 4, 4 ], 12 ], [ [ 3, 3, 3, 3, 3, 3, 3, 3 ], 32 ], [ [ 6, 6, 6, 6 ], 32 ], [ [ 6, 6, 6, 6 ], 32 ], [ [ 6, 6, 6, 6 ], 32 ] ]
735|384|[ 384, 18199 ]|[ [ [ 1, 1, 1, 1, 1, 1, 1, 1, 1, 1, 1, 1, 1, 1, 1, 1, 1, 1, 1, 1, 1, 1, 1, 1 ], 1 ], [ [ 1, 1, 1, 1, 1, 1, 1, 1, 1, 1, 1, 1, 1, 1, 1, 1, 2, 2, 2, 2 ], 3 ], [ [ 1, 1, 1, 1, 1, 1, 1, 1, 2, 2, 2, 2, 2, 2, 2, 2 ], 3 ], [ [ 1, 1, 1, 1, 1, 1, 1, 1, 1, 1, 1, 1, 2, 2, 2, 2, 2, 2 ], 12 ], [ [ 1, 1, 1, 1, 1, 1, 1, 1, 1, 1, 1, 1, 2, 2, 2, 2, 2, 2 ], 12 ], [ [ 2, 2, 2, 2, 2, 2, 2, 2, 2, 2, 2, 2 ], 1 ], [ [ 2, 2, 2, 2, 2, 2, 2, 2, 2, 2, 2, 2 ], 4 ], [ [ 2, 2, 2, 2, 2, 2, 2, 2, 2, 2, 2, 2 ], 4 ], [ [ 2, 2, 2, 2, 4, 4, 4, 4 ], 12 ], [ [ 2, 2, 2, 2, 4, 4, 4, 4 ], 12 ], [ [ 2, 2, 2, 2, 2, 2, 2, 2, 2, 2, 2, 2 ], 4 ], [ [ 2, 2, 2, 2, 2, 2, 2, 2, 2, 2, 2, 2 ], 4 ], [ [ 2, 2, 2, 2, 4, 4, 4, 4 ], 12 ], [ [ 2, 2, 2, 2, 4, 4, 4, 4 ], 12 ], [ [ 2, 2, 2, 2, 2, 2, 2, 2, 2, 2, 2, 2 ], 4 ], [ [ 2, 2, 2, 2, 2, 2, 2, 2, 2, 2, 2, 2 ], 4 ], [ [ 2, 2, 2, 2, 4, 4, 4, 4 ], 12 ], [ [ 2, 2, 2, 2, 4, 4, 4, 4 ], 12 ], [ [ 3, 3, 3, 3, 3, 3, 3, 3 ], 16 ], [ [ 6, 6, 6, 6 ], 16 ], [ [ 6, 6, 6, 6 ], 16 ], [ [ 6, 6, 6, 6 ], 16 ], [ [ 6, 6, 6, 6 ], 16 ], [ [ 6, 6, 6, 6 ], 16 ], [ [ 6, 6, 6, 6 ], 16 ], [ [ 6, 6, 6, 6 ], 16 ], [ [ 3, 3, 3, 3, 3, 3, 3, 3 ], 16 ], [ [ 6, 6, 6, 6 ], 16 ], [ [ 6, 6, 6, 6 ], 16 ], [ [ 6, 6, 6, 6 ], 16 ], [ [ 6, 6, 6, 6 ], 16 ], [ [ 6, 6, 6, 6 ], 16 ], [ [ 6, 6, 6, 6 ], 16 ], [ [ 6, 6, 6, 6 ], 16 ] ]
736|384|[ 384, 5807 ]|[ [ [ 1, 1, 1, 1, 1, 1, 1, 1, 1, 1, 1, 1, 1, 1, 1, 1, 1, 1, 1, 1, 1, 1, 1, 1 ], 1 ], [ [ 1, 1, 1, 1, 1, 1, 1, 1, 1, 1, 1, 1, 1, 1, 1, 1, 2, 2, 2, 2 ], 3 ], [ [ 1, 1, 1, 1, 1, 1, 1, 1, 2, 2, 2, 2, 2, 2, 2, 2 ], 3 ], [ [ 1, 1, 1, 1, 1, 1, 1, 1, 1, 1, 1, 1, 2, 2, 2, 2, 2, 2 ], 6 ], [ [ 1, 1, 1, 1, 1, 1, 1, 1, 1, 1, 1, 1, 2, 2, 2, 2, 2, 2 ], 2 ], [ [ 1, 1, 1, 1, 1, 1, 1, 1, 1, 1, 1, 1, 2, 2, 2, 2, 2, 2 ], 4 ], [ [ 1, 1, 1, 1, 1, 1, 1, 1, 1, 1, 1, 1, 2, 2, 2, 2, 2, 2 ], 12 ], [ [ 2, 2, 2, 2, 2, 2, 2, 2, 2, 2, 2, 2 ], 1 ], [ [ 2, 2, 2, 2, 2, 2, 2, 2, 2, 2, 2, 2 ], 4 ], [ [ 2, 2, 2, 2, 2, 2, 2, 2, 2, 2, 2, 2 ], 12 ], [ [ 4, 4, 4, 4, 4, 4 ], 2 ], [ [ 4, 4, 4, 4, 4, 4 ], 6 ], [ [ 4, 4, 4, 4, 4, 4 ], 6 ], [ [ 4, 4, 4, 4, 4, 4 ], 2 ], [ [ 8, 8, 8 ], 12 ], [ [ 8, 8, 8 ], 4 ], [ [ 8, 8, 8 ], 12 ], [ [ 8, 8, 8 ], 4 ], [ [ 8, 8, 8 ], 4 ], [ [ 8, 8, 8 ], 12 ], [ [ 8, 8, 8 ], 4 ], [ [ 8, 8, 8 ], 12 ], [ [ 24 ], 16 ], [ [ 24 ], 16 ], [ [ 24 ], 16 ], [ [ 24 ], 16 ], [ [ 6, 6, 6, 6 ], 4 ], [ [ 3, 3, 3, 3, 3, 3, 3, 3 ], 4 ], [ [ 3, 3, 3, 3, 6, 6 ], 8 ], [ [ 3, 3, 3, 3, 6, 6 ], 16 ], [ [ 6, 6, 6, 6 ], 16 ], [ [ 12, 12 ], 8 ], [ [ 12, 12 ], 8 ], [ [ 3, 3, 3, 3, 6, 6 ], 8 ], [ [ 3, 3, 3, 3, 3, 3, 3, 3 ], 4 ], [ [ 6, 6, 6, 6 ], 4 ], [ [ 3, 3, 3, 3, 6, 6 ], 16 ], [ [ 6, 6, 6, 6 ], 16 ], [ [ 12, 12 ], 8 ], [ [ 12, 12 ], 8 ], [ [ 24 ], 16 ], [ [ 24 ], 16 ], [ [ 24 ], 16 ], [ [ 24 ], 16 ] ]
737|384|[ 384, 5805 ]|[ [ [ 1, 1, 1, 1, 1, 1, 1, 1, 1, 1, 1, 1, 1, 1, 1, 1, 1, 1, 1, 1, 1, 1, 1, 1 ], 1 ], [ [ 1, 1, 1, 1, 1, 1, 1, 1, 1, 1, 1, 1, 1, 1, 1, 1, 2, 2, 2, 2 ], 3 ], [ [ 1, 1, 1, 1, 1, 1, 1, 1, 2, 2, 2, 2, 2, 2, 2, 2 ], 3 ], [ [ 1, 1, 1, 1, 1, 1, 1, 1, 1, 1, 1, 1, 2, 2, 2, 2, 2, 2 ], 6 ], [ [ 1, 1, 1, 1, 1, 1, 1, 1, 1, 1, 1, 1, 2, 2, 2, 2, 2, 2 ], 2 ], [ [ 1, 1, 1, 1, 1, 1, 1, 1, 1, 1, 1, 1, 2, 2, 2, 2, 2, 2 ], 4 ], [ [ 1, 1, 1, 1, 1, 1, 1, 1, 1, 1, 1, 1, 2, 2, 2, 2, 2, 2 ], 12 ], [ [ 2, 2, 2, 2, 2, 2, 2, 2, 2, 2, 2, 2 ], 1 ], [ [ 2, 2, 2, 2, 2, 2, 2, 2, 2, 2, 2, 2 ], 2 ], [ [ 2, 2, 2, 2, 2, 2, 2, 2, 2, 2, 2, 2 ], 6 ], [ [ 2, 2, 2, 2, 2, 2, 2, 2, 2, 2, 2, 2 ], 6 ], [ [ 2, 2, 2, 2, 2, 2, 2, 2, 2, 2, 2, 2 ], 2 ], [ [ 4, 4, 4, 4, 4, 4 ], 4 ], [ [ 4, 4, 4, 4, 4, 4 ], 12 ], [ [ 4, 4, 4, 4, 4, 4 ], 12 ], [ [ 4, 4, 4, 4, 4, 4 ], 4 ], [ [ 4, 4, 4, 4, 4, 4 ], 12 ], [ [ 4, 4, 4, 4, 4, 4 ], 4 ], [ [ 4, 4, 4, 4, 4, 4 ], 4 ], [ [ 4, 4, 4, 4, 4, 4 ], 12 ], [ [ 4, 4, 4, 4, 4, 4 ], 4 ], [ [ 4, 4, 4, 4, 4, 4 ], 12 ], [ [ 12, 12 ], 16 ], [ [ 12, 12 ], 16 ], [ [ 12, 12 ], 16 ], [ [ 12, 12 ], 16 ], [ [ 6, 6, 6, 6 ], 4 ], [ [ 3, 3, 3, 3, 3, 3, 3, 3 ], 4 ], [ [ 3, 3, 3, 3, 6, 6 ], 8 ], [ [ 3, 3, 3, 3, 6, 6 ], 16 ], [ [ 6, 6, 6, 6 ], 8 ], [ [ 6, 6, 6, 6 ], 8 ], [ [ 12, 12 ], 16 ], [ [ 3, 3, 3, 3, 6, 6 ], 8 ], [ [ 3, 3, 3, 3, 3, 3, 3, 3 ], 4 ], [ [ 6, 6, 6, 6 ], 4 ], [ [ 3, 3, 3, 3, 6, 6 ], 16 ], [ [ 6, 6, 6, 6 ], 8 ], [ [ 6, 6, 6, 6 ], 8 ], [ [ 12, 12 ], 16 ], [ [ 12, 12 ], 16 ], [ [ 12, 12 ], 16 ], [ [ 12, 12 ], 16 ], [ [ 12, 12 ], 16 ] ]
738|384|[ 384, 5861 ]|[ [ [ 1, 1, 1, 1, 1, 1, 1, 1, 1, 1, 1, 1, 1, 1, 1, 1, 1, 1, 1, 1, 1, 1, 1, 1 ], 1 ], [ [ 1, 1, 1, 1, 1, 1, 1, 1, 1, 1, 1, 1, 1, 1, 1, 1, 2, 2, 2, 2 ], 3 ], [ [ 1, 1, 1, 1, 1, 1, 1, 1, 2, 2, 2, 2, 2, 2, 2, 2 ], 3 ], [ [ 1, 1, 1, 1, 1, 1, 1, 1, 1, 1, 1, 1, 2, 2, 2, 2, 2, 2 ], 6 ], [ [ 1, 1, 1, 1, 1, 1, 1, 1, 1, 1, 1, 1, 2, 2, 2, 2, 2, 2 ], 6 ], [ [ 1, 1, 1, 1, 1, 1, 1, 1, 1, 1, 1, 1, 2, 2, 2, 2, 2, 2 ], 6 ], [ [ 1, 1, 1, 1, 1, 1, 1, 1, 1, 1, 1, 1, 2, 2, 2, 2, 2, 2 ], 6 ], [ [ 2, 2, 2, 2, 2, 2, 2, 2, 2, 2, 2, 2 ], 1 ], [ [ 2, 2, 2, 2, 4, 4, 4, 4 ], 6 ], [ [ 2, 2, 2, 2, 4, 4, 4, 4 ], 6 ], [ [ 2, 2, 2, 2, 4, 4, 4, 4 ], 6 ], [ [ 2, 2, 2, 2, 4, 4, 4, 4 ], 6 ], [ [ 2, 2, 2, 2, 4, 4, 4, 4 ], 6 ], [ [ 2, 2, 2, 2, 4, 4, 4, 4 ], 6 ], [ [ 2, 2, 2, 2, 4, 4, 4, 4 ], 6 ], [ [ 2, 2, 2, 2, 4, 4, 4, 4 ], 6 ], [ [ 2, 2, 2, 2, 2, 2, 2, 2, 4, 4 ], 6 ], [ [ 2, 2, 2, 2, 2, 2, 2, 2, 4, 4 ], 6 ], [ [ 2, 2, 2, 2, 2, 2, 2, 2, 4, 4 ], 6 ], [ [ 2, 2, 2, 2, 2, 2, 2, 2, 4, 4 ], 6 ], [ [ 2, 2, 2, 2, 2, 2, 2, 2, 4, 4 ], 6 ], [ [ 2, 2, 2, 2, 2, 2, 2, 2, 4, 4 ], 6 ], [ [ 2, 2, 2, 2, 2, 2, 2, 2, 4, 4 ], 6 ], [ [ 2, 2, 2, 2, 2, 2, 2, 2, 4, 4 ], 6 ], [ [ 3, 3, 3, 3, 3, 3, 3, 3 ], 64 ], [ [ 6, 6, 6, 6 ], 64 ], [ [ 3, 3, 3, 3, 3, 3, 3, 3 ], 64 ], [ [ 6, 6, 6, 6 ], 64 ] ]
739|384|[ 384, 20126 ]|[ [ [ 1, 1, 1, 1, 1, 1, 1, 1, 1, 1, 1, 1, 1, 1, 1, 1, 1, 1, 1, 1, 1, 1, 1, 1 ], 1 ], [ [ 1, 1, 1, 1, 1, 1, 1, 1, 1, 1, 1, 1, 1, 1, 1, 1, 2, 2, 2, 2 ], 3 ], [ [ 1, 1, 1, 1, 1, 1, 1, 1, 2, 2, 2, 2, 2, 2, 2, 2 ], 3 ], [ [ 1, 1, 1, 1, 1, 1, 1, 1, 1, 1, 1, 1, 2, 2, 2, 2, 2, 2 ], 6 ], [ [ 1, 1, 1, 1, 1, 1, 1, 1, 1, 1, 1, 1, 2, 2, 2, 2, 2, 2 ], 6 ], [ [ 1, 1, 1, 1, 1, 1, 1, 1, 1, 1, 1, 1, 2, 2, 2, 2, 2, 2 ], 6 ], [ [ 1, 1, 1, 1, 1, 1, 1, 1, 1, 1, 1, 1, 2, 2, 2, 2, 2, 2 ], 6 ], [ [ 2, 2, 2, 2, 2, 2, 2, 2, 2, 2, 2, 2 ], 1 ], [ [ 2, 2, 2, 2, 2, 2, 2, 2, 2, 2, 2, 2 ], 6 ], [ [ 2, 2, 2, 2, 2, 2, 2, 2, 2, 2, 2, 2 ], 6 ], [ [ 2, 2, 2, 2, 2, 2, 2, 2, 2, 2, 2, 2 ], 6 ], [ [ 2, 2, 2, 2, 2, 2, 2, 2, 2, 2, 2, 2 ], 6 ], [ [ 2, 2, 2, 2, 2, 2, 2, 2, 2, 2, 2, 2 ], 6 ], [ [ 2, 2, 2, 2, 2, 2, 2, 2, 2, 2, 2, 2 ], 6 ], [ [ 2, 2, 2, 2, 2, 2, 2, 2, 2, 2, 2, 2 ], 6 ], [ [ 2, 2, 2, 2, 2, 2, 2, 2, 2, 2, 2, 2 ], 6 ], [ [ 4, 4, 4, 4, 4, 4 ], 6 ], [ [ 4, 4, 4, 4, 4, 4 ], 6 ], [ [ 4, 4, 4, 4, 4, 4 ], 6 ], [ [ 4, 4, 4, 4, 4, 4 ], 6 ], [ [ 4, 4, 4, 4, 4, 4 ], 6 ], [ [ 4, 4, 4, 4, 4, 4 ], 6 ], [ [ 4, 4, 4, 4, 4, 4 ], 6 ], [ [ 4, 4, 4, 4, 4, 4 ], 6 ], [ [ 3, 3, 3, 3, 3, 3, 3, 3 ], 64 ], [ [ 6, 6, 6, 6 ], 64 ], [ [ 3, 3, 3, 3, 3, 3, 3, 3 ], 64 ], [ [ 6, 6, 6, 6 ], 64 ] ]
740|384|[ 384, 5721 ]|[ [ [ 1, 1, 1, 1, 1, 1, 1, 1, 1, 1, 1, 1, 1, 1, 1, 1, 1, 1, 1, 1, 1, 1, 1, 1 ], 1 ], [ [ 1, 1, 1, 1, 1, 1, 1, 1, 1, 1, 1, 1, 1, 1, 1, 1, 2, 2, 2, 2 ], 3 ], [ [ 1, 1, 1, 1, 1, 1, 1, 1, 2, 2, 2, 2, 2, 2, 2, 2 ], 3 ], [ [ 1, 1, 1, 1, 1, 1, 1, 1, 1, 1, 1, 1, 2, 2, 2, 2, 2, 2 ], 2 ], [ [ 1, 1, 1, 1, 1, 1, 1, 1, 1, 1, 1, 1, 2, 2, 2, 2, 2, 2 ], 6 ], [ [ 1, 1, 1, 1, 1, 1, 1, 1, 1, 1, 1, 1, 2, 2, 2, 2, 2, 2 ], 2 ], [ [ 1, 1, 1, 1, 1, 1, 1, 1, 1, 1, 1, 1, 2, 2, 2, 2, 2, 2 ], 6 ], [ [ 1, 1, 1, 1, 1, 1, 1, 1, 1, 1, 1, 1, 2, 2, 2, 2, 2, 2 ], 2 ], [ [ 1, 1, 1, 1, 1, 1, 1, 1, 1, 1, 1, 1, 2, 2, 2, 2, 2, 2 ], 6 ], [ [ 2, 2, 2, 2, 2, 2, 2, 2, 2, 2, 2, 2 ], 1 ], [ [ 2, 2, 2, 2, 2, 2, 4, 4, 4 ], 24 ], [ [ 2, 2, 2, 2, 2, 2, 4, 4, 4 ], 24 ], [ [ 2, 2, 2, 2, 2, 2, 4, 4, 4 ], 24 ], [ [ 2, 2, 2, 2, 2, 2, 4, 4, 4 ], 24 ], [ [ 2, 2, 2, 2, 2, 2, 2, 2, 2, 2, 2, 2 ], 12 ], [ [ 2, 2, 2, 2, 2, 2, 2, 2, 2, 2, 2, 2 ], 4 ], [ [ 4, 4, 4, 4, 4, 4 ], 12 ], [ [ 4, 4, 4, 4, 4, 4 ], 4 ], [ [ 2, 2, 2, 2, 2, 2, 4, 4, 4 ], 24 ], [ [ 2, 2, 2, 2, 2, 2, 4, 4, 4 ], 24 ], [ [ 2, 2, 2, 2, 2, 2, 4, 4, 4 ], 24 ], [ [ 2, 2, 2, 2, 2, 2, 4, 4, 4 ], 24 ], [ [ 3, 3, 3, 3, 6, 6 ], 16 ], [ [ 3, 3, 3, 3, 6, 6 ], 8 ], [ [ 3, 3, 3, 3, 6, 6 ], 8 ], [ [ 3, 3, 3, 3, 6, 6 ], 16 ], [ [ 3, 3, 3, 3, 3, 3, 3, 3 ], 8 ], [ [ 6, 6, 6, 6 ], 8 ], [ [ 12, 12 ], 16 ], [ [ 6, 6, 6, 6 ], 16 ], [ [ 12, 12 ], 16 ], [ [ 6, 6, 6, 6 ], 16 ] ]
741|384|[ 384, 18198 ]|[ [ [ 1, 1, 1, 1, 1, 1, 1, 1, 1, 1, 1, 1, 1, 1, 1, 1, 1, 1, 1, 1, 1, 1, 1, 1 ], 1 ], [ [ 1, 1, 1, 1, 1, 1, 1, 1, 1, 1, 1, 1, 1, 1, 1, 1, 2, 2, 2, 2 ], 3 ], [ [ 1, 1, 1, 1, 1, 1, 1, 1, 2, 2, 2, 2, 2, 2, 2, 2 ], 3 ], [ [ 1, 1, 1, 1, 1, 1, 1, 1, 1, 1, 1, 1, 2, 2, 2, 2, 2, 2 ], 4 ], [ [ 1, 1, 1, 1, 1, 1, 1, 1, 1, 1, 1, 1, 2, 2, 2, 2, 2, 2 ], 4 ], [ [ 1, 1, 1, 1, 1, 1, 1, 1, 1, 1, 1, 1, 2, 2, 2, 2, 2, 2 ], 4 ], [ [ 1, 1, 1, 1, 1, 1, 1, 1, 1, 1, 1, 1, 2, 2, 2, 2, 2, 2 ], 4 ], [ [ 1, 1, 1, 1, 1, 1, 1, 1, 1, 1, 1, 1, 2, 2, 2, 2, 2, 2 ], 4 ], [ [ 1, 1, 1, 1, 1, 1, 1, 1, 1, 1, 1, 1, 2, 2, 2, 2, 2, 2 ], 4 ], [ [ 2, 2, 2, 2, 2, 2, 2, 2, 2, 2, 2, 2 ], 1 ], [ [ 2, 2, 2, 2, 2, 2, 2, 2, 2, 2, 2, 2 ], 12 ], [ [ 2, 2, 2, 2, 2, 2, 2, 2, 2, 2, 2, 2 ], 12 ], [ [ 2, 2, 2, 2, 4, 4, 4, 4 ], 12 ], [ [ 2, 2, 2, 2, 4, 4, 4, 4 ], 12 ], [ [ 2, 2, 2, 2, 4, 4, 4, 4 ], 12 ], [ [ 2, 2, 2, 2, 4, 4, 4, 4 ], 12 ], [ [ 2, 2, 2, 2, 4, 4, 4, 4 ], 12 ], [ [ 2, 2, 2, 2, 4, 4, 4, 4 ], 12 ], [ [ 3, 3, 3, 3, 6, 6 ], 16 ], [ [ 3, 3, 3, 3, 6, 6 ], 16 ], [ [ 3, 3, 3, 3, 6, 6 ], 16 ], [ [ 3, 3, 3, 3, 6, 6 ], 16 ], [ [ 3, 3, 3, 3, 6, 6 ], 16 ], [ [ 3, 3, 3, 3, 6, 6 ], 16 ], [ [ 3, 3, 3, 3, 3, 3, 3, 3 ], 16 ], [ [ 6, 6, 6, 6 ], 16 ], [ [ 3, 3, 3, 3, 6, 6 ], 16 ], [ [ 3, 3, 3, 3, 6, 6 ], 16 ], [ [ 3, 3, 3, 3, 3, 3, 3, 3 ], 16 ], [ [ 6, 6, 6, 6 ], 16 ], [ [ 3, 3, 3, 3, 6, 6 ], 16 ], [ [ 3, 3, 3, 3, 6, 6 ], 16 ], [ [ 3, 3, 3, 3, 6, 6 ], 16 ], [ [ 3, 3, 3, 3, 6, 6 ], 16 ] ]
742|384|[ 384, 5786 ]|[ [ [ 1, 1, 1, 1, 1, 1, 1, 1, 1, 1, 1, 1, 1, 1, 1, 1, 1, 1, 1, 1, 1, 1, 1, 1 ], 1 ], [ [ 1, 1, 1, 1, 1, 1, 1, 1, 1, 1, 1, 1, 1, 1, 1, 1, 2, 2, 2, 2 ], 3 ], [ [ 1, 1, 1, 1, 1, 1, 1, 1, 2, 2, 2, 2, 2, 2, 2, 2 ], 3 ], [ [ 1, 1, 1, 1, 1, 1, 1, 1, 1, 1, 1, 1, 2, 2, 2, 2, 2, 2 ], 4 ], [ [ 1, 1, 1, 1, 1, 1, 1, 1, 1, 1, 1, 1, 2, 2, 2, 2, 2, 2 ], 4 ], [ [ 1, 1, 1, 1, 1, 1, 1, 1, 1, 1, 1, 1, 2, 2, 2, 2, 2, 2 ], 4 ], [ [ 1, 1, 1, 1, 1, 1, 1, 1, 1, 1, 1, 1, 2, 2, 2, 2, 2, 2 ], 4 ], [ [ 1, 1, 1, 1, 1, 1, 1, 1, 1, 1, 1, 1, 2, 2, 2, 2, 2, 2 ], 4 ], [ [ 1, 1, 1, 1, 1, 1, 1, 1, 1, 1, 1, 1, 2, 2, 2, 2, 2, 2 ], 4 ], [ [ 2, 2, 2, 2, 2, 2, 2, 2, 2, 2, 2, 2 ], 1 ], [ [ 2, 2, 2, 2, 2, 2, 2, 2, 4, 4 ], 24 ], [ [ 2, 2, 2, 2, 2, 2, 2, 2, 4, 4 ], 24 ], [ [ 2, 2, 2, 2, 2, 2, 2, 2, 4, 4 ], 24 ], [ [ 4, 4, 4, 4, 4, 4 ], 24 ], [ [ 3, 3, 3, 3, 6, 6 ], 16 ], [ [ 3, 3, 3, 3, 6, 6 ], 16 ], [ [ 3, 3, 3, 3, 6, 6 ], 16 ], [ [ 3, 3, 3, 3, 6, 6 ], 16 ], [ [ 3, 3, 3, 3, 6, 6 ], 16 ], [ [ 3, 3, 3, 3, 6, 6 ], 16 ], [ [ 3, 3, 3, 3, 3, 3, 3, 3 ], 16 ], [ [ 6, 6, 6, 6 ], 16 ], [ [ 3, 3, 3, 3, 6, 6 ], 16 ], [ [ 3, 3, 3, 3, 6, 6 ], 16 ], [ [ 3, 3, 3, 3, 3, 3, 3, 3 ], 16 ], [ [ 6, 6, 6, 6 ], 16 ], [ [ 3, 3, 3, 3, 6, 6 ], 16 ], [ [ 3, 3, 3, 3, 6, 6 ], 16 ], [ [ 3, 3, 3, 3, 6, 6 ], 16 ], [ [ 3, 3, 3, 3, 6, 6 ], 16 ] ]
743|384|[ 384, 5788 ]|[ [ [ 1, 1, 1, 1, 1, 1, 1, 1, 1, 1, 1, 1, 1, 1, 1, 1, 1, 1, 1, 1, 1, 1, 1, 1 ], 1 ], [ [ 1, 1, 1, 1, 1, 1, 1, 1, 1, 1, 1, 1, 1, 1, 1, 1, 2, 2, 2, 2 ], 3 ], [ [ 1, 1, 1, 1, 1, 1, 1, 1, 2, 2, 2, 2, 2, 2, 2, 2 ], 3 ], [ [ 1, 1, 1, 1, 1, 1, 1, 1, 1, 1, 1, 1, 2, 2, 2, 2, 2, 2 ], 4 ], [ [ 1, 1, 1, 1, 1, 1, 1, 1, 1, 1, 1, 1, 2, 2, 2, 2, 2, 2 ], 4 ], [ [ 1, 1, 1, 1, 1, 1, 1, 1, 1, 1, 1, 1, 2, 2, 2, 2, 2, 2 ], 4 ], [ [ 1, 1, 1, 1, 1, 1, 1, 1, 1, 1, 1, 1, 2, 2, 2, 2, 2, 2 ], 4 ], [ [ 1, 1, 1, 1, 1, 1, 1, 1, 1, 1, 1, 1, 2, 2, 2, 2, 2, 2 ], 4 ], [ [ 1, 1, 1, 1, 1, 1, 1, 1, 1, 1, 1, 1, 2, 2, 2, 2, 2, 2 ], 4 ], [ [ 2, 2, 2, 2, 2, 2, 2, 2, 2, 2, 2, 2 ], 1 ], [ [ 2, 2, 2, 2, 2, 2, 2, 2, 4, 4 ], 24 ], [ [ 2, 2, 2, 2, 2, 2, 2, 2, 4, 4 ], 24 ], [ [ 2, 2, 2, 2, 2, 2, 2, 2, 4, 4 ], 24 ], [ [ 4, 4, 4, 4, 4, 4 ], 24 ], [ [ 3, 3, 3, 3, 6, 6 ], 16 ], [ [ 3, 3, 3, 3, 6, 6 ], 16 ], [ [ 3, 3, 3, 3, 6, 6 ], 16 ], [ [ 3, 3, 3, 3, 6, 6 ], 16 ], [ [ 3, 3, 3, 3, 6, 6 ], 16 ], [ [ 3, 3, 3, 3, 6, 6 ], 16 ], [ [ 3, 3, 3, 3, 3, 3, 3, 3 ], 16 ], [ [ 6, 6, 6, 6 ], 16 ], [ [ 3, 3, 3, 3, 6, 6 ], 16 ], [ [ 3, 3, 3, 3, 6, 6 ], 16 ], [ [ 3, 3, 3, 3, 3, 3, 3, 3 ], 16 ], [ [ 6, 6, 6, 6 ], 16 ], [ [ 3, 3, 3, 3, 6, 6 ], 16 ], [ [ 3, 3, 3, 3, 6, 6 ], 16 ], [ [ 3, 3, 3, 3, 6, 6 ], 16 ], [ [ 3, 3, 3, 3, 6, 6 ], 16 ] ]
744|384|[ 384, 18199 ]|[ [ [ 1, 1, 1, 1, 1, 1, 1, 1, 1, 1, 1, 1, 1, 1, 1, 1, 1, 1, 1, 1, 1, 1, 1, 1 ], 1 ], [ [ 1, 1, 1, 1, 1, 1, 1, 1, 1, 1, 1, 1, 1, 1, 1, 1, 2, 2, 2, 2 ], 3 ], [ [ 1, 1, 1, 1, 1, 1, 1, 1, 2, 2, 2, 2, 2, 2, 2, 2 ], 3 ], [ [ 1, 1, 1, 1, 1, 1, 1, 1, 1, 1, 1, 1, 2, 2, 2, 2, 2, 2 ], 4 ], [ [ 1, 1, 1, 1, 1, 1, 1, 1, 1, 1, 1, 1, 2, 2, 2, 2, 2, 2 ], 4 ], [ [ 1, 1, 1, 1, 1, 1, 1, 1, 1, 1, 1, 1, 2, 2, 2, 2, 2, 2 ], 4 ], [ [ 1, 1, 1, 1, 1, 1, 1, 1, 1, 1, 1, 1, 2, 2, 2, 2, 2, 2 ], 4 ], [ [ 1, 1, 1, 1, 1, 1, 1, 1, 1, 1, 1, 1, 2, 2, 2, 2, 2, 2 ], 4 ], [ [ 1, 1, 1, 1, 1, 1, 1, 1, 1, 1, 1, 1, 2, 2, 2, 2, 2, 2 ], 4 ], [ [ 2, 2, 2, 2, 2, 2, 2, 2, 2, 2, 2, 2 ], 1 ], [ [ 2, 2, 2, 2, 2, 2, 2, 2, 2, 2, 2, 2 ], 12 ], [ [ 2, 2, 2, 2, 2, 2, 2, 2, 2, 2, 2, 2 ], 12 ], [ [ 2, 2, 2, 2, 4, 4, 4, 4 ], 12 ], [ [ 2, 2, 2, 2, 4, 4, 4, 4 ], 12 ], [ [ 2, 2, 2, 2, 4, 4, 4, 4 ], 12 ], [ [ 2, 2, 2, 2, 4, 4, 4, 4 ], 12 ], [ [ 2, 2, 2, 2, 4, 4, 4, 4 ], 12 ], [ [ 2, 2, 2, 2, 4, 4, 4, 4 ], 12 ], [ [ 3, 3, 3, 3, 6, 6 ], 16 ], [ [ 3, 3, 3, 3, 6, 6 ], 16 ], [ [ 3, 3, 3, 3, 6, 6 ], 16 ], [ [ 3, 3, 3, 3, 6, 6 ], 16 ], [ [ 3, 3, 3, 3, 6, 6 ], 16 ], [ [ 3, 3, 3, 3, 6, 6 ], 16 ], [ [ 3, 3, 3, 3, 3, 3, 3, 3 ], 16 ], [ [ 6, 6, 6, 6 ], 16 ], [ [ 3, 3, 3, 3, 6, 6 ], 16 ], [ [ 3, 3, 3, 3, 6, 6 ], 16 ], [ [ 3, 3, 3, 3, 3, 3, 3, 3 ], 16 ], [ [ 6, 6, 6, 6 ], 16 ], [ [ 3, 3, 3, 3, 6, 6 ], 16 ], [ [ 3, 3, 3, 3, 6, 6 ], 16 ], [ [ 3, 3, 3, 3, 6, 6 ], 16 ], [ [ 3, 3, 3, 3, 6, 6 ], 16 ] ]
745|384|[ 384, 5805 ]|[ [ [ 1, 1, 1, 1, 1, 1, 1, 1, 1, 1, 1, 1, 1, 1, 1, 1, 1, 1, 1, 1, 1, 1, 1, 1 ], 1 ], [ [ 1, 1, 1, 1, 1, 1, 1, 1, 1, 1, 1, 1, 1, 1, 1, 1, 2, 2, 2, 2 ], 3 ], [ [ 1, 1, 1, 1, 1, 1, 1, 1, 2, 2, 2, 2, 2, 2, 2, 2 ], 3 ], [ [ 1, 1, 1, 1, 1, 1, 1, 1, 1, 1, 1, 1, 2, 2, 2, 2, 2, 2 ], 2 ], [ [ 1, 1, 1, 1, 1, 1, 1, 1, 1, 1, 1, 1, 2, 2, 2, 2, 2, 2 ], 6 ], [ [ 1, 1, 1, 1, 1, 1, 1, 1, 1, 1, 1, 1, 2, 2, 2, 2, 2, 2 ], 2 ], [ [ 1, 1, 1, 1, 1, 1, 1, 1, 1, 1, 1, 1, 2, 2, 2, 2, 2, 2 ], 6 ], [ [ 1, 1, 1, 1, 1, 1, 1, 1, 1, 1, 1, 1, 2, 2, 2, 2, 2, 2 ], 2 ], [ [ 1, 1, 1, 1, 1, 1, 1, 1, 1, 1, 1, 1, 2, 2, 2, 2, 2, 2 ], 6 ], [ [ 2, 2, 2, 2, 2, 2, 2, 2, 2, 2, 2, 2 ], 1 ], [ [ 2, 2, 2, 2, 2, 2, 4, 4, 4 ], 12 ], [ [ 2, 2, 2, 2, 2, 2, 4, 4, 4 ], 4 ], [ [ 2, 2, 2, 2, 2, 2, 4, 4, 4 ], 12 ], [ [ 2, 2, 2, 2, 2, 2, 4, 4, 4 ], 4 ], [ [ 2, 2, 2, 2, 2, 2, 4, 4, 4 ], 12 ], [ [ 2, 2, 2, 2, 2, 2, 4, 4, 4 ], 4 ], [ [ 2, 2, 2, 2, 2, 2, 4, 4, 4 ], 12 ], [ [ 2, 2, 2, 2, 2, 2, 4, 4, 4 ], 4 ], [ [ 2, 2, 2, 2, 2, 2, 2, 2, 2, 2, 2, 2 ], 12 ], [ [ 2, 2, 2, 2, 2, 2, 2, 2, 2, 2, 2, 2 ], 4 ], [ [ 4, 4, 4, 4, 4, 4 ], 12 ], [ [ 4, 4, 4, 4, 4, 4 ], 4 ], [ [ 3, 3, 3, 3, 6, 6 ], 8 ], [ [ 3, 3, 3, 3, 6, 6 ], 8 ], [ [ 3, 3, 3, 3, 3, 3, 3, 3 ], 4 ], [ [ 6, 6, 6, 6 ], 4 ], [ [ 3, 3, 3, 3, 6, 6 ], 8 ], [ [ 6, 6, 12 ], 16 ], [ [ 6, 6, 12 ], 16 ], [ [ 6, 6, 12 ], 16 ], [ [ 6, 6, 12 ], 16 ], [ [ 12, 12 ], 16 ], [ [ 6, 6, 6, 6 ], 16 ], [ [ 3, 3, 3, 3, 6, 6 ], 8 ], [ [ 3, 3, 3, 3, 3, 3, 3, 3 ], 4 ], [ [ 6, 6, 6, 6 ], 4 ], [ [ 3, 3, 3, 3, 6, 6 ], 8 ], [ [ 3, 3, 3, 3, 6, 6 ], 8 ], [ [ 6, 6, 12 ], 16 ], [ [ 6, 6, 12 ], 16 ], [ [ 6, 6, 12 ], 16 ], [ [ 6, 6, 12 ], 16 ], [ [ 12, 12 ], 16 ], [ [ 6, 6, 6, 6 ], 16 ] ]
746|384|[ 384, 20108 ]|[ [ [ 1, 1, 1, 1, 1, 1, 1, 1, 1, 1, 1, 1, 1, 1, 1, 1, 1, 1, 1, 1, 1, 1, 1, 1 ], 1 ], [ [ 1, 1, 1, 1, 1, 1, 1, 1, 1, 1, 1, 1, 1, 1, 1, 1, 2, 2, 2, 2 ], 3 ], [ [ 1, 1, 1, 1, 1, 1, 1, 1, 2, 2, 2, 2, 2, 2, 2, 2 ], 3 ], [ [ 1, 1, 1, 1, 1, 1, 1, 1, 1, 1, 1, 1, 2, 2, 2, 2, 2, 2 ], 2 ], [ [ 1, 1, 1, 1, 1, 1, 1, 1, 1, 1, 1, 1, 2, 2, 2, 2, 2, 2 ], 6 ], [ [ 1, 1, 1, 1, 1, 1, 1, 1, 1, 1, 1, 1, 2, 2, 2, 2, 2, 2 ], 2 ], [ [ 1, 1, 1, 1, 1, 1, 1, 1, 1, 1, 1, 1, 2, 2, 2, 2, 2, 2 ], 6 ], [ [ 1, 1, 1, 1, 1, 1, 1, 1, 1, 1, 1, 1, 2, 2, 2, 2, 2, 2 ], 2 ], [ [ 1, 1, 1, 1, 1, 1, 1, 1, 1, 1, 1, 1, 2, 2, 2, 2, 2, 2 ], 6 ], [ [ 2, 2, 2, 2, 2, 2, 2, 2, 2, 2, 2, 2 ], 1 ], [ [ 2, 2, 2, 2, 2, 2, 2, 2, 2, 2, 2, 2 ], 6 ], [ [ 2, 2, 2, 2, 2, 2, 2, 2, 2, 2, 2, 2 ], 2 ], [ [ 2, 2, 2, 2, 2, 2, 2, 2, 2, 2, 2, 2 ], 6 ], [ [ 2, 2, 2, 2, 2, 2, 2, 2, 2, 2, 2, 2 ], 2 ], [ [ 4, 4, 4, 4, 4, 4 ], 6 ], [ [ 4, 4, 4, 4, 4, 4 ], 2 ], [ [ 4, 4, 4, 4, 4, 4 ], 6 ], [ [ 4, 4, 4, 4, 4, 4 ], 2 ], [ [ 2, 2, 2, 2, 2, 2, 2, 2, 2, 2, 2, 2 ], 6 ], [ [ 2, 2, 2, 2, 2, 2, 2, 2, 2, 2, 2, 2 ], 2 ], [ [ 4, 4, 4, 4, 4, 4 ], 6 ], [ [ 4, 4, 4, 4, 4, 4 ], 2 ], [ [ 2, 2, 2, 2, 2, 2, 2, 2, 2, 2, 2, 2 ], 6 ], [ [ 2, 2, 2, 2, 2, 2, 2, 2, 2, 2, 2, 2 ], 2 ], [ [ 4, 4, 4, 4, 4, 4 ], 6 ], [ [ 4, 4, 4, 4, 4, 4 ], 2 ], [ [ 2, 2, 2, 2, 2, 2, 2, 2, 2, 2, 2, 2 ], 6 ], [ [ 2, 2, 2, 2, 2, 2, 2, 2, 2, 2, 2, 2 ], 2 ], [ [ 4, 4, 4, 4, 4, 4 ], 6 ], [ [ 4, 4, 4, 4, 4, 4 ], 2 ], [ [ 4, 4, 4, 4, 4, 4 ], 6 ], [ [ 4, 4, 4, 4, 4, 4 ], 2 ], [ [ 2, 2, 2, 2, 2, 2, 2, 2, 2, 2, 2, 2 ], 6 ], [ [ 2, 2, 2, 2, 2, 2, 2, 2, 2, 2, 2, 2 ], 2 ], [ [ 3, 3, 3, 3, 6, 6 ], 8 ], [ [ 3, 3, 3, 3, 6, 6 ], 8 ], [ [ 3, 3, 3, 3, 3, 3, 3, 3 ], 4 ], [ [ 6, 6, 6, 6 ], 4 ], [ [ 3, 3, 3, 3, 6, 6 ], 8 ], [ [ 12, 12 ], 8 ], [ [ 12, 12 ], 8 ], [ [ 6, 6, 6, 6 ], 8 ], [ [ 6, 6, 6, 6 ], 8 ], [ [ 6, 6, 6, 6 ], 8 ], [ [ 12, 12 ], 8 ], [ [ 6, 6, 6, 6 ], 8 ], [ [ 12, 12 ], 8 ], [ [ 12, 12 ], 8 ], [ [ 6, 6, 6, 6 ], 8 ], [ [ 6, 6, 6, 6 ], 8 ], [ [ 12, 12 ], 8 ], [ [ 3, 3, 3, 3, 6, 6 ], 8 ], [ [ 3, 3, 3, 3, 3, 3, 3, 3 ], 4 ], [ [ 6, 6, 6, 6 ], 4 ], [ [ 3, 3, 3, 3, 6, 6 ], 8 ], [ [ 3, 3, 3, 3, 6, 6 ], 8 ], [ [ 6, 6, 6, 6 ], 8 ], [ [ 6, 6, 6, 6 ], 8 ], [ [ 12, 12 ], 8 ], [ [ 12, 12 ], 8 ], [ [ 12, 12 ], 8 ], [ [ 6, 6, 6, 6 ], 8 ], [ [ 12, 12 ], 8 ], [ [ 6, 6, 6, 6 ], 8 ], [ [ 12, 12 ], 8 ], [ [ 6, 6, 6, 6 ], 8 ], [ [ 6, 6, 6, 6 ], 8 ], [ [ 12, 12 ], 8 ] ]
747|384|[ 384, 5780 ]|[ [ [ 1, 1, 1, 1, 1, 1, 1, 1, 1, 1, 1, 1, 1, 1, 1, 1, 1, 1, 1, 1, 1, 1, 1, 1 ], 1 ], [ [ 1, 1, 1, 1, 1, 1, 1, 1, 1, 1, 1, 1, 1, 1, 1, 1, 2, 2, 2, 2 ], 3 ], [ [ 1, 1, 1, 1, 1, 1, 1, 1, 2, 2, 2, 2, 2, 2, 2, 2 ], 3 ], [ [ 1, 1, 1, 1, 1, 1, 1, 1, 1, 1, 1, 1, 2, 2, 2, 2, 2, 2 ], 12 ], [ [ 1, 1, 1, 1, 1, 1, 1, 1, 1, 1, 1, 1, 2, 2, 2, 2, 2, 2 ], 12 ], [ [ 2, 2, 2, 2, 2, 2, 2, 2, 2, 2, 2, 2 ], 1 ], [ [ 2, 2, 2, 2, 2, 2, 2, 2, 4, 4 ], 24 ], [ [ 4, 4, 4, 4, 4, 4 ], 8 ], [ [ 2, 2, 2, 2, 2, 2, 2, 2, 2, 2, 2, 2 ], 8 ], [ [ 2, 2, 2, 2, 4, 4, 4, 4 ], 24 ], [ [ 2, 2, 2, 2, 4, 4, 4, 4 ], 24 ], [ [ 2, 2, 2, 2, 2, 2, 2, 2, 2, 2, 2, 2 ], 8 ], [ [ 3, 3, 3, 3, 3, 3, 3, 3 ], 16 ], [ [ 6, 6, 6, 6 ], 16 ], [ [ 6, 6, 6, 6 ], 32 ], [ [ 12, 12 ], 32 ], [ [ 6, 6, 6, 6 ], 32 ], [ [ 3, 3, 3, 3, 3, 3, 3, 3 ], 16 ], [ [ 6, 6, 6, 6 ], 16 ], [ [ 6, 6, 6, 6 ], 32 ], [ [ 6, 6, 6, 6 ], 32 ], [ [ 12, 12 ], 32 ] ]
748|384|[ 384, 5868 ]|[ [ [ 1, 1, 1, 1, 1, 1, 1, 1, 1, 1, 1, 1, 1, 1, 1, 1, 1, 1, 1, 1, 1, 1, 1, 1 ], 1 ], [ [ 1, 1, 1, 1, 1, 1, 1, 1, 1, 1, 1, 1, 1, 1, 1, 1, 2, 2, 2, 2 ], 3 ], [ [ 1, 1, 1, 1, 1, 1, 1, 1, 2, 2, 2, 2, 2, 2, 2, 2 ], 3 ], [ [ 1, 1, 1, 1, 1, 1, 1, 1, 1, 1, 1, 1, 2, 2, 2, 2, 2, 2 ], 12 ], [ [ 1, 1, 1, 1, 1, 1, 1, 1, 1, 1, 1, 1, 2, 2, 2, 2, 2, 2 ], 12 ], [ [ 2, 2, 2, 2, 2, 2, 2, 2, 2, 2, 2, 2 ], 1 ], [ [ 2, 2, 2, 2, 2, 2, 2, 2, 4, 4 ], 24 ], [ [ 2, 2, 2, 2, 2, 2, 2, 2, 4, 4 ], 24 ], [ [ 2, 2, 2, 2, 2, 2, 2, 2, 4, 4 ], 24 ], [ [ 4, 4, 4, 4, 4, 4 ], 24 ], [ [ 3, 3, 3, 3, 3, 3, 3, 3 ], 64 ], [ [ 6, 6, 6, 6 ], 64 ], [ [ 3, 3, 3, 3, 3, 3, 3, 3 ], 64 ], [ [ 6, 6, 6, 6 ], 64 ] ]
749|384|[ 384, 5754 ]|[ [ [ 1, 1, 1, 1, 1, 1, 1, 1, 1, 1, 1, 1, 1, 1, 1, 1, 1, 1, 1, 1, 1, 1, 1, 1 ], 1 ], [ [ 1, 1, 1, 1, 1, 1, 1, 1, 1, 1, 1, 1, 1, 1, 1, 1, 2, 2, 2, 2 ], 3 ], [ [ 1, 1, 1, 1, 1, 1, 1, 1, 2, 2, 2, 2, 2, 2, 2, 2 ], 3 ], [ [ 1, 1, 1, 1, 1, 1, 1, 1, 1, 1, 1, 1, 2, 2, 2, 2, 2, 2 ], 12 ], [ [ 1, 1, 1, 1, 1, 1, 1, 1, 1, 1, 1, 1, 2, 2, 2, 2, 2, 2 ], 12 ], [ [ 2, 2, 2, 2, 2, 2, 2, 2, 2, 2, 2, 2 ], 1 ], [ [ 2, 2, 2, 2, 2, 2, 2, 2, 4, 4 ], 12 ], [ [ 2, 2, 2, 2, 2, 2, 2, 2, 4, 4 ], 12 ], [ [ 4, 4, 4, 4, 4, 4 ], 4 ], [ [ 4, 4, 4, 4, 4, 4 ], 4 ], [ [ 2, 2, 2, 2, 2, 2, 2, 2, 4, 4 ], 12 ], [ [ 2, 2, 2, 2, 2, 2, 2, 2, 4, 4 ], 12 ], [ [ 4, 4, 4, 4, 4, 4 ], 4 ], [ [ 4, 4, 4, 4, 4, 4 ], 4 ], [ [ 2, 2, 2, 2, 2, 2, 2, 2, 2, 2, 2, 2 ], 4 ], [ [ 2, 2, 2, 2, 2, 2, 2, 2, 2, 2, 2, 2 ], 4 ], [ [ 2, 2, 2, 2, 4, 4, 4, 4 ], 12 ], [ [ 2, 2, 2, 2, 4, 4, 4, 4 ], 12 ], [ [ 3, 3, 3, 3, 3, 3, 3, 3 ], 16 ], [ [ 6, 6, 6, 6 ], 16 ], [ [ 6, 6, 6, 6 ], 16 ], [ [ 6, 6, 6, 6 ], 16 ], [ [ 12, 12 ], 16 ], [ [ 12, 12 ], 16 ], [ [ 12, 12 ], 16 ], [ [ 12, 12 ], 16 ], [ [ 3, 3, 3, 3, 3, 3, 3, 3 ], 16 ], [ [ 6, 6, 6, 6 ], 16 ], [ [ 12, 12 ], 16 ], [ [ 12, 12 ], 16 ], [ [ 6, 6, 6, 6 ], 16 ], [ [ 6, 6, 6, 6 ], 16 ], [ [ 12, 12 ], 16 ], [ [ 12, 12 ], 16 ] ]
750|384|[ 384, 5787 ]|[ [ [ 1, 1, 1, 1, 1, 1, 1, 1, 1, 1, 1, 1, 1, 1, 1, 1, 1, 1, 1, 1, 1, 1, 1, 1 ], 1 ], [ [ 1, 1, 1, 1, 1, 1, 1, 1, 1, 1, 1, 1, 1, 1, 1, 1, 2, 2, 2, 2 ], 3 ], [ [ 1, 1, 1, 1, 1, 1, 1, 1, 2, 2, 2, 2, 2, 2, 2, 2 ], 3 ], [ [ 1, 1, 1, 1, 1, 1, 1, 1, 1, 1, 1, 1, 2, 2, 2, 2, 2, 2 ], 12 ], [ [ 1, 1, 1, 1, 1, 1, 1, 1, 1, 1, 1, 1, 2, 2, 2, 2, 2, 2 ], 12 ], [ [ 2, 2, 2, 2, 2, 2, 2, 2, 2, 2, 2, 2 ], 1 ], [ [ 2, 2, 2, 2, 2, 2, 2, 2, 4, 4 ], 24 ], [ [ 4, 4, 4, 4, 4, 4 ], 8 ], [ [ 2, 2, 2, 2, 2, 2, 2, 2, 4, 4 ], 24 ], [ [ 4, 4, 4, 4, 4, 4 ], 8 ], [ [ 2, 2, 2, 2, 2, 2, 2, 2, 4, 4 ], 24 ], [ [ 4, 4, 4, 4, 4, 4 ], 8 ], [ [ 3, 3, 3, 3, 3, 3, 3, 3 ], 16 ], [ [ 6, 6, 6, 6 ], 16 ], [ [ 12, 12 ], 32 ], [ [ 12, 12 ], 32 ], [ [ 12, 12 ], 32 ], [ [ 3, 3, 3, 3, 3, 3, 3, 3 ], 16 ], [ [ 6, 6, 6, 6 ], 16 ], [ [ 12, 12 ], 32 ], [ [ 12, 12 ], 32 ], [ [ 12, 12 ], 32 ] ]
751|384|[ 384, 5721 ]|[ [ [ 1, 1, 1, 1, 1, 1, 1, 1, 1, 1, 1, 1, 1, 1, 1, 1, 1, 1, 1, 1, 1, 1, 1, 1 ], 1 ], [ [ 1, 1, 1, 1, 1, 1, 1, 1, 1, 1, 1, 1, 1, 1, 1, 1, 2, 2, 2, 2 ], 3 ], [ [ 1, 1, 1, 1, 1, 1, 1, 1, 2, 2, 2, 2, 2, 2, 2, 2 ], 3 ], [ [ 1, 1, 1, 1, 1, 1, 1, 1, 1, 1, 1, 1, 2, 2, 2, 2, 2, 2 ], 4 ], [ [ 1, 1, 1, 1, 1, 1, 1, 1, 1, 1, 1, 1, 2, 2, 2, 2, 2, 2 ], 12 ], [ [ 1, 1, 1, 1, 1, 1, 1, 1, 1, 1, 1, 1, 2, 2, 2, 2, 2, 2 ], 6 ], [ [ 1, 1, 1, 1, 1, 1, 1, 1, 1, 1, 1, 1, 2, 2, 2, 2, 2, 2 ], 2 ], [ [ 2, 2, 2, 2, 2, 2, 2, 2, 2, 2, 2, 2 ], 1 ], [ [ 4, 4, 4, 4, 4, 4 ], 24 ], [ [ 4, 4, 4, 4, 4, 4 ], 24 ], [ [ 4, 4, 4, 4, 4, 4 ], 24 ], [ [ 4, 4, 4, 4, 4, 4 ], 24 ], [ [ 4, 4, 4, 4, 4, 4 ], 24 ], [ [ 4, 4, 4, 4, 4, 4 ], 24 ], [ [ 4, 4, 4, 4, 4, 4 ], 24 ], [ [ 4, 4, 4, 4, 4, 4 ], 24 ], [ [ 2, 2, 2, 2, 2, 2, 2, 2, 2, 2, 2, 2 ], 6 ], [ [ 2, 2, 2, 2, 2, 2, 2, 2, 2, 2, 2, 2 ], 2 ], [ [ 4, 4, 4, 4, 4, 4 ], 12 ], [ [ 4, 4, 4, 4, 4, 4 ], 4 ], [ [ 2, 2, 2, 2, 2, 2, 2, 2, 2, 2, 2, 2 ], 2 ], [ [ 2, 2, 2, 2, 2, 2, 2, 2, 2, 2, 2, 2 ], 6 ], [ [ 3, 3, 3, 3, 6, 6 ], 16 ], [ [ 3, 3, 3, 3, 6, 6 ], 8 ], [ [ 3, 3, 3, 3, 6, 6 ], 8 ], [ [ 6, 6, 6, 6 ], 8 ], [ [ 3, 3, 3, 3, 3, 3, 3, 3 ], 8 ], [ [ 3, 3, 3, 3, 6, 6 ], 16 ], [ [ 12, 12 ], 16 ], [ [ 6, 6, 6, 6 ], 16 ], [ [ 6, 6, 6, 6 ], 16 ], [ [ 12, 12 ], 16 ] ]
752|384|[ 384, 20053 ]|[ [ [ 1, 1, 1, 1, 1, 1, 1, 1, 1, 1, 1, 1, 1, 1, 1, 1, 1, 1, 1, 1, 1, 1, 1, 1 ], 1 ], [ [ 1, 1, 1, 1, 1, 1, 1, 1, 1, 1, 1, 1, 1, 1, 1, 1, 2, 2, 2, 2 ], 3 ], [ [ 1, 1, 1, 1, 1, 1, 1, 1, 2, 2, 2, 2, 2, 2, 2, 2 ], 3 ], [ [ 1, 1, 1, 1, 1, 1, 1, 1, 1, 1, 1, 1, 2, 2, 2, 2, 2, 2 ], 2 ], [ [ 1, 1, 1, 1, 1, 1, 1, 1, 1, 1, 1, 1, 2, 2, 2, 2, 2, 2 ], 6 ], [ [ 1, 1, 1, 1, 1, 1, 1, 1, 1, 1, 1, 1, 2, 2, 2, 2, 2, 2 ], 2 ], [ [ 1, 1, 1, 1, 1, 1, 1, 1, 1, 1, 1, 1, 2, 2, 2, 2, 2, 2 ], 6 ], [ [ 1, 1, 1, 1, 1, 1, 1, 1, 1, 1, 1, 1, 2, 2, 2, 2, 2, 2 ], 2 ], [ [ 1, 1, 1, 1, 1, 1, 1, 1, 1, 1, 1, 1, 2, 2, 2, 2, 2, 2 ], 6 ], [ [ 2, 2, 2, 2, 2, 2, 2, 2, 2, 2, 2, 2 ], 1 ], [ [ 2, 2, 2, 2, 2, 2, 2, 2, 2, 2, 2, 2 ], 12 ], [ [ 2, 2, 2, 2, 4, 4, 4, 4 ], 12 ], [ [ 2, 2, 2, 2, 2, 2, 2, 2, 2, 2, 2, 2 ], 12 ], [ [ 2, 2, 2, 2, 4, 4, 4, 4 ], 12 ], [ [ 4, 4, 4, 4, 4, 4 ], 12 ], [ [ 2, 2, 2, 2, 2, 2, 2, 2, 4, 4 ], 12 ], [ [ 4, 4, 4, 4, 4, 4 ], 12 ], [ [ 2, 2, 2, 2, 2, 2, 2, 2, 4, 4 ], 12 ], [ [ 2, 2, 2, 2, 2, 2, 2, 2, 2, 2, 2, 2 ], 6 ], [ [ 2, 2, 2, 2, 2, 2, 2, 2, 2, 2, 2, 2 ], 2 ], [ [ 4, 4, 4, 4, 4, 4 ], 6 ], [ [ 4, 4, 4, 4, 4, 4 ], 2 ], [ [ 2, 2, 2, 2, 2, 2, 2, 2, 2, 2, 2, 2 ], 6 ], [ [ 2, 2, 2, 2, 2, 2, 2, 2, 2, 2, 2, 2 ], 2 ], [ [ 4, 4, 4, 4, 4, 4 ], 6 ], [ [ 4, 4, 4, 4, 4, 4 ], 2 ], [ [ 2, 2, 2, 2, 4, 4, 4, 4 ], 12 ], [ [ 2, 2, 2, 2, 2, 2, 2, 2, 2, 2, 2, 2 ], 12 ], [ [ 2, 2, 2, 2, 2, 2, 2, 2, 4, 4 ], 12 ], [ [ 4, 4, 4, 4, 4, 4 ], 12 ], [ [ 2, 2, 2, 2, 2, 2, 2, 2, 4, 4 ], 12 ], [ [ 4, 4, 4, 4, 4, 4 ], 12 ], [ [ 2, 2, 2, 2, 4, 4, 4, 4 ], 12 ], [ [ 2, 2, 2, 2, 2, 2, 2, 2, 2, 2, 2, 2 ], 12 ], [ [ 3, 3, 3, 3, 6, 6 ], 16 ], [ [ 3, 3, 3, 3, 6, 6 ], 8 ], [ [ 3, 3, 3, 3, 6, 6 ], 8 ], [ [ 3, 3, 3, 3, 6, 6 ], 16 ], [ [ 3, 3, 3, 3, 3, 3, 3, 3 ], 8 ], [ [ 6, 6, 6, 6 ], 8 ], [ [ 12, 12 ], 16 ], [ [ 6, 6, 6, 6 ], 16 ], [ [ 12, 12 ], 16 ], [ [ 6, 6, 6, 6 ], 16 ] ]
753|384|[ 384, 5625 ]|[ [ [ 1, 1, 1, 1, 1, 1, 1, 1, 1, 1, 1, 1, 1, 1, 1, 1, 1, 1, 1, 1, 1, 1, 1, 1 ], 1 ], [ [ 1, 1, 1, 1, 1, 1, 1, 1, 1, 1, 1, 1, 1, 1, 1, 1, 2, 2, 2, 2 ], 3 ], [ [ 1, 1, 1, 1, 1, 1, 1, 1, 2, 2, 2, 2, 2, 2, 2, 2 ], 3 ], [ [ 1, 1, 1, 1, 1, 1, 1, 1, 1, 1, 1, 1, 2, 2, 2, 2, 2, 2 ], 2 ], [ [ 1, 1, 1, 1, 1, 1, 1, 1, 1, 1, 1, 1, 2, 2, 2, 2, 2, 2 ], 6 ], [ [ 1, 1, 1, 1, 1, 1, 1, 1, 1, 1, 1, 1, 2, 2, 2, 2, 2, 2 ], 2 ], [ [ 1, 1, 1, 1, 1, 1, 1, 1, 1, 1, 1, 1, 2, 2, 2, 2, 2, 2 ], 6 ], [ [ 1, 1, 1, 1, 1, 1, 1, 1, 1, 1, 1, 1, 2, 2, 2, 2, 2, 2 ], 2 ], [ [ 1, 1, 1, 1, 1, 1, 1, 1, 1, 1, 1, 1, 2, 2, 2, 2, 2, 2 ], 6 ], [ [ 2, 2, 2, 2, 2, 2, 2, 2, 2, 2, 2, 2 ], 1 ], [ [ 2, 2, 2, 2, 2, 2, 4, 4, 4 ], 24 ], [ [ 2, 2, 2, 2, 2, 2, 4, 4, 4 ], 24 ], [ [ 2, 2, 2, 2, 2, 2, 4, 4, 4 ], 24 ], [ [ 2, 2, 2, 2, 2, 2, 4, 4, 4 ], 24 ], [ [ 2, 2, 2, 2, 2, 2, 4, 4, 4 ], 12 ], [ [ 2, 2, 2, 2, 2, 2, 4, 4, 4 ], 4 ], [ [ 2, 2, 2, 2, 2, 2, 4, 4, 4 ], 12 ], [ [ 2, 2, 2, 2, 2, 2, 4, 4, 4 ], 4 ], [ [ 2, 2, 2, 2, 4, 4, 4, 4 ], 24 ], [ [ 2, 2, 2, 2, 2, 2, 2, 2, 2, 2, 2, 2 ], 24 ], [ [ 2, 2, 2, 2, 2, 2, 2, 2, 4, 4 ], 24 ], [ [ 4, 4, 4, 4, 4, 4 ], 24 ], [ [ 3, 3, 3, 3, 6, 6 ], 16 ], [ [ 3, 3, 3, 3, 6, 6 ], 8 ], [ [ 3, 3, 3, 3, 6, 6 ], 8 ], [ [ 3, 3, 3, 3, 6, 6 ], 16 ], [ [ 3, 3, 3, 3, 3, 3, 3, 3 ], 8 ], [ [ 6, 6, 6, 6 ], 8 ], [ [ 6, 6, 12 ], 16 ], [ [ 6, 6, 12 ], 16 ], [ [ 6, 6, 12 ], 16 ], [ [ 6, 6, 12 ], 16 ] ]
754|384|[ 384, 18231 ]|[ [ [ 1, 1, 1, 1, 1, 1, 1, 1, 1, 1, 1, 1, 1, 1, 1, 1, 1, 1, 1, 1, 1, 1, 1, 1 ], 1 ], [ [ 1, 1, 1, 1, 1, 1, 1, 1, 1, 1, 1, 1, 1, 1, 1, 1, 2, 2, 2, 2 ], 3 ], [ [ 1, 1, 1, 1, 1, 1, 1, 1, 2, 2, 2, 2, 2, 2, 2, 2 ], 3 ], [ [ 1, 1, 1, 1, 1, 1, 1, 1, 1, 1, 1, 1, 2, 2, 2, 2, 2, 2 ], 12 ], [ [ 1, 1, 1, 1, 1, 1, 1, 1, 1, 1, 1, 1, 2, 2, 2, 2, 2, 2 ], 12 ], [ [ 2, 2, 2, 2, 2, 2, 2, 2, 2, 2, 2, 2 ], 1 ], [ [ 2, 2, 2, 2, 4, 4, 4, 4 ], 12 ], [ [ 2, 2, 2, 2, 4, 4, 4, 4 ], 12 ], [ [ 2, 2, 2, 2, 2, 2, 2, 2, 2, 2, 2, 2 ], 12 ], [ [ 2, 2, 2, 2, 2, 2, 2, 2, 2, 2, 2, 2 ], 12 ], [ [ 2, 2, 2, 2, 4, 4, 4, 4 ], 12 ], [ [ 2, 2, 2, 2, 4, 4, 4, 4 ], 12 ], [ [ 2, 2, 2, 2, 4, 4, 4, 4 ], 12 ], [ [ 2, 2, 2, 2, 4, 4, 4, 4 ], 12 ], [ [ 3, 3, 3, 3, 3, 3, 3, 3 ], 64 ], [ [ 6, 6, 6, 6 ], 64 ], [ [ 3, 3, 3, 3, 3, 3, 3, 3 ], 64 ], [ [ 6, 6, 6, 6 ], 64 ] ]
755|384|[ 384, 5755 ]|[ [ [ 1, 1, 1, 1, 1, 1, 1, 1, 1, 1, 1, 1, 1, 1, 1, 1, 1, 1, 1, 1, 1, 1, 1, 1 ], 1 ], [ [ 1, 1, 1, 1, 1, 1, 1, 1, 1, 1, 1, 1, 1, 1, 1, 1, 2, 2, 2, 2 ], 3 ], [ [ 1, 1, 1, 1, 1, 1, 1, 1, 2, 2, 2, 2, 2, 2, 2, 2 ], 3 ], [ [ 1, 1, 1, 1, 1, 1, 1, 1, 1, 1, 1, 1, 2, 2, 2, 2, 2, 2 ], 4 ], [ [ 1, 1, 1, 1, 1, 1, 1, 1, 1, 1, 1, 1, 2, 2, 2, 2, 2, 2 ], 4 ], [ [ 1, 1, 1, 1, 2, 2, 2, 2, 2, 2, 4, 4 ], 12 ], [ [ 1, 1, 1, 1, 2, 2, 2, 2, 2, 2, 4, 4 ], 12 ], [ [ 1, 1, 1, 1, 2, 2, 2, 2, 2, 2, 4, 4 ], 12 ], [ [ 1, 1, 1, 1, 2, 2, 2, 2, 2, 2, 4, 4 ], 12 ], [ [ 2, 2, 2, 2, 2, 2, 2, 2, 2, 2, 2, 2 ], 1 ], [ [ 2, 2, 2, 2, 4, 4, 4, 4 ], 12 ], [ [ 2, 2, 2, 2, 4, 4, 4, 4 ], 12 ], [ [ 2, 2, 2, 2, 2, 2, 2, 2, 2, 2, 2, 2 ], 12 ], [ [ 2, 2, 2, 2, 2, 2, 2, 2, 2, 2, 2, 2 ], 12 ], [ [ 4, 4, 4, 4, 4, 4 ], 4 ], [ [ 4, 4, 4, 4, 4, 4 ], 4 ], [ [ 4, 4, 4, 4, 4, 4 ], 4 ], [ [ 4, 4, 4, 4, 4, 4 ], 4 ], [ [ 3, 3, 3, 3, 6, 6 ], 16 ], [ [ 3, 3, 3, 3, 6, 6 ], 16 ], [ [ 3, 3, 3, 3, 3, 3, 3, 3 ], 16 ], [ [ 6, 6, 6, 6 ], 16 ], [ [ 12, 12 ], 16 ], [ [ 12, 12 ], 16 ], [ [ 12, 12 ], 16 ], [ [ 12, 12 ], 16 ], [ [ 12, 12 ], 16 ], [ [ 12, 12 ], 16 ], [ [ 12, 12 ], 16 ], [ [ 12, 12 ], 16 ], [ [ 3, 3, 3, 3, 6, 6 ], 16 ], [ [ 3, 3, 3, 3, 6, 6 ], 16 ], [ [ 3, 3, 3, 3, 3, 3, 3, 3 ], 16 ], [ [ 6, 6, 6, 6 ], 16 ] ]
756|384|[ 384, 5763 ]|[ [ [ 1, 1, 1, 1, 1, 1, 1, 1, 1, 1, 1, 1, 1, 1, 1, 1, 1, 1, 1, 1, 1, 1, 1, 1 ], 1 ], [ [ 1, 1, 1, 1, 1, 1, 1, 1, 1, 1, 1, 1, 1, 1, 1, 1, 2, 2, 2, 2 ], 3 ], [ [ 1, 1, 1, 1, 1, 1, 1, 1, 2, 2, 2, 2, 2, 2, 2, 2 ], 3 ], [ [ 1, 1, 1, 1, 1, 1, 1, 1, 2, 2, 2, 2, 2, 2, 2, 2 ], 12 ], [ [ 1, 1, 1, 1, 1, 1, 1, 1, 1, 1, 1, 1, 2, 2, 2, 2, 2, 2 ], 4 ], [ [ 1, 1, 1, 1, 1, 1, 1, 1, 1, 1, 1, 1, 2, 2, 2, 2, 2, 2 ], 4 ], [ [ 1, 1, 1, 1, 2, 2, 4, 4, 4, 4 ], 12 ], [ [ 1, 1, 1, 1, 2, 2, 4, 4, 4, 4 ], 12 ], [ [ 2, 2, 2, 2, 2, 2, 2, 2, 2, 2, 2, 2 ], 1 ], [ [ 2, 2, 2, 2, 2, 2, 2, 2, 2, 2, 2, 2 ], 12 ], [ [ 4, 4, 4, 4, 4, 4 ], 4 ], [ [ 4, 4, 4, 4, 4, 4 ], 4 ], [ [ 2, 2, 2, 2, 2, 2, 2, 2, 4, 4 ], 12 ], [ [ 2, 2, 2, 2, 2, 2, 2, 2, 4, 4 ], 12 ], [ [ 4, 4, 4, 4, 4, 4 ], 3 ], [ [ 4, 4, 4, 4, 4, 4 ], 3 ], [ [ 4, 4, 4, 4, 4, 4 ], 1 ], [ [ 4, 4, 4, 4, 4, 4 ], 12 ], [ [ 4, 4, 4, 4, 4, 4 ], 1 ], [ [ 4, 4, 4, 4, 4, 4 ], 12 ], [ [ 12, 12 ], 16 ], [ [ 12, 12 ], 16 ], [ [ 3, 3, 3, 3, 3, 3, 3, 3 ], 16 ], [ [ 6, 6, 6, 6 ], 16 ], [ [ 12, 12 ], 16 ], [ [ 12, 12 ], 16 ], [ [ 3, 3, 3, 3, 6, 6 ], 16 ], [ [ 3, 3, 3, 3, 6, 6 ], 16 ], [ [ 12, 12 ], 16 ], [ [ 12, 12 ], 16 ], [ [ 6, 6, 6, 6 ], 16 ], [ [ 3, 3, 3, 3, 3, 3, 3, 3 ], 16 ], [ [ 12, 12 ], 16 ], [ [ 12, 12 ], 16 ], [ [ 3, 3, 3, 3, 6, 6 ], 16 ], [ [ 3, 3, 3, 3, 6, 6 ], 16 ] ]
757|384|[ 384, 5788 ]|[ [ [ 1, 1, 1, 1, 1, 1, 1, 1, 1, 1, 1, 1, 1, 1, 1, 1, 1, 1, 1, 1, 1, 1, 1, 1 ], 1 ], [ [ 1, 1, 1, 1, 1, 1, 1, 1, 1, 1, 1, 1, 1, 1, 1, 1, 2, 2, 2, 2 ], 3 ], [ [ 1, 1, 1, 1, 1, 1, 1, 1, 2, 2, 2, 2, 2, 2, 2, 2 ], 3 ], [ [ 1, 1, 1, 1, 1, 1, 1, 1, 1, 1, 1, 1, 2, 2, 2, 2, 2, 2 ], 4 ], [ [ 1, 1, 1, 1, 1, 1, 1, 1, 1, 1, 1, 1, 2, 2, 2, 2, 2, 2 ], 4 ], [ [ 1, 1, 1, 1, 2, 2, 2, 2, 2, 2, 4, 4 ], 24 ], [ [ 1, 1, 1, 1, 2, 2, 2, 2, 2, 2, 4, 4 ], 24 ], [ [ 2, 2, 2, 2, 2, 2, 2, 2, 2, 2, 2, 2 ], 1 ], [ [ 2, 2, 2, 2, 2, 2, 2, 2, 2, 2, 2, 2 ], 4 ], [ [ 2, 2, 2, 2, 2, 2, 2, 2, 2, 2, 2, 2 ], 4 ], [ [ 2, 2, 2, 2, 2, 2, 2, 2, 2, 2, 2, 2 ], 4 ], [ [ 2, 2, 2, 2, 2, 2, 2, 2, 2, 2, 2, 2 ], 4 ], [ [ 2, 2, 2, 2, 2, 2, 2, 2, 4, 4 ], 24 ], [ [ 4, 4, 4, 4, 4, 4 ], 24 ], [ [ 6, 6, 6, 6 ], 16 ], [ [ 6, 6, 6, 6 ], 16 ], [ [ 6, 6, 6, 6 ], 16 ], [ [ 6, 6, 6, 6 ], 16 ], [ [ 3, 3, 3, 3, 3, 3, 3, 3 ], 16 ], [ [ 6, 6, 6, 6 ], 16 ], [ [ 3, 3, 3, 3, 6, 6 ], 16 ], [ [ 3, 3, 3, 3, 6, 6 ], 16 ], [ [ 6, 6, 6, 6 ], 16 ], [ [ 6, 6, 6, 6 ], 16 ], [ [ 6, 6, 6, 6 ], 16 ], [ [ 6, 6, 6, 6 ], 16 ], [ [ 6, 6, 6, 6 ], 16 ], [ [ 3, 3, 3, 3, 3, 3, 3, 3 ], 16 ], [ [ 3, 3, 3, 3, 6, 6 ], 16 ], [ [ 3, 3, 3, 3, 6, 6 ], 16 ] ]
758|384|[ 384, 5760 ]|[ [ [ 1, 1, 1, 1, 1, 1, 1, 1, 1, 1, 1, 1, 1, 1, 1, 1, 1, 1, 1, 1, 1, 1, 1, 1 ], 1 ], [ [ 1, 1, 1, 1, 1, 1, 1, 1, 1, 1, 1, 1, 1, 1, 1, 1, 2, 2, 2, 2 ], 3 ], [ [ 1, 1, 1, 1, 1, 1, 1, 1, 2, 2, 2, 2, 2, 2, 2, 2 ], 3 ], [ [ 1, 1, 1, 1, 1, 1, 1, 1, 4, 4, 4, 4 ], 12 ], [ [ 1, 1, 1, 1, 1, 1, 1, 1, 1, 1, 1, 1, 2, 2, 2, 2, 2, 2 ], 4 ], [ [ 1, 1, 1, 1, 1, 1, 1, 1, 1, 1, 1, 1, 2, 2, 2, 2, 2, 2 ], 4 ], [ [ 1, 1, 1, 1, 2, 2, 2, 2, 2, 2, 2, 2, 2, 2 ], 12 ], [ [ 1, 1, 1, 1, 2, 2, 2, 2, 2, 2, 2, 2, 2, 2 ], 12 ], [ [ 2, 2, 2, 2, 2, 2, 2, 2, 2, 2, 2, 2 ], 1 ], [ [ 2, 2, 2, 2, 4, 4, 4, 4 ], 12 ], [ [ 4, 4, 4, 4, 4, 4 ], 1 ], [ [ 4, 4, 4, 4, 4, 4 ], 3 ], [ [ 4, 4, 4, 4, 4, 4 ], 3 ], [ [ 2, 2, 2, 2, 2, 2, 2, 2, 4, 4 ], 12 ], [ [ 4, 4, 4, 4, 4, 4 ], 4 ], [ [ 4, 4, 4, 4, 4, 4 ], 4 ], [ [ 4, 4, 4, 4, 4, 4 ], 12 ], [ [ 4, 4, 4, 4, 4, 4 ], 12 ], [ [ 4, 4, 4, 4, 4, 4 ], 1 ], [ [ 2, 2, 2, 2, 2, 2, 2, 2, 4, 4 ], 12 ], [ [ 12, 12 ], 16 ], [ [ 12, 12 ], 16 ], [ [ 3, 3, 3, 3, 6, 6 ], 16 ], [ [ 3, 3, 3, 3, 6, 6 ], 16 ], [ [ 12, 12 ], 16 ], [ [ 12, 12 ], 16 ], [ [ 6, 6, 6, 6 ], 16 ], [ [ 3, 3, 3, 3, 3, 3, 3, 3 ], 16 ], [ [ 12, 12 ], 16 ], [ [ 12, 12 ], 16 ], [ [ 3, 3, 3, 3, 3, 3, 3, 3 ], 16 ], [ [ 6, 6, 6, 6 ], 16 ], [ [ 12, 12 ], 16 ], [ [ 12, 12 ], 16 ], [ [ 3, 3, 3, 3, 6, 6 ], 16 ], [ [ 3, 3, 3, 3, 6, 6 ], 16 ] ]
759|384|[ 384, 5660 ]|[ [ [ 1, 1, 1, 1, 1, 1, 1, 1, 1, 1, 1, 1, 1, 1, 1, 1, 1, 1, 1, 1, 1, 1, 1, 1 ], 1 ], [ [ 1, 1, 1, 1, 1, 1, 1, 1, 1, 1, 1, 1, 1, 1, 1, 1, 2, 2, 2, 2 ], 3 ], [ [ 1, 1, 1, 1, 1, 1, 1, 1, 2, 2, 2, 2, 2, 2, 2, 2 ], 3 ], [ [ 1, 1, 1, 1, 1, 1, 1, 1, 4, 4, 4, 4 ], 6 ], [ [ 1, 1, 1, 1, 1, 1, 1, 1, 4, 4, 4, 4 ], 6 ], [ [ 1, 1, 1, 1, 1, 1, 1, 1, 1, 1, 1, 1, 2, 2, 2, 2, 2, 2 ], 8 ], [ [ 1, 1, 1, 1, 2, 2, 2, 2, 2, 2, 2, 2, 2, 2 ], 24 ], [ [ 2, 2, 2, 2, 2, 2, 2, 2, 2, 2, 2, 2 ], 1 ], [ [ 2, 2, 2, 2, 4, 4, 4, 4 ], 6 ], [ [ 2, 2, 2, 2, 4, 4, 4, 4 ], 6 ], [ [ 4, 4, 8, 8 ], 24 ], [ [ 4, 4, 8, 8 ], 24 ], [ [ 4, 4, 8, 8 ], 24 ], [ [ 4, 4, 8, 8 ], 24 ], [ [ 2, 2, 2, 2, 2, 2, 2, 2, 4, 4 ], 24 ], [ [ 4, 4, 4, 4, 4, 4 ], 24 ], [ [ 2, 2, 2, 2, 2, 2, 2, 2, 2, 2, 2, 2 ], 24 ], [ [ 2, 2, 2, 2, 4, 4, 4, 4 ], 24 ], [ [ 3, 3, 3, 3, 3, 3, 3, 3 ], 32 ], [ [ 6, 6, 6, 6 ], 32 ], [ [ 3, 3, 3, 3, 6, 6 ], 32 ], [ [ 3, 3, 3, 3, 6, 6 ], 32 ] ]
760|384|[ 384, 5786 ]|[ [ [ 1, 1, 1, 1, 1, 1, 1, 1, 1, 1, 1, 1, 1, 1, 1, 1, 1, 1, 1, 1, 1, 1, 1, 1 ], 1 ], [ [ 1, 1, 1, 1, 1, 1, 1, 1, 1, 1, 1, 1, 1, 1, 1, 1, 2, 2, 2, 2 ], 3 ], [ [ 1, 1, 1, 1, 1, 1, 1, 1, 2, 2, 2, 2, 2, 2, 2, 2 ], 3 ], [ [ 1, 1, 1, 1, 1, 1, 1, 1, 1, 1, 1, 1, 2, 2, 2, 2, 2, 2 ], 4 ], [ [ 1, 1, 1, 1, 1, 1, 1, 1, 1, 1, 1, 1, 2, 2, 2, 2, 2, 2 ], 4 ], [ [ 1, 1, 1, 1, 2, 2, 2, 2, 2, 2, 4, 4 ], 24 ], [ [ 1, 1, 1, 1, 2, 2, 2, 2, 2, 2, 4, 4 ], 24 ], [ [ 2, 2, 2, 2, 2, 2, 2, 2, 2, 2, 2, 2 ], 1 ], [ [ 2, 2, 2, 2, 2, 2, 2, 2, 2, 2, 2, 2 ], 4 ], [ [ 2, 2, 2, 2, 2, 2, 2, 2, 2, 2, 2, 2 ], 4 ], [ [ 2, 2, 2, 2, 2, 2, 2, 2, 2, 2, 2, 2 ], 4 ], [ [ 2, 2, 2, 2, 2, 2, 2, 2, 2, 2, 2, 2 ], 4 ], [ [ 2, 2, 2, 2, 2, 2, 2, 2, 4, 4 ], 24 ], [ [ 4, 4, 4, 4, 4, 4 ], 24 ], [ [ 3, 3, 3, 3, 6, 6 ], 16 ], [ [ 3, 3, 3, 3, 6, 6 ], 16 ], [ [ 6, 6, 6, 6 ], 16 ], [ [ 3, 3, 3, 3, 3, 3, 3, 3 ], 16 ], [ [ 6, 6, 6, 6 ], 16 ], [ [ 6, 6, 6, 6 ], 16 ], [ [ 6, 6, 6, 6 ], 16 ], [ [ 6, 6, 6, 6 ], 16 ], [ [ 3, 3, 3, 3, 3, 3, 3, 3 ], 16 ], [ [ 6, 6, 6, 6 ], 16 ], [ [ 3, 3, 3, 3, 6, 6 ], 16 ], [ [ 3, 3, 3, 3, 6, 6 ], 16 ], [ [ 6, 6, 6, 6 ], 16 ], [ [ 6, 6, 6, 6 ], 16 ], [ [ 6, 6, 6, 6 ], 16 ], [ [ 6, 6, 6, 6 ], 16 ] ]
761|384|[ 384, 5754 ]|[ [ [ 1, 1, 1, 1, 1, 1, 1, 1, 1, 1, 1, 1, 1, 1, 1, 1, 1, 1, 1, 1, 1, 1, 1, 1 ], 1 ], [ [ 1, 1, 1, 1, 1, 1, 1, 1, 1, 1, 1, 1, 1, 1, 1, 1, 2, 2, 2, 2 ], 3 ], [ [ 1, 1, 1, 1, 1, 1, 1, 1, 2, 2, 2, 2, 2, 2, 2, 2 ], 3 ], [ [ 1, 1, 1, 1, 1, 1, 1, 1, 1, 1, 1, 1, 2, 2, 2, 2, 2, 2 ], 4 ], [ [ 1, 1, 1, 1, 1, 1, 1, 1, 1, 1, 1, 1, 2, 2, 2, 2, 2, 2 ], 4 ], [ [ 1, 1, 1, 1, 2, 2, 2, 2, 2, 2, 2, 2, 2, 2 ], 12 ], [ [ 1, 1, 1, 1, 2, 2, 2, 2, 2, 2, 2, 2, 2, 2 ], 12 ], [ [ 1, 1, 1, 1, 2, 2, 4, 4, 4, 4 ], 12 ], [ [ 1, 1, 1, 1, 2, 2, 4, 4, 4, 4 ], 12 ], [ [ 2, 2, 2, 2, 2, 2, 2, 2, 2, 2, 2, 2 ], 1 ], [ [ 2, 2, 2, 2, 2, 2, 2, 2, 4, 4 ], 12 ], [ [ 2, 2, 2, 2, 2, 2, 2, 2, 4, 4 ], 12 ], [ [ 2, 2, 2, 2, 2, 2, 2, 2, 4, 4 ], 12 ], [ [ 2, 2, 2, 2, 2, 2, 2, 2, 4, 4 ], 12 ], [ [ 4, 4, 4, 4, 4, 4 ], 4 ], [ [ 4, 4, 4, 4, 4, 4 ], 4 ], [ [ 4, 4, 4, 4, 4, 4 ], 4 ], [ [ 4, 4, 4, 4, 4, 4 ], 4 ], [ [ 12, 12 ], 16 ], [ [ 12, 12 ], 16 ], [ [ 12, 12 ], 16 ], [ [ 12, 12 ], 16 ], [ [ 6, 6, 6, 6 ], 16 ], [ [ 3, 3, 3, 3, 3, 3, 3, 3 ], 16 ], [ [ 3, 3, 3, 3, 6, 6 ], 16 ], [ [ 3, 3, 3, 3, 6, 6 ], 16 ], [ [ 3, 3, 3, 3, 6, 6 ], 16 ], [ [ 3, 3, 3, 3, 6, 6 ], 16 ], [ [ 6, 6, 6, 6 ], 16 ], [ [ 3, 3, 3, 3, 3, 3, 3, 3 ], 16 ], [ [ 12, 12 ], 16 ], [ [ 12, 12 ], 16 ], [ [ 12, 12 ], 16 ], [ [ 12, 12 ], 16 ] ]
762|384|[ 384, 18198 ]|[ [ [ 1, 1, 1, 1, 1, 1, 1, 1, 1, 1, 1, 1, 1, 1, 1, 1, 1, 1, 1, 1, 1, 1, 1, 1 ], 1 ], [ [ 1, 1, 1, 1, 1, 1, 1, 1, 1, 1, 1, 1, 1, 1, 1, 1, 2, 2, 2, 2 ], 3 ], [ [ 1, 1, 1, 1, 1, 1, 1, 1, 2, 2, 2, 2, 2, 2, 2, 2 ], 3 ], [ [ 1, 1, 1, 1, 1, 1, 1, 1, 1, 1, 1, 1, 2, 2, 2, 2, 2, 2 ], 4 ], [ [ 1, 1, 1, 1, 1, 1, 1, 1, 1, 1, 1, 1, 2, 2, 2, 2, 2, 2 ], 4 ], [ [ 1, 1, 1, 1, 2, 2, 4, 4, 4, 4 ], 12 ], [ [ 1, 1, 1, 1, 2, 2, 4, 4, 4, 4 ], 12 ], [ [ 1, 1, 1, 1, 2, 2, 2, 2, 2, 2, 2, 2, 2, 2 ], 12 ], [ [ 1, 1, 1, 1, 2, 2, 2, 2, 2, 2, 2, 2, 2, 2 ], 12 ], [ [ 2, 2, 2, 2, 2, 2, 2, 2, 2, 2, 2, 2 ], 1 ], [ [ 2, 2, 2, 2, 2, 2, 2, 2, 2, 2, 2, 2 ], 4 ], [ [ 2, 2, 2, 2, 2, 2, 2, 2, 2, 2, 2, 2 ], 4 ], [ [ 2, 2, 2, 2, 2, 2, 2, 2, 2, 2, 2, 2 ], 4 ], [ [ 2, 2, 2, 2, 2, 2, 2, 2, 2, 2, 2, 2 ], 4 ], [ [ 2, 2, 2, 2, 4, 4, 4, 4 ], 12 ], [ [ 2, 2, 2, 2, 4, 4, 4, 4 ], 12 ], [ [ 2, 2, 2, 2, 4, 4, 4, 4 ], 12 ], [ [ 2, 2, 2, 2, 4, 4, 4, 4 ], 12 ], [ [ 6, 6, 6, 6 ], 16 ], [ [ 6, 6, 6, 6 ], 16 ], [ [ 6, 6, 6, 6 ], 16 ], [ [ 6, 6, 6, 6 ], 16 ], [ [ 3, 3, 3, 3, 6, 6 ], 16 ], [ [ 3, 3, 3, 3, 6, 6 ], 16 ], [ [ 6, 6, 6, 6 ], 16 ], [ [ 3, 3, 3, 3, 3, 3, 3, 3 ], 16 ], [ [ 6, 6, 6, 6 ], 16 ], [ [ 6, 6, 6, 6 ], 16 ], [ [ 6, 6, 6, 6 ], 16 ], [ [ 6, 6, 6, 6 ], 16 ], [ [ 3, 3, 3, 3, 3, 3, 3, 3 ], 16 ], [ [ 6, 6, 6, 6 ], 16 ], [ [ 3, 3, 3, 3, 6, 6 ], 16 ], [ [ 3, 3, 3, 3, 6, 6 ], 16 ] ]
763|384|[ 384, 5783 ]|[ [ [ 1, 1, 1, 1, 1, 1, 1, 1, 1, 1, 1, 1, 1, 1, 1, 1, 1, 1, 1, 1, 1, 1, 1, 1 ], 1 ], [ [ 1, 1, 1, 1, 1, 1, 1, 1, 1, 1, 1, 1, 1, 1, 1, 1, 2, 2, 2, 2 ], 3 ], [ [ 1, 1, 1, 1, 1, 1, 1, 1, 2, 2, 2, 2, 2, 2, 2, 2 ], 3 ], [ [ 1, 1, 1, 1, 1, 1, 1, 1, 1, 1, 1, 1, 2, 2, 2, 2, 2, 2 ], 4 ], [ [ 1, 1, 1, 1, 1, 1, 1, 1, 1, 1, 1, 1, 2, 2, 2, 2, 2, 2 ], 4 ], [ [ 1, 1, 1, 1, 2, 2, 4, 4, 4, 4 ], 24 ], [ [ 1, 1, 1, 1, 2, 2, 2, 2, 2, 2, 2, 2, 2, 2 ], 24 ], [ [ 2, 2, 2, 2, 2, 2, 2, 2, 2, 2, 2, 2 ], 1 ], [ [ 2, 2, 2, 2, 2, 2, 2, 2, 4, 4 ], 24 ], [ [ 2, 2, 2, 2, 2, 2, 2, 2, 4, 4 ], 24 ], [ [ 4, 4, 4, 4, 4, 4 ], 4 ], [ [ 4, 4, 4, 4, 4, 4 ], 4 ], [ [ 4, 4, 4, 4, 4, 4 ], 4 ], [ [ 4, 4, 4, 4, 4, 4 ], 4 ], [ [ 12, 12 ], 16 ], [ [ 12, 12 ], 16 ], [ [ 12, 12 ], 16 ], [ [ 12, 12 ], 16 ], [ [ 3, 3, 3, 3, 6, 6 ], 16 ], [ [ 3, 3, 3, 3, 6, 6 ], 16 ], [ [ 3, 3, 3, 3, 3, 3, 3, 3 ], 16 ], [ [ 6, 6, 6, 6 ], 16 ], [ [ 3, 3, 3, 3, 6, 6 ], 16 ], [ [ 3, 3, 3, 3, 6, 6 ], 16 ], [ [ 3, 3, 3, 3, 3, 3, 3, 3 ], 16 ], [ [ 6, 6, 6, 6 ], 16 ], [ [ 12, 12 ], 16 ], [ [ 12, 12 ], 16 ], [ [ 12, 12 ], 16 ], [ [ 12, 12 ], 16 ] ]
764|384|[ 384, 18198 ]|[ [ [ 1, 1, 1, 1, 1, 1, 1, 1, 1, 1, 1, 1, 1, 1, 1, 1, 1, 1, 1, 1, 1, 1, 1, 1 ], 1 ], [ [ 1, 1, 1, 1, 1, 1, 1, 1, 1, 1, 1, 1, 1, 1, 1, 1, 2, 2, 2, 2 ], 3 ], [ [ 1, 1, 1, 1, 1, 1, 1, 1, 2, 2, 2, 2, 2, 2, 2, 2 ], 3 ], [ [ 1, 1, 1, 1, 1, 1, 1, 1, 1, 1, 1, 1, 2, 2, 2, 2, 2, 2 ], 4 ], [ [ 1, 1, 1, 1, 1, 1, 1, 1, 1, 1, 1, 1, 2, 2, 2, 2, 2, 2 ], 4 ], [ [ 1, 1, 1, 1, 2, 2, 4, 4, 4, 4 ], 12 ], [ [ 1, 1, 1, 1, 2, 2, 4, 4, 4, 4 ], 12 ], [ [ 1, 1, 1, 1, 2, 2, 2, 2, 2, 2, 2, 2, 2, 2 ], 12 ], [ [ 1, 1, 1, 1, 2, 2, 2, 2, 2, 2, 2, 2, 2, 2 ], 12 ], [ [ 2, 2, 2, 2, 2, 2, 2, 2, 2, 2, 2, 2 ], 1 ], [ [ 2, 2, 2, 2, 2, 2, 2, 2, 2, 2, 2, 2 ], 4 ], [ [ 2, 2, 2, 2, 2, 2, 2, 2, 2, 2, 2, 2 ], 4 ], [ [ 2, 2, 2, 2, 2, 2, 2, 2, 2, 2, 2, 2 ], 4 ], [ [ 2, 2, 2, 2, 2, 2, 2, 2, 2, 2, 2, 2 ], 4 ], [ [ 2, 2, 2, 2, 4, 4, 4, 4 ], 12 ], [ [ 2, 2, 2, 2, 4, 4, 4, 4 ], 12 ], [ [ 2, 2, 2, 2, 4, 4, 4, 4 ], 12 ], [ [ 2, 2, 2, 2, 4, 4, 4, 4 ], 12 ], [ [ 6, 6, 6, 6 ], 16 ], [ [ 6, 6, 6, 6 ], 16 ], [ [ 6, 6, 6, 6 ], 16 ], [ [ 6, 6, 6, 6 ], 16 ], [ [ 6, 6, 6, 6 ], 16 ], [ [ 3, 3, 3, 3, 3, 3, 3, 3 ], 16 ], [ [ 3, 3, 3, 3, 6, 6 ], 16 ], [ [ 3, 3, 3, 3, 6, 6 ], 16 ], [ [ 6, 6, 6, 6 ], 16 ], [ [ 3, 3, 3, 3, 3, 3, 3, 3 ], 16 ], [ [ 3, 3, 3, 3, 6, 6 ], 16 ], [ [ 3, 3, 3, 3, 6, 6 ], 16 ], [ [ 6, 6, 6, 6 ], 16 ], [ [ 6, 6, 6, 6 ], 16 ], [ [ 6, 6, 6, 6 ], 16 ], [ [ 6, 6, 6, 6 ], 16 ] ]
765|384|[ 384, 5755 ]|[ [ [ 1, 1, 1, 1, 1, 1, 1, 1, 1, 1, 1, 1, 1, 1, 1, 1, 1, 1, 1, 1, 1, 1, 1, 1 ], 1 ], [ [ 1, 1, 1, 1, 1, 1, 1, 1, 1, 1, 1, 1, 1, 1, 1, 1, 2, 2, 2, 2 ], 3 ], [ [ 1, 1, 1, 1, 1, 1, 1, 1, 2, 2, 2, 2, 2, 2, 2, 2 ], 3 ], [ [ 1, 1, 1, 1, 1, 1, 1, 1, 1, 1, 1, 1, 2, 2, 2, 2, 2, 2 ], 4 ], [ [ 1, 1, 1, 1, 1, 1, 1, 1, 1, 1, 1, 1, 2, 2, 2, 2, 2, 2 ], 4 ], [ [ 1, 1, 1, 1, 2, 2, 4, 4, 4, 4 ], 12 ], [ [ 1, 1, 1, 1, 2, 2, 4, 4, 4, 4 ], 12 ], [ [ 1, 1, 1, 1, 2, 2, 2, 2, 2, 2, 2, 2, 2, 2 ], 12 ], [ [ 1, 1, 1, 1, 2, 2, 2, 2, 2, 2, 2, 2, 2, 2 ], 12 ], [ [ 2, 2, 2, 2, 2, 2, 2, 2, 2, 2, 2, 2 ], 1 ], [ [ 2, 2, 2, 2, 2, 2, 2, 2, 4, 4 ], 12 ], [ [ 2, 2, 2, 2, 2, 2, 2, 2, 4, 4 ], 12 ], [ [ 2, 2, 2, 2, 2, 2, 2, 2, 4, 4 ], 12 ], [ [ 2, 2, 2, 2, 2, 2, 2, 2, 4, 4 ], 12 ], [ [ 4, 4, 4, 4, 4, 4 ], 4 ], [ [ 4, 4, 4, 4, 4, 4 ], 4 ], [ [ 4, 4, 4, 4, 4, 4 ], 4 ], [ [ 4, 4, 4, 4, 4, 4 ], 4 ], [ [ 12, 12 ], 16 ], [ [ 12, 12 ], 16 ], [ [ 12, 12 ], 16 ], [ [ 12, 12 ], 16 ], [ [ 6, 6, 6, 6 ], 16 ], [ [ 3, 3, 3, 3, 3, 3, 3, 3 ], 16 ], [ [ 3, 3, 3, 3, 6, 6 ], 16 ], [ [ 3, 3, 3, 3, 6, 6 ], 16 ], [ [ 6, 6, 6, 6 ], 16 ], [ [ 3, 3, 3, 3, 3, 3, 3, 3 ], 16 ], [ [ 3, 3, 3, 3, 6, 6 ], 16 ], [ [ 3, 3, 3, 3, 6, 6 ], 16 ], [ [ 12, 12 ], 16 ], [ [ 12, 12 ], 16 ], [ [ 12, 12 ], 16 ], [ [ 12, 12 ], 16 ] ]
766|384|[ 384, 5748 ]|[ [ [ 1, 1, 1, 1, 1, 1, 1, 1, 1, 1, 1, 1, 1, 1, 1, 1, 1, 1, 1, 1, 1, 1, 1, 1 ], 1 ], [ [ 1, 1, 1, 1, 1, 1, 1, 1, 1, 1, 1, 1, 1, 1, 1, 1, 2, 2, 2, 2 ], 3 ], [ [ 1, 1, 1, 1, 1, 1, 1, 1, 2, 2, 2, 2, 2, 2, 2, 2 ], 3 ], [ [ 1, 1, 1, 1, 1, 1, 1, 1, 2, 2, 2, 2, 4, 4 ], 6 ], [ [ 1, 1, 1, 1, 1, 1, 1, 1, 2, 2, 2, 2, 4, 4 ], 6 ], [ [ 1, 1, 1, 1, 1, 1, 1, 1, 1, 1, 1, 1, 2, 2, 2, 2, 2, 2 ], 4 ], [ [ 1, 1, 1, 1, 1, 1, 1, 1, 1, 1, 1, 1, 2, 2, 2, 2, 2, 2 ], 4 ], [ [ 1, 1, 1, 1, 2, 2, 2, 2, 2, 2, 4, 4 ], 12 ], [ [ 1, 1, 1, 1, 2, 2, 2, 2, 2, 2, 4, 4 ], 12 ], [ [ 2, 2, 2, 2, 2, 2, 2, 2, 2, 2, 2, 2 ], 1 ], [ [ 2, 2, 2, 2, 2, 2, 2, 2, 4, 4 ], 6 ], [ [ 2, 2, 2, 2, 2, 2, 2, 2, 4, 4 ], 6 ], [ [ 4, 4, 4, 4, 4, 4 ], 4 ], [ [ 4, 4, 4, 4, 4, 4 ], 4 ], [ [ 2, 2, 2, 2, 4, 4, 4, 4 ], 12 ], [ [ 2, 2, 2, 2, 4, 4, 4, 4 ], 12 ], [ [ 4, 4, 4, 4, 4, 4 ], 3 ], [ [ 4, 4, 4, 4, 4, 4 ], 3 ], [ [ 4, 4, 4, 4, 4, 4 ], 1 ], [ [ 2, 2, 2, 2, 4, 4, 4, 4 ], 6 ], [ [ 2, 2, 2, 2, 4, 4, 4, 4 ], 6 ], [ [ 4, 4, 4, 4, 4, 4 ], 1 ], [ [ 2, 2, 2, 2, 4, 4, 4, 4 ], 6 ], [ [ 2, 2, 2, 2, 4, 4, 4, 4 ], 6 ], [ [ 12, 12 ], 16 ], [ [ 12, 12 ], 16 ], [ [ 3, 3, 3, 3, 6, 6 ], 16 ], [ [ 3, 3, 3, 3, 6, 6 ], 16 ], [ [ 12, 12 ], 16 ], [ [ 12, 12 ], 16 ], [ [ 6, 6, 6, 6 ], 16 ], [ [ 3, 3, 3, 3, 3, 3, 3, 3 ], 16 ], [ [ 12, 12 ], 16 ], [ [ 12, 12 ], 16 ], [ [ 3, 3, 3, 3, 3, 3, 3, 3 ], 16 ], [ [ 6, 6, 6, 6 ], 16 ], [ [ 12, 12 ], 16 ], [ [ 12, 12 ], 16 ], [ [ 3, 3, 3, 3, 6, 6 ], 16 ], [ [ 3, 3, 3, 3, 6, 6 ], 16 ] ]
767|384|[ 384, 5788 ]|[ [ [ 1, 1, 1, 1, 1, 1, 1, 1, 1, 1, 1, 1, 1, 1, 1, 1, 1, 1, 1, 1, 1, 1, 1, 1 ], 1 ], [ [ 1, 1, 1, 1, 1, 1, 1, 1, 1, 1, 1, 1, 1, 1, 1, 1, 2, 2, 2, 2 ], 3 ], [ [ 1, 1, 1, 1, 1, 1, 1, 1, 2, 2, 2, 2, 2, 2, 2, 2 ], 3 ], [ [ 1, 1, 1, 1, 1, 1, 1, 1, 1, 1, 1, 1, 2, 2, 2, 2, 2, 2 ], 4 ], [ [ 1, 1, 1, 1, 1, 1, 1, 1, 1, 1, 1, 1, 2, 2, 2, 2, 2, 2 ], 4 ], [ [ 1, 1, 1, 1, 2, 2, 2, 2, 2, 2, 4, 4 ], 24 ], [ [ 1, 1, 1, 1, 2, 2, 2, 2, 2, 2, 4, 4 ], 24 ], [ [ 2, 2, 2, 2, 2, 2, 2, 2, 2, 2, 2, 2 ], 1 ], [ [ 2, 2, 2, 2, 2, 2, 2, 2, 2, 2, 2, 2 ], 4 ], [ [ 2, 2, 2, 2, 2, 2, 2, 2, 2, 2, 2, 2 ], 4 ], [ [ 2, 2, 2, 2, 2, 2, 2, 2, 2, 2, 2, 2 ], 4 ], [ [ 2, 2, 2, 2, 2, 2, 2, 2, 2, 2, 2, 2 ], 4 ], [ [ 2, 2, 2, 2, 2, 2, 2, 2, 4, 4 ], 24 ], [ [ 4, 4, 4, 4, 4, 4 ], 24 ], [ [ 6, 6, 6, 6 ], 16 ], [ [ 6, 6, 6, 6 ], 16 ], [ [ 6, 6, 6, 6 ], 16 ], [ [ 6, 6, 6, 6 ], 16 ], [ [ 6, 6, 6, 6 ], 16 ], [ [ 3, 3, 3, 3, 3, 3, 3, 3 ], 16 ], [ [ 3, 3, 3, 3, 6, 6 ], 16 ], [ [ 3, 3, 3, 3, 6, 6 ], 16 ], [ [ 6, 6, 6, 6 ], 16 ], [ [ 3, 3, 3, 3, 3, 3, 3, 3 ], 16 ], [ [ 3, 3, 3, 3, 6, 6 ], 16 ], [ [ 3, 3, 3, 3, 6, 6 ], 16 ], [ [ 6, 6, 6, 6 ], 16 ], [ [ 6, 6, 6, 6 ], 16 ], [ [ 6, 6, 6, 6 ], 16 ], [ [ 6, 6, 6, 6 ], 16 ] ]
768|384|[ 384, 5747 ]|[ [ [ 1, 1, 1, 1, 1, 1, 1, 1, 1, 1, 1, 1, 1, 1, 1, 1, 1, 1, 1, 1, 1, 1, 1, 1 ], 1 ], [ [ 1, 1, 1, 1, 1, 1, 1, 1, 1, 1, 1, 1, 1, 1, 1, 1, 2, 2, 2, 2 ], 3 ], [ [ 1, 1, 1, 1, 1, 1, 1, 1, 2, 2, 2, 2, 2, 2, 2, 2 ], 3 ], [ [ 1, 1, 1, 1, 1, 1, 1, 1, 2, 2, 2, 2, 2, 2, 2, 2 ], 6 ], [ [ 1, 1, 1, 1, 1, 1, 1, 1, 2, 2, 2, 2, 2, 2, 2, 2 ], 6 ], [ [ 1, 1, 1, 1, 1, 1, 1, 1, 1, 1, 1, 1, 2, 2, 2, 2, 2, 2 ], 4 ], [ [ 1, 1, 1, 1, 1, 1, 1, 1, 1, 1, 1, 1, 2, 2, 2, 2, 2, 2 ], 4 ], [ [ 1, 1, 1, 1, 2, 2, 4, 4, 4, 4 ], 12 ], [ [ 1, 1, 1, 1, 2, 2, 4, 4, 4, 4 ], 12 ], [ [ 2, 2, 2, 2, 2, 2, 2, 2, 2, 2, 2, 2 ], 1 ], [ [ 2, 2, 2, 2, 2, 2, 2, 2, 2, 2, 2, 2 ], 6 ], [ [ 2, 2, 2, 2, 2, 2, 2, 2, 2, 2, 2, 2 ], 6 ], [ [ 4, 4, 4, 4, 4, 4 ], 3 ], [ [ 4, 4, 4, 4, 4, 4 ], 3 ], [ [ 4, 4, 4, 4, 4, 4 ], 1 ], [ [ 4, 4, 4, 4, 4, 4 ], 6 ], [ [ 4, 4, 4, 4, 4, 4 ], 6 ], [ [ 4, 4, 4, 4, 4, 4 ], 4 ], [ [ 4, 4, 4, 4, 4, 4 ], 4 ], [ [ 2, 2, 2, 2, 2, 2, 2, 2, 4, 4 ], 12 ], [ [ 2, 2, 2, 2, 2, 2, 2, 2, 4, 4 ], 12 ], [ [ 4, 4, 4, 4, 4, 4 ], 1 ], [ [ 4, 4, 4, 4, 4, 4 ], 6 ], [ [ 4, 4, 4, 4, 4, 4 ], 6 ], [ [ 12, 12 ], 16 ], [ [ 12, 12 ], 16 ], [ [ 12, 12 ], 16 ], [ [ 12, 12 ], 16 ], [ [ 3, 3, 3, 3, 3, 3, 3, 3 ], 16 ], [ [ 6, 6, 6, 6 ], 16 ], [ [ 3, 3, 3, 3, 6, 6 ], 16 ], [ [ 3, 3, 3, 3, 6, 6 ], 16 ], [ [ 3, 3, 3, 3, 6, 6 ], 16 ], [ [ 3, 3, 3, 3, 6, 6 ], 16 ], [ [ 3, 3, 3, 3, 3, 3, 3, 3 ], 16 ], [ [ 6, 6, 6, 6 ], 16 ], [ [ 12, 12 ], 16 ], [ [ 12, 12 ], 16 ], [ [ 12, 12 ], 16 ], [ [ 12, 12 ], 16 ] ]
769|384|[ 384, 18089 ]|[ [ [ 1, 1, 1, 1, 1, 1, 1, 1, 1, 1, 1, 1, 1, 1, 1, 1, 1, 1, 1, 1, 1, 1, 1, 1 ], 1 ], [ [ 1, 1, 1, 1, 1, 1, 1, 1, 1, 1, 1, 1, 1, 1, 1, 1, 2, 2, 2, 2 ], 3 ], [ [ 1, 1, 1, 1, 1, 1, 1, 1, 2, 2, 2, 2, 2, 2, 2, 2 ], 3 ], [ [ 1, 1, 1, 1, 1, 1, 1, 1, 1, 1, 1, 1, 2, 2, 2, 2, 2, 2 ], 6 ], [ [ 1, 1, 1, 1, 1, 1, 1, 1, 1, 1, 1, 1, 2, 2, 2, 2, 2, 2 ], 2 ], [ [ 1, 1, 2, 2, 2, 4, 4, 4, 4 ], 24 ], [ [ 1, 1, 2, 2, 2, 2, 2, 2, 2, 2, 2, 2, 2 ], 24 ], [ [ 1, 1, 2, 2, 2, 2, 2, 2, 2, 2, 2, 2, 2 ], 24 ], [ [ 1, 1, 2, 2, 2, 4, 4, 4, 4 ], 24 ], [ [ 2, 2, 2, 2, 2, 2, 2, 2, 2, 2, 2, 2 ], 1 ], [ [ 4, 4, 4, 4, 4, 4 ], 6 ], [ [ 4, 4, 4, 4, 4, 4 ], 2 ], [ [ 4, 4, 4, 4, 4, 4 ], 6 ], [ [ 4, 4, 4, 4, 4, 4 ], 2 ], [ [ 2, 2, 2, 2, 2, 2, 2, 2, 2, 2, 2, 2 ], 12 ], [ [ 2, 2, 2, 2, 2, 2, 2, 2, 2, 2, 2, 2 ], 4 ], [ [ 4, 4, 4, 4, 4, 4 ], 4 ], [ [ 4, 4, 4, 4, 4, 4 ], 12 ], [ [ 8, 8, 8 ], 24 ], [ [ 8, 8, 8 ], 24 ], [ [ 8, 8, 8 ], 24 ], [ [ 8, 8, 8 ], 24 ], [ [ 6, 6, 6, 6 ], 16 ], [ [ 12, 12 ], 16 ], [ [ 6, 6, 6, 6 ], 16 ], [ [ 12, 12 ], 16 ], [ [ 12, 12 ], 16 ], [ [ 12, 12 ], 8 ], [ [ 12, 12 ], 8 ], [ [ 6, 6, 6, 6 ], 8 ], [ [ 3, 3, 3, 3, 3, 3, 3, 3 ], 8 ], [ [ 3, 3, 3, 3, 6, 6 ], 16 ] ]
770|384|[ 384, 5726 ]|[ [ [ 1, 1, 1, 1, 1, 1, 1, 1, 1, 1, 1, 1, 1, 1, 1, 1, 1, 1, 1, 1, 1, 1, 1, 1 ], 1 ], [ [ 1, 1, 1, 1, 1, 1, 1, 1, 1, 1, 1, 1, 1, 1, 1, 1, 2, 2, 2, 2 ], 3 ], [ [ 1, 1, 1, 1, 1, 1, 1, 1, 2, 2, 2, 2, 2, 2, 2, 2 ], 3 ], [ [ 1, 1, 1, 1, 1, 1, 1, 1, 1, 1, 1, 1, 2, 2, 2, 2, 2, 2 ], 6 ], [ [ 1, 1, 1, 1, 1, 1, 1, 1, 1, 1, 1, 1, 2, 2, 2, 2, 2, 2 ], 2 ], [ [ 1, 1, 1, 1, 2, 2, 2, 2, 4, 4, 4 ], 12 ], [ [ 1, 1, 1, 1, 2, 2, 2, 2, 4, 4, 4 ], 12 ], [ [ 1, 1, 1, 1, 2, 2, 2, 2, 4, 4, 4 ], 12 ], [ [ 1, 1, 1, 1, 2, 2, 2, 2, 4, 4, 4 ], 12 ], [ [ 2, 2, 2, 2, 2, 2, 2, 2, 2, 2, 2, 2 ], 1 ], [ [ 2, 2, 2, 2, 2, 2, 4, 4, 4 ], 12 ], [ [ 2, 2, 2, 2, 2, 2, 4, 4, 4 ], 12 ], [ [ 2, 2, 2, 2, 2, 2, 4, 4, 4 ], 12 ], [ [ 2, 2, 2, 2, 2, 2, 4, 4, 4 ], 12 ], [ [ 4, 4, 4, 4, 4, 4 ], 6 ], [ [ 4, 4, 4, 4, 4, 4 ], 2 ], [ [ 4, 4, 4, 4, 4, 4 ], 3 ], [ [ 4, 4, 4, 4, 4, 4 ], 3 ], [ [ 4, 4, 4, 4, 4, 4 ], 1 ], [ [ 4, 4, 4, 4, 4, 4 ], 1 ], [ [ 2, 2, 2, 2, 2, 2, 2, 2, 2, 2, 2, 2 ], 4 ], [ [ 2, 2, 2, 2, 2, 2, 2, 2, 2, 2, 2, 2 ], 12 ], [ [ 4, 4, 4, 4, 4, 4 ], 12 ], [ [ 4, 4, 4, 4, 4, 4 ], 4 ], [ [ 8, 8, 8 ], 24 ], [ [ 8, 8, 8 ], 24 ], [ [ 8, 8, 8 ], 24 ], [ [ 8, 8, 8 ], 24 ], [ [ 12, 12 ], 16 ], [ [ 6, 6, 6, 6 ], 16 ], [ [ 6, 6, 6, 6 ], 16 ], [ [ 12, 12 ], 16 ], [ [ 12, 12 ], 8 ], [ [ 12, 12 ], 8 ], [ [ 12, 12 ], 16 ], [ [ 6, 6, 6, 6 ], 8 ], [ [ 3, 3, 3, 3, 3, 3, 3, 3 ], 8 ], [ [ 3, 3, 3, 3, 6, 6 ], 16 ] ]
771|384|[ 384, 5783 ]|[ [ [ 1, 1, 1, 1, 1, 1, 1, 1, 1, 1, 1, 1, 1, 1, 1, 1, 1, 1, 1, 1, 1, 1, 1, 1 ], 1 ], [ [ 1, 1, 1, 1, 1, 1, 1, 1, 1, 1, 1, 1, 1, 1, 1, 1, 2, 2, 2, 2 ], 3 ], [ [ 1, 1, 1, 1, 1, 1, 1, 1, 2, 2, 2, 2, 2, 2, 2, 2 ], 3 ], [ [ 1, 1, 1, 1, 1, 1, 1, 1, 1, 1, 1, 1, 2, 2, 2, 2, 2, 2 ], 4 ], [ [ 1, 1, 1, 1, 1, 1, 1, 1, 1, 1, 1, 1, 2, 2, 2, 2, 2, 2 ], 4 ], [ [ 1, 1, 1, 1, 2, 2, 2, 2, 2, 2, 4, 4 ], 24 ], [ [ 1, 1, 1, 1, 2, 2, 2, 2, 2, 2, 4, 4 ], 24 ], [ [ 2, 2, 2, 2, 2, 2, 2, 2, 2, 2, 2, 2 ], 1 ], [ [ 2, 2, 2, 2, 2, 2, 2, 2, 2, 2, 2, 2 ], 24 ], [ [ 2, 2, 2, 2, 4, 4, 4, 4 ], 24 ], [ [ 4, 4, 4, 4, 4, 4 ], 4 ], [ [ 4, 4, 4, 4, 4, 4 ], 4 ], [ [ 4, 4, 4, 4, 4, 4 ], 4 ], [ [ 4, 4, 4, 4, 4, 4 ], 4 ], [ [ 12, 12 ], 16 ], [ [ 12, 12 ], 16 ], [ [ 12, 12 ], 16 ], [ [ 12, 12 ], 16 ], [ [ 6, 6, 6, 6 ], 16 ], [ [ 3, 3, 3, 3, 3, 3, 3, 3 ], 16 ], [ [ 3, 3, 3, 3, 6, 6 ], 16 ], [ [ 3, 3, 3, 3, 6, 6 ], 16 ], [ [ 3, 3, 3, 3, 6, 6 ], 16 ], [ [ 3, 3, 3, 3, 6, 6 ], 16 ], [ [ 3, 3, 3, 3, 3, 3, 3, 3 ], 16 ], [ [ 6, 6, 6, 6 ], 16 ], [ [ 12, 12 ], 16 ], [ [ 12, 12 ], 16 ], [ [ 12, 12 ], 16 ], [ [ 12, 12 ], 16 ] ]
772|384|[ 384, 5624 ]|[ [ [ 1, 1, 1, 1, 1, 1, 1, 1, 1, 1, 1, 1, 1, 1, 1, 1, 1, 1, 1, 1, 1, 1, 1, 1 ], 1 ], [ [ 1, 1, 1, 1, 1, 1, 1, 1, 1, 1, 1, 1, 1, 1, 1, 1, 2, 2, 2, 2 ], 3 ], [ [ 1, 1, 1, 1, 1, 1, 1, 1, 2, 2, 2, 2, 2, 2, 2, 2 ], 3 ], [ [ 1, 1, 1, 1, 1, 1, 1, 1, 4, 4, 4, 4 ], 6 ], [ [ 1, 1, 1, 1, 1, 1, 1, 1, 4, 4, 4, 4 ], 3 ], [ [ 1, 1, 1, 1, 1, 1, 1, 1, 4, 4, 4, 4 ], 3 ], [ [ 1, 1, 1, 1, 1, 1, 1, 1, 1, 1, 1, 1, 2, 2, 2, 2, 2, 2 ], 6 ], [ [ 1, 1, 1, 1, 1, 1, 1, 1, 1, 1, 1, 1, 2, 2, 2, 2, 2, 2 ], 2 ], [ [ 1, 1, 1, 1, 2, 2, 4, 4, 4, 4 ], 6 ], [ [ 1, 1, 1, 1, 2, 2, 4, 4, 4, 4 ], 6 ], [ [ 1, 1, 1, 1, 2, 2, 4, 4, 4, 4 ], 6 ], [ [ 1, 1, 1, 1, 2, 2, 4, 4, 4, 4 ], 6 ], [ [ 2, 2, 2, 2, 2, 2, 2, 2, 2, 2, 2, 2 ], 1 ], [ [ 2, 2, 2, 2, 4, 4, 4, 4 ], 6 ], [ [ 2, 2, 2, 2, 4, 4, 4, 4 ], 3 ], [ [ 2, 2, 2, 2, 4, 4, 4, 4 ], 3 ], [ [ 2, 2, 2, 2, 2, 2, 2, 2, 2, 2, 2, 2 ], 24 ], [ [ 2, 2, 2, 2, 4, 4, 4, 4 ], 24 ], [ [ 2, 2, 2, 2, 2, 2, 2, 2, 4, 4 ], 24 ], [ [ 4, 4, 4, 4, 4, 4 ], 24 ], [ [ 2, 2, 2, 2, 8, 8 ], 24 ], [ [ 2, 2, 2, 2, 8, 8 ], 24 ], [ [ 4, 4, 8, 8 ], 24 ], [ [ 4, 4, 8, 8 ], 24 ], [ [ 3, 3, 3, 3, 3, 3, 3, 3 ], 32 ], [ [ 6, 6, 6, 6 ], 32 ], [ [ 3, 3, 3, 3, 6, 6 ], 32 ], [ [ 3, 3, 3, 3, 6, 6 ], 32 ] ]
773|384|[ 384, 5624 ]|[ [ [ 1, 1, 1, 1, 1, 1, 1, 1, 1, 1, 1, 1, 1, 1, 1, 1, 1, 1, 1, 1, 1, 1, 1, 1 ], 1 ], [ [ 1, 1, 1, 1, 1, 1, 1, 1, 1, 1, 1, 1, 1, 1, 1, 1, 2, 2, 2, 2 ], 3 ], [ [ 1, 1, 1, 1, 1, 1, 1, 1, 2, 2, 2, 2, 2, 2, 2, 2 ], 3 ], [ [ 1, 1, 1, 1, 1, 1, 1, 1, 4, 4, 4, 4 ], 6 ], [ [ 1, 1, 1, 1, 1, 1, 1, 1, 4, 4, 4, 4 ], 3 ], [ [ 1, 1, 1, 1, 1, 1, 1, 1, 4, 4, 4, 4 ], 3 ], [ [ 1, 1, 1, 1, 1, 1, 1, 1, 1, 1, 1, 1, 2, 2, 2, 2, 2, 2 ], 6 ], [ [ 1, 1, 1, 1, 1, 1, 1, 1, 1, 1, 1, 1, 2, 2, 2, 2, 2, 2 ], 2 ], [ [ 1, 1, 1, 1, 2, 2, 4, 4, 4, 4 ], 6 ], [ [ 1, 1, 1, 1, 2, 2, 4, 4, 4, 4 ], 6 ], [ [ 1, 1, 1, 1, 2, 2, 4, 4, 4, 4 ], 6 ], [ [ 1, 1, 1, 1, 2, 2, 4, 4, 4, 4 ], 6 ], [ [ 2, 2, 2, 2, 2, 2, 2, 2, 2, 2, 2, 2 ], 1 ], [ [ 2, 2, 2, 2, 4, 4, 4, 4 ], 6 ], [ [ 2, 2, 2, 2, 4, 4, 4, 4 ], 3 ], [ [ 2, 2, 2, 2, 4, 4, 4, 4 ], 3 ], [ [ 2, 2, 2, 2, 2, 2, 2, 2, 2, 2, 2, 2 ], 24 ], [ [ 2, 2, 2, 2, 4, 4, 4, 4 ], 24 ], [ [ 2, 2, 2, 2, 2, 2, 2, 2, 4, 4 ], 24 ], [ [ 4, 4, 4, 4, 4, 4 ], 24 ], [ [ 2, 2, 2, 2, 8, 8 ], 24 ], [ [ 2, 2, 2, 2, 8, 8 ], 24 ], [ [ 4, 4, 8, 8 ], 24 ], [ [ 4, 4, 8, 8 ], 24 ], [ [ 3, 3, 3, 3, 6, 6 ], 32 ], [ [ 3, 3, 3, 3, 6, 6 ], 32 ], [ [ 3, 3, 3, 3, 3, 3, 3, 3 ], 32 ], [ [ 6, 6, 6, 6 ], 32 ] ]
774|384|[ 384, 5693 ]|[ [ [ 1, 1, 1, 1, 1, 1, 1, 1, 1, 1, 1, 1, 1, 1, 1, 1, 1, 1, 1, 1, 1, 1, 1, 1 ], 1 ], [ [ 1, 1, 1, 1, 1, 1, 1, 1, 1, 1, 1, 1, 1, 1, 1, 1, 2, 2, 2, 2 ], 3 ], [ [ 1, 1, 1, 1, 1, 1, 1, 1, 2, 2, 2, 2, 2, 2, 2, 2 ], 3 ], [ [ 1, 1, 1, 1, 1, 1, 1, 1, 1, 1, 1, 1, 2, 2, 2, 2, 2, 2 ], 6 ], [ [ 1, 1, 1, 1, 1, 1, 1, 1, 1, 1, 1, 1, 2, 2, 2, 2, 2, 2 ], 2 ], [ [ 1, 1, 1, 1, 2, 2, 2, 2, 4, 4, 4 ], 12 ], [ [ 1, 1, 1, 1, 2, 2, 2, 2, 4, 4, 4 ], 12 ], [ [ 1, 1, 1, 1, 2, 2, 2, 2, 4, 4, 4 ], 12 ], [ [ 1, 1, 1, 1, 2, 2, 2, 2, 4, 4, 4 ], 12 ], [ [ 2, 2, 2, 2, 2, 2, 2, 2, 2, 2, 2, 2 ], 1 ], [ [ 2, 2, 2, 2, 2, 2, 4, 4, 4 ], 12 ], [ [ 2, 2, 2, 2, 2, 2, 4, 4, 4 ], 12 ], [ [ 2, 2, 2, 2, 2, 2, 4, 4, 4 ], 12 ], [ [ 2, 2, 2, 2, 2, 2, 4, 4, 4 ], 12 ], [ [ 4, 4, 4, 4, 4, 4 ], 6 ], [ [ 4, 4, 4, 4, 4, 4 ], 2 ], [ [ 4, 4, 4, 4, 4, 4 ], 3 ], [ [ 4, 4, 4, 4, 4, 4 ], 3 ], [ [ 4, 4, 4, 4, 4, 4 ], 1 ], [ [ 4, 4, 4, 4, 4, 4 ], 1 ], [ [ 2, 2, 2, 2, 4, 4, 4, 4 ], 24 ], [ [ 2, 2, 2, 2, 2, 2, 2, 2, 2, 2, 2, 2 ], 24 ], [ [ 4, 4, 4, 4, 4, 4 ], 24 ], [ [ 2, 2, 2, 2, 2, 2, 2, 2, 4, 4 ], 24 ], [ [ 8, 8, 8 ], 12 ], [ [ 8, 8, 8 ], 4 ], [ [ 8, 8, 8 ], 4 ], [ [ 8, 8, 8 ], 12 ], [ [ 24 ], 16 ], [ [ 24 ], 16 ], [ [ 24 ], 16 ], [ [ 24 ], 16 ], [ [ 12, 12 ], 8 ], [ [ 12, 12 ], 8 ], [ [ 12, 12 ], 16 ], [ [ 6, 6, 6, 6 ], 8 ], [ [ 3, 3, 3, 3, 3, 3, 3, 3 ], 8 ], [ [ 3, 3, 3, 3, 6, 6 ], 16 ] ]
775|384|[ 384, 18199 ]|[ [ [ 1, 1, 1, 1, 1, 1, 1, 1, 1, 1, 1, 1, 1, 1, 1, 1, 1, 1, 1, 1, 1, 1, 1, 1 ], 1 ], [ [ 1, 1, 1, 1, 1, 1, 1, 1, 1, 1, 1, 1, 1, 1, 1, 1, 2, 2, 2, 2 ], 3 ], [ [ 1, 1, 1, 1, 1, 1, 1, 1, 2, 2, 2, 2, 2, 2, 2, 2 ], 3 ], [ [ 1, 1, 1, 1, 1, 1, 1, 1, 1, 1, 1, 1, 2, 2, 2, 2, 2, 2 ], 4 ], [ [ 1, 1, 1, 1, 1, 1, 1, 1, 1, 1, 1, 1, 2, 2, 2, 2, 2, 2 ], 4 ], [ [ 1, 1, 1, 1, 2, 2, 2, 2, 2, 2, 2, 2, 2, 2 ], 12 ], [ [ 1, 1, 1, 1, 2, 2, 2, 2, 2, 2, 2, 2, 2, 2 ], 12 ], [ [ 1, 1, 1, 1, 2, 2, 4, 4, 4, 4 ], 12 ], [ [ 1, 1, 1, 1, 2, 2, 4, 4, 4, 4 ], 12 ], [ [ 2, 2, 2, 2, 2, 2, 2, 2, 2, 2, 2, 2 ], 1 ], [ [ 2, 2, 2, 2, 2, 2, 2, 2, 2, 2, 2, 2 ], 4 ], [ [ 2, 2, 2, 2, 2, 2, 2, 2, 2, 2, 2, 2 ], 4 ], [ [ 2, 2, 2, 2, 2, 2, 2, 2, 2, 2, 2, 2 ], 4 ], [ [ 2, 2, 2, 2, 2, 2, 2, 2, 2, 2, 2, 2 ], 4 ], [ [ 2, 2, 2, 2, 4, 4, 4, 4 ], 12 ], [ [ 2, 2, 2, 2, 4, 4, 4, 4 ], 12 ], [ [ 2, 2, 2, 2, 4, 4, 4, 4 ], 12 ], [ [ 2, 2, 2, 2, 4, 4, 4, 4 ], 12 ], [ [ 6, 6, 6, 6 ], 16 ], [ [ 6, 6, 6, 6 ], 16 ], [ [ 6, 6, 6, 6 ], 16 ], [ [ 6, 6, 6, 6 ], 16 ], [ [ 6, 6, 6, 6 ], 16 ], [ [ 3, 3, 3, 3, 3, 3, 3, 3 ], 16 ], [ [ 3, 3, 3, 3, 6, 6 ], 16 ], [ [ 3, 3, 3, 3, 6, 6 ], 16 ], [ [ 3, 3, 3, 3, 6, 6 ], 16 ], [ [ 3, 3, 3, 3, 6, 6 ], 16 ], [ [ 6, 6, 6, 6 ], 16 ], [ [ 3, 3, 3, 3, 3, 3, 3, 3 ], 16 ], [ [ 6, 6, 6, 6 ], 16 ], [ [ 6, 6, 6, 6 ], 16 ], [ [ 6, 6, 6, 6 ], 16 ], [ [ 6, 6, 6, 6 ], 16 ] ]
776|384|[ 384, 5815 ]|[ [ [ 1, 1, 1, 1, 1, 1, 1, 1, 1, 1, 1, 1, 1, 1, 1, 1, 1, 1, 1, 1, 1, 1, 1, 1 ], 1 ], [ [ 1, 1, 1, 1, 1, 1, 1, 1, 1, 1, 1, 1, 1, 1, 1, 1, 2, 2, 2, 2 ], 3 ], [ [ 1, 1, 1, 1, 1, 1, 1, 1, 2, 2, 2, 2, 2, 2, 2, 2 ], 3 ], [ [ 1, 1, 1, 1, 1, 1, 1, 1, 1, 1, 1, 1, 2, 2, 2, 2, 2, 2 ], 6 ], [ [ 1, 1, 1, 1, 1, 1, 1, 1, 1, 1, 1, 1, 2, 2, 2, 2, 2, 2 ], 2 ], [ [ 1, 1, 1, 1, 1, 1, 1, 1, 1, 1, 1, 1, 4, 4, 4 ], 2 ], [ [ 1, 1, 1, 1, 1, 1, 1, 1, 2, 2, 4, 4, 4 ], 6 ], [ [ 1, 1, 1, 1, 2, 2, 2, 2, 4, 4, 4 ], 6 ], [ [ 1, 1, 1, 1, 1, 1, 1, 1, 2, 2, 4, 4, 4 ], 6 ], [ [ 1, 1, 1, 1, 2, 2, 2, 2, 4, 4, 4 ], 6 ], [ [ 1, 1, 1, 1, 1, 1, 1, 1, 1, 1, 1, 1, 4, 4, 4 ], 2 ], [ [ 2, 2, 2, 2, 2, 2, 2, 2, 2, 2, 2, 2 ], 1 ], [ [ 2, 2, 2, 2, 2, 2, 4, 4, 4 ], 2 ], [ [ 2, 2, 2, 2, 2, 2, 4, 4, 4 ], 2 ], [ [ 4, 4, 4, 4, 4, 4 ], 3 ], [ [ 4, 4, 4, 4, 4, 4 ], 1 ], [ [ 4, 4, 4, 4, 4, 4 ], 3 ], [ [ 4, 4, 4, 4, 4, 4 ], 6 ], [ [ 4, 4, 4, 4, 4, 4 ], 2 ], [ [ 4, 4, 4, 4, 4, 4 ], 1 ], [ [ 2, 2, 2, 2, 2, 2, 2, 2, 2, 2, 2, 2 ], 12 ], [ [ 2, 2, 2, 2, 2, 2, 2, 2, 2, 2, 2, 2 ], 4 ], [ [ 4, 4, 4, 4, 4, 4 ], 12 ], [ [ 4, 4, 4, 4, 4, 4 ], 4 ], [ [ 8, 8, 8 ], 12 ], [ [ 8, 8, 8 ], 4 ], [ [ 8, 8, 8 ], 12 ], [ [ 8, 8, 8 ], 4 ], [ [ 6, 6, 6, 6 ], 16 ], [ [ 12, 12 ], 16 ], [ [ 24 ], 16 ], [ [ 24 ], 16 ], [ [ 12, 12 ], 8 ], [ [ 12, 12 ], 4 ], [ [ 12, 12 ], 4 ], [ [ 6, 6, 12 ], 8 ], [ [ 3, 3, 3, 3, 12 ], 8 ], [ [ 6, 6, 12 ], 8 ], [ [ 3, 3, 3, 3, 12 ], 8 ], [ [ 6, 6, 6, 6 ], 4 ], [ [ 3, 3, 3, 3, 3, 3, 3, 3 ], 4 ], [ [ 3, 3, 3, 3, 6, 6 ], 8 ], [ [ 3, 3, 3, 3, 12 ], 8 ], [ [ 6, 6, 12 ], 8 ], [ [ 6, 6, 12 ], 8 ], [ [ 3, 3, 3, 3, 12 ], 8 ], [ [ 3, 3, 3, 3, 6, 6 ], 8 ], [ [ 6, 6, 6, 6 ], 4 ], [ [ 3, 3, 3, 3, 3, 3, 3, 3 ], 4 ], [ [ 12, 12 ], 8 ], [ [ 12, 12 ], 4 ], [ [ 12, 12 ], 4 ], [ [ 24 ], 16 ], [ [ 24 ], 16 ], [ [ 6, 6, 6, 6 ], 16 ], [ [ 12, 12 ], 16 ] ]
777|384|[ 384, 5770 ]|[ [ [ 1, 1, 1, 1, 1, 1, 1, 1, 1, 1, 1, 1, 1, 1, 1, 1, 1, 1, 1, 1, 1, 1, 1, 1 ], 1 ], [ [ 1, 1, 1, 1, 1, 1, 1, 1, 1, 1, 1, 1, 1, 1, 1, 1, 2, 2, 2, 2 ], 3 ], [ [ 1, 1, 1, 1, 1, 1, 1, 1, 2, 2, 2, 2, 2, 2, 2, 2 ], 3 ], [ [ 1, 1, 1, 1, 1, 1, 1, 1, 1, 1, 1, 1, 2, 2, 2, 2, 2, 2 ], 8 ], [ [ 1, 1, 1, 1, 2, 2, 2, 2, 2, 2, 4, 4 ], 24 ], [ [ 1, 1, 1, 1, 2, 2, 2, 2, 2, 2, 4, 4 ], 12 ], [ [ 1, 1, 1, 1, 2, 2, 2, 2, 2, 2, 4, 4 ], 12 ], [ [ 2, 2, 2, 2, 2, 2, 2, 2, 2, 2, 2, 2 ], 1 ], [ [ 2, 2, 2, 2, 2, 2, 2, 2, 4, 4 ], 24 ], [ [ 2, 2, 2, 2, 4, 4, 4, 4 ], 12 ], [ [ 2, 2, 2, 2, 4, 4, 4, 4 ], 12 ], [ [ 4, 4, 4, 4, 4, 4 ], 6 ], [ [ 4, 4, 4, 4, 4, 4 ], 2 ], [ [ 2, 2, 2, 2, 2, 2, 2, 2, 2, 2, 2, 2 ], 8 ], [ [ 12, 12 ], 32 ], [ [ 6, 6, 6, 6 ], 32 ], [ [ 6, 6, 6, 6 ], 16 ], [ [ 3, 3, 3, 3, 3, 3, 3, 3 ], 16 ], [ [ 3, 3, 3, 3, 6, 6 ], 32 ], [ [ 3, 3, 3, 3, 6, 6 ], 32 ], [ [ 6, 6, 6, 6 ], 16 ], [ [ 3, 3, 3, 3, 3, 3, 3, 3 ], 16 ], [ [ 12, 12 ], 32 ], [ [ 6, 6, 6, 6 ], 32 ] ]
778|384|[ 384, 5769 ]|[ [ [ 1, 1, 1, 1, 1, 1, 1, 1, 1, 1, 1, 1, 1, 1, 1, 1, 1, 1, 1, 1, 1, 1, 1, 1 ], 1 ], [ [ 1, 1, 1, 1, 1, 1, 1, 1, 1, 1, 1, 1, 1, 1, 1, 1, 2, 2, 2, 2 ], 3 ], [ [ 1, 1, 1, 1, 1, 1, 1, 1, 2, 2, 2, 2, 2, 2, 2, 2 ], 3 ], [ [ 1, 1, 1, 1, 1, 1, 1, 1, 1, 1, 1, 1, 2, 2, 2, 2, 2, 2 ], 8 ], [ [ 1, 1, 1, 1, 2, 2, 2, 2, 2, 2, 4, 4 ], 24 ], [ [ 1, 1, 1, 1, 2, 2, 2, 2, 2, 2, 4, 4 ], 12 ], [ [ 1, 1, 1, 1, 2, 2, 2, 2, 2, 2, 4, 4 ], 12 ], [ [ 2, 2, 2, 2, 2, 2, 2, 2, 2, 2, 2, 2 ], 1 ], [ [ 2, 2, 2, 2, 4, 4, 4, 4 ], 24 ], [ [ 2, 2, 2, 2, 2, 2, 2, 2, 4, 4 ], 12 ], [ [ 2, 2, 2, 2, 2, 2, 2, 2, 4, 4 ], 12 ], [ [ 4, 4, 4, 4, 4, 4 ], 8 ], [ [ 2, 2, 2, 2, 2, 2, 2, 2, 2, 2, 2, 2 ], 6 ], [ [ 2, 2, 2, 2, 2, 2, 2, 2, 2, 2, 2, 2 ], 2 ], [ [ 6, 6, 6, 6 ], 32 ], [ [ 12, 12 ], 32 ], [ [ 6, 6, 6, 6 ], 16 ], [ [ 3, 3, 3, 3, 3, 3, 3, 3 ], 16 ], [ [ 3, 3, 3, 3, 6, 6 ], 32 ], [ [ 6, 6, 6, 6 ], 16 ], [ [ 3, 3, 3, 3, 3, 3, 3, 3 ], 16 ], [ [ 3, 3, 3, 3, 6, 6 ], 32 ], [ [ 12, 12 ], 32 ], [ [ 6, 6, 6, 6 ], 32 ] ]
779|384|[ 384, 5781 ]|[ [ [ 1, 1, 1, 1, 1, 1, 1, 1, 1, 1, 1, 1, 1, 1, 1, 1, 1, 1, 1, 1, 1, 1, 1, 1 ], 1 ], [ [ 1, 1, 1, 1, 1, 1, 1, 1, 1, 1, 1, 1, 1, 1, 1, 1, 2, 2, 2, 2 ], 3 ], [ [ 1, 1, 1, 1, 1, 1, 1, 1, 2, 2, 2, 2, 2, 2, 2, 2 ], 3 ], [ [ 1, 1, 1, 1, 1, 1, 1, 1, 1, 1, 1, 1, 2, 2, 2, 2, 2, 2 ], 8 ], [ [ 1, 1, 1, 1, 2, 2, 4, 4, 4, 4 ], 12 ], [ [ 1, 1, 1, 1, 2, 2, 4, 4, 4, 4 ], 12 ], [ [ 1, 1, 1, 1, 2, 2, 2, 2, 2, 2, 2, 2, 2, 2 ], 24 ], [ [ 2, 2, 2, 2, 2, 2, 2, 2, 2, 2, 2, 2 ], 1 ], [ [ 2, 2, 2, 2, 4, 4, 4, 4 ], 24 ], [ [ 2, 2, 2, 2, 2, 2, 2, 2, 4, 4 ], 24 ], [ [ 4, 4, 4, 4, 4, 4 ], 8 ], [ [ 2, 2, 2, 2, 2, 2, 2, 2, 2, 2, 2, 2 ], 8 ], [ [ 12, 12 ], 32 ], [ [ 6, 6, 6, 6 ], 32 ], [ [ 6, 6, 6, 6 ], 16 ], [ [ 3, 3, 3, 3, 3, 3, 3, 3 ], 16 ], [ [ 3, 3, 3, 3, 6, 6 ], 32 ], [ [ 3, 3, 3, 3, 3, 3, 3, 3 ], 16 ], [ [ 6, 6, 6, 6 ], 16 ], [ [ 3, 3, 3, 3, 6, 6 ], 32 ], [ [ 6, 6, 6, 6 ], 32 ], [ [ 12, 12 ], 32 ] ]
780|384|[ 384, 5780 ]|[ [ [ 1, 1, 1, 1, 1, 1, 1, 1, 1, 1, 1, 1, 1, 1, 1, 1, 1, 1, 1, 1, 1, 1, 1, 1 ], 1 ], [ [ 1, 1, 1, 1, 1, 1, 1, 1, 1, 1, 1, 1, 1, 1, 1, 1, 2, 2, 2, 2 ], 3 ], [ [ 1, 1, 1, 1, 1, 1, 1, 1, 2, 2, 2, 2, 2, 2, 2, 2 ], 3 ], [ [ 1, 1, 1, 1, 1, 1, 1, 1, 1, 1, 1, 1, 2, 2, 2, 2, 2, 2 ], 8 ], [ [ 1, 1, 1, 1, 2, 2, 2, 2, 2, 2, 2, 2, 2, 2 ], 12 ], [ [ 1, 1, 1, 1, 2, 2, 2, 2, 2, 2, 2, 2, 2, 2 ], 12 ], [ [ 1, 1, 1, 1, 2, 2, 4, 4, 4, 4 ], 24 ], [ [ 2, 2, 2, 2, 2, 2, 2, 2, 2, 2, 2, 2 ], 1 ], [ [ 2, 2, 2, 2, 2, 2, 2, 2, 4, 4 ], 24 ], [ [ 2, 2, 2, 2, 4, 4, 4, 4 ], 24 ], [ [ 4, 4, 4, 4, 4, 4 ], 8 ], [ [ 2, 2, 2, 2, 2, 2, 2, 2, 2, 2, 2, 2 ], 8 ], [ [ 6, 6, 6, 6 ], 32 ], [ [ 12, 12 ], 32 ], [ [ 6, 6, 6, 6 ], 16 ], [ [ 3, 3, 3, 3, 3, 3, 3, 3 ], 16 ], [ [ 3, 3, 3, 3, 6, 6 ], 32 ], [ [ 3, 3, 3, 3, 6, 6 ], 32 ], [ [ 6, 6, 6, 6 ], 16 ], [ [ 3, 3, 3, 3, 3, 3, 3, 3 ], 16 ], [ [ 6, 6, 6, 6 ], 32 ], [ [ 12, 12 ], 32 ] ]
781|384|[ 384, 5794 ]|[ [ [ 1, 1, 1, 1, 1, 1, 1, 1, 1, 1, 1, 1, 1, 1, 1, 1, 1, 1, 1, 1, 1, 1, 1, 1 ], 1 ], [ [ 1, 1, 1, 1, 1, 1, 1, 1, 1, 1, 1, 1, 1, 1, 1, 1, 2, 2, 2, 2 ], 3 ], [ [ 1, 1, 1, 1, 1, 1, 1, 1, 2, 2, 2, 2, 2, 2, 2, 2 ], 3 ], [ [ 1, 1, 1, 1, 1, 1, 1, 1, 4, 4, 4, 4 ], 6 ], [ [ 1, 1, 1, 1, 1, 1, 1, 1, 4, 4, 4, 4 ], 6 ], [ [ 1, 1, 1, 1, 1, 1, 1, 1, 1, 1, 1, 1, 2, 2, 2, 2, 2, 2 ], 8 ], [ [ 1, 1, 1, 1, 2, 2, 2, 2, 2, 2, 2, 2, 2, 2 ], 24 ], [ [ 2, 2, 2, 2, 2, 2, 2, 2, 2, 2, 2, 2 ], 1 ], [ [ 2, 2, 2, 2, 4, 4, 4, 4 ], 6 ], [ [ 2, 2, 2, 2, 4, 4, 4, 4 ], 6 ], [ [ 2, 2, 2, 2, 4, 4, 4, 4 ], 6 ], [ [ 2, 2, 2, 2, 4, 4, 4, 4 ], 6 ], [ [ 2, 2, 2, 2, 4, 4, 4, 4 ], 6 ], [ [ 4, 4, 4, 4, 4, 4 ], 24 ], [ [ 2, 2, 2, 2, 4, 4, 4, 4 ], 6 ], [ [ 4, 4, 4, 4, 4, 4 ], 8 ], [ [ 2, 2, 2, 2, 2, 2, 2, 2, 2, 2, 2, 2 ], 6 ], [ [ 2, 2, 2, 2, 2, 2, 2, 2, 2, 2, 2, 2 ], 2 ], [ [ 12, 12 ], 32 ], [ [ 6, 6, 6, 6 ], 32 ], [ [ 3, 3, 3, 3, 3, 3, 3, 3 ], 16 ], [ [ 6, 6, 6, 6 ], 16 ], [ [ 3, 3, 3, 3, 6, 6 ], 32 ], [ [ 3, 3, 3, 3, 3, 3, 3, 3 ], 16 ], [ [ 6, 6, 6, 6 ], 16 ], [ [ 3, 3, 3, 3, 6, 6 ], 32 ], [ [ 6, 6, 6, 6 ], 32 ], [ [ 12, 12 ], 32 ] ]
782|384|[ 384, 5791 ]|[ [ [ 1, 1, 1, 1, 1, 1, 1, 1, 1, 1, 1, 1, 1, 1, 1, 1, 1, 1, 1, 1, 1, 1, 1, 1 ], 1 ], [ [ 1, 1, 1, 1, 1, 1, 1, 1, 1, 1, 1, 1, 1, 1, 1, 1, 2, 2, 2, 2 ], 3 ], [ [ 1, 1, 1, 1, 1, 1, 1, 1, 2, 2, 2, 2, 2, 2, 2, 2 ], 3 ], [ [ 1, 1, 1, 1, 1, 1, 1, 1, 2, 2, 2, 2, 2, 2, 2, 2 ], 6 ], [ [ 1, 1, 1, 1, 1, 1, 1, 1, 2, 2, 2, 2, 2, 2, 2, 2 ], 6 ], [ [ 1, 1, 1, 1, 1, 1, 1, 1, 1, 1, 1, 1, 2, 2, 2, 2, 2, 2 ], 8 ], [ [ 1, 1, 1, 1, 2, 2, 4, 4, 4, 4 ], 24 ], [ [ 2, 2, 2, 2, 2, 2, 2, 2, 2, 2, 2, 2 ], 1 ], [ [ 2, 2, 2, 2, 2, 2, 2, 2, 2, 2, 2, 2 ], 6 ], [ [ 2, 2, 2, 2, 2, 2, 2, 2, 2, 2, 2, 2 ], 6 ], [ [ 4, 4, 4, 4, 4, 4 ], 6 ], [ [ 4, 4, 4, 4, 4, 4 ], 6 ], [ [ 4, 4, 4, 4, 4, 4 ], 6 ], [ [ 2, 2, 2, 2, 4, 4, 4, 4 ], 24 ], [ [ 4, 4, 4, 4, 4, 4 ], 6 ], [ [ 4, 4, 4, 4, 4, 4 ], 6 ], [ [ 4, 4, 4, 4, 4, 4 ], 2 ], [ [ 2, 2, 2, 2, 2, 2, 2, 2, 2, 2, 2, 2 ], 8 ], [ [ 6, 6, 6, 6 ], 32 ], [ [ 12, 12 ], 32 ], [ [ 3, 3, 3, 3, 3, 3, 3, 3 ], 16 ], [ [ 6, 6, 6, 6 ], 16 ], [ [ 3, 3, 3, 3, 6, 6 ], 32 ], [ [ 3, 3, 3, 3, 6, 6 ], 32 ], [ [ 3, 3, 3, 3, 3, 3, 3, 3 ], 16 ], [ [ 6, 6, 6, 6 ], 16 ], [ [ 6, 6, 6, 6 ], 32 ], [ [ 12, 12 ], 32 ] ]
783|384|[ 384, 5778 ]|[ [ [ 1, 1, 1, 1, 1, 1, 1, 1, 1, 1, 1, 1, 1, 1, 1, 1, 1, 1, 1, 1, 1, 1, 1, 1 ], 1 ], [ [ 1, 1, 1, 1, 1, 1, 1, 1, 1, 1, 1, 1, 1, 1, 1, 1, 2, 2, 2, 2 ], 3 ], [ [ 1, 1, 1, 1, 1, 1, 1, 1, 2, 2, 2, 2, 2, 2, 2, 2 ], 3 ], [ [ 1, 1, 1, 1, 1, 1, 1, 1, 2, 2, 2, 2, 4, 4 ], 12 ], [ [ 1, 1, 1, 1, 1, 1, 1, 1, 1, 1, 1, 1, 2, 2, 2, 2, 2, 2 ], 8 ], [ [ 1, 1, 1, 1, 2, 2, 2, 2, 2, 2, 4, 4 ], 24 ], [ [ 2, 2, 2, 2, 2, 2, 2, 2, 2, 2, 2, 2 ], 1 ], [ [ 2, 2, 2, 2, 2, 2, 2, 2, 4, 4 ], 12 ], [ [ 4, 4, 4, 4, 4, 4 ], 12 ], [ [ 2, 2, 2, 2, 4, 4, 4, 4 ], 12 ], [ [ 2, 2, 2, 2, 4, 4, 4, 4 ], 12 ], [ [ 4, 4, 4, 4, 4, 4 ], 12 ], [ [ 4, 4, 4, 4, 4, 4 ], 8 ], [ [ 2, 2, 2, 2, 2, 2, 2, 2, 2, 2, 2, 2 ], 8 ], [ [ 6, 6, 6, 6 ], 32 ], [ [ 12, 12 ], 32 ], [ [ 3, 3, 3, 3, 6, 6 ], 32 ], [ [ 6, 6, 6, 6 ], 16 ], [ [ 3, 3, 3, 3, 3, 3, 3, 3 ], 16 ], [ [ 3, 3, 3, 3, 6, 6 ], 32 ], [ [ 3, 3, 3, 3, 3, 3, 3, 3 ], 16 ], [ [ 6, 6, 6, 6 ], 16 ], [ [ 12, 12 ], 32 ], [ [ 6, 6, 6, 6 ], 32 ] ]
784|384|[ 384, 5754 ]|[ [ [ 1, 1, 1, 1, 1, 1, 1, 1, 1, 1, 1, 1, 1, 1, 1, 1, 1, 1, 1, 1, 1, 1, 1, 1 ], 1 ], [ [ 1, 1, 1, 1, 1, 1, 1, 1, 1, 1, 1, 1, 1, 1, 1, 1, 2, 2, 2, 2 ], 3 ], [ [ 1, 1, 1, 1, 1, 1, 1, 1, 2, 2, 2, 2, 2, 2, 2, 2 ], 3 ], [ [ 1, 1, 1, 1, 1, 1, 1, 1, 1, 1, 1, 1, 2, 2, 2, 2, 2, 2 ], 4 ], [ [ 1, 1, 1, 1, 1, 1, 1, 1, 1, 1, 1, 1, 2, 2, 2, 2, 2, 2 ], 4 ], [ [ 1, 1, 1, 1, 2, 2, 2, 2, 2, 2, 4, 4 ], 12 ], [ [ 1, 1, 1, 1, 2, 2, 2, 2, 2, 2, 4, 4 ], 12 ], [ [ 1, 1, 1, 1, 2, 2, 2, 2, 2, 2, 4, 4 ], 12 ], [ [ 1, 1, 1, 1, 2, 2, 2, 2, 2, 2, 4, 4 ], 12 ], [ [ 2, 2, 2, 2, 2, 2, 2, 2, 2, 2, 2, 2 ], 1 ], [ [ 2, 2, 2, 2, 4, 4, 4, 4 ], 12 ], [ [ 2, 2, 2, 2, 4, 4, 4, 4 ], 12 ], [ [ 2, 2, 2, 2, 2, 2, 2, 2, 2, 2, 2, 2 ], 12 ], [ [ 2, 2, 2, 2, 2, 2, 2, 2, 2, 2, 2, 2 ], 12 ], [ [ 4, 4, 4, 4, 4, 4 ], 4 ], [ [ 4, 4, 4, 4, 4, 4 ], 4 ], [ [ 4, 4, 4, 4, 4, 4 ], 4 ], [ [ 4, 4, 4, 4, 4, 4 ], 4 ], [ [ 12, 12 ], 16 ], [ [ 12, 12 ], 16 ], [ [ 12, 12 ], 16 ], [ [ 12, 12 ], 16 ], [ [ 6, 6, 6, 6 ], 16 ], [ [ 3, 3, 3, 3, 3, 3, 3, 3 ], 16 ], [ [ 3, 3, 3, 3, 6, 6 ], 16 ], [ [ 3, 3, 3, 3, 6, 6 ], 16 ], [ [ 3, 3, 3, 3, 6, 6 ], 16 ], [ [ 3, 3, 3, 3, 6, 6 ], 16 ], [ [ 6, 6, 6, 6 ], 16 ], [ [ 3, 3, 3, 3, 3, 3, 3, 3 ], 16 ], [ [ 12, 12 ], 16 ], [ [ 12, 12 ], 16 ], [ [ 12, 12 ], 16 ], [ [ 12, 12 ], 16 ] ]
785|384|[ 384, 5781 ]|[ [ [ 1, 1, 1, 1, 1, 1, 1, 1, 1, 1, 1, 1, 1, 1, 1, 1, 1, 1, 1, 1, 1, 1, 1, 1 ], 1 ], [ [ 1, 1, 1, 1, 1, 1, 1, 1, 1, 1, 1, 1, 1, 1, 1, 1, 2, 2, 2, 2 ], 3 ], [ [ 1, 1, 1, 1, 1, 1, 1, 1, 2, 2, 2, 2, 2, 2, 2, 2 ], 3 ], [ [ 1, 1, 1, 1, 1, 1, 1, 1, 1, 1, 1, 1, 2, 2, 2, 2, 2, 2 ], 8 ], [ [ 1, 1, 1, 1, 2, 2, 2, 2, 2, 2, 4, 4 ], 24 ], [ [ 1, 1, 1, 1, 2, 2, 4, 4, 4, 4 ], 24 ], [ [ 2, 2, 2, 2, 2, 2, 2, 2, 2, 2, 2, 2 ], 1 ], [ [ 2, 2, 2, 2, 4, 4, 4, 4 ], 12 ], [ [ 2, 2, 2, 2, 4, 4, 4, 4 ], 12 ], [ [ 2, 2, 2, 2, 2, 2, 2, 2, 2, 2, 2, 2 ], 24 ], [ [ 2, 2, 2, 2, 2, 2, 2, 2, 2, 2, 2, 2 ], 8 ], [ [ 4, 4, 4, 4, 4, 4 ], 8 ], [ [ 3, 3, 3, 3, 6, 6 ], 32 ], [ [ 3, 3, 3, 3, 3, 3, 3, 3 ], 16 ], [ [ 6, 6, 6, 6 ], 16 ], [ [ 6, 6, 6, 6 ], 32 ], [ [ 12, 12 ], 32 ], [ [ 3, 3, 3, 3, 3, 3, 3, 3 ], 16 ], [ [ 6, 6, 6, 6 ], 16 ], [ [ 3, 3, 3, 3, 6, 6 ], 32 ], [ [ 12, 12 ], 32 ], [ [ 6, 6, 6, 6 ], 32 ] ]
786|384|[ 384, 5781 ]|[ [ [ 1, 1, 1, 1, 1, 1, 1, 1, 1, 1, 1, 1, 1, 1, 1, 1, 1, 1, 1, 1, 1, 1, 1, 1 ], 1 ], [ [ 1, 1, 1, 1, 1, 1, 1, 1, 1, 1, 1, 1, 1, 1, 1, 1, 2, 2, 2, 2 ], 3 ], [ [ 1, 1, 1, 1, 1, 1, 1, 1, 2, 2, 2, 2, 2, 2, 2, 2 ], 3 ], [ [ 1, 1, 1, 1, 1, 1, 1, 1, 1, 1, 1, 1, 2, 2, 2, 2, 2, 2 ], 8 ], [ [ 1, 1, 1, 1, 2, 2, 2, 2, 2, 2, 4, 4 ], 24 ], [ [ 1, 1, 1, 1, 2, 2, 2, 2, 2, 2, 2, 2, 2, 2 ], 24 ], [ [ 2, 2, 2, 2, 2, 2, 2, 2, 2, 2, 2, 2 ], 1 ], [ [ 2, 2, 2, 2, 4, 4, 4, 4 ], 24 ], [ [ 2, 2, 2, 2, 4, 4, 4, 4 ], 12 ], [ [ 2, 2, 2, 2, 4, 4, 4, 4 ], 12 ], [ [ 2, 2, 2, 2, 2, 2, 2, 2, 2, 2, 2, 2 ], 8 ], [ [ 4, 4, 4, 4, 4, 4 ], 8 ], [ [ 6, 6, 6, 6 ], 16 ], [ [ 3, 3, 3, 3, 3, 3, 3, 3 ], 16 ], [ [ 3, 3, 3, 3, 6, 6 ], 32 ], [ [ 12, 12 ], 32 ], [ [ 6, 6, 6, 6 ], 32 ], [ [ 3, 3, 3, 3, 3, 3, 3, 3 ], 16 ], [ [ 6, 6, 6, 6 ], 16 ], [ [ 3, 3, 3, 3, 6, 6 ], 32 ], [ [ 12, 12 ], 32 ], [ [ 6, 6, 6, 6 ], 32 ] ]
787|384|[ 384, 5772 ]|[ [ [ 1, 1, 1, 1, 1, 1, 1, 1, 1, 1, 1, 1, 1, 1, 1, 1, 1, 1, 1, 1, 1, 1, 1, 1 ], 1 ], [ [ 1, 1, 1, 1, 1, 1, 1, 1, 1, 1, 1, 1, 1, 1, 1, 1, 2, 2, 2, 2 ], 3 ], [ [ 1, 1, 1, 1, 1, 1, 1, 1, 2, 2, 2, 2, 2, 2, 2, 2 ], 3 ], [ [ 1, 1, 1, 1, 1, 1, 1, 1, 1, 1, 1, 1, 2, 2, 2, 2, 2, 2 ], 8 ], [ [ 1, 1, 1, 1, 2, 2, 2, 2, 2, 2, 4, 4 ], 12 ], [ [ 1, 1, 1, 1, 2, 2, 2, 2, 2, 2, 4, 4 ], 12 ], [ [ 1, 1, 1, 1, 2, 2, 2, 2, 2, 2, 2, 2, 2, 2 ], 24 ], [ [ 2, 2, 2, 2, 2, 2, 2, 2, 2, 2, 2, 2 ], 1 ], [ [ 4, 4, 4, 4, 4, 4 ], 24 ], [ [ 2, 2, 2, 2, 2, 2, 2, 2, 4, 4 ], 12 ], [ [ 2, 2, 2, 2, 2, 2, 2, 2, 4, 4 ], 12 ], [ [ 2, 2, 2, 2, 2, 2, 2, 2, 2, 2, 2, 2 ], 6 ], [ [ 2, 2, 2, 2, 2, 2, 2, 2, 2, 2, 2, 2 ], 2 ], [ [ 4, 4, 4, 4, 4, 4 ], 8 ], [ [ 12, 12 ], 32 ], [ [ 6, 6, 6, 6 ], 32 ], [ [ 3, 3, 3, 3, 6, 6 ], 32 ], [ [ 6, 6, 6, 6 ], 16 ], [ [ 3, 3, 3, 3, 3, 3, 3, 3 ], 16 ], [ [ 3, 3, 3, 3, 3, 3, 3, 3 ], 16 ], [ [ 6, 6, 6, 6 ], 16 ], [ [ 3, 3, 3, 3, 6, 6 ], 32 ], [ [ 6, 6, 6, 6 ], 32 ], [ [ 12, 12 ], 32 ] ]
788|384|[ 384, 5767 ]|[ [ [ 1, 1, 1, 1, 1, 1, 1, 1, 1, 1, 1, 1, 1, 1, 1, 1, 1, 1, 1, 1, 1, 1, 1, 1 ], 1 ], [ [ 1, 1, 1, 1, 1, 1, 1, 1, 1, 1, 1, 1, 1, 1, 1, 1, 2, 2, 2, 2 ], 3 ], [ [ 1, 1, 1, 1, 1, 1, 1, 1, 2, 2, 2, 2, 2, 2, 2, 2 ], 3 ], [ [ 1, 1, 1, 1, 1, 1, 1, 1, 1, 1, 1, 1, 2, 2, 2, 2, 2, 2 ], 8 ], [ [ 1, 1, 1, 1, 2, 2, 2, 2, 2, 2, 2, 2, 2, 2 ], 12 ], [ [ 1, 1, 1, 1, 2, 2, 2, 2, 2, 2, 2, 2, 2, 2 ], 12 ], [ [ 1, 1, 1, 1, 2, 2, 2, 2, 2, 2, 4, 4 ], 24 ], [ [ 2, 2, 2, 2, 2, 2, 2, 2, 2, 2, 2, 2 ], 1 ], [ [ 4, 4, 4, 4, 4, 4 ], 12 ], [ [ 4, 4, 4, 4, 4, 4 ], 12 ], [ [ 2, 2, 2, 2, 2, 2, 2, 2, 4, 4 ], 24 ], [ [ 2, 2, 2, 2, 2, 2, 2, 2, 2, 2, 2, 2 ], 8 ], [ [ 4, 4, 4, 4, 4, 4 ], 6 ], [ [ 4, 4, 4, 4, 4, 4 ], 2 ], [ [ 3, 3, 3, 3, 6, 6 ], 32 ], [ [ 6, 6, 6, 6 ], 16 ], [ [ 3, 3, 3, 3, 3, 3, 3, 3 ], 16 ], [ [ 6, 6, 6, 6 ], 32 ], [ [ 12, 12 ], 32 ], [ [ 3, 3, 3, 3, 3, 3, 3, 3 ], 16 ], [ [ 6, 6, 6, 6 ], 16 ], [ [ 3, 3, 3, 3, 6, 6 ], 32 ], [ [ 12, 12 ], 32 ], [ [ 6, 6, 6, 6 ], 32 ] ]
789|384|[ 384, 5781 ]|[ [ [ 1, 1, 1, 1, 1, 1, 1, 1, 1, 1, 1, 1, 1, 1, 1, 1, 1, 1, 1, 1, 1, 1, 1, 1 ], 1 ], [ [ 1, 1, 1, 1, 1, 1, 1, 1, 1, 1, 1, 1, 1, 1, 1, 1, 2, 2, 2, 2 ], 3 ], [ [ 1, 1, 1, 1, 1, 1, 1, 1, 2, 2, 2, 2, 2, 2, 2, 2 ], 3 ], [ [ 1, 1, 1, 1, 1, 1, 1, 1, 1, 1, 1, 1, 2, 2, 2, 2, 2, 2 ], 8 ], [ [ 1, 1, 1, 1, 2, 2, 2, 2, 2, 2, 2, 2, 2, 2 ], 24 ], [ [ 1, 1, 1, 1, 2, 2, 2, 2, 2, 2, 4, 4 ], 24 ], [ [ 2, 2, 2, 2, 2, 2, 2, 2, 2, 2, 2, 2 ], 1 ], [ [ 2, 2, 2, 2, 4, 4, 4, 4 ], 12 ], [ [ 2, 2, 2, 2, 4, 4, 4, 4 ], 12 ], [ [ 2, 2, 2, 2, 4, 4, 4, 4 ], 24 ], [ [ 2, 2, 2, 2, 2, 2, 2, 2, 2, 2, 2, 2 ], 8 ], [ [ 4, 4, 4, 4, 4, 4 ], 8 ], [ [ 6, 6, 6, 6 ], 32 ], [ [ 12, 12 ], 32 ], [ [ 6, 6, 6, 6 ], 16 ], [ [ 3, 3, 3, 3, 3, 3, 3, 3 ], 16 ], [ [ 3, 3, 3, 3, 6, 6 ], 32 ], [ [ 3, 3, 3, 3, 3, 3, 3, 3 ], 16 ], [ [ 6, 6, 6, 6 ], 16 ], [ [ 3, 3, 3, 3, 6, 6 ], 32 ], [ [ 6, 6, 6, 6 ], 32 ], [ [ 12, 12 ], 32 ] ]
790|384|[ 384, 5749 ]|[ [ [ 1, 1, 1, 1, 1, 1, 1, 1, 1, 1, 1, 1, 1, 1, 1, 1, 1, 1, 1, 1, 1, 1, 1, 1 ], 1 ], [ [ 1, 1, 1, 1, 1, 1, 1, 1, 1, 1, 1, 1, 1, 1, 1, 1, 2, 2, 2, 2 ], 3 ], [ [ 1, 1, 1, 1, 1, 1, 1, 1, 2, 2, 2, 2, 2, 2, 2, 2 ], 3 ], [ [ 1, 1, 1, 1, 1, 1, 1, 1, 4, 4, 4, 4 ], 6 ], [ [ 1, 1, 1, 1, 1, 1, 1, 1, 4, 4, 4, 4 ], 6 ], [ [ 1, 1, 1, 1, 1, 1, 1, 1, 1, 1, 1, 1, 2, 2, 2, 2, 2, 2 ], 4 ], [ [ 1, 1, 1, 1, 1, 1, 1, 1, 1, 1, 1, 1, 2, 2, 2, 2, 2, 2 ], 4 ], [ [ 1, 1, 1, 1, 2, 2, 2, 2, 2, 2, 2, 2, 2, 2 ], 12 ], [ [ 1, 1, 1, 1, 2, 2, 2, 2, 2, 2, 2, 2, 2, 2 ], 12 ], [ [ 2, 2, 2, 2, 2, 2, 2, 2, 2, 2, 2, 2 ], 1 ], [ [ 2, 2, 2, 2, 4, 4, 4, 4 ], 6 ], [ [ 2, 2, 2, 2, 4, 4, 4, 4 ], 6 ], [ [ 4, 4, 4, 4, 4, 4 ], 3 ], [ [ 4, 4, 4, 4, 4, 4 ], 3 ], [ [ 4, 4, 4, 4, 4, 4 ], 1 ], [ [ 2, 2, 2, 2, 2, 2, 2, 2, 4, 4 ], 6 ], [ [ 2, 2, 2, 2, 2, 2, 2, 2, 4, 4 ], 6 ], [ [ 4, 4, 4, 4, 4, 4 ], 4 ], [ [ 4, 4, 4, 4, 4, 4 ], 4 ], [ [ 4, 4, 4, 4, 4, 4 ], 12 ], [ [ 4, 4, 4, 4, 4, 4 ], 12 ], [ [ 4, 4, 4, 4, 4, 4 ], 1 ], [ [ 2, 2, 2, 2, 2, 2, 2, 2, 4, 4 ], 6 ], [ [ 2, 2, 2, 2, 2, 2, 2, 2, 4, 4 ], 6 ], [ [ 12, 12 ], 16 ], [ [ 12, 12 ], 16 ], [ [ 12, 12 ], 16 ], [ [ 12, 12 ], 16 ], [ [ 3, 3, 3, 3, 3, 3, 3, 3 ], 16 ], [ [ 6, 6, 6, 6 ], 16 ], [ [ 3, 3, 3, 3, 6, 6 ], 16 ], [ [ 3, 3, 3, 3, 6, 6 ], 16 ], [ [ 3, 3, 3, 3, 3, 3, 3, 3 ], 16 ], [ [ 6, 6, 6, 6 ], 16 ], [ [ 3, 3, 3, 3, 6, 6 ], 16 ], [ [ 3, 3, 3, 3, 6, 6 ], 16 ], [ [ 12, 12 ], 16 ], [ [ 12, 12 ], 16 ], [ [ 12, 12 ], 16 ], [ [ 12, 12 ], 16 ] ]
791|384|[ 384, 5765 ]|[ [ [ 1, 1, 1, 1, 1, 1, 1, 1, 1, 1, 1, 1, 1, 1, 1, 1, 1, 1, 1, 1, 1, 1, 1, 1 ], 1 ], [ [ 1, 1, 1, 1, 1, 1, 1, 1, 1, 1, 1, 1, 1, 1, 1, 1, 2, 2, 2, 2 ], 3 ], [ [ 1, 1, 1, 1, 1, 1, 1, 1, 2, 2, 2, 2, 2, 2, 2, 2 ], 3 ], [ [ 1, 1, 1, 1, 1, 1, 1, 1, 2, 2, 2, 2, 4, 4 ], 12 ], [ [ 1, 1, 1, 1, 1, 1, 1, 1, 1, 1, 1, 1, 2, 2, 2, 2, 2, 2 ], 4 ], [ [ 1, 1, 1, 1, 1, 1, 1, 1, 1, 1, 1, 1, 2, 2, 2, 2, 2, 2 ], 4 ], [ [ 1, 1, 1, 1, 2, 2, 2, 2, 2, 2, 4, 4 ], 12 ], [ [ 1, 1, 1, 1, 2, 2, 2, 2, 2, 2, 4, 4 ], 12 ], [ [ 2, 2, 2, 2, 2, 2, 2, 2, 2, 2, 2, 2 ], 1 ], [ [ 2, 2, 2, 2, 2, 2, 2, 2, 4, 4 ], 12 ], [ [ 4, 4, 4, 4, 4, 4 ], 3 ], [ [ 4, 4, 4, 4, 4, 4 ], 3 ], [ [ 4, 4, 4, 4, 4, 4 ], 1 ], [ [ 2, 2, 2, 2, 4, 4, 4, 4 ], 12 ], [ [ 4, 4, 4, 4, 4, 4 ], 4 ], [ [ 4, 4, 4, 4, 4, 4 ], 4 ], [ [ 2, 2, 2, 2, 4, 4, 4, 4 ], 12 ], [ [ 2, 2, 2, 2, 4, 4, 4, 4 ], 12 ], [ [ 4, 4, 4, 4, 4, 4 ], 1 ], [ [ 2, 2, 2, 2, 4, 4, 4, 4 ], 12 ], [ [ 12, 12 ], 16 ], [ [ 12, 12 ], 16 ], [ [ 12, 12 ], 16 ], [ [ 12, 12 ], 16 ], [ [ 3, 3, 3, 3, 6, 6 ], 16 ], [ [ 3, 3, 3, 3, 6, 6 ], 16 ], [ [ 6, 6, 6, 6 ], 16 ], [ [ 3, 3, 3, 3, 3, 3, 3, 3 ], 16 ], [ [ 3, 3, 3, 3, 3, 3, 3, 3 ], 16 ], [ [ 6, 6, 6, 6 ], 16 ], [ [ 3, 3, 3, 3, 6, 6 ], 16 ], [ [ 3, 3, 3, 3, 6, 6 ], 16 ], [ [ 12, 12 ], 16 ], [ [ 12, 12 ], 16 ], [ [ 12, 12 ], 16 ], [ [ 12, 12 ], 16 ] ]
792|384|[ 384, 5777 ]|[ [ [ 1, 1, 1, 1, 1, 1, 1, 1, 1, 1, 1, 1, 1, 1, 1, 1, 1, 1, 1, 1, 1, 1, 1, 1 ], 1 ], [ [ 1, 1, 1, 1, 1, 1, 1, 1, 1, 1, 1, 1, 1, 1, 1, 1, 2, 2, 2, 2 ], 3 ], [ [ 1, 1, 1, 1, 1, 1, 1, 1, 2, 2, 2, 2, 2, 2, 2, 2 ], 3 ], [ [ 1, 1, 1, 1, 1, 1, 1, 1, 4, 4, 4, 4 ], 12 ], [ [ 1, 1, 1, 1, 1, 1, 1, 1, 1, 1, 1, 1, 2, 2, 2, 2, 2, 2 ], 8 ], [ [ 1, 1, 1, 1, 2, 2, 2, 2, 2, 2, 4, 4 ], 12 ], [ [ 1, 1, 1, 1, 2, 2, 2, 2, 2, 2, 4, 4 ], 12 ], [ [ 2, 2, 2, 2, 2, 2, 2, 2, 2, 2, 2, 2 ], 1 ], [ [ 2, 2, 2, 2, 4, 4, 4, 4 ], 12 ], [ [ 4, 4, 4, 4, 4, 4 ], 24 ], [ [ 2, 2, 2, 2, 2, 2, 2, 2, 4, 4 ], 12 ], [ [ 2, 2, 2, 2, 2, 2, 2, 2, 4, 4 ], 12 ], [ [ 2, 2, 2, 2, 2, 2, 2, 2, 2, 2, 2, 2 ], 8 ], [ [ 4, 4, 4, 4, 4, 4 ], 8 ], [ [ 3, 3, 3, 3, 6, 6 ], 32 ], [ [ 6, 6, 6, 6 ], 32 ], [ [ 6, 6, 6, 6 ], 16 ], [ [ 3, 3, 3, 3, 3, 3, 3, 3 ], 16 ], [ [ 12, 12 ], 32 ], [ [ 12, 12 ], 32 ], [ [ 3, 3, 3, 3, 3, 3, 3, 3 ], 16 ], [ [ 6, 6, 6, 6 ], 16 ], [ [ 6, 6, 6, 6 ], 32 ], [ [ 3, 3, 3, 3, 6, 6 ], 32 ] ]
793|384|[ 384, 5793 ]|[ [ [ 1, 1, 1, 1, 1, 1, 1, 1, 1, 1, 1, 1, 1, 1, 1, 1, 1, 1, 1, 1, 1, 1, 1, 1 ], 1 ], [ [ 1, 1, 1, 1, 1, 1, 1, 1, 1, 1, 1, 1, 1, 1, 1, 1, 2, 2, 2, 2 ], 3 ], [ [ 1, 1, 1, 1, 1, 1, 1, 1, 2, 2, 2, 2, 2, 2, 2, 2 ], 3 ], [ [ 1, 1, 1, 1, 1, 1, 1, 1, 4, 4, 4, 4 ], 6 ], [ [ 1, 1, 1, 1, 1, 1, 1, 1, 4, 4, 4, 4 ], 6 ], [ [ 1, 1, 1, 1, 1, 1, 1, 1, 1, 1, 1, 1, 2, 2, 2, 2, 2, 2 ], 8 ], [ [ 1, 1, 1, 1, 2, 2, 2, 2, 2, 2, 4, 4 ], 24 ], [ [ 2, 2, 2, 2, 2, 2, 2, 2, 2, 2, 2, 2 ], 1 ], [ [ 2, 2, 2, 2, 4, 4, 4, 4 ], 6 ], [ [ 2, 2, 2, 2, 4, 4, 4, 4 ], 6 ], [ [ 2, 2, 2, 2, 4, 4, 4, 4 ], 6 ], [ [ 2, 2, 2, 2, 4, 4, 4, 4 ], 6 ], [ [ 2, 2, 2, 2, 4, 4, 4, 4 ], 24 ], [ [ 2, 2, 2, 2, 4, 4, 4, 4 ], 6 ], [ [ 2, 2, 2, 2, 4, 4, 4, 4 ], 6 ], [ [ 2, 2, 2, 2, 2, 2, 2, 2, 2, 2, 2, 2 ], 2 ], [ [ 2, 2, 2, 2, 2, 2, 2, 2, 2, 2, 2, 2 ], 6 ], [ [ 4, 4, 4, 4, 4, 4 ], 8 ], [ [ 6, 6, 6, 6 ], 16 ], [ [ 3, 3, 3, 3, 3, 3, 3, 3 ], 16 ], [ [ 6, 6, 6, 6 ], 32 ], [ [ 3, 3, 3, 3, 6, 6 ], 32 ], [ [ 12, 12 ], 32 ], [ [ 6, 6, 6, 6 ], 32 ], [ [ 3, 3, 3, 3, 3, 3, 3, 3 ], 16 ], [ [ 6, 6, 6, 6 ], 16 ], [ [ 12, 12 ], 32 ], [ [ 3, 3, 3, 3, 6, 6 ], 32 ] ]
794|384|[ 384, 5770 ]|[ [ [ 1, 1, 1, 1, 1, 1, 1, 1, 1, 1, 1, 1, 1, 1, 1, 1, 1, 1, 1, 1, 1, 1, 1, 1 ], 1 ], [ [ 1, 1, 1, 1, 1, 1, 1, 1, 1, 1, 1, 1, 1, 1, 1, 1, 2, 2, 2, 2 ], 3 ], [ [ 1, 1, 1, 1, 1, 1, 1, 1, 2, 2, 2, 2, 2, 2, 2, 2 ], 3 ], [ [ 1, 1, 1, 1, 1, 1, 1, 1, 1, 1, 1, 1, 2, 2, 2, 2, 2, 2 ], 8 ], [ [ 1, 1, 1, 1, 2, 2, 4, 4, 4, 4 ], 12 ], [ [ 1, 1, 1, 1, 2, 2, 4, 4, 4, 4 ], 12 ], [ [ 1, 1, 1, 1, 2, 2, 2, 2, 2, 2, 4, 4 ], 24 ], [ [ 2, 2, 2, 2, 2, 2, 2, 2, 2, 2, 2, 2 ], 1 ], [ [ 2, 2, 2, 2, 2, 2, 2, 2, 4, 4 ], 24 ], [ [ 2, 2, 2, 2, 2, 2, 2, 2, 4, 4 ], 12 ], [ [ 2, 2, 2, 2, 2, 2, 2, 2, 4, 4 ], 12 ], [ [ 2, 2, 2, 2, 2, 2, 2, 2, 2, 2, 2, 2 ], 8 ], [ [ 4, 4, 4, 4, 4, 4 ], 2 ], [ [ 4, 4, 4, 4, 4, 4 ], 6 ], [ [ 3, 3, 3, 3, 3, 3, 3, 3 ], 16 ], [ [ 6, 6, 6, 6 ], 16 ], [ [ 3, 3, 3, 3, 6, 6 ], 32 ], [ [ 12, 12 ], 32 ], [ [ 6, 6, 6, 6 ], 32 ], [ [ 3, 3, 3, 3, 3, 3, 3, 3 ], 16 ], [ [ 6, 6, 6, 6 ], 16 ], [ [ 3, 3, 3, 3, 6, 6 ], 32 ], [ [ 12, 12 ], 32 ], [ [ 6, 6, 6, 6 ], 32 ] ]
795|384|[ 384, 5780 ]|[ [ [ 1, 1, 1, 1, 1, 1, 1, 1, 1, 1, 1, 1, 1, 1, 1, 1, 1, 1, 1, 1, 1, 1, 1, 1 ], 1 ], [ [ 1, 1, 1, 1, 1, 1, 1, 1, 1, 1, 1, 1, 1, 1, 1, 1, 2, 2, 2, 2 ], 3 ], [ [ 1, 1, 1, 1, 1, 1, 1, 1, 2, 2, 2, 2, 2, 2, 2, 2 ], 3 ], [ [ 1, 1, 1, 1, 1, 1, 1, 1, 1, 1, 1, 1, 2, 2, 2, 2, 2, 2 ], 8 ], [ [ 1, 1, 1, 1, 2, 2, 4, 4, 4, 4 ], 24 ], [ [ 1, 1, 1, 1, 2, 2, 2, 2, 2, 2, 4, 4 ], 24 ], [ [ 2, 2, 2, 2, 2, 2, 2, 2, 2, 2, 2, 2 ], 1 ], [ [ 2, 2, 2, 2, 4, 4, 4, 4 ], 24 ], [ [ 2, 2, 2, 2, 2, 2, 2, 2, 2, 2, 2, 2 ], 12 ], [ [ 2, 2, 2, 2, 2, 2, 2, 2, 2, 2, 2, 2 ], 12 ], [ [ 2, 2, 2, 2, 2, 2, 2, 2, 2, 2, 2, 2 ], 8 ], [ [ 4, 4, 4, 4, 4, 4 ], 8 ], [ [ 12, 12 ], 32 ], [ [ 6, 6, 6, 6 ], 32 ], [ [ 3, 3, 3, 3, 6, 6 ], 32 ], [ [ 3, 3, 3, 3, 3, 3, 3, 3 ], 16 ], [ [ 6, 6, 6, 6 ], 16 ], [ [ 3, 3, 3, 3, 3, 3, 3, 3 ], 16 ], [ [ 6, 6, 6, 6 ], 16 ], [ [ 3, 3, 3, 3, 6, 6 ], 32 ], [ [ 6, 6, 6, 6 ], 32 ], [ [ 12, 12 ], 32 ] ]
796|384|[ 384, 5741 ]|[ [ [ 1, 1, 1, 1, 1, 1, 1, 1, 1, 1, 1, 1, 1, 1, 1, 1, 1, 1, 1, 1, 1, 1, 1, 1 ], 1 ], [ [ 1, 1, 1, 1, 1, 1, 1, 1, 1, 1, 1, 1, 1, 1, 1, 1, 2, 2, 2, 2 ], 3 ], [ [ 1, 1, 1, 1, 1, 1, 1, 1, 2, 2, 2, 2, 2, 2, 2, 2 ], 3 ], [ [ 1, 1, 1, 1, 1, 1, 1, 1, 1, 1, 1, 1, 2, 2, 2, 2, 2, 2 ], 6 ], [ [ 1, 1, 1, 1, 1, 1, 1, 1, 1, 1, 1, 1, 2, 2, 2, 2, 2, 2 ], 2 ], [ [ 1, 1, 1, 1, 2, 2, 2, 2, 2, 2, 4, 4 ], 6 ], [ [ 1, 1, 1, 1, 2, 2, 2, 2, 2, 2, 4, 4 ], 6 ], [ [ 1, 1, 1, 1, 2, 2, 2, 2, 2, 2, 4, 4 ], 6 ], [ [ 1, 1, 1, 1, 2, 2, 2, 2, 2, 2, 4, 4 ], 6 ], [ [ 1, 1, 1, 1, 2, 2, 2, 2, 2, 2, 4, 4 ], 6 ], [ [ 1, 1, 1, 1, 2, 2, 2, 2, 2, 2, 4, 4 ], 6 ], [ [ 1, 1, 1, 1, 2, 2, 2, 2, 2, 2, 4, 4 ], 6 ], [ [ 1, 1, 1, 1, 2, 2, 2, 2, 2, 2, 4, 4 ], 6 ], [ [ 2, 2, 2, 2, 2, 2, 2, 2, 2, 2, 2, 2 ], 1 ], [ [ 2, 2, 2, 2, 2, 2, 2, 2, 2, 2, 2, 2 ], 2 ], [ [ 2, 2, 2, 2, 2, 2, 2, 2, 2, 2, 2, 2 ], 6 ], [ [ 4, 4, 4, 4, 4, 4 ], 6 ], [ [ 4, 4, 4, 4, 4, 4 ], 2 ], [ [ 2, 2, 2, 2, 2, 2, 2, 2, 4, 4 ], 6 ], [ [ 2, 2, 2, 2, 2, 2, 2, 2, 4, 4 ], 6 ], [ [ 2, 2, 2, 2, 2, 2, 2, 2, 4, 4 ], 6 ], [ [ 2, 2, 2, 2, 2, 2, 2, 2, 4, 4 ], 6 ], [ [ 2, 2, 2, 2, 4, 4, 4, 4 ], 6 ], [ [ 2, 2, 2, 2, 4, 4, 4, 4 ], 6 ], [ [ 2, 2, 2, 2, 4, 4, 4, 4 ], 6 ], [ [ 2, 2, 2, 2, 4, 4, 4, 4 ], 6 ], [ [ 6, 6, 6, 6 ], 32 ], [ [ 12, 12 ], 32 ], [ [ 3, 3, 3, 3, 3, 3, 3, 3 ], 16 ], [ [ 6, 6, 6, 6 ], 16 ], [ [ 3, 3, 3, 3, 6, 6 ], 32 ], [ [ 3, 3, 3, 3, 3, 3, 3, 3 ], 16 ], [ [ 6, 6, 6, 6 ], 16 ], [ [ 3, 3, 3, 3, 6, 6 ], 32 ], [ [ 12, 12 ], 32 ], [ [ 6, 6, 6, 6 ], 32 ] ]
797|384|[ 384, 5769 ]|[ [ [ 1, 1, 1, 1, 1, 1, 1, 1, 1, 1, 1, 1, 1, 1, 1, 1, 1, 1, 1, 1, 1, 1, 1, 1 ], 1 ], [ [ 1, 1, 1, 1, 1, 1, 1, 1, 1, 1, 1, 1, 1, 1, 1, 1, 2, 2, 2, 2 ], 3 ], [ [ 1, 1, 1, 1, 1, 1, 1, 1, 2, 2, 2, 2, 2, 2, 2, 2 ], 3 ], [ [ 1, 1, 1, 1, 1, 1, 1, 1, 1, 1, 1, 1, 2, 2, 2, 2, 2, 2 ], 8 ], [ [ 1, 1, 1, 1, 2, 2, 2, 2, 2, 2, 4, 4 ], 12 ], [ [ 1, 1, 1, 1, 2, 2, 2, 2, 2, 2, 4, 4 ], 12 ], [ [ 1, 1, 1, 1, 2, 2, 4, 4, 4, 4 ], 24 ], [ [ 2, 2, 2, 2, 2, 2, 2, 2, 2, 2, 2, 2 ], 1 ], [ [ 2, 2, 2, 2, 2, 2, 2, 2, 4, 4 ], 12 ], [ [ 2, 2, 2, 2, 2, 2, 2, 2, 4, 4 ], 12 ], [ [ 2, 2, 2, 2, 2, 2, 2, 2, 4, 4 ], 24 ], [ [ 2, 2, 2, 2, 2, 2, 2, 2, 2, 2, 2, 2 ], 2 ], [ [ 2, 2, 2, 2, 2, 2, 2, 2, 2, 2, 2, 2 ], 6 ], [ [ 4, 4, 4, 4, 4, 4 ], 8 ], [ [ 6, 6, 6, 6 ], 32 ], [ [ 12, 12 ], 32 ], [ [ 3, 3, 3, 3, 3, 3, 3, 3 ], 16 ], [ [ 6, 6, 6, 6 ], 16 ], [ [ 3, 3, 3, 3, 6, 6 ], 32 ], [ [ 3, 3, 3, 3, 3, 3, 3, 3 ], 16 ], [ [ 6, 6, 6, 6 ], 16 ], [ [ 3, 3, 3, 3, 6, 6 ], 32 ], [ [ 6, 6, 6, 6 ], 32 ], [ [ 12, 12 ], 32 ] ]
798|384|[ 384, 5769 ]|[ [ [ 1, 1, 1, 1, 1, 1, 1, 1, 1, 1, 1, 1, 1, 1, 1, 1, 1, 1, 1, 1, 1, 1, 1, 1 ], 1 ], [ [ 1, 1, 1, 1, 1, 1, 1, 1, 1, 1, 1, 1, 1, 1, 1, 1, 2, 2, 2, 2 ], 3 ], [ [ 1, 1, 1, 1, 1, 1, 1, 1, 2, 2, 2, 2, 2, 2, 2, 2 ], 3 ], [ [ 1, 1, 1, 1, 1, 1, 1, 1, 1, 1, 1, 1, 2, 2, 2, 2, 2, 2 ], 6 ], [ [ 1, 1, 1, 1, 1, 1, 1, 1, 1, 1, 1, 1, 2, 2, 2, 2, 2, 2 ], 2 ], [ [ 1, 1, 1, 1, 2, 2, 2, 2, 2, 2, 4, 4 ], 12 ], [ [ 1, 1, 1, 1, 2, 2, 2, 2, 2, 2, 4, 4 ], 12 ], [ [ 1, 1, 1, 1, 2, 2, 2, 2, 2, 2, 4, 4 ], 12 ], [ [ 1, 1, 1, 1, 2, 2, 2, 2, 2, 2, 4, 4 ], 12 ], [ [ 2, 2, 2, 2, 2, 2, 2, 2, 2, 2, 2, 2 ], 1 ], [ [ 2, 2, 2, 2, 2, 2, 2, 2, 2, 2, 2, 2 ], 8 ], [ [ 4, 4, 4, 4, 4, 4 ], 8 ], [ [ 2, 2, 2, 2, 4, 4, 4, 4 ], 24 ], [ [ 2, 2, 2, 2, 2, 2, 2, 2, 4, 4 ], 24 ], [ [ 12, 12 ], 32 ], [ [ 6, 6, 6, 6 ], 32 ], [ [ 6, 6, 6, 6 ], 16 ], [ [ 3, 3, 3, 3, 3, 3, 3, 3 ], 16 ], [ [ 3, 3, 3, 3, 6, 6 ], 32 ], [ [ 3, 3, 3, 3, 3, 3, 3, 3 ], 16 ], [ [ 6, 6, 6, 6 ], 16 ], [ [ 3, 3, 3, 3, 6, 6 ], 32 ], [ [ 6, 6, 6, 6 ], 32 ], [ [ 12, 12 ], 32 ] ]
799|384|[ 384, 18017 ]|[ [ [ 1, 1, 1, 1, 1, 1, 1, 1, 1, 1, 1, 1, 1, 1, 1, 1, 1, 1, 1, 1, 1, 1, 1, 1 ], 1 ], [ [ 1, 1, 1, 1, 1, 1, 1, 1, 1, 1, 1, 1, 1, 1, 1, 1, 2, 2, 2, 2 ], 3 ], [ [ 1, 1, 1, 1, 1, 1, 1, 1, 2, 2, 2, 2, 2, 2, 2, 2 ], 3 ], [ [ 1, 1, 1, 1, 1, 1, 1, 1, 2, 2, 2, 2, 2, 2, 2, 2 ], 6 ], [ [ 1, 1, 1, 1, 1, 1, 1, 1, 4, 4, 4, 4 ], 6 ], [ [ 1, 1, 1, 1, 1, 1, 1, 1, 1, 1, 1, 1, 2, 2, 2, 2, 2, 2 ], 6 ], [ [ 1, 1, 1, 1, 1, 1, 1, 1, 1, 1, 1, 1, 2, 2, 2, 2, 2, 2 ], 2 ], [ [ 1, 1, 1, 1, 2, 2, 4, 4, 4, 4 ], 12 ], [ [ 1, 1, 1, 1, 2, 2, 2, 2, 2, 2, 2, 2, 2, 2 ], 12 ], [ [ 2, 2, 2, 2, 2, 2, 2, 2, 2, 2, 2, 2 ], 1 ], [ [ 2, 2, 2, 2, 2, 2, 2, 2, 2, 2, 2, 2 ], 6 ], [ [ 2, 2, 2, 2, 4, 4, 4, 4 ], 6 ], [ [ 4, 4, 4, 4, 4, 4 ], 2 ], [ [ 4, 4, 4, 4, 4, 4 ], 6 ], [ [ 4, 4, 4, 4, 4, 4 ], 12 ], [ [ 2, 2, 2, 2, 2, 2, 2, 2, 4, 4 ], 12 ], [ [ 4, 4, 4, 4, 4, 4 ], 3 ], [ [ 4, 4, 4, 4, 4, 4 ], 3 ], [ [ 4, 4, 4, 4, 4, 4 ], 1 ], [ [ 2, 2, 2, 2, 2, 2, 2, 2, 4, 4 ], 6 ], [ [ 4, 4, 4, 4, 4, 4 ], 6 ], [ [ 4, 4, 4, 4, 4, 4 ], 1 ], [ [ 2, 2, 2, 2, 2, 2, 2, 2, 4, 4 ], 6 ], [ [ 4, 4, 4, 4, 4, 4 ], 6 ], [ [ 8, 8, 8 ], 6 ], [ [ 8, 8, 8 ], 2 ], [ [ 8, 8, 8 ], 12 ], [ [ 8, 8, 8 ], 12 ], [ [ 8, 8, 8 ], 6 ], [ [ 8, 8, 8 ], 2 ], [ [ 8, 8, 8 ], 12 ], [ [ 8, 8, 8 ], 12 ], [ [ 8, 8, 8 ], 6 ], [ [ 8, 8, 8 ], 2 ], [ [ 8, 8, 8 ], 12 ], [ [ 8, 8, 8 ], 12 ], [ [ 8, 8, 8 ], 2 ], [ [ 8, 8, 8 ], 6 ], [ [ 8, 8, 8 ], 12 ], [ [ 8, 8, 8 ], 12 ], [ [ 24 ], 16 ], [ [ 24 ], 16 ], [ [ 24 ], 16 ], [ [ 24 ], 16 ], [ [ 12, 12 ], 16 ], [ [ 12, 12 ], 8 ], [ [ 12, 12 ], 8 ], [ [ 3, 3, 3, 3, 6, 6 ], 16 ], [ [ 3, 3, 3, 3, 3, 3, 3, 3 ], 8 ], [ [ 6, 6, 6, 6 ], 8 ] ]
800|384|[ 384, 5692 ]|[ [ [ 1, 1, 1, 1, 1, 1, 1, 1, 1, 1, 1, 1, 1, 1, 1, 1, 1, 1, 1, 1, 1, 1, 1, 1 ], 1 ], [ [ 1, 1, 1, 1, 1, 1, 1, 1, 1, 1, 1, 1, 1, 1, 1, 1, 2, 2, 2, 2 ], 3 ], [ [ 1, 1, 1, 1, 1, 1, 1, 1, 2, 2, 2, 2, 2, 2, 2, 2 ], 3 ], [ [ 1, 1, 1, 1, 1, 1, 1, 1, 1, 1, 1, 1, 2, 2, 2, 2, 2, 2 ], 6 ], [ [ 1, 1, 1, 1, 1, 1, 1, 1, 1, 1, 1, 1, 2, 2, 2, 2, 2, 2 ], 2 ], [ [ 1, 1, 1, 1, 2, 2, 2, 2, 2, 2, 2, 2, 2, 2 ], 24 ], [ [ 1, 1, 1, 1, 2, 2, 4, 4, 4, 4 ], 24 ], [ [ 2, 2, 2, 2, 2, 2, 2, 2, 2, 2, 2, 2 ], 1 ], [ [ 2, 2, 2, 2, 4, 4, 4, 4 ], 24 ], [ [ 2, 2, 2, 2, 2, 2, 2, 2, 2, 2, 2, 2 ], 24 ], [ [ 4, 4, 4, 4, 4, 4 ], 6 ], [ [ 4, 4, 4, 4, 4, 4 ], 2 ], [ [ 4, 4, 4, 4, 4, 4 ], 6 ], [ [ 4, 4, 4, 4, 4, 4 ], 2 ], [ [ 8, 8, 8 ], 24 ], [ [ 8, 8, 8 ], 24 ], [ [ 8, 8, 8 ], 12 ], [ [ 8, 8, 8 ], 4 ], [ [ 8, 8, 8 ], 4 ], [ [ 8, 8, 8 ], 12 ], [ [ 8, 8, 8 ], 24 ], [ [ 8, 8, 8 ], 24 ], [ [ 24 ], 16 ], [ [ 24 ], 16 ], [ [ 24 ], 16 ], [ [ 24 ], 16 ], [ [ 12, 12 ], 8 ], [ [ 12, 12 ], 8 ], [ [ 12, 12 ], 16 ], [ [ 6, 6, 6, 6 ], 8 ], [ [ 3, 3, 3, 3, 3, 3, 3, 3 ], 8 ], [ [ 3, 3, 3, 3, 6, 6 ], 16 ] ]
801|384|[ 384, 5625 ]|[ [ [ 1, 1, 1, 1, 1, 1, 1, 1, 1, 1, 1, 1, 1, 1, 1, 1, 1, 1, 1, 1, 1, 1, 1, 1 ], 1 ], [ [ 1, 1, 1, 1, 1, 1, 1, 1, 1, 1, 1, 1, 1, 1, 1, 1, 2, 2, 2, 2 ], 3 ], [ [ 1, 1, 1, 1, 1, 1, 1, 1, 2, 2, 2, 2, 2, 2, 2, 2 ], 3 ], [ [ 1, 1, 1, 1, 1, 1, 1, 1, 1, 1, 1, 1, 2, 2, 2, 2, 2, 2 ], 6 ], [ [ 1, 1, 1, 1, 1, 1, 1, 1, 1, 1, 1, 1, 2, 2, 2, 2, 2, 2 ], 2 ], [ [ 1, 1, 1, 1, 2, 2, 4, 4, 4, 4 ], 24 ], [ [ 1, 1, 1, 1, 2, 2, 2, 2, 2, 2, 2, 2, 2, 2 ], 24 ], [ [ 2, 2, 2, 2, 2, 2, 2, 2, 2, 2, 2, 2 ], 1 ], [ [ 2, 2, 2, 2, 2, 2, 2, 2, 2, 2, 2, 2 ], 6 ], [ [ 2, 2, 2, 2, 2, 2, 2, 2, 2, 2, 2, 2 ], 2 ], [ [ 2, 2, 2, 2, 2, 2, 2, 2, 2, 2, 2, 2 ], 2 ], [ [ 2, 2, 2, 2, 2, 2, 2, 2, 2, 2, 2, 2 ], 6 ], [ [ 4, 4, 4, 4, 4, 4 ], 24 ], [ [ 2, 2, 2, 2, 2, 2, 2, 2, 4, 4 ], 24 ], [ [ 4, 4, 4, 4, 4, 4 ], 12 ], [ [ 4, 4, 4, 4, 4, 4 ], 4 ], [ [ 4, 4, 4, 4, 4, 4 ], 24 ], [ [ 4, 4, 4, 4, 4, 4 ], 24 ], [ [ 4, 4, 4, 4, 4, 4 ], 4 ], [ [ 4, 4, 4, 4, 4, 4 ], 12 ], [ [ 4, 4, 4, 4, 4, 4 ], 24 ], [ [ 4, 4, 4, 4, 4, 4 ], 24 ], [ [ 12, 12 ], 16 ], [ [ 12, 12 ], 16 ], [ [ 12, 12 ], 16 ], [ [ 12, 12 ], 16 ], [ [ 6, 6, 6, 6 ], 8 ], [ [ 6, 6, 6, 6 ], 8 ], [ [ 6, 6, 6, 6 ], 16 ], [ [ 3, 3, 3, 3, 6, 6 ], 16 ], [ [ 3, 3, 3, 3, 3, 3, 3, 3 ], 8 ], [ [ 6, 6, 6, 6 ], 8 ] ]
802|384|[ 384, 5625 ]|[ [ [ 1, 1, 1, 1, 1, 1, 1, 1, 1, 1, 1, 1, 1, 1, 1, 1, 1, 1, 1, 1, 1, 1, 1, 1 ], 1 ], [ [ 1, 1, 1, 1, 1, 1, 1, 1, 1, 1, 1, 1, 1, 1, 1, 1, 2, 2, 2, 2 ], 3 ], [ [ 1, 1, 1, 1, 1, 1, 1, 1, 2, 2, 2, 2, 2, 2, 2, 2 ], 3 ], [ [ 1, 1, 1, 1, 1, 1, 1, 1, 1, 1, 1, 1, 2, 2, 2, 2, 2, 2 ], 6 ], [ [ 1, 1, 1, 1, 1, 1, 1, 1, 1, 1, 1, 1, 2, 2, 2, 2, 2, 2 ], 2 ], [ [ 1, 1, 2, 2, 2, 2, 2, 4, 4, 4 ], 24 ], [ [ 1, 1, 2, 2, 2, 2, 2, 4, 4, 4 ], 24 ], [ [ 1, 1, 2, 2, 2, 2, 2, 4, 4, 4 ], 24 ], [ [ 1, 1, 2, 2, 2, 2, 2, 4, 4, 4 ], 24 ], [ [ 2, 2, 2, 2, 2, 2, 2, 2, 2, 2, 2, 2 ], 1 ], [ [ 2, 2, 2, 2, 2, 2, 2, 2, 2, 2, 2, 2 ], 6 ], [ [ 2, 2, 2, 2, 2, 2, 2, 2, 2, 2, 2, 2 ], 2 ], [ [ 2, 2, 2, 2, 2, 2, 2, 2, 2, 2, 2, 2 ], 6 ], [ [ 2, 2, 2, 2, 2, 2, 2, 2, 2, 2, 2, 2 ], 2 ], [ [ 4, 4, 4, 4, 4, 4 ], 12 ], [ [ 4, 4, 4, 4, 4, 4 ], 4 ], [ [ 4, 4, 4, 4, 4, 4 ], 4 ], [ [ 4, 4, 4, 4, 4, 4 ], 12 ], [ [ 2, 2, 2, 2, 4, 4, 4, 4 ], 24 ], [ [ 2, 2, 2, 2, 2, 2, 2, 2, 2, 2, 2, 2 ], 24 ], [ [ 4, 4, 4, 4, 4, 4 ], 24 ], [ [ 2, 2, 2, 2, 2, 2, 2, 2, 4, 4 ], 24 ], [ [ 12, 12 ], 16 ], [ [ 12, 12 ], 16 ], [ [ 12, 12 ], 16 ], [ [ 12, 12 ], 16 ], [ [ 6, 6, 6, 6 ], 16 ], [ [ 6, 6, 6, 6 ], 8 ], [ [ 6, 6, 6, 6 ], 8 ], [ [ 6, 6, 6, 6 ], 8 ], [ [ 3, 3, 3, 3, 3, 3, 3, 3 ], 8 ], [ [ 3, 3, 3, 3, 6, 6 ], 16 ] ]
803|384|[ 384, 5657 ]|[ [ [ 1, 1, 1, 1, 1, 1, 1, 1, 1, 1, 1, 1, 1, 1, 1, 1, 1, 1, 1, 1, 1, 1, 1, 1 ], 1 ], [ [ 1, 1, 1, 1, 1, 1, 1, 1, 1, 1, 1, 1, 1, 1, 1, 1, 2, 2, 2, 2 ], 3 ], [ [ 1, 1, 1, 1, 1, 1, 1, 1, 2, 2, 2, 2, 2, 2, 2, 2 ], 3 ], [ [ 1, 1, 1, 1, 1, 1, 1, 1, 2, 2, 2, 2, 2, 2, 2, 2 ], 6 ], [ [ 1, 1, 1, 1, 1, 1, 1, 1, 2, 2, 2, 2, 2, 2, 2, 2 ], 6 ], [ [ 1, 1, 1, 1, 1, 1, 1, 1, 1, 1, 1, 1, 2, 2, 2, 2, 2, 2 ], 8 ], [ [ 1, 1, 1, 1, 2, 2, 4, 4, 4, 4 ], 24 ], [ [ 2, 2, 2, 2, 2, 2, 2, 2, 2, 2, 2, 2 ], 1 ], [ [ 2, 2, 2, 2, 2, 2, 2, 2, 2, 2, 2, 2 ], 6 ], [ [ 2, 2, 2, 2, 2, 2, 2, 2, 2, 2, 2, 2 ], 6 ], [ [ 4, 4, 4, 4, 4, 4 ], 24 ], [ [ 4, 4, 4, 4, 4, 4 ], 24 ], [ [ 4, 4, 4, 4, 4, 4 ], 24 ], [ [ 4, 4, 4, 4, 4, 4 ], 24 ], [ [ 2, 2, 2, 2, 2, 2, 2, 2, 4, 4 ], 24 ], [ [ 4, 4, 4, 4, 4, 4 ], 24 ], [ [ 2, 2, 2, 2, 2, 2, 2, 2, 2, 2, 2, 2 ], 24 ], [ [ 2, 2, 2, 2, 4, 4, 4, 4 ], 24 ], [ [ 3, 3, 3, 3, 3, 3, 3, 3 ], 32 ], [ [ 6, 6, 6, 6 ], 32 ], [ [ 3, 3, 3, 3, 6, 6 ], 32 ], [ [ 3, 3, 3, 3, 6, 6 ], 32 ] ]
804|384|[ 384, 5769 ]|[ [ [ 1, 1, 1, 1, 1, 1, 1, 1, 1, 1, 1, 1, 1, 1, 1, 1, 1, 1, 1, 1, 1, 1, 1, 1 ], 1 ], [ [ 1, 1, 1, 1, 1, 1, 1, 1, 1, 1, 1, 1, 1, 1, 1, 1, 2, 2, 2, 2 ], 3 ], [ [ 1, 1, 1, 1, 1, 1, 1, 1, 2, 2, 2, 2, 2, 2, 2, 2 ], 3 ], [ [ 1, 1, 1, 1, 1, 1, 1, 1, 1, 1, 1, 1, 2, 2, 2, 2, 2, 2 ], 6 ], [ [ 1, 1, 1, 1, 1, 1, 1, 1, 1, 1, 1, 1, 2, 2, 2, 2, 2, 2 ], 2 ], [ [ 1, 1, 1, 1, 2, 2, 2, 2, 2, 2, 4, 4 ], 12 ], [ [ 1, 1, 1, 1, 2, 2, 2, 2, 2, 2, 4, 4 ], 12 ], [ [ 1, 1, 1, 1, 2, 2, 2, 2, 2, 2, 4, 4 ], 12 ], [ [ 1, 1, 1, 1, 2, 2, 2, 2, 2, 2, 4, 4 ], 12 ], [ [ 2, 2, 2, 2, 2, 2, 2, 2, 2, 2, 2, 2 ], 1 ], [ [ 2, 2, 2, 2, 2, 2, 2, 2, 2, 2, 2, 2 ], 8 ], [ [ 4, 4, 4, 4, 4, 4 ], 8 ], [ [ 2, 2, 2, 2, 2, 2, 2, 2, 4, 4 ], 24 ], [ [ 2, 2, 2, 2, 4, 4, 4, 4 ], 24 ], [ [ 12, 12 ], 32 ], [ [ 6, 6, 6, 6 ], 32 ], [ [ 3, 3, 3, 3, 6, 6 ], 32 ], [ [ 3, 3, 3, 3, 3, 3, 3, 3 ], 16 ], [ [ 6, 6, 6, 6 ], 16 ], [ [ 3, 3, 3, 3, 3, 3, 3, 3 ], 16 ], [ [ 6, 6, 6, 6 ], 16 ], [ [ 3, 3, 3, 3, 6, 6 ], 32 ], [ [ 6, 6, 6, 6 ], 32 ], [ [ 12, 12 ], 32 ] ]
805|384|[ 384, 5772 ]|[ [ [ 1, 1, 1, 1, 1, 1, 1, 1, 1, 1, 1, 1, 1, 1, 1, 1, 1, 1, 1, 1, 1, 1, 1, 1 ], 1 ], [ [ 1, 1, 1, 1, 1, 1, 1, 1, 1, 1, 1, 1, 1, 1, 1, 1, 2, 2, 2, 2 ], 3 ], [ [ 1, 1, 1, 1, 1, 1, 1, 1, 2, 2, 2, 2, 2, 2, 2, 2 ], 3 ], [ [ 1, 1, 1, 1, 1, 1, 1, 1, 1, 1, 1, 1, 2, 2, 2, 2, 2, 2 ], 6 ], [ [ 1, 1, 1, 1, 1, 1, 1, 1, 1, 1, 1, 1, 2, 2, 2, 2, 2, 2 ], 2 ], [ [ 1, 1, 1, 1, 2, 2, 2, 2, 2, 2, 4, 4 ], 12 ], [ [ 1, 1, 1, 1, 2, 2, 2, 2, 2, 2, 4, 4 ], 12 ], [ [ 1, 1, 1, 1, 2, 2, 2, 2, 2, 2, 4, 4 ], 12 ], [ [ 1, 1, 1, 1, 2, 2, 2, 2, 2, 2, 4, 4 ], 12 ], [ [ 2, 2, 2, 2, 2, 2, 2, 2, 2, 2, 2, 2 ], 1 ], [ [ 2, 2, 2, 2, 2, 2, 2, 2, 2, 2, 2, 2 ], 8 ], [ [ 4, 4, 4, 4, 4, 4 ], 8 ], [ [ 2, 2, 2, 2, 2, 2, 2, 2, 2, 2, 2, 2 ], 24 ], [ [ 4, 4, 4, 4, 4, 4 ], 24 ], [ [ 6, 6, 6, 6 ], 32 ], [ [ 12, 12 ], 32 ], [ [ 3, 3, 3, 3, 6, 6 ], 32 ], [ [ 6, 6, 6, 6 ], 16 ], [ [ 3, 3, 3, 3, 3, 3, 3, 3 ], 16 ], [ [ 3, 3, 3, 3, 3, 3, 3, 3 ], 16 ], [ [ 6, 6, 6, 6 ], 16 ], [ [ 3, 3, 3, 3, 6, 6 ], 32 ], [ [ 12, 12 ], 32 ], [ [ 6, 6, 6, 6 ], 32 ] ]
806|384|[ 384, 5805 ]|[ [ [ 1, 1, 1, 1, 1, 1, 1, 1, 1, 1, 1, 1, 1, 1, 1, 1, 1, 1, 1, 1, 1, 1, 1, 1 ], 1 ], [ [ 1, 1, 1, 1, 1, 1, 1, 1, 1, 1, 1, 1, 1, 1, 1, 1, 2, 2, 2, 2 ], 3 ], [ [ 1, 1, 1, 1, 1, 1, 1, 1, 2, 2, 2, 2, 2, 2, 2, 2 ], 3 ], [ [ 1, 1, 1, 1, 1, 1, 1, 1, 1, 1, 1, 1, 2, 2, 2, 2, 2, 2 ], 6 ], [ [ 1, 1, 1, 1, 1, 1, 1, 1, 1, 1, 1, 1, 2, 2, 2, 2, 2, 2 ], 2 ], [ [ 1, 1, 1, 1, 1, 1, 2, 2, 2, 4, 4, 4 ], 4 ], [ [ 1, 1, 1, 1, 1, 1, 2, 2, 2, 4, 4, 4 ], 12 ], [ [ 1, 1, 1, 1, 1, 1, 2, 2, 2, 4, 4, 4 ], 12 ], [ [ 1, 1, 1, 1, 1, 1, 2, 2, 2, 4, 4, 4 ], 4 ], [ [ 2, 2, 2, 2, 2, 2, 2, 2, 2, 2, 2, 2 ], 1 ], [ [ 2, 2, 2, 2, 2, 2, 2, 2, 2, 2, 2, 2 ], 6 ], [ [ 2, 2, 2, 2, 2, 2, 2, 2, 2, 2, 2, 2 ], 2 ], [ [ 2, 2, 2, 2, 2, 2, 2, 2, 2, 2, 2, 2 ], 6 ], [ [ 2, 2, 2, 2, 2, 2, 2, 2, 2, 2, 2, 2 ], 2 ], [ [ 4, 4, 4, 4, 4, 4 ], 12 ], [ [ 4, 4, 4, 4, 4, 4 ], 4 ], [ [ 4, 4, 4, 4, 4, 4 ], 12 ], [ [ 4, 4, 4, 4, 4, 4 ], 4 ], [ [ 2, 2, 2, 2, 2, 2, 2, 2, 2, 2, 2, 2 ], 12 ], [ [ 2, 2, 2, 2, 2, 2, 2, 2, 2, 2, 2, 2 ], 4 ], [ [ 4, 4, 4, 4, 4, 4 ], 12 ], [ [ 4, 4, 4, 4, 4, 4 ], 4 ], [ [ 6, 6, 6, 6 ], 16 ], [ [ 12, 12 ], 16 ], [ [ 12, 12 ], 16 ], [ [ 12, 12 ], 16 ], [ [ 6, 6, 6, 6 ], 8 ], [ [ 6, 6, 6, 6 ], 8 ], [ [ 3, 3, 6, 12 ], 16 ], [ [ 3, 3, 6, 12 ], 16 ], [ [ 6, 6, 6, 6 ], 4 ], [ [ 3, 3, 3, 3, 3, 3, 3, 3 ], 4 ], [ [ 3, 3, 3, 3, 6, 6 ], 8 ], [ [ 3, 3, 6, 12 ], 16 ], [ [ 3, 3, 6, 12 ], 16 ], [ [ 3, 3, 3, 3, 6, 6 ], 8 ], [ [ 6, 6, 6, 6 ], 4 ], [ [ 3, 3, 3, 3, 3, 3, 3, 3 ], 4 ], [ [ 6, 6, 6, 6 ], 8 ], [ [ 6, 6, 6, 6 ], 8 ], [ [ 6, 6, 6, 6 ], 16 ], [ [ 12, 12 ], 16 ], [ [ 12, 12 ], 16 ], [ [ 12, 12 ], 16 ] ]
807|384|[ 384, 18210 ]|[ [ [ 1, 1, 1, 1, 1, 1, 1, 1, 1, 1, 1, 1, 1, 1, 1, 1, 1, 1, 1, 1, 1, 1, 1, 1 ], 1 ], [ [ 1, 1, 1, 1, 1, 1, 1, 1, 1, 1, 1, 1, 1, 1, 1, 1, 2, 2, 2, 2 ], 3 ], [ [ 1, 1, 1, 1, 1, 1, 1, 1, 2, 2, 2, 2, 2, 2, 2, 2 ], 3 ], [ [ 1, 1, 1, 1, 1, 1, 1, 1, 1, 1, 1, 1, 2, 2, 2, 2, 2, 2 ], 6 ], [ [ 1, 1, 1, 1, 1, 1, 1, 1, 1, 1, 1, 1, 2, 2, 2, 2, 2, 2 ], 2 ], [ [ 1, 1, 1, 1, 1, 1, 2, 2, 2, 2, 2, 2, 2, 2, 2 ], 12 ], [ [ 1, 1, 1, 1, 1, 1, 2, 2, 2, 2, 2, 2, 2, 2, 2 ], 4 ], [ [ 1, 1, 1, 1, 1, 1, 2, 2, 2, 2, 2, 2, 2, 2, 2 ], 4 ], [ [ 1, 1, 1, 1, 1, 1, 2, 2, 2, 2, 2, 2, 2, 2, 2 ], 12 ], [ [ 2, 2, 2, 2, 2, 2, 2, 2, 2, 2, 2, 2 ], 1 ], [ [ 4, 4, 4, 4, 4, 4 ], 6 ], [ [ 4, 4, 4, 4, 4, 4 ], 2 ], [ [ 4, 4, 4, 4, 4, 4 ], 6 ], [ [ 4, 4, 4, 4, 4, 4 ], 2 ], [ [ 8, 8, 8 ], 12 ], [ [ 8, 8, 8 ], 4 ], [ [ 8, 8, 8 ], 12 ], [ [ 8, 8, 8 ], 4 ], [ [ 2, 2, 2, 2, 2, 2, 2, 2, 2, 2, 2, 2 ], 12 ], [ [ 2, 2, 2, 2, 2, 2, 2, 2, 2, 2, 2, 2 ], 4 ], [ [ 4, 4, 4, 4, 4, 4 ], 12 ], [ [ 4, 4, 4, 4, 4, 4 ], 4 ], [ [ 24 ], 16 ], [ [ 24 ], 16 ], [ [ 12, 12 ], 16 ], [ [ 6, 6, 6, 6 ], 16 ], [ [ 3, 3, 6, 6, 6 ], 16 ], [ [ 3, 3, 6, 6, 6 ], 16 ], [ [ 12, 12 ], 8 ], [ [ 12, 12 ], 8 ], [ [ 6, 6, 6, 6 ], 4 ], [ [ 3, 3, 3, 3, 3, 3, 3, 3 ], 4 ], [ [ 3, 3, 3, 3, 6, 6 ], 8 ], [ [ 3, 3, 6, 6, 6 ], 16 ], [ [ 3, 3, 6, 6, 6 ], 16 ], [ [ 3, 3, 3, 3, 6, 6 ], 8 ], [ [ 6, 6, 6, 6 ], 4 ], [ [ 3, 3, 3, 3, 3, 3, 3, 3 ], 4 ], [ [ 12, 12 ], 8 ], [ [ 12, 12 ], 8 ], [ [ 24 ], 16 ], [ [ 24 ], 16 ], [ [ 12, 12 ], 16 ], [ [ 6, 6, 6, 6 ], 16 ] ]
808|384|[ 384, 5581 ]|[ [ [ 1, 1, 1, 1, 1, 1, 1, 1, 1, 1, 1, 1, 1, 1, 1, 1, 1, 1, 1, 1, 1, 1, 1, 1 ], 1 ], [ [ 1, 1, 1, 1, 1, 1, 1, 1, 1, 1, 1, 1, 1, 1, 1, 1, 2, 2, 2, 2 ], 3 ], [ [ 1, 1, 1, 1, 1, 1, 1, 1, 2, 2, 2, 2, 2, 2, 2, 2 ], 3 ], [ [ 1, 1, 1, 1, 1, 1, 1, 1, 1, 1, 1, 1, 2, 2, 2, 2, 2, 2 ], 4 ], [ [ 1, 1, 1, 1, 1, 1, 1, 1, 1, 1, 1, 1, 2, 2, 2, 2, 2, 2 ], 4 ], [ [ 1, 1, 2, 2, 2, 2, 2, 2, 2, 2, 2, 2, 2 ], 24 ], [ [ 1, 1, 2, 2, 2, 4, 4, 4, 4 ], 24 ], [ [ 1, 1, 2, 2, 2, 2, 2, 2, 2, 2, 2, 2, 2 ], 24 ], [ [ 1, 1, 2, 2, 2, 4, 4, 4, 4 ], 24 ], [ [ 2, 2, 2, 2, 2, 2, 2, 2, 2, 2, 2, 2 ], 1 ], [ [ 2, 2, 2, 2, 2, 2, 2, 2, 4, 4 ], 12 ], [ [ 2, 2, 2, 2, 2, 2, 2, 2, 4, 4 ], 12 ], [ [ 4, 4, 4, 4, 4, 4 ], 24 ], [ [ 4, 4, 4, 4, 8 ], 24 ], [ [ 4, 4, 4, 4, 8 ], 24 ], [ [ 4, 4, 4, 4, 8 ], 24 ], [ [ 4, 4, 4, 4, 8 ], 24 ], [ [ 6, 6, 6, 6 ], 32 ], [ [ 3, 3, 3, 3, 3, 3, 3, 3 ], 32 ], [ [ 3, 3, 3, 3, 6, 6 ], 32 ], [ [ 3, 3, 3, 3, 6, 6 ], 32 ] ]
809|384|[ 384, 5795 ]|[ [ [ 1, 1, 1, 1, 1, 1, 1, 1, 1, 1, 1, 1, 1, 1, 1, 1, 1, 1, 1, 1, 1, 1, 1, 1 ], 1 ], [ [ 1, 1, 1, 1, 1, 1, 1, 1, 1, 1, 1, 1, 1, 1, 1, 1, 2, 2, 2, 2 ], 3 ], [ [ 1, 1, 1, 1, 1, 1, 1, 1, 2, 2, 2, 2, 2, 2, 2, 2 ], 3 ], [ [ 1, 1, 1, 1, 1, 1, 1, 1, 2, 2, 2, 2, 4, 4 ], 6 ], [ [ 1, 1, 1, 1, 1, 1, 1, 1, 2, 2, 2, 2, 4, 4 ], 6 ], [ [ 1, 1, 1, 1, 1, 1, 1, 1, 1, 1, 1, 1, 2, 2, 2, 2, 2, 2 ], 8 ], [ [ 1, 1, 1, 1, 2, 2, 4, 4, 4, 4 ], 24 ], [ [ 2, 2, 2, 2, 2, 2, 2, 2, 2, 2, 2, 2 ], 1 ], [ [ 2, 2, 2, 2, 2, 2, 2, 2, 4, 4 ], 6 ], [ [ 2, 2, 2, 2, 2, 2, 2, 2, 4, 4 ], 6 ], [ [ 2, 2, 2, 2, 4, 4, 4, 4 ], 24 ], [ [ 2, 2, 2, 2, 4, 4, 4, 4 ], 6 ], [ [ 2, 2, 2, 2, 4, 4, 4, 4 ], 6 ], [ [ 2, 2, 2, 2, 4, 4, 4, 4 ], 6 ], [ [ 2, 2, 2, 2, 4, 4, 4, 4 ], 6 ], [ [ 2, 2, 2, 2, 2, 2, 2, 2, 2, 2, 2, 2 ], 8 ], [ [ 4, 4, 4, 4, 4, 4 ], 2 ], [ [ 4, 4, 4, 4, 4, 4 ], 6 ], [ [ 6, 6, 6, 6 ], 16 ], [ [ 3, 3, 3, 3, 3, 3, 3, 3 ], 16 ], [ [ 12, 12 ], 32 ], [ [ 3, 3, 3, 3, 6, 6 ], 32 ], [ [ 6, 6, 6, 6 ], 32 ], [ [ 12, 12 ], 32 ], [ [ 3, 3, 3, 3, 3, 3, 3, 3 ], 16 ], [ [ 6, 6, 6, 6 ], 16 ], [ [ 6, 6, 6, 6 ], 32 ], [ [ 3, 3, 3, 3, 6, 6 ], 32 ] ]
810|384|[ 384, 5561 ]|[ [ [ 1, 1, 1, 1, 1, 1, 1, 1, 1, 1, 1, 1, 1, 1, 1, 1, 1, 1, 1, 1, 1, 1, 1, 1 ], 1 ], [ [ 1, 1, 1, 1, 1, 1, 1, 1, 1, 1, 1, 1, 1, 1, 1, 1, 2, 2, 2, 2 ], 3 ], [ [ 1, 1, 1, 1, 1, 1, 1, 1, 2, 2, 2, 2, 2, 2, 2, 2 ], 3 ], [ [ 1, 1, 1, 1, 1, 1, 1, 1, 1, 1, 1, 1, 2, 2, 2, 2, 2, 2 ], 6 ], [ [ 1, 1, 1, 1, 1, 1, 1, 1, 1, 1, 1, 1, 2, 2, 2, 2, 2, 2 ], 2 ], [ [ 1, 1, 1, 1, 2, 2, 2, 2, 2, 2, 4, 4 ], 12 ], [ [ 1, 1, 1, 1, 2, 2, 2, 2, 2, 2, 4, 4 ], 6 ], [ [ 1, 1, 1, 1, 2, 2, 2, 2, 2, 2, 4, 4 ], 6 ], [ [ 1, 1, 1, 1, 2, 2, 2, 2, 2, 2, 4, 4 ], 6 ], [ [ 1, 1, 1, 1, 2, 2, 2, 2, 2, 2, 4, 4 ], 6 ], [ [ 1, 1, 1, 1, 2, 2, 2, 2, 2, 2, 4, 4 ], 12 ], [ [ 2, 2, 2, 2, 2, 2, 2, 2, 2, 2, 2, 2 ], 1 ], [ [ 2, 2, 2, 2, 2, 2, 2, 2, 2, 2, 2, 2 ], 24 ], [ [ 2, 2, 2, 2, 4, 4, 4, 4 ], 24 ], [ [ 2, 2, 2, 2, 2, 2, 2, 2, 4, 4 ], 24 ], [ [ 4, 4, 4, 4, 4, 4 ], 24 ], [ [ 2, 2, 4, 4, 4, 8 ], 24 ], [ [ 2, 2, 4, 4, 4, 8 ], 24 ], [ [ 2, 2, 4, 4, 4, 8 ], 24 ], [ [ 2, 2, 4, 4, 4, 8 ], 24 ], [ [ 3, 3, 3, 3, 6, 6 ], 32 ], [ [ 3, 3, 3, 3, 6, 6 ], 32 ], [ [ 3, 3, 3, 3, 3, 3, 3, 3 ], 32 ], [ [ 6, 6, 6, 6 ], 32 ] ]
811|384|[ 384, 577 ]|[ [ [ 1, 1, 1, 1, 1, 1, 1, 1, 1, 1, 1, 1, 1, 1, 1, 1, 1, 1, 1, 1, 1, 1, 1, 1 ], 1 ], [ [ 1, 1, 1, 1, 1, 1, 1, 1, 1, 1, 1, 1, 1, 1, 1, 1, 2, 2, 2, 2 ], 3 ], [ [ 1, 1, 1, 1, 1, 1, 1, 1, 2, 2, 2, 2, 2, 2, 2, 2 ], 3 ], [ [ 1, 1, 1, 1, 1, 1, 1, 1, 1, 1, 1, 1, 2, 2, 2, 2, 2, 2 ], 4 ], [ [ 1, 1, 1, 1, 1, 1, 1, 1, 1, 1, 1, 1, 2, 2, 2, 2, 2, 2 ], 4 ], [ [ 1, 1, 1, 1, 2, 2, 2, 2, 4, 4, 4 ], 24 ], [ [ 1, 1, 1, 1, 2, 2, 2, 2, 4, 4, 4 ], 24 ], [ [ 2, 2, 2, 2, 2, 2, 2, 2, 2, 2, 2, 2 ], 1 ], [ [ 2, 2, 2, 2, 2, 2, 4, 4, 4 ], 24 ], [ [ 2, 2, 2, 2, 2, 2, 4, 4, 4 ], 24 ], [ [ 2, 2, 2, 2, 2, 2, 2, 2, 4, 4 ], 12 ], [ [ 4, 4, 4, 4, 4, 4 ], 24 ], [ [ 2, 2, 2, 2, 2, 2, 2, 2, 4, 4 ], 12 ], [ [ 4, 4, 4, 4, 8 ], 24 ], [ [ 4, 4, 4, 4, 8 ], 24 ], [ [ 4, 4, 4, 4, 8 ], 24 ], [ [ 4, 4, 4, 4, 8 ], 24 ], [ [ 6, 6, 6, 6 ], 32 ], [ [ 3, 3, 3, 3, 3, 3, 3, 3 ], 32 ], [ [ 3, 3, 3, 3, 6, 6 ], 32 ], [ [ 3, 3, 3, 3, 6, 6 ], 32 ] ]
812|384|[ 384, 5655 ]|[ [ [ 1, 1, 1, 1, 1, 1, 1, 1, 1, 1, 1, 1, 1, 1, 1, 1, 1, 1, 1, 1, 1, 1, 1, 1 ], 1 ], [ [ 1, 1, 1, 1, 1, 1, 1, 1, 1, 1, 1, 1, 1, 1, 1, 1, 2, 2, 2, 2 ], 3 ], [ [ 1, 1, 1, 1, 1, 1, 1, 1, 2, 2, 2, 2, 2, 2, 2, 2 ], 3 ], [ [ 1, 1, 1, 1, 1, 1, 1, 1, 1, 1, 1, 1, 2, 2, 2, 2, 2, 2 ], 4 ], [ [ 1, 1, 1, 1, 1, 1, 1, 1, 1, 1, 1, 1, 2, 2, 2, 2, 2, 2 ], 4 ], [ [ 1, 1, 2, 2, 2, 2, 2, 4, 4, 4 ], 24 ], [ [ 1, 1, 2, 2, 2, 2, 2, 4, 4, 4 ], 24 ], [ [ 1, 1, 2, 2, 2, 2, 2, 4, 4, 4 ], 24 ], [ [ 1, 1, 2, 2, 2, 2, 2, 4, 4, 4 ], 24 ], [ [ 2, 2, 2, 2, 2, 2, 2, 2, 2, 2, 2, 2 ], 1 ], [ [ 2, 2, 2, 2, 4, 4, 4, 4 ], 12 ], [ [ 2, 2, 2, 2, 4, 4, 4, 4 ], 12 ], [ [ 2, 2, 2, 2, 2, 2, 2, 2, 2, 2, 2, 2 ], 12 ], [ [ 2, 2, 2, 2, 2, 2, 2, 2, 2, 2, 2, 2 ], 12 ], [ [ 4, 4, 8, 8 ], 24 ], [ [ 4, 4, 8, 8 ], 24 ], [ [ 4, 4, 8, 8 ], 24 ], [ [ 4, 4, 8, 8 ], 24 ], [ [ 3, 3, 3, 3, 6, 6 ], 32 ], [ [ 3, 3, 3, 3, 6, 6 ], 32 ], [ [ 3, 3, 3, 3, 3, 3, 3, 3 ], 32 ], [ [ 6, 6, 6, 6 ], 32 ] ]
813|384|[ 384, 5658 ]|[ [ [ 1, 1, 1, 1, 1, 1, 1, 1, 1, 1, 1, 1, 1, 1, 1, 1, 1, 1, 1, 1, 1, 1, 1, 1 ], 1 ], [ [ 1, 1, 1, 1, 1, 1, 1, 1, 1, 1, 1, 1, 1, 1, 1, 1, 2, 2, 2, 2 ], 3 ], [ [ 1, 1, 1, 1, 1, 1, 1, 1, 2, 2, 2, 2, 2, 2, 2, 2 ], 3 ], [ [ 1, 1, 1, 1, 1, 1, 1, 1, 1, 1, 1, 1, 2, 2, 2, 2, 2, 2 ], 4 ], [ [ 1, 1, 1, 1, 1, 1, 1, 1, 1, 1, 1, 1, 2, 2, 2, 2, 2, 2 ], 4 ], [ [ 1, 1, 2, 2, 2, 2, 2, 4, 4, 4 ], 24 ], [ [ 1, 1, 2, 2, 2, 2, 2, 4, 4, 4 ], 24 ], [ [ 1, 1, 2, 2, 2, 2, 2, 4, 4, 4 ], 24 ], [ [ 1, 1, 2, 2, 2, 2, 2, 4, 4, 4 ], 24 ], [ [ 2, 2, 2, 2, 2, 2, 2, 2, 2, 2, 2, 2 ], 1 ], [ [ 2, 2, 2, 2, 4, 4, 4, 4 ], 12 ], [ [ 2, 2, 2, 2, 4, 4, 4, 4 ], 12 ], [ [ 2, 2, 2, 2, 2, 2, 2, 2, 2, 2, 2, 2 ], 12 ], [ [ 2, 2, 2, 2, 2, 2, 2, 2, 2, 2, 2, 2 ], 12 ], [ [ 4, 4, 4, 4, 4, 4 ], 24 ], [ [ 4, 4, 4, 4, 4, 4 ], 24 ], [ [ 4, 4, 4, 4, 4, 4 ], 24 ], [ [ 4, 4, 4, 4, 4, 4 ], 24 ], [ [ 6, 6, 6, 6 ], 32 ], [ [ 3, 3, 3, 3, 3, 3, 3, 3 ], 32 ], [ [ 3, 3, 3, 3, 6, 6 ], 32 ], [ [ 3, 3, 3, 3, 6, 6 ], 32 ] ]
814|384|[ 384, 20053 ]|[ [ [ 1, 1, 1, 1, 1, 1, 1, 1, 1, 1, 1, 1, 1, 1, 1, 1, 1, 1, 1, 1, 1, 1, 1, 1 ], 1 ], [ [ 1, 1, 1, 1, 1, 1, 1, 1, 1, 1, 1, 1, 1, 1, 1, 1, 2, 2, 2, 2 ], 3 ], [ [ 1, 1, 1, 1, 1, 1, 1, 1, 2, 2, 2, 2, 2, 2, 2, 2 ], 3 ], [ [ 1, 1, 1, 1, 1, 1, 1, 1, 1, 1, 1, 1, 2, 2, 2, 2, 2, 2 ], 6 ], [ [ 1, 1, 1, 1, 1, 1, 1, 1, 1, 1, 1, 1, 2, 2, 2, 2, 2, 2 ], 2 ], [ [ 1, 1, 1, 1, 2, 2, 4, 4, 4, 4 ], 12 ], [ [ 1, 1, 1, 1, 2, 2, 2, 2, 2, 2, 2, 2, 2, 2 ], 12 ], [ [ 1, 1, 1, 1, 2, 2, 2, 2, 2, 2, 2, 2, 2, 2 ], 12 ], [ [ 1, 1, 1, 1, 2, 2, 4, 4, 4, 4 ], 12 ], [ [ 2, 2, 2, 2, 2, 2, 2, 2, 2, 2, 2, 2 ], 1 ], [ [ 2, 2, 2, 2, 2, 2, 2, 2, 2, 2, 2, 2 ], 6 ], [ [ 2, 2, 2, 2, 2, 2, 2, 2, 2, 2, 2, 2 ], 2 ], [ [ 2, 2, 2, 2, 2, 2, 2, 2, 2, 2, 2, 2 ], 2 ], [ [ 2, 2, 2, 2, 2, 2, 2, 2, 2, 2, 2, 2 ], 6 ], [ [ 4, 4, 4, 4, 4, 4 ], 12 ], [ [ 2, 2, 2, 2, 2, 2, 2, 2, 4, 4 ], 12 ], [ [ 2, 2, 2, 2, 2, 2, 2, 2, 4, 4 ], 12 ], [ [ 4, 4, 4, 4, 4, 4 ], 12 ], [ [ 2, 2, 2, 2, 4, 4, 4, 4 ], 12 ], [ [ 2, 2, 2, 2, 2, 2, 2, 2, 2, 2, 2, 2 ], 12 ], [ [ 4, 4, 4, 4, 4, 4 ], 12 ], [ [ 2, 2, 2, 2, 2, 2, 2, 2, 4, 4 ], 12 ], [ [ 2, 2, 2, 2, 2, 2, 2, 2, 2, 2, 2, 2 ], 6 ], [ [ 2, 2, 2, 2, 2, 2, 2, 2, 2, 2, 2, 2 ], 2 ], [ [ 4, 4, 4, 4, 4, 4 ], 6 ], [ [ 4, 4, 4, 4, 4, 4 ], 2 ], [ [ 2, 2, 2, 2, 2, 2, 2, 2, 2, 2, 2, 2 ], 12 ], [ [ 2, 2, 2, 2, 4, 4, 4, 4 ], 12 ], [ [ 2, 2, 2, 2, 2, 2, 2, 2, 4, 4 ], 12 ], [ [ 4, 4, 4, 4, 4, 4 ], 12 ], [ [ 4, 4, 4, 4, 4, 4 ], 6 ], [ [ 4, 4, 4, 4, 4, 4 ], 2 ], [ [ 2, 2, 2, 2, 2, 2, 2, 2, 2, 2, 2, 2 ], 2 ], [ [ 2, 2, 2, 2, 2, 2, 2, 2, 2, 2, 2, 2 ], 6 ], [ [ 12, 12 ], 16 ], [ [ 6, 6, 6, 6 ], 16 ], [ [ 12, 12 ], 16 ], [ [ 6, 6, 6, 6 ], 16 ], [ [ 6, 6, 6, 6 ], 16 ], [ [ 6, 6, 6, 6 ], 8 ], [ [ 6, 6, 6, 6 ], 8 ], [ [ 3, 3, 3, 3, 6, 6 ], 16 ], [ [ 3, 3, 3, 3, 3, 3, 3, 3 ], 8 ], [ [ 6, 6, 6, 6 ], 8 ] ]
815|384|[ 384, 5793 ]|[ [ [ 1, 1, 1, 1, 1, 1, 1, 1, 1, 1, 1, 1, 1, 1, 1, 1, 1, 1, 1, 1, 1, 1, 1, 1 ], 1 ], [ [ 1, 1, 1, 1, 1, 1, 1, 1, 1, 1, 1, 1, 1, 1, 1, 1, 2, 2, 2, 2 ], 3 ], [ [ 1, 1, 1, 1, 1, 1, 1, 1, 2, 2, 2, 2, 2, 2, 2, 2 ], 3 ], [ [ 1, 1, 1, 1, 1, 1, 1, 1, 4, 4, 4, 4 ], 6 ], [ [ 1, 1, 1, 1, 1, 1, 1, 1, 4, 4, 4, 4 ], 6 ], [ [ 1, 1, 1, 1, 1, 1, 1, 1, 1, 1, 1, 1, 2, 2, 2, 2, 2, 2 ], 6 ], [ [ 1, 1, 1, 1, 1, 1, 1, 1, 1, 1, 1, 1, 2, 2, 2, 2, 2, 2 ], 2 ], [ [ 1, 1, 1, 1, 2, 2, 4, 4, 4, 4 ], 6 ], [ [ 1, 1, 1, 1, 2, 2, 4, 4, 4, 4 ], 6 ], [ [ 1, 1, 1, 1, 2, 2, 4, 4, 4, 4 ], 6 ], [ [ 1, 1, 1, 1, 2, 2, 4, 4, 4, 4 ], 6 ], [ [ 2, 2, 2, 2, 2, 2, 2, 2, 2, 2, 2, 2 ], 1 ], [ [ 2, 2, 2, 2, 4, 4, 4, 4 ], 6 ], [ [ 2, 2, 2, 2, 4, 4, 4, 4 ], 6 ], [ [ 2, 2, 2, 2, 2, 2, 2, 2, 2, 2, 2, 2 ], 8 ], [ [ 2, 2, 2, 2, 2, 2, 2, 2, 4, 4 ], 24 ], [ [ 4, 4, 4, 4, 4, 4 ], 8 ], [ [ 2, 2, 2, 2, 4, 4, 4, 4 ], 24 ], [ [ 6, 6, 6, 6 ], 32 ], [ [ 12, 12 ], 32 ], [ [ 3, 3, 3, 3, 6, 6 ], 32 ], [ [ 6, 6, 6, 6 ], 16 ], [ [ 3, 3, 3, 3, 3, 3, 3, 3 ], 16 ], [ [ 3, 3, 3, 3, 6, 6 ], 32 ], [ [ 3, 3, 3, 3, 3, 3, 3, 3 ], 16 ], [ [ 6, 6, 6, 6 ], 16 ], [ [ 12, 12 ], 32 ], [ [ 6, 6, 6, 6 ], 32 ] ]
816|384|[ 384, 5794 ]|[ [ [ 1, 1, 1, 1, 1, 1, 1, 1, 1, 1, 1, 1, 1, 1, 1, 1, 1, 1, 1, 1, 1, 1, 1, 1 ], 1 ], [ [ 1, 1, 1, 1, 1, 1, 1, 1, 1, 1, 1, 1, 1, 1, 1, 1, 2, 2, 2, 2 ], 3 ], [ [ 1, 1, 1, 1, 1, 1, 1, 1, 2, 2, 2, 2, 2, 2, 2, 2 ], 3 ], [ [ 1, 1, 1, 1, 1, 1, 1, 1, 4, 4, 4, 4 ], 6 ], [ [ 1, 1, 1, 1, 1, 1, 1, 1, 4, 4, 4, 4 ], 6 ], [ [ 1, 1, 1, 1, 1, 1, 1, 1, 1, 1, 1, 1, 2, 2, 2, 2, 2, 2 ], 6 ], [ [ 1, 1, 1, 1, 1, 1, 1, 1, 1, 1, 1, 1, 2, 2, 2, 2, 2, 2 ], 2 ], [ [ 1, 1, 1, 1, 2, 2, 4, 4, 4, 4 ], 6 ], [ [ 1, 1, 1, 1, 2, 2, 4, 4, 4, 4 ], 6 ], [ [ 1, 1, 1, 1, 2, 2, 4, 4, 4, 4 ], 6 ], [ [ 1, 1, 1, 1, 2, 2, 4, 4, 4, 4 ], 6 ], [ [ 2, 2, 2, 2, 2, 2, 2, 2, 2, 2, 2, 2 ], 1 ], [ [ 2, 2, 2, 2, 4, 4, 4, 4 ], 6 ], [ [ 2, 2, 2, 2, 4, 4, 4, 4 ], 6 ], [ [ 2, 2, 2, 2, 2, 2, 2, 2, 2, 2, 2, 2 ], 8 ], [ [ 2, 2, 2, 2, 2, 2, 2, 2, 2, 2, 2, 2 ], 24 ], [ [ 4, 4, 4, 4, 4, 4 ], 8 ], [ [ 4, 4, 4, 4, 4, 4 ], 24 ], [ [ 12, 12 ], 32 ], [ [ 6, 6, 6, 6 ], 32 ], [ [ 3, 3, 3, 3, 6, 6 ], 32 ], [ [ 3, 3, 3, 3, 3, 3, 3, 3 ], 16 ], [ [ 6, 6, 6, 6 ], 16 ], [ [ 6, 6, 6, 6 ], 16 ], [ [ 3, 3, 3, 3, 3, 3, 3, 3 ], 16 ], [ [ 3, 3, 3, 3, 6, 6 ], 32 ], [ [ 6, 6, 6, 6 ], 32 ], [ [ 12, 12 ], 32 ] ]
817|384|[ 384, 18065 ]|[ [ [ 1, 1, 1, 1, 1, 1, 1, 1, 1, 1, 1, 1, 1, 1, 1, 1, 1, 1, 1, 1, 1, 1, 1, 1 ], 1 ], [ [ 1, 1, 1, 1, 1, 1, 1, 1, 1, 1, 1, 1, 1, 1, 1, 1, 2, 2, 2, 2 ], 3 ], [ [ 1, 1, 1, 1, 1, 1, 1, 1, 2, 2, 2, 2, 2, 2, 2, 2 ], 3 ], [ [ 1, 1, 1, 1, 1, 1, 1, 1, 1, 1, 1, 1, 2, 2, 2, 2, 2, 2 ], 6 ], [ [ 1, 1, 1, 1, 1, 1, 1, 1, 1, 1, 1, 1, 2, 2, 2, 2, 2, 2 ], 2 ], [ [ 1, 1, 1, 1, 1, 1, 2, 2, 2, 2, 2, 2, 2, 2, 2 ], 12 ], [ [ 1, 1, 1, 1, 1, 1, 2, 2, 2, 2, 2, 2, 2, 2, 2 ], 4 ], [ [ 1, 1, 1, 1, 1, 1, 2, 2, 2, 2, 2, 2, 2, 2, 2 ], 4 ], [ [ 1, 1, 1, 1, 1, 1, 2, 2, 2, 2, 2, 2, 2, 2, 2 ], 12 ], [ [ 2, 2, 2, 2, 2, 2, 2, 2, 2, 2, 2, 2 ], 1 ], [ [ 4, 4, 4, 4, 4, 4 ], 6 ], [ [ 4, 4, 4, 4, 4, 4 ], 2 ], [ [ 4, 4, 4, 4, 4, 4 ], 6 ], [ [ 4, 4, 4, 4, 4, 4 ], 2 ], [ [ 8, 8, 8 ], 24 ], [ [ 8, 8, 8 ], 24 ], [ [ 8, 8, 8 ], 24 ], [ [ 8, 8, 8 ], 24 ], [ [ 2, 2, 2, 2, 4, 4, 4, 4 ], 24 ], [ [ 2, 2, 2, 2, 2, 2, 2, 2, 2, 2, 2, 2 ], 24 ], [ [ 4, 4, 4, 4, 4, 4 ], 24 ], [ [ 2, 2, 2, 2, 2, 2, 2, 2, 4, 4 ], 24 ], [ [ 3, 3, 6, 6, 6 ], 16 ], [ [ 3, 3, 6, 6, 6 ], 16 ], [ [ 12, 12 ], 16 ], [ [ 12, 12 ], 16 ], [ [ 3, 3, 3, 3, 6, 6 ], 8 ], [ [ 3, 3, 3, 3, 6, 6 ], 8 ], [ [ 3, 3, 3, 3, 3, 3, 3, 3 ], 8 ], [ [ 6, 6, 6, 6 ], 8 ], [ [ 3, 3, 6, 6, 6 ], 16 ], [ [ 3, 3, 6, 6, 6 ], 16 ] ]
818|384|[ 384, 5778 ]|[ [ [ 1, 1, 1, 1, 1, 1, 1, 1, 1, 1, 1, 1, 1, 1, 1, 1, 1, 1, 1, 1, 1, 1, 1, 1 ], 1 ], [ [ 1, 1, 1, 1, 1, 1, 1, 1, 1, 1, 1, 1, 1, 1, 1, 1, 2, 2, 2, 2 ], 3 ], [ [ 1, 1, 1, 1, 1, 1, 1, 1, 2, 2, 2, 2, 2, 2, 2, 2 ], 3 ], [ [ 1, 1, 1, 1, 1, 1, 1, 1, 2, 2, 2, 2, 4, 4 ], 12 ], [ [ 1, 1, 1, 1, 1, 1, 1, 1, 1, 1, 1, 1, 2, 2, 2, 2, 2, 2 ], 8 ], [ [ 1, 1, 1, 1, 2, 2, 4, 4, 4, 4 ], 12 ], [ [ 1, 1, 1, 1, 2, 2, 4, 4, 4, 4 ], 12 ], [ [ 2, 2, 2, 2, 2, 2, 2, 2, 2, 2, 2, 2 ], 1 ], [ [ 2, 2, 2, 2, 2, 2, 2, 2, 4, 4 ], 12 ], [ [ 4, 4, 4, 4, 4, 4 ], 12 ], [ [ 2, 2, 2, 2, 2, 2, 2, 2, 4, 4 ], 24 ], [ [ 4, 4, 4, 4, 4, 4 ], 12 ], [ [ 2, 2, 2, 2, 2, 2, 2, 2, 2, 2, 2, 2 ], 8 ], [ [ 4, 4, 4, 4, 4, 4 ], 8 ], [ [ 3, 3, 3, 3, 6, 6 ], 32 ], [ [ 12, 12 ], 32 ], [ [ 6, 6, 6, 6 ], 16 ], [ [ 3, 3, 3, 3, 3, 3, 3, 3 ], 16 ], [ [ 6, 6, 6, 6 ], 32 ], [ [ 6, 6, 6, 6 ], 32 ], [ [ 3, 3, 3, 3, 3, 3, 3, 3 ], 16 ], [ [ 6, 6, 6, 6 ], 16 ], [ [ 12, 12 ], 32 ], [ [ 3, 3, 3, 3, 6, 6 ], 32 ] ]
819|384|[ 384, 5575 ]|[ [ [ 1, 1, 1, 1, 1, 1, 1, 1, 1, 1, 1, 1, 1, 1, 1, 1, 1, 1, 1, 1, 1, 1, 1, 1 ], 1 ], [ [ 1, 1, 1, 1, 1, 1, 1, 1, 1, 1, 1, 1, 1, 1, 1, 1, 2, 2, 2, 2 ], 3 ], [ [ 1, 1, 1, 1, 1, 1, 1, 1, 2, 2, 2, 2, 2, 2, 2, 2 ], 3 ], [ [ 1, 1, 1, 1, 1, 1, 1, 1, 1, 1, 1, 1, 2, 2, 2, 2, 2, 2 ], 4 ], [ [ 1, 1, 1, 1, 1, 1, 1, 1, 1, 1, 1, 1, 2, 2, 2, 2, 2, 2 ], 4 ], [ [ 1, 1, 2, 2, 2, 4, 4, 4, 4 ], 24 ], [ [ 1, 1, 2, 2, 2, 2, 2, 2, 2, 2, 2, 2, 2 ], 24 ], [ [ 1, 1, 2, 2, 2, 4, 4, 4, 4 ], 24 ], [ [ 1, 1, 2, 2, 2, 2, 2, 2, 2, 2, 2, 2, 2 ], 24 ], [ [ 2, 2, 2, 2, 2, 2, 2, 2, 2, 2, 2, 2 ], 1 ], [ [ 2, 2, 2, 2, 2, 2, 2, 2, 4, 4 ], 24 ], [ [ 4, 4, 4, 4, 4, 4 ], 12 ], [ [ 4, 4, 4, 4, 4, 4 ], 12 ], [ [ 8, 8, 8 ], 24 ], [ [ 8, 8, 8 ], 24 ], [ [ 8, 8, 8 ], 24 ], [ [ 8, 8, 8 ], 24 ], [ [ 3, 3, 3, 3, 6, 6 ], 32 ], [ [ 3, 3, 3, 3, 6, 6 ], 32 ], [ [ 3, 3, 3, 3, 3, 3, 3, 3 ], 32 ], [ [ 6, 6, 6, 6 ], 32 ] ]
820|384|[ 384, 579 ]|[ [ [ 1, 1, 1, 1, 1, 1, 1, 1, 1, 1, 1, 1, 1, 1, 1, 1, 1, 1, 1, 1, 1, 1, 1, 1 ], 1 ], [ [ 1, 1, 1, 1, 1, 1, 1, 1, 1, 1, 1, 1, 1, 1, 1, 1, 2, 2, 2, 2 ], 3 ], [ [ 1, 1, 1, 1, 1, 1, 1, 1, 2, 2, 2, 2, 2, 2, 2, 2 ], 3 ], [ [ 1, 1, 1, 1, 1, 1, 1, 1, 1, 1, 1, 1, 2, 2, 2, 2, 2, 2 ], 4 ], [ [ 1, 1, 1, 1, 1, 1, 1, 1, 1, 1, 1, 1, 2, 2, 2, 2, 2, 2 ], 4 ], [ [ 1, 1, 1, 1, 2, 2, 2, 2, 4, 4, 4 ], 24 ], [ [ 1, 1, 1, 1, 2, 2, 2, 2, 4, 4, 4 ], 24 ], [ [ 2, 2, 2, 2, 2, 2, 2, 2, 2, 2, 2, 2 ], 1 ], [ [ 2, 2, 2, 2, 2, 2, 4, 4, 4 ], 24 ], [ [ 2, 2, 2, 2, 2, 2, 4, 4, 4 ], 24 ], [ [ 2, 2, 2, 2, 2, 2, 2, 2, 4, 4 ], 24 ], [ [ 4, 4, 4, 4, 4, 4 ], 12 ], [ [ 4, 4, 4, 4, 4, 4 ], 12 ], [ [ 8, 8, 8 ], 24 ], [ [ 8, 8, 8 ], 24 ], [ [ 8, 8, 8 ], 24 ], [ [ 8, 8, 8 ], 24 ], [ [ 3, 3, 3, 3, 6, 6 ], 32 ], [ [ 3, 3, 3, 3, 6, 6 ], 32 ], [ [ 3, 3, 3, 3, 3, 3, 3, 3 ], 32 ], [ [ 6, 6, 6, 6 ], 32 ] ]
821|384|[ 384, 5721 ]|[ [ [ 1, 1, 1, 1, 1, 1, 1, 1, 1, 1, 1, 1, 1, 1, 1, 1, 1, 1, 1, 1, 1, 1, 1, 1 ], 1 ], [ [ 1, 1, 1, 1, 1, 1, 1, 1, 1, 1, 1, 1, 1, 1, 1, 1, 2, 2, 2, 2 ], 3 ], [ [ 1, 1, 1, 1, 1, 1, 1, 1, 2, 2, 2, 2, 2, 2, 2, 2 ], 3 ], [ [ 1, 1, 1, 1, 1, 1, 1, 1, 1, 1, 1, 1, 2, 2, 2, 2, 2, 2 ], 6 ], [ [ 1, 1, 1, 1, 1, 1, 1, 1, 1, 1, 1, 1, 2, 2, 2, 2, 2, 2 ], 2 ], [ [ 1, 1, 2, 2, 2, 2, 2, 4, 4, 4 ], 24 ], [ [ 1, 1, 2, 2, 2, 2, 2, 4, 4, 4 ], 24 ], [ [ 1, 1, 2, 2, 2, 2, 2, 4, 4, 4 ], 24 ], [ [ 1, 1, 2, 2, 2, 2, 2, 4, 4, 4 ], 24 ], [ [ 2, 2, 2, 2, 2, 2, 2, 2, 2, 2, 2, 2 ], 1 ], [ [ 2, 2, 2, 2, 2, 2, 2, 2, 2, 2, 2, 2 ], 6 ], [ [ 2, 2, 2, 2, 2, 2, 2, 2, 2, 2, 2, 2 ], 2 ], [ [ 2, 2, 2, 2, 2, 2, 2, 2, 2, 2, 2, 2 ], 6 ], [ [ 2, 2, 2, 2, 2, 2, 2, 2, 2, 2, 2, 2 ], 2 ], [ [ 2, 2, 2, 2, 2, 2, 2, 2, 2, 2, 2, 2 ], 12 ], [ [ 2, 2, 2, 2, 2, 2, 2, 2, 2, 2, 2, 2 ], 4 ], [ [ 4, 4, 4, 4, 4, 4 ], 4 ], [ [ 4, 4, 4, 4, 4, 4 ], 12 ], [ [ 4, 4, 4, 4, 4, 4 ], 24 ], [ [ 4, 4, 4, 4, 4, 4 ], 24 ], [ [ 4, 4, 4, 4, 4, 4 ], 24 ], [ [ 4, 4, 4, 4, 4, 4 ], 24 ], [ [ 12, 12 ], 16 ], [ [ 6, 6, 6, 6 ], 16 ], [ [ 6, 6, 6, 6 ], 16 ], [ [ 12, 12 ], 16 ], [ [ 6, 6, 6, 6 ], 16 ], [ [ 6, 6, 6, 6 ], 8 ], [ [ 6, 6, 6, 6 ], 8 ], [ [ 6, 6, 6, 6 ], 8 ], [ [ 3, 3, 3, 3, 3, 3, 3, 3 ], 8 ], [ [ 3, 3, 3, 3, 6, 6 ], 16 ] ]
822|384|[ 384, 5659 ]|[ [ [ 1, 1, 1, 1, 1, 1, 1, 1, 1, 1, 1, 1, 1, 1, 1, 1, 1, 1, 1, 1, 1, 1, 1, 1 ], 1 ], [ [ 1, 1, 1, 1, 1, 1, 1, 1, 1, 1, 1, 1, 1, 1, 1, 1, 2, 2, 2, 2 ], 3 ], [ [ 1, 1, 1, 1, 1, 1, 1, 1, 2, 2, 2, 2, 2, 2, 2, 2 ], 3 ], [ [ 1, 1, 1, 1, 1, 1, 1, 1, 4, 4, 4, 4 ], 6 ], [ [ 1, 1, 1, 1, 1, 1, 1, 1, 4, 4, 4, 4 ], 6 ], [ [ 1, 1, 1, 1, 1, 1, 1, 1, 1, 1, 1, 1, 2, 2, 2, 2, 2, 2 ], 4 ], [ [ 1, 1, 1, 1, 1, 1, 1, 1, 1, 1, 1, 1, 2, 2, 2, 2, 2, 2 ], 4 ], [ [ 1, 1, 1, 1, 2, 2, 2, 2, 2, 2, 2, 2, 2, 2 ], 12 ], [ [ 1, 1, 1, 1, 2, 2, 2, 2, 2, 2, 2, 2, 2, 2 ], 12 ], [ [ 2, 2, 2, 2, 2, 2, 2, 2, 2, 2, 2, 2 ], 1 ], [ [ 2, 2, 2, 2, 4, 4, 4, 4 ], 6 ], [ [ 2, 2, 2, 2, 4, 4, 4, 4 ], 6 ], [ [ 2, 2, 2, 2, 2, 2, 2, 2, 4, 4 ], 12 ], [ [ 4, 4, 4, 4, 4, 4 ], 12 ], [ [ 2, 2, 2, 2, 2, 2, 2, 2, 4, 4 ], 12 ], [ [ 4, 4, 4, 4, 4, 4 ], 12 ], [ [ 4, 4, 4, 4, 4, 4 ], 12 ], [ [ 2, 2, 2, 2, 2, 2, 2, 2, 4, 4 ], 12 ], [ [ 2, 2, 2, 2, 2, 2, 2, 2, 4, 4 ], 12 ], [ [ 4, 4, 4, 4, 4, 4 ], 12 ], [ [ 4, 4, 8, 8 ], 24 ], [ [ 4, 4, 8, 8 ], 24 ], [ [ 2, 2, 2, 2, 8, 8 ], 24 ], [ [ 2, 2, 2, 2, 8, 8 ], 24 ], [ [ 3, 3, 3, 3, 6, 6 ], 32 ], [ [ 3, 3, 3, 3, 6, 6 ], 32 ], [ [ 3, 3, 3, 3, 3, 3, 3, 3 ], 32 ], [ [ 6, 6, 6, 6 ], 32 ] ]
823|384|[ 384, 5658 ]|[ [ [ 1, 1, 1, 1, 1, 1, 1, 1, 1, 1, 1, 1, 1, 1, 1, 1, 1, 1, 1, 1, 1, 1, 1, 1 ], 1 ], [ [ 1, 1, 1, 1, 1, 1, 1, 1, 1, 1, 1, 1, 1, 1, 1, 1, 2, 2, 2, 2 ], 3 ], [ [ 1, 1, 1, 1, 1, 1, 1, 1, 2, 2, 2, 2, 2, 2, 2, 2 ], 3 ], [ [ 1, 1, 1, 1, 1, 1, 1, 1, 1, 1, 1, 1, 2, 2, 2, 2, 2, 2 ], 4 ], [ [ 1, 1, 1, 1, 1, 1, 1, 1, 1, 1, 1, 1, 2, 2, 2, 2, 2, 2 ], 4 ], [ [ 1, 1, 1, 1, 2, 2, 4, 4, 4, 4 ], 12 ], [ [ 1, 1, 1, 1, 2, 2, 4, 4, 4, 4 ], 12 ], [ [ 1, 1, 1, 1, 2, 2, 2, 2, 2, 2, 2, 2, 2, 2 ], 12 ], [ [ 1, 1, 1, 1, 2, 2, 2, 2, 2, 2, 2, 2, 2, 2 ], 12 ], [ [ 2, 2, 2, 2, 2, 2, 2, 2, 2, 2, 2, 2 ], 1 ], [ [ 2, 2, 2, 2, 2, 2, 4, 4, 4 ], 24 ], [ [ 2, 2, 2, 2, 2, 2, 4, 4, 4 ], 24 ], [ [ 2, 2, 2, 2, 2, 2, 4, 4, 4 ], 24 ], [ [ 2, 2, 2, 2, 2, 2, 4, 4, 4 ], 24 ], [ [ 2, 2, 4, 4, 4, 4, 4 ], 24 ], [ [ 2, 2, 4, 4, 4, 4, 4 ], 24 ], [ [ 2, 2, 4, 4, 4, 4, 4 ], 24 ], [ [ 2, 2, 4, 4, 4, 4, 4 ], 24 ], [ [ 3, 3, 3, 3, 6, 6 ], 32 ], [ [ 3, 3, 3, 3, 6, 6 ], 32 ], [ [ 6, 6, 6, 6 ], 32 ], [ [ 3, 3, 3, 3, 3, 3, 3, 3 ], 32 ] ]
824|384|[ 384, 18019 ]|[ [ [ 1, 1, 1, 1, 1, 1, 1, 1, 1, 1, 1, 1, 1, 1, 1, 1, 1, 1, 1, 1, 1, 1, 1, 1 ], 1 ], [ [ 1, 1, 1, 1, 1, 1, 1, 1, 1, 1, 1, 1, 1, 1, 1, 1, 2, 2, 2, 2 ], 3 ], [ [ 1, 1, 1, 1, 1, 1, 1, 1, 2, 2, 2, 2, 2, 2, 2, 2 ], 3 ], [ [ 1, 1, 1, 1, 1, 1, 1, 1, 1, 1, 1, 1, 2, 2, 2, 2, 2, 2 ], 6 ], [ [ 1, 1, 1, 1, 1, 1, 1, 1, 1, 1, 1, 1, 2, 2, 2, 2, 2, 2 ], 2 ], [ [ 1, 1, 2, 2, 2, 2, 2, 2, 2, 2, 2, 2, 2 ], 24 ], [ [ 1, 1, 2, 2, 2, 4, 4, 4, 4 ], 24 ], [ [ 1, 1, 2, 2, 2, 4, 4, 4, 4 ], 24 ], [ [ 1, 1, 2, 2, 2, 2, 2, 2, 2, 2, 2, 2, 2 ], 24 ], [ [ 2, 2, 2, 2, 2, 2, 2, 2, 2, 2, 2, 2 ], 1 ], [ [ 4, 4, 4, 4, 4, 4 ], 2 ], [ [ 4, 4, 4, 4, 4, 4 ], 6 ], [ [ 4, 4, 4, 4, 4, 4 ], 6 ], [ [ 4, 4, 4, 4, 4, 4 ], 2 ], [ [ 2, 2, 2, 2, 4, 4, 4, 4 ], 24 ], [ [ 2, 2, 2, 2, 2, 2, 2, 2, 2, 2, 2, 2 ], 24 ], [ [ 4, 4, 4, 4, 4, 4 ], 24 ], [ [ 2, 2, 2, 2, 2, 2, 2, 2, 4, 4 ], 24 ], [ [ 8, 8, 8 ], 12 ], [ [ 8, 8, 8 ], 4 ], [ [ 8, 8, 8 ], 12 ], [ [ 8, 8, 8 ], 4 ], [ [ 24 ], 16 ], [ [ 24 ], 16 ], [ [ 24 ], 16 ], [ [ 24 ], 16 ], [ [ 12, 12 ], 8 ], [ [ 12, 12 ], 8 ], [ [ 12, 12 ], 16 ], [ [ 6, 6, 6, 6 ], 8 ], [ [ 3, 3, 3, 3, 3, 3, 3, 3 ], 8 ], [ [ 3, 3, 3, 3, 6, 6 ], 16 ] ]
825|384|[ 384, 5738 ]|[ [ [ 1, 1, 1, 1, 1, 1, 1, 1, 1, 1, 1, 1, 1, 1, 1, 1, 1, 1, 1, 1, 1, 1, 1, 1 ], 1 ], [ [ 1, 1, 1, 1, 1, 1, 1, 1, 1, 1, 1, 1, 1, 1, 1, 1, 2, 2, 2, 2 ], 3 ], [ [ 1, 1, 1, 1, 1, 1, 1, 1, 2, 2, 2, 2, 2, 2, 2, 2 ], 3 ], [ [ 1, 1, 1, 1, 1, 1, 1, 1, 4, 4, 4, 4 ], 3 ], [ [ 1, 1, 1, 1, 1, 1, 1, 1, 4, 4, 4, 4 ], 3 ], [ [ 1, 1, 1, 1, 1, 1, 1, 1, 4, 4, 4, 4 ], 3 ], [ [ 1, 1, 1, 1, 1, 1, 1, 1, 4, 4, 4, 4 ], 3 ], [ [ 1, 1, 1, 1, 1, 1, 1, 1, 1, 1, 1, 1, 2, 2, 2, 2, 2, 2 ], 6 ], [ [ 1, 1, 1, 1, 1, 1, 1, 1, 1, 1, 1, 1, 2, 2, 2, 2, 2, 2 ], 2 ], [ [ 1, 1, 1, 1, 2, 2, 4, 4, 4, 4 ], 6 ], [ [ 1, 1, 1, 1, 2, 2, 4, 4, 4, 4 ], 6 ], [ [ 1, 1, 1, 1, 2, 2, 4, 4, 4, 4 ], 6 ], [ [ 1, 1, 1, 1, 2, 2, 4, 4, 4, 4 ], 6 ], [ [ 2, 2, 2, 2, 2, 2, 2, 2, 2, 2, 2, 2 ], 1 ], [ [ 2, 2, 2, 2, 4, 4, 4, 4 ], 3 ], [ [ 2, 2, 2, 2, 4, 4, 4, 4 ], 3 ], [ [ 2, 2, 2, 2, 4, 4, 4, 4 ], 3 ], [ [ 2, 2, 2, 2, 4, 4, 4, 4 ], 3 ], [ [ 2, 2, 2, 2, 2, 2, 2, 2, 2, 2, 2, 2 ], 2 ], [ [ 2, 2, 2, 2, 2, 2, 2, 2, 2, 2, 2, 2 ], 6 ], [ [ 2, 2, 2, 2, 4, 4, 4, 4 ], 6 ], [ [ 2, 2, 2, 2, 4, 4, 4, 4 ], 6 ], [ [ 2, 2, 2, 2, 4, 4, 4, 4 ], 6 ], [ [ 2, 2, 2, 2, 4, 4, 4, 4 ], 6 ], [ [ 4, 4, 4, 4, 4, 4 ], 6 ], [ [ 4, 4, 4, 4, 4, 4 ], 2 ], [ [ 2, 2, 2, 2, 2, 2, 2, 2, 4, 4 ], 6 ], [ [ 2, 2, 2, 2, 2, 2, 2, 2, 4, 4 ], 6 ], [ [ 2, 2, 2, 2, 2, 2, 2, 2, 4, 4 ], 6 ], [ [ 2, 2, 2, 2, 2, 2, 2, 2, 4, 4 ], 6 ], [ [ 6, 6, 6, 6 ], 32 ], [ [ 12, 12 ], 32 ], [ [ 3, 3, 3, 3, 3, 3, 3, 3 ], 16 ], [ [ 6, 6, 6, 6 ], 16 ], [ [ 3, 3, 3, 3, 6, 6 ], 32 ], [ [ 3, 3, 3, 3, 3, 3, 3, 3 ], 16 ], [ [ 6, 6, 6, 6 ], 16 ], [ [ 3, 3, 3, 3, 6, 6 ], 32 ], [ [ 12, 12 ], 32 ], [ [ 6, 6, 6, 6 ], 32 ] ]
826|384|[ 384, 20065 ]|[ [ [ 1, 1, 1, 1, 1, 1, 1, 1, 1, 1, 1, 1, 1, 1, 1, 1, 1, 1, 1, 1, 1, 1, 1, 1 ], 1 ], [ [ 1, 1, 1, 1, 1, 1, 1, 1, 1, 1, 1, 1, 1, 1, 1, 1, 2, 2, 2, 2 ], 3 ], [ [ 1, 1, 1, 1, 1, 1, 1, 1, 2, 2, 2, 2, 2, 2, 2, 2 ], 3 ], [ [ 1, 1, 1, 1, 1, 1, 1, 1, 1, 1, 1, 1, 2, 2, 2, 2, 2, 2 ], 6 ], [ [ 1, 1, 1, 1, 1, 1, 1, 1, 1, 1, 1, 1, 2, 2, 2, 2, 2, 2 ], 2 ], [ [ 1, 1, 1, 1, 2, 2, 4, 4, 4, 4 ], 12 ], [ [ 1, 1, 1, 1, 2, 2, 2, 2, 2, 2, 2, 2, 2, 2 ], 12 ], [ [ 1, 1, 1, 1, 2, 2, 2, 2, 2, 2, 2, 2, 2, 2 ], 12 ], [ [ 1, 1, 1, 1, 2, 2, 4, 4, 4, 4 ], 12 ], [ [ 2, 2, 2, 2, 2, 2, 2, 2, 2, 2, 2, 2 ], 1 ], [ [ 2, 2, 2, 2, 4, 4, 4, 4 ], 12 ], [ [ 2, 2, 2, 2, 2, 2, 2, 2, 2, 2, 2, 2 ], 12 ], [ [ 2, 2, 2, 2, 2, 2, 2, 2, 2, 2, 2, 2 ], 12 ], [ [ 2, 2, 2, 2, 4, 4, 4, 4 ], 12 ], [ [ 4, 4, 4, 4, 4, 4 ], 2 ], [ [ 4, 4, 4, 4, 4, 4 ], 6 ], [ [ 4, 4, 4, 4, 4, 4 ], 6 ], [ [ 4, 4, 4, 4, 4, 4 ], 2 ], [ [ 2, 2, 2, 2, 2, 2, 2, 2, 2, 2, 2, 2 ], 6 ], [ [ 2, 2, 2, 2, 2, 2, 2, 2, 2, 2, 2, 2 ], 2 ], [ [ 4, 4, 4, 4, 4, 4 ], 6 ], [ [ 4, 4, 4, 4, 4, 4 ], 2 ], [ [ 2, 2, 2, 2, 2, 2, 2, 2, 2, 2, 2, 2 ], 12 ], [ [ 2, 2, 2, 2, 4, 4, 4, 4 ], 12 ], [ [ 2, 2, 2, 2, 2, 2, 2, 2, 4, 4 ], 12 ], [ [ 4, 4, 4, 4, 4, 4 ], 12 ], [ [ 2, 2, 2, 2, 2, 2, 2, 2, 2, 2, 2, 2 ], 12 ], [ [ 2, 2, 2, 2, 4, 4, 4, 4 ], 12 ], [ [ 2, 2, 2, 2, 2, 2, 2, 2, 4, 4 ], 12 ], [ [ 4, 4, 4, 4, 4, 4 ], 12 ], [ [ 4, 4, 4, 4, 4, 4 ], 6 ], [ [ 4, 4, 4, 4, 4, 4 ], 2 ], [ [ 2, 2, 2, 2, 2, 2, 2, 2, 2, 2, 2, 2 ], 2 ], [ [ 2, 2, 2, 2, 2, 2, 2, 2, 2, 2, 2, 2 ], 6 ], [ [ 12, 12 ], 16 ], [ [ 6, 6, 6, 6 ], 16 ], [ [ 12, 12 ], 16 ], [ [ 6, 6, 6, 6 ], 16 ], [ [ 12, 12 ], 8 ], [ [ 12, 12 ], 8 ], [ [ 12, 12 ], 16 ], [ [ 3, 3, 3, 3, 6, 6 ], 16 ], [ [ 3, 3, 3, 3, 3, 3, 3, 3 ], 8 ], [ [ 6, 6, 6, 6 ], 8 ] ]
827|384|[ 384, 5656 ]|[ [ [ 1, 1, 1, 1, 1, 1, 1, 1, 1, 1, 1, 1, 1, 1, 1, 1, 1, 1, 1, 1, 1, 1, 1, 1 ], 1 ], [ [ 1, 1, 1, 1, 1, 1, 1, 1, 1, 1, 1, 1, 1, 1, 1, 1, 2, 2, 2, 2 ], 3 ], [ [ 1, 1, 1, 1, 1, 1, 1, 1, 2, 2, 2, 2, 2, 2, 2, 2 ], 3 ], [ [ 1, 1, 1, 1, 1, 1, 1, 1, 2, 2, 2, 2, 2, 2, 2, 2 ], 6 ], [ [ 1, 1, 1, 1, 1, 1, 1, 1, 2, 2, 2, 2, 2, 2, 2, 2 ], 6 ], [ [ 1, 1, 1, 1, 1, 1, 1, 1, 1, 1, 1, 1, 2, 2, 2, 2, 2, 2 ], 4 ], [ [ 1, 1, 1, 1, 1, 1, 1, 1, 1, 1, 1, 1, 2, 2, 2, 2, 2, 2 ], 4 ], [ [ 1, 1, 1, 1, 2, 2, 4, 4, 4, 4 ], 12 ], [ [ 1, 1, 1, 1, 2, 2, 4, 4, 4, 4 ], 12 ], [ [ 2, 2, 2, 2, 2, 2, 2, 2, 2, 2, 2, 2 ], 1 ], [ [ 2, 2, 2, 2, 2, 2, 2, 2, 2, 2, 2, 2 ], 6 ], [ [ 2, 2, 2, 2, 2, 2, 2, 2, 2, 2, 2, 2 ], 6 ], [ [ 2, 2, 2, 2, 2, 2, 2, 2, 4, 4 ], 12 ], [ [ 4, 4, 4, 4, 4, 4 ], 12 ], [ [ 2, 2, 2, 2, 2, 2, 2, 2, 4, 4 ], 12 ], [ [ 4, 4, 4, 4, 4, 4 ], 12 ], [ [ 2, 2, 2, 2, 2, 2, 2, 2, 4, 4 ], 12 ], [ [ 4, 4, 4, 4, 4, 4 ], 12 ], [ [ 2, 2, 2, 2, 2, 2, 2, 2, 4, 4 ], 12 ], [ [ 4, 4, 4, 4, 4, 4 ], 12 ], [ [ 4, 4, 4, 4, 4, 4 ], 24 ], [ [ 4, 4, 4, 4, 4, 4 ], 24 ], [ [ 2, 2, 2, 2, 4, 4, 4, 4 ], 24 ], [ [ 2, 2, 2, 2, 4, 4, 4, 4 ], 24 ], [ [ 3, 3, 3, 3, 3, 3, 3, 3 ], 32 ], [ [ 6, 6, 6, 6 ], 32 ], [ [ 3, 3, 3, 3, 6, 6 ], 32 ], [ [ 3, 3, 3, 3, 6, 6 ], 32 ] ]
828|384|[ 384, 5622 ]|[ [ [ 1, 1, 1, 1, 1, 1, 1, 1, 1, 1, 1, 1, 1, 1, 1, 1, 1, 1, 1, 1, 1, 1, 1, 1 ], 1 ], [ [ 1, 1, 1, 1, 1, 1, 1, 1, 1, 1, 1, 1, 1, 1, 1, 1, 2, 2, 2, 2 ], 3 ], [ [ 1, 1, 1, 1, 1, 1, 1, 1, 2, 2, 2, 2, 2, 2, 2, 2 ], 3 ], [ [ 1, 1, 1, 1, 1, 1, 1, 1, 1, 1, 1, 1, 2, 2, 2, 2, 2, 2 ], 6 ], [ [ 1, 1, 1, 1, 1, 1, 1, 1, 1, 1, 1, 1, 2, 2, 2, 2, 2, 2 ], 2 ], [ [ 1, 1, 1, 1, 1, 1, 1, 1, 1, 1, 1, 1, 4, 4, 4 ], 2 ], [ [ 1, 1, 1, 1, 1, 1, 1, 1, 2, 2, 4, 4, 4 ], 6 ], [ [ 1, 1, 1, 1, 2, 2, 2, 2, 4, 4, 4 ], 6 ], [ [ 1, 1, 1, 1, 1, 1, 1, 1, 2, 2, 4, 4, 4 ], 6 ], [ [ 1, 1, 1, 1, 2, 2, 2, 2, 4, 4, 4 ], 6 ], [ [ 1, 1, 1, 1, 1, 1, 1, 1, 1, 1, 1, 1, 4, 4, 4 ], 2 ], [ [ 2, 2, 2, 2, 2, 2, 2, 2, 2, 2, 2, 2 ], 1 ], [ [ 2, 2, 2, 2, 2, 2, 4, 4, 4 ], 2 ], [ [ 2, 2, 2, 2, 2, 2, 4, 4, 4 ], 2 ], [ [ 4, 4, 4, 4, 4, 4 ], 3 ], [ [ 4, 4, 4, 4, 4, 4 ], 1 ], [ [ 4, 4, 4, 4, 4, 4 ], 3 ], [ [ 4, 4, 4, 4, 4, 4 ], 6 ], [ [ 4, 4, 4, 4, 4, 4 ], 2 ], [ [ 4, 4, 4, 4, 4, 4 ], 1 ], [ [ 2, 2, 2, 2, 2, 2, 2, 2, 2, 2, 2, 2 ], 24 ], [ [ 2, 2, 2, 2, 4, 4, 4, 4 ], 24 ], [ [ 2, 2, 2, 2, 2, 2, 2, 2, 4, 4 ], 24 ], [ [ 4, 4, 4, 4, 4, 4 ], 24 ], [ [ 8, 8, 8 ], 24 ], [ [ 8, 8, 8 ], 24 ], [ [ 8, 8, 8 ], 24 ], [ [ 8, 8, 8 ], 24 ], [ [ 12, 12 ], 8 ], [ [ 12, 12 ], 8 ], [ [ 12, 12 ], 8 ], [ [ 12, 12 ], 8 ], [ [ 3, 3, 3, 3, 12 ], 8 ], [ [ 6, 6, 12 ], 8 ], [ [ 3, 3, 3, 3, 12 ], 8 ], [ [ 6, 6, 12 ], 8 ], [ [ 3, 3, 3, 3, 12 ], 8 ], [ [ 6, 6, 12 ], 8 ], [ [ 6, 6, 12 ], 8 ], [ [ 3, 3, 3, 3, 12 ], 8 ], [ [ 3, 3, 3, 3, 6, 6 ], 8 ], [ [ 3, 3, 3, 3, 6, 6 ], 8 ], [ [ 3, 3, 3, 3, 3, 3, 3, 3 ], 8 ], [ [ 6, 6, 6, 6 ], 8 ] ]
829|384|[ 384, 5625 ]|[ [ [ 1, 1, 1, 1, 1, 1, 1, 1, 1, 1, 1, 1, 1, 1, 1, 1, 1, 1, 1, 1, 1, 1, 1, 1 ], 1 ], [ [ 1, 1, 1, 1, 1, 1, 1, 1, 1, 1, 1, 1, 1, 1, 1, 1, 2, 2, 2, 2 ], 3 ], [ [ 1, 1, 1, 1, 1, 1, 1, 1, 2, 2, 2, 2, 2, 2, 2, 2 ], 3 ], [ [ 1, 1, 1, 1, 1, 1, 1, 1, 1, 1, 1, 1, 2, 2, 2, 2, 2, 2 ], 6 ], [ [ 1, 1, 1, 1, 1, 1, 1, 1, 1, 1, 1, 1, 2, 2, 2, 2, 2, 2 ], 2 ], [ [ 1, 1, 1, 1, 1, 1, 2, 2, 2, 4, 4, 4 ], 4 ], [ [ 1, 1, 1, 1, 1, 1, 2, 2, 2, 4, 4, 4 ], 12 ], [ [ 1, 1, 1, 1, 1, 1, 2, 2, 2, 4, 4, 4 ], 12 ], [ [ 1, 1, 1, 1, 1, 1, 2, 2, 2, 4, 4, 4 ], 4 ], [ [ 2, 2, 2, 2, 2, 2, 2, 2, 2, 2, 2, 2 ], 1 ], [ [ 2, 2, 2, 2, 2, 2, 2, 2, 2, 2, 2, 2 ], 6 ], [ [ 2, 2, 2, 2, 2, 2, 2, 2, 2, 2, 2, 2 ], 2 ], [ [ 2, 2, 2, 2, 2, 2, 2, 2, 2, 2, 2, 2 ], 6 ], [ [ 2, 2, 2, 2, 2, 2, 2, 2, 2, 2, 2, 2 ], 2 ], [ [ 2, 2, 2, 2, 2, 2, 2, 2, 2, 2, 2, 2 ], 24 ], [ [ 2, 2, 2, 2, 4, 4, 4, 4 ], 24 ], [ [ 2, 2, 2, 2, 2, 2, 2, 2, 4, 4 ], 24 ], [ [ 4, 4, 4, 4, 4, 4 ], 24 ], [ [ 4, 4, 4, 4, 4, 4 ], 24 ], [ [ 4, 4, 4, 4, 4, 4 ], 24 ], [ [ 4, 4, 4, 4, 4, 4 ], 24 ], [ [ 4, 4, 4, 4, 4, 4 ], 24 ], [ [ 6, 6, 6, 6 ], 16 ], [ [ 6, 6, 6, 6 ], 16 ], [ [ 3, 3, 6, 12 ], 16 ], [ [ 3, 3, 6, 12 ], 16 ], [ [ 3, 3, 3, 3, 6, 6 ], 8 ], [ [ 3, 3, 3, 3, 6, 6 ], 8 ], [ [ 6, 6, 6, 6 ], 8 ], [ [ 3, 3, 3, 3, 3, 3, 3, 3 ], 8 ], [ [ 3, 3, 6, 12 ], 16 ], [ [ 3, 3, 6, 12 ], 16 ] ]
830|384|[ 384, 20063 ]|[ [ [ 1, 1, 1, 1, 1, 1, 1, 1, 1, 1, 1, 1, 1, 1, 1, 1, 1, 1, 1, 1, 1, 1, 1, 1 ], 1 ], [ [ 1, 1, 1, 1, 1, 1, 1, 1, 1, 1, 1, 1, 1, 1, 1, 1, 2, 2, 2, 2 ], 3 ], [ [ 1, 1, 1, 1, 1, 1, 1, 1, 2, 2, 2, 2, 2, 2, 2, 2 ], 3 ], [ [ 1, 1, 1, 1, 1, 1, 1, 1, 2, 2, 2, 2, 2, 2, 2, 2 ], 6 ], [ [ 1, 1, 1, 1, 1, 1, 1, 1, 4, 4, 4, 4 ], 6 ], [ [ 1, 1, 1, 1, 1, 1, 1, 1, 1, 1, 1, 1, 2, 2, 2, 2, 2, 2 ], 6 ], [ [ 1, 1, 1, 1, 1, 1, 1, 1, 1, 1, 1, 1, 2, 2, 2, 2, 2, 2 ], 2 ], [ [ 1, 1, 1, 1, 2, 2, 4, 4, 4, 4 ], 12 ], [ [ 1, 1, 1, 1, 2, 2, 2, 2, 2, 2, 2, 2, 2, 2 ], 12 ], [ [ 2, 2, 2, 2, 2, 2, 2, 2, 2, 2, 2, 2 ], 1 ], [ [ 2, 2, 2, 2, 2, 2, 2, 2, 2, 2, 2, 2 ], 6 ], [ [ 2, 2, 2, 2, 4, 4, 4, 4 ], 6 ], [ [ 4, 4, 4, 4, 4, 4 ], 2 ], [ [ 4, 4, 4, 4, 4, 4 ], 6 ], [ [ 4, 4, 4, 4, 4, 4 ], 12 ], [ [ 2, 2, 2, 2, 2, 2, 2, 2, 4, 4 ], 12 ], [ [ 4, 4, 4, 4, 4, 4 ], 3 ], [ [ 4, 4, 4, 4, 4, 4 ], 3 ], [ [ 4, 4, 4, 4, 4, 4 ], 1 ], [ [ 2, 2, 2, 2, 2, 2, 2, 2, 4, 4 ], 6 ], [ [ 4, 4, 4, 4, 4, 4 ], 6 ], [ [ 4, 4, 4, 4, 4, 4 ], 1 ], [ [ 2, 2, 2, 2, 2, 2, 2, 2, 4, 4 ], 6 ], [ [ 4, 4, 4, 4, 4, 4 ], 6 ], [ [ 2, 2, 2, 2, 2, 2, 2, 2, 2, 2, 2, 2 ], 6 ], [ [ 2, 2, 2, 2, 2, 2, 2, 2, 2, 2, 2, 2 ], 2 ], [ [ 2, 2, 2, 2, 2, 2, 2, 2, 2, 2, 2, 2 ], 12 ], [ [ 2, 2, 2, 2, 4, 4, 4, 4 ], 12 ], [ [ 4, 4, 4, 4, 4, 4 ], 6 ], [ [ 4, 4, 4, 4, 4, 4 ], 2 ], [ [ 2, 2, 2, 2, 2, 2, 2, 2, 4, 4 ], 12 ], [ [ 4, 4, 4, 4, 4, 4 ], 12 ], [ [ 2, 2, 2, 2, 2, 2, 2, 2, 2, 2, 2, 2 ], 2 ], [ [ 2, 2, 2, 2, 2, 2, 2, 2, 2, 2, 2, 2 ], 6 ], [ [ 2, 2, 2, 2, 2, 2, 2, 2, 2, 2, 2, 2 ], 12 ], [ [ 2, 2, 2, 2, 4, 4, 4, 4 ], 12 ], [ [ 4, 4, 4, 4, 4, 4 ], 6 ], [ [ 4, 4, 4, 4, 4, 4 ], 2 ], [ [ 2, 2, 2, 2, 2, 2, 2, 2, 4, 4 ], 12 ], [ [ 4, 4, 4, 4, 4, 4 ], 12 ], [ [ 6, 6, 6, 6 ], 16 ], [ [ 12, 12 ], 16 ], [ [ 12, 12 ], 16 ], [ [ 6, 6, 6, 6 ], 16 ], [ [ 12, 12 ], 16 ], [ [ 12, 12 ], 8 ], [ [ 12, 12 ], 8 ], [ [ 3, 3, 3, 3, 6, 6 ], 16 ], [ [ 3, 3, 3, 3, 3, 3, 3, 3 ], 8 ], [ [ 6, 6, 6, 6 ], 8 ] ]
831|384|[ 384, 5655 ]|[ [ [ 1, 1, 1, 1, 1, 1, 1, 1, 1, 1, 1, 1, 1, 1, 1, 1, 1, 1, 1, 1, 1, 1, 1, 1 ], 1 ], [ [ 1, 1, 1, 1, 1, 1, 1, 1, 1, 1, 1, 1, 1, 1, 1, 1, 2, 2, 2, 2 ], 3 ], [ [ 1, 1, 1, 1, 1, 1, 1, 1, 2, 2, 2, 2, 2, 2, 2, 2 ], 3 ], [ [ 1, 1, 1, 1, 1, 1, 1, 1, 1, 1, 1, 1, 2, 2, 2, 2, 2, 2 ], 4 ], [ [ 1, 1, 1, 1, 1, 1, 1, 1, 1, 1, 1, 1, 2, 2, 2, 2, 2, 2 ], 4 ], [ [ 1, 1, 1, 1, 2, 2, 2, 2, 2, 2, 2, 2, 2, 2 ], 12 ], [ [ 1, 1, 1, 1, 2, 2, 2, 2, 2, 2, 2, 2, 2, 2 ], 12 ], [ [ 1, 1, 1, 1, 2, 2, 4, 4, 4, 4 ], 12 ], [ [ 1, 1, 1, 1, 2, 2, 4, 4, 4, 4 ], 12 ], [ [ 2, 2, 2, 2, 2, 2, 2, 2, 2, 2, 2, 2 ], 1 ], [ [ 2, 2, 2, 2, 2, 2, 4, 4, 4 ], 24 ], [ [ 2, 2, 2, 2, 2, 2, 4, 4, 4 ], 24 ], [ [ 2, 2, 2, 2, 2, 2, 4, 4, 4 ], 24 ], [ [ 2, 2, 2, 2, 2, 2, 4, 4, 4 ], 24 ], [ [ 2, 2, 4, 8, 8 ], 24 ], [ [ 2, 2, 4, 8, 8 ], 24 ], [ [ 2, 2, 4, 8, 8 ], 24 ], [ [ 2, 2, 4, 8, 8 ], 24 ], [ [ 3, 3, 3, 3, 3, 3, 3, 3 ], 32 ], [ [ 6, 6, 6, 6 ], 32 ], [ [ 3, 3, 3, 3, 6, 6 ], 32 ], [ [ 3, 3, 3, 3, 6, 6 ], 32 ] ]
832|384|[ 384, 5573 ]|[ [ [ 1, 1, 1, 1, 1, 1, 1, 1, 1, 1, 1, 1, 1, 1, 1, 1, 1, 1, 1, 1, 1, 1, 1, 1 ], 1 ], [ [ 1, 1, 1, 1, 1, 1, 1, 1, 1, 1, 1, 1, 1, 1, 1, 1, 2, 2, 2, 2 ], 3 ], [ [ 1, 1, 1, 1, 1, 1, 1, 1, 2, 2, 2, 2, 2, 2, 2, 2 ], 3 ], [ [ 1, 1, 1, 1, 1, 1, 1, 1, 1, 1, 1, 1, 2, 2, 2, 2, 2, 2 ], 12 ], [ [ 1, 1, 1, 1, 2, 2, 2, 2, 2, 2, 2, 2, 2, 2 ], 12 ], [ [ 1, 1, 1, 1, 2, 2, 2, 2, 2, 2, 4, 4 ], 12 ], [ [ 1, 1, 1, 1, 2, 2, 2, 2, 2, 2, 4, 4 ], 12 ], [ [ 2, 2, 2, 2, 2, 2, 2, 2, 2, 2, 2, 2 ], 1 ], [ [ 2, 2, 2, 2, 2, 2, 2, 2, 2, 2, 2, 2 ], 24 ], [ [ 2, 2, 2, 2, 4, 4, 4, 4 ], 24 ], [ [ 2, 2, 2, 2, 4, 4, 4, 4 ], 24 ], [ [ 2, 2, 2, 2, 2, 2, 2, 2, 2, 2, 2, 2 ], 24 ], [ [ 2, 2, 4, 4, 4, 8 ], 24 ], [ [ 2, 2, 4, 4, 4, 8 ], 24 ], [ [ 2, 2, 4, 4, 4, 8 ], 24 ], [ [ 2, 2, 4, 4, 4, 8 ], 24 ], [ [ 4, 4, 4, 4, 4, 4 ], 8 ], [ [ 12, 12 ], 32 ], [ [ 12, 12 ], 32 ], [ [ 3, 3, 3, 3, 3, 3, 3, 3 ], 32 ], [ [ 6, 6, 6, 6 ], 32 ] ]
833|384|[ 384, 5572 ]|[ [ [ 1, 1, 1, 1, 1, 1, 1, 1, 1, 1, 1, 1, 1, 1, 1, 1, 1, 1, 1, 1, 1, 1, 1, 1 ], 1 ], [ [ 1, 1, 1, 1, 1, 1, 1, 1, 1, 1, 1, 1, 1, 1, 1, 1, 2, 2, 2, 2 ], 3 ], [ [ 1, 1, 1, 1, 1, 1, 1, 1, 2, 2, 2, 2, 2, 2, 2, 2 ], 3 ], [ [ 1, 1, 1, 1, 1, 1, 1, 1, 2, 2, 2, 2, 2, 2, 2, 2 ], 24 ], [ [ 1, 1, 1, 1, 2, 2, 2, 2, 2, 2, 4, 4 ], 12 ], [ [ 1, 1, 1, 1, 2, 2, 2, 2, 2, 2, 4, 4 ], 12 ], [ [ 2, 2, 2, 2, 2, 2, 2, 2, 2, 2, 2, 2 ], 1 ], [ [ 2, 2, 2, 2, 4, 4, 4, 4 ], 24 ], [ [ 2, 2, 2, 2, 2, 2, 2, 2, 2, 2, 2, 2 ], 24 ], [ [ 4, 4, 4, 4, 4, 4 ], 24 ], [ [ 2, 2, 2, 2, 2, 2, 2, 2, 4, 4 ], 24 ], [ [ 2, 2, 4, 4, 4, 8 ], 24 ], [ [ 2, 2, 4, 4, 4, 8 ], 24 ], [ [ 2, 2, 4, 4, 4, 8 ], 24 ], [ [ 2, 2, 4, 4, 4, 8 ], 24 ], [ [ 4, 4, 4, 4, 4, 4 ], 4 ], [ [ 4, 4, 4, 4, 4, 4 ], 4 ], [ [ 12, 12 ], 32 ], [ [ 12, 12 ], 32 ], [ [ 3, 3, 3, 3, 3, 3, 3, 3 ], 32 ], [ [ 6, 6, 6, 6 ], 32 ] ]
834|384|[ 384, 5571 ]|[ [ [ 1, 1, 1, 1, 1, 1, 1, 1, 1, 1, 1, 1, 1, 1, 1, 1, 1, 1, 1, 1, 1, 1, 1, 1 ], 1 ], [ [ 1, 1, 1, 1, 1, 1, 1, 1, 1, 1, 1, 1, 1, 1, 1, 1, 2, 2, 2, 2 ], 3 ], [ [ 1, 1, 1, 1, 1, 1, 1, 1, 2, 2, 2, 2, 2, 2, 2, 2 ], 3 ], [ [ 1, 1, 1, 1, 1, 1, 1, 1, 1, 1, 1, 1, 2, 2, 2, 2, 2, 2 ], 12 ], [ [ 1, 1, 1, 1, 2, 2, 2, 2, 2, 2, 2, 2, 2, 2 ], 12 ], [ [ 1, 1, 1, 1, 2, 2, 2, 2, 2, 2, 4, 4 ], 12 ], [ [ 1, 1, 1, 1, 2, 2, 2, 2, 2, 2, 4, 4 ], 12 ], [ [ 2, 2, 2, 2, 2, 2, 2, 2, 2, 2, 2, 2 ], 1 ], [ [ 4, 4, 4, 4, 4, 4 ], 24 ], [ [ 2, 2, 2, 2, 2, 2, 2, 2, 4, 4 ], 24 ], [ [ 2, 2, 2, 2, 2, 2, 2, 2, 4, 4 ], 24 ], [ [ 4, 4, 4, 4, 4, 4 ], 24 ], [ [ 2, 2, 4, 4, 4, 8 ], 24 ], [ [ 2, 2, 4, 4, 4, 8 ], 24 ], [ [ 2, 2, 4, 4, 4, 8 ], 24 ], [ [ 2, 2, 4, 4, 4, 8 ], 24 ], [ [ 4, 4, 4, 4, 4, 4 ], 8 ], [ [ 12, 12 ], 32 ], [ [ 12, 12 ], 32 ], [ [ 3, 3, 3, 3, 3, 3, 3, 3 ], 32 ], [ [ 6, 6, 6, 6 ], 32 ] ]
835|384|[ 384, 5557 ]|[ [ [ 1, 1, 1, 1, 1, 1, 1, 1, 1, 1, 1, 1, 1, 1, 1, 1, 1, 1, 1, 1, 1, 1, 1, 1 ], 1 ], [ [ 1, 1, 1, 1, 1, 1, 1, 1, 1, 1, 1, 1, 1, 1, 1, 1, 2, 2, 2, 2 ], 3 ], [ [ 1, 1, 1, 1, 1, 1, 1, 1, 2, 2, 2, 2, 2, 2, 2, 2 ], 3 ], [ [ 1, 1, 1, 1, 1, 1, 1, 1, 4, 4, 4, 4 ], 3 ], [ [ 1, 1, 1, 1, 1, 1, 1, 1, 4, 4, 4, 4 ], 6 ], [ [ 1, 1, 1, 1, 1, 1, 1, 1, 4, 4, 4, 4 ], 3 ], [ [ 1, 1, 1, 1, 1, 1, 1, 1, 2, 2, 2, 2, 4, 4 ], 6 ], [ [ 1, 1, 1, 1, 1, 1, 1, 1, 2, 2, 2, 2, 4, 4 ], 6 ], [ [ 1, 1, 1, 1, 1, 1, 1, 1, 2, 2, 2, 2, 4, 4 ], 3 ], [ [ 1, 1, 1, 1, 1, 1, 1, 1, 2, 2, 2, 2, 4, 4 ], 3 ], [ [ 1, 1, 1, 1, 1, 1, 1, 1, 2, 2, 2, 2, 4, 4 ], 3 ], [ [ 1, 1, 1, 1, 1, 1, 1, 1, 2, 2, 2, 2, 4, 4 ], 3 ], [ [ 2, 2, 2, 2, 2, 2, 2, 2, 2, 2, 2, 2 ], 1 ], [ [ 2, 2, 2, 2, 4, 4, 4, 4 ], 3 ], [ [ 2, 2, 2, 2, 4, 4, 4, 4 ], 6 ], [ [ 2, 2, 2, 2, 4, 4, 4, 4 ], 3 ], [ [ 2, 2, 2, 2, 2, 2, 2, 2, 2, 2, 2, 2 ], 12 ], [ [ 2, 2, 2, 2, 4, 4, 4, 4 ], 12 ], [ [ 2, 2, 2, 2, 4, 4, 4, 4 ], 12 ], [ [ 2, 2, 2, 2, 2, 2, 2, 2, 2, 2, 2, 2 ], 12 ], [ [ 4, 4, 8, 8 ], 12 ], [ [ 4, 4, 8, 8 ], 12 ], [ [ 4, 4, 8, 8 ], 12 ], [ [ 4, 4, 8, 8 ], 12 ], [ [ 4, 4, 4, 4, 4, 4 ], 3 ], [ [ 4, 4, 4, 4, 4, 4 ], 3 ], [ [ 4, 4, 4, 4, 4, 4 ], 1 ], [ [ 4, 4, 4, 4, 4, 4 ], 1 ], [ [ 2, 2, 2, 2, 8, 8 ], 12 ], [ [ 2, 2, 2, 2, 8, 8 ], 12 ], [ [ 2, 2, 2, 2, 8, 8 ], 12 ], [ [ 2, 2, 2, 2, 8, 8 ], 12 ], [ [ 2, 2, 2, 2, 2, 2, 2, 2, 4, 4 ], 12 ], [ [ 4, 4, 4, 4, 4, 4 ], 12 ], [ [ 4, 4, 4, 4, 4, 4 ], 12 ], [ [ 2, 2, 2, 2, 2, 2, 2, 2, 4, 4 ], 12 ], [ [ 12, 12 ], 32 ], [ [ 12, 12 ], 32 ], [ [ 6, 6, 6, 6 ], 32 ], [ [ 3, 3, 3, 3, 3, 3, 3, 3 ], 32 ] ]
836|384|[ 384, 5566 ]|[ [ [ 1, 1, 1, 1, 1, 1, 1, 1, 1, 1, 1, 1, 1, 1, 1, 1, 1, 1, 1, 1, 1, 1, 1, 1 ], 1 ], [ [ 1, 1, 1, 1, 1, 1, 1, 1, 1, 1, 1, 1, 1, 1, 1, 1, 2, 2, 2, 2 ], 3 ], [ [ 1, 1, 1, 1, 1, 1, 1, 1, 2, 2, 2, 2, 2, 2, 2, 2 ], 3 ], [ [ 1, 1, 1, 1, 1, 1, 1, 1, 2, 2, 2, 2, 2, 2, 2, 2 ], 6 ], [ [ 1, 1, 1, 1, 1, 1, 1, 1, 2, 2, 2, 2, 2, 2, 2, 2 ], 6 ], [ [ 1, 1, 1, 1, 1, 1, 1, 1, 2, 2, 2, 2, 4, 4 ], 12 ], [ [ 1, 1, 1, 1, 1, 1, 1, 1, 2, 2, 2, 2, 4, 4 ], 12 ], [ [ 2, 2, 2, 2, 2, 2, 2, 2, 2, 2, 2, 2 ], 1 ], [ [ 2, 2, 2, 2, 2, 2, 2, 2, 2, 2, 2, 2 ], 6 ], [ [ 2, 2, 2, 2, 2, 2, 2, 2, 2, 2, 2, 2 ], 6 ], [ [ 4, 4, 4, 4, 4, 4 ], 24 ], [ [ 4, 4, 4, 4, 4, 4 ], 24 ], [ [ 2, 2, 2, 2, 2, 2, 2, 2, 4, 4 ], 12 ], [ [ 4, 4, 4, 4, 4, 4 ], 12 ], [ [ 2, 2, 2, 2, 2, 2, 2, 2, 4, 4 ], 12 ], [ [ 4, 4, 4, 4, 4, 4 ], 12 ], [ [ 4, 4, 4, 4, 4, 4 ], 4 ], [ [ 4, 4, 4, 4, 4, 4 ], 4 ], [ [ 2, 2, 2, 2, 2, 2, 2, 2, 2, 2, 2, 2 ], 12 ], [ [ 2, 2, 2, 2, 4, 4, 4, 4 ], 12 ], [ [ 2, 2, 2, 2, 4, 4, 4, 4 ], 12 ], [ [ 2, 2, 2, 2, 2, 2, 2, 2, 2, 2, 2, 2 ], 12 ], [ [ 4, 4, 4, 4, 4, 4 ], 24 ], [ [ 4, 4, 4, 4, 4, 4 ], 24 ], [ [ 6, 6, 6, 6 ], 32 ], [ [ 3, 3, 3, 3, 3, 3, 3, 3 ], 32 ], [ [ 12, 12 ], 32 ], [ [ 12, 12 ], 32 ] ]
837|384|[ 384, 5558 ]|[ [ [ 1, 1, 1, 1, 1, 1, 1, 1, 1, 1, 1, 1, 1, 1, 1, 1, 1, 1, 1, 1, 1, 1, 1, 1 ], 1 ], [ [ 1, 1, 1, 1, 1, 1, 1, 1, 1, 1, 1, 1, 1, 1, 1, 1, 2, 2, 2, 2 ], 3 ], [ [ 1, 1, 1, 1, 1, 1, 1, 1, 2, 2, 2, 2, 2, 2, 2, 2 ], 3 ], [ [ 1, 1, 1, 1, 1, 1, 1, 1, 4, 4, 4, 4 ], 3 ], [ [ 1, 1, 1, 1, 1, 1, 1, 1, 4, 4, 4, 4 ], 6 ], [ [ 1, 1, 1, 1, 1, 1, 1, 1, 4, 4, 4, 4 ], 3 ], [ [ 1, 1, 1, 1, 1, 1, 1, 1, 2, 2, 2, 2, 4, 4 ], 6 ], [ [ 1, 1, 1, 1, 1, 1, 1, 1, 2, 2, 2, 2, 4, 4 ], 6 ], [ [ 1, 1, 1, 1, 1, 1, 1, 1, 2, 2, 2, 2, 4, 4 ], 6 ], [ [ 1, 1, 1, 1, 1, 1, 1, 1, 2, 2, 2, 2, 4, 4 ], 6 ], [ [ 2, 2, 2, 2, 2, 2, 2, 2, 2, 2, 2, 2 ], 1 ], [ [ 2, 2, 2, 2, 4, 4, 4, 4 ], 3 ], [ [ 2, 2, 2, 2, 4, 4, 4, 4 ], 6 ], [ [ 2, 2, 2, 2, 4, 4, 4, 4 ], 3 ], [ [ 2, 2, 2, 2, 2, 2, 2, 2, 2, 2, 2, 2 ], 24 ], [ [ 2, 2, 2, 2, 4, 4, 4, 4 ], 24 ], [ [ 4, 4, 8, 8 ], 24 ], [ [ 4, 4, 8, 8 ], 24 ], [ [ 4, 4, 4, 4, 4, 4 ], 6 ], [ [ 4, 4, 4, 4, 4, 4 ], 2 ], [ [ 2, 2, 2, 2, 2, 2, 2, 2, 2, 2, 2, 2 ], 24 ], [ [ 2, 2, 2, 2, 4, 4, 4, 4 ], 24 ], [ [ 4, 4, 8, 8 ], 24 ], [ [ 4, 4, 8, 8 ], 24 ], [ [ 12, 12 ], 32 ], [ [ 12, 12 ], 32 ], [ [ 6, 6, 6, 6 ], 32 ], [ [ 3, 3, 3, 3, 3, 3, 3, 3 ], 32 ] ]
838|384|[ 384, 5660 ]|[ [ [ 1, 1, 1, 1, 1, 1, 1, 1, 1, 1, 1, 1, 1, 1, 1, 1, 1, 1, 1, 1, 1, 1, 1, 1 ], 1 ], [ [ 1, 1, 1, 1, 1, 1, 1, 1, 1, 1, 1, 1, 1, 1, 1, 1, 2, 2, 2, 2 ], 3 ], [ [ 1, 1, 1, 1, 1, 1, 1, 1, 2, 2, 2, 2, 2, 2, 2, 2 ], 3 ], [ [ 1, 1, 1, 1, 1, 1, 1, 1, 4, 4, 4, 4 ], 6 ], [ [ 1, 1, 1, 1, 1, 1, 1, 1, 4, 4, 4, 4 ], 6 ], [ [ 1, 1, 1, 1, 1, 1, 1, 1, 2, 2, 2, 2, 2, 2, 2, 2 ], 24 ], [ [ 2, 2, 2, 2, 2, 2, 2, 2, 2, 2, 2, 2 ], 1 ], [ [ 2, 2, 2, 2, 4, 4, 4, 4 ], 6 ], [ [ 2, 2, 2, 2, 4, 4, 4, 4 ], 6 ], [ [ 2, 2, 2, 2, 2, 2, 2, 2, 4, 4 ], 24 ], [ [ 4, 4, 4, 4, 4, 4 ], 24 ], [ [ 4, 4, 8, 8 ], 24 ], [ [ 4, 4, 8, 8 ], 24 ], [ [ 2, 2, 2, 2, 2, 2, 2, 2, 2, 2, 2, 2 ], 8 ], [ [ 2, 2, 2, 2, 2, 2, 2, 2, 2, 2, 2, 2 ], 24 ], [ [ 2, 2, 2, 2, 4, 4, 4, 4 ], 24 ], [ [ 4, 4, 8, 8 ], 24 ], [ [ 4, 4, 8, 8 ], 24 ], [ [ 6, 6, 6, 6 ], 32 ], [ [ 6, 6, 6, 6 ], 32 ], [ [ 6, 6, 6, 6 ], 32 ], [ [ 3, 3, 3, 3, 3, 3, 3, 3 ], 32 ] ]
839|384|[ 384, 20099 ]|[ [ [ 1, 1, 1, 1, 1, 1, 1, 1, 1, 1, 1, 1, 1, 1, 1, 1, 1, 1, 1, 1, 1, 1, 1, 1 ], 1 ], [ [ 1, 1, 1, 1, 1, 1, 1, 1, 1, 1, 1, 1, 1, 1, 1, 1, 2, 2, 2, 2 ], 3 ], [ [ 1, 1, 1, 1, 1, 1, 1, 1, 1, 1, 1, 1, 1, 1, 1, 1, 2, 2, 2, 2 ], 3 ], [ [ 1, 1, 1, 1, 1, 1, 1, 1, 1, 1, 1, 1, 1, 1, 1, 1, 2, 2, 2, 2 ], 3 ], [ [ 1, 1, 1, 1, 1, 1, 1, 1, 2, 2, 2, 2, 2, 2, 2, 2 ], 3 ], [ [ 1, 1, 1, 1, 1, 1, 1, 1, 2, 2, 2, 2, 2, 2, 2, 2 ], 6 ], [ [ 1, 1, 1, 1, 1, 1, 1, 1, 2, 2, 2, 2, 2, 2, 2, 2 ], 6 ], [ [ 1, 1, 1, 1, 1, 1, 1, 1, 2, 2, 2, 2, 2, 2, 2, 2 ], 6 ], [ [ 1, 1, 1, 1, 1, 1, 1, 1, 2, 2, 2, 2, 2, 2, 2, 2 ], 3 ], [ [ 1, 1, 1, 1, 1, 1, 1, 1, 2, 2, 2, 2, 2, 2, 2, 2 ], 3 ], [ [ 2, 2, 2, 2, 2, 2, 2, 2, 2, 2, 2, 2 ], 1 ], [ [ 2, 2, 2, 2, 2, 2, 2, 2, 2, 2, 2, 2 ], 3 ], [ [ 2, 2, 2, 2, 2, 2, 2, 2, 2, 2, 2, 2 ], 3 ], [ [ 2, 2, 2, 2, 2, 2, 2, 2, 2, 2, 2, 2 ], 6 ], [ [ 2, 2, 2, 2, 2, 2, 2, 2, 2, 2, 2, 2 ], 3 ], [ [ 2, 2, 2, 2, 2, 2, 2, 2, 2, 2, 2, 2 ], 3 ], [ [ 2, 2, 2, 2, 2, 2, 2, 2, 4, 4 ], 12 ], [ [ 4, 4, 4, 4, 4, 4 ], 12 ], [ [ 4, 4, 4, 4, 4, 4 ], 12 ], [ [ 4, 4, 4, 4, 4, 4 ], 12 ], [ [ 2, 2, 2, 2, 2, 2, 2, 2, 4, 4 ], 12 ], [ [ 4, 4, 4, 4, 4, 4 ], 12 ], [ [ 4, 4, 4, 4, 4, 4 ], 12 ], [ [ 4, 4, 4, 4, 4, 4 ], 12 ], [ [ 2, 2, 2, 2, 2, 2, 2, 2, 2, 2, 2, 2 ], 3 ], [ [ 2, 2, 2, 2, 2, 2, 2, 2, 2, 2, 2, 2 ], 1 ], [ [ 2, 2, 2, 2, 2, 2, 2, 2, 2, 2, 2, 2 ], 3 ], [ [ 2, 2, 2, 2, 2, 2, 2, 2, 2, 2, 2, 2 ], 1 ], [ [ 2, 2, 2, 2, 2, 2, 2, 2, 4, 4 ], 12 ], [ [ 4, 4, 4, 4, 4, 4 ], 12 ], [ [ 4, 4, 4, 4, 4, 4 ], 12 ], [ [ 4, 4, 4, 4, 4, 4 ], 12 ], [ [ 2, 2, 2, 2, 2, 2, 2, 2, 4, 4 ], 12 ], [ [ 4, 4, 4, 4, 4, 4 ], 12 ], [ [ 4, 4, 4, 4, 4, 4 ], 12 ], [ [ 4, 4, 4, 4, 4, 4 ], 12 ], [ [ 6, 6, 6, 6 ], 32 ], [ [ 6, 6, 6, 6 ], 32 ], [ [ 3, 3, 3, 3, 3, 3, 3, 3 ], 32 ], [ [ 6, 6, 6, 6 ], 32 ] ]
840|384|[ 384, 5659 ]|[ [ [ 1, 1, 1, 1, 1, 1, 1, 1, 1, 1, 1, 1, 1, 1, 1, 1, 1, 1, 1, 1, 1, 1, 1, 1 ], 1 ], [ [ 1, 1, 1, 1, 1, 1, 1, 1, 1, 1, 1, 1, 1, 1, 1, 1, 2, 2, 2, 2 ], 3 ], [ [ 1, 1, 1, 1, 1, 1, 1, 1, 2, 2, 2, 2, 2, 2, 2, 2 ], 3 ], [ [ 1, 1, 1, 1, 1, 1, 1, 1, 4, 4, 4, 4 ], 6 ], [ [ 1, 1, 1, 1, 1, 1, 1, 1, 4, 4, 4, 4 ], 6 ], [ [ 1, 1, 1, 1, 1, 1, 1, 1, 2, 2, 2, 2, 2, 2, 2, 2 ], 12 ], [ [ 1, 1, 1, 1, 1, 1, 1, 1, 2, 2, 2, 2, 2, 2, 2, 2 ], 12 ], [ [ 2, 2, 2, 2, 2, 2, 2, 2, 2, 2, 2, 2 ], 1 ], [ [ 2, 2, 2, 2, 4, 4, 4, 4 ], 6 ], [ [ 2, 2, 2, 2, 4, 4, 4, 4 ], 6 ], [ [ 2, 2, 2, 2, 8, 8 ], 24 ], [ [ 2, 2, 2, 2, 8, 8 ], 24 ], [ [ 2, 2, 2, 2, 2, 2, 2, 2, 4, 4 ], 12 ], [ [ 4, 4, 4, 4, 4, 4 ], 12 ], [ [ 2, 2, 2, 2, 2, 2, 2, 2, 4, 4 ], 12 ], [ [ 4, 4, 4, 4, 4, 4 ], 12 ], [ [ 2, 2, 2, 2, 2, 2, 2, 2, 2, 2, 2, 2 ], 4 ], [ [ 2, 2, 2, 2, 2, 2, 2, 2, 2, 2, 2, 2 ], 4 ], [ [ 4, 4, 8, 8 ], 24 ], [ [ 4, 4, 8, 8 ], 24 ], [ [ 2, 2, 2, 2, 2, 2, 2, 2, 4, 4 ], 12 ], [ [ 4, 4, 4, 4, 4, 4 ], 12 ], [ [ 2, 2, 2, 2, 2, 2, 2, 2, 4, 4 ], 12 ], [ [ 4, 4, 4, 4, 4, 4 ], 12 ], [ [ 6, 6, 6, 6 ], 32 ], [ [ 6, 6, 6, 6 ], 32 ], [ [ 6, 6, 6, 6 ], 32 ], [ [ 3, 3, 3, 3, 3, 3, 3, 3 ], 32 ] ]
841|384|[ 384, 5556 ]|[ [ [ 1, 1, 1, 1, 1, 1, 1, 1, 1, 1, 1, 1, 1, 1, 1, 1, 1, 1, 1, 1, 1, 1, 1, 1 ], 1 ], [ [ 1, 1, 1, 1, 1, 1, 1, 1, 1, 1, 1, 1, 1, 1, 1, 1, 2, 2, 2, 2 ], 3 ], [ [ 1, 1, 1, 1, 1, 1, 1, 1, 1, 1, 1, 1, 1, 1, 1, 1, 4, 4 ], 6 ], [ [ 1, 1, 1, 1, 1, 1, 1, 1, 2, 2, 2, 2, 2, 2, 2, 2 ], 3 ], [ [ 1, 1, 1, 1, 1, 1, 1, 1, 2, 2, 2, 2, 4, 4 ], 6 ], [ [ 1, 1, 1, 1, 1, 1, 1, 1, 2, 2, 2, 2, 4, 4 ], 6 ], [ [ 1, 1, 1, 1, 1, 1, 1, 1, 4, 4, 4, 4 ], 3 ], [ [ 1, 1, 1, 1, 1, 1, 1, 1, 4, 4, 4, 4 ], 6 ], [ [ 1, 1, 1, 1, 1, 1, 1, 1, 4, 4, 4, 4 ], 3 ], [ [ 2, 2, 2, 2, 2, 2, 2, 2, 2, 2, 2, 2 ], 1 ], [ [ 2, 2, 2, 2, 2, 2, 2, 2, 4, 4 ], 6 ], [ [ 2, 2, 2, 2, 4, 4, 4, 4 ], 3 ], [ [ 2, 2, 2, 2, 4, 4, 4, 4 ], 6 ], [ [ 2, 2, 2, 2, 4, 4, 4, 4 ], 3 ], [ [ 2, 2, 2, 2, 2, 2, 2, 2, 4, 4 ], 24 ], [ [ 4, 4, 4, 4, 4, 4 ], 24 ], [ [ 4, 4, 8, 8 ], 24 ], [ [ 4, 4, 8, 8 ], 24 ], [ [ 4, 4, 4, 4, 4, 4 ], 6 ], [ [ 4, 4, 4, 4, 4, 4 ], 2 ], [ [ 2, 2, 2, 2, 2, 2, 2, 2, 4, 4 ], 24 ], [ [ 4, 4, 4, 4, 4, 4 ], 24 ], [ [ 4, 4, 8, 8 ], 24 ], [ [ 4, 4, 8, 8 ], 24 ], [ [ 12, 12 ], 32 ], [ [ 12, 12 ], 32 ], [ [ 6, 6, 6, 6 ], 32 ], [ [ 3, 3, 3, 3, 3, 3, 3, 3 ], 32 ] ]
842|384|[ 384, 5556 ]|[ [ [ 1, 1, 1, 1, 1, 1, 1, 1, 1, 1, 1, 1, 1, 1, 1, 1, 1, 1, 1, 1, 1, 1, 1, 1 ], 1 ], [ [ 1, 1, 1, 1, 1, 1, 1, 1, 1, 1, 1, 1, 1, 1, 1, 1, 2, 2, 2, 2 ], 3 ], [ [ 1, 1, 1, 1, 1, 1, 1, 1, 2, 2, 2, 2, 2, 2, 2, 2 ], 3 ], [ [ 1, 1, 1, 1, 1, 1, 1, 1, 4, 4, 4, 4 ], 3 ], [ [ 1, 1, 1, 1, 1, 1, 1, 1, 4, 4, 4, 4 ], 6 ], [ [ 1, 1, 1, 1, 1, 1, 1, 1, 4, 4, 4, 4 ], 3 ], [ [ 1, 1, 1, 1, 1, 1, 1, 1, 2, 2, 2, 2, 4, 4 ], 6 ], [ [ 1, 1, 1, 1, 1, 1, 1, 1, 2, 2, 2, 2, 4, 4 ], 6 ], [ [ 1, 1, 1, 1, 1, 1, 1, 1, 2, 2, 2, 2, 4, 4 ], 6 ], [ [ 1, 1, 1, 1, 1, 1, 1, 1, 2, 2, 2, 2, 4, 4 ], 6 ], [ [ 2, 2, 2, 2, 2, 2, 2, 2, 2, 2, 2, 2 ], 1 ], [ [ 2, 2, 2, 2, 4, 4, 4, 4 ], 3 ], [ [ 2, 2, 2, 2, 4, 4, 4, 4 ], 6 ], [ [ 2, 2, 2, 2, 4, 4, 4, 4 ], 3 ], [ [ 2, 2, 2, 2, 8, 8 ], 24 ], [ [ 2, 2, 2, 2, 8, 8 ], 24 ], [ [ 2, 2, 2, 2, 2, 2, 2, 2, 4, 4 ], 24 ], [ [ 4, 4, 4, 4, 4, 4 ], 24 ], [ [ 4, 4, 4, 4, 4, 4 ], 6 ], [ [ 4, 4, 4, 4, 4, 4 ], 2 ], [ [ 2, 2, 2, 2, 8, 8 ], 24 ], [ [ 2, 2, 2, 2, 8, 8 ], 24 ], [ [ 2, 2, 2, 2, 2, 2, 2, 2, 4, 4 ], 24 ], [ [ 4, 4, 4, 4, 4, 4 ], 24 ], [ [ 12, 12 ], 32 ], [ [ 12, 12 ], 32 ], [ [ 6, 6, 6, 6 ], 32 ], [ [ 3, 3, 3, 3, 3, 3, 3, 3 ], 32 ] ]
843|384|[ 384, 5565 ]|[ [ [ 1, 1, 1, 1, 1, 1, 1, 1, 1, 1, 1, 1, 1, 1, 1, 1, 1, 1, 1, 1, 1, 1, 1, 1 ], 1 ], [ [ 1, 1, 1, 1, 1, 1, 1, 1, 1, 1, 1, 1, 1, 1, 1, 1, 2, 2, 2, 2 ], 3 ], [ [ 1, 1, 1, 1, 1, 1, 1, 1, 2, 2, 2, 2, 2, 2, 2, 2 ], 3 ], [ [ 1, 1, 1, 1, 1, 1, 1, 1, 2, 2, 2, 2, 2, 2, 2, 2 ], 6 ], [ [ 1, 1, 1, 1, 1, 1, 1, 1, 2, 2, 2, 2, 2, 2, 2, 2 ], 6 ], [ [ 1, 1, 1, 1, 1, 1, 1, 1, 2, 2, 2, 2, 4, 4 ], 24 ], [ [ 2, 2, 2, 2, 2, 2, 2, 2, 2, 2, 2, 2 ], 1 ], [ [ 2, 2, 2, 2, 2, 2, 2, 2, 2, 2, 2, 2 ], 6 ], [ [ 2, 2, 2, 2, 2, 2, 2, 2, 2, 2, 2, 2 ], 6 ], [ [ 2, 2, 2, 2, 4, 4, 4, 4 ], 24 ], [ [ 2, 2, 2, 2, 4, 4, 4, 4 ], 24 ], [ [ 2, 2, 2, 2, 2, 2, 2, 2, 4, 4 ], 24 ], [ [ 4, 4, 4, 4, 4, 4 ], 24 ], [ [ 4, 4, 4, 4, 4, 4 ], 8 ], [ [ 4, 4, 4, 4, 4, 4 ], 24 ], [ [ 2, 2, 2, 2, 2, 2, 2, 2, 4, 4 ], 24 ], [ [ 4, 4, 4, 4, 4, 4 ], 24 ], [ [ 4, 4, 4, 4, 4, 4 ], 24 ], [ [ 6, 6, 6, 6 ], 32 ], [ [ 3, 3, 3, 3, 3, 3, 3, 3 ], 32 ], [ [ 12, 12 ], 32 ], [ [ 12, 12 ], 32 ] ]
844|384|[ 384, 5573 ]|[ [ [ 1, 1, 1, 1, 1, 1, 1, 1, 1, 1, 1, 1, 1, 1, 1, 1, 1, 1, 1, 1, 1, 1, 1, 1 ], 1 ], [ [ 1, 1, 1, 1, 1, 1, 1, 1, 1, 1, 1, 1, 1, 1, 1, 1, 2, 2, 2, 2 ], 3 ], [ [ 1, 1, 1, 1, 1, 1, 1, 1, 2, 2, 2, 2, 2, 2, 2, 2 ], 3 ], [ [ 1, 1, 1, 1, 1, 1, 1, 1, 2, 2, 2, 2, 2, 2, 2, 2 ], 12 ], [ [ 1, 1, 2, 2, 2, 2, 2, 2, 2, 2, 2, 2, 2 ], 24 ], [ [ 1, 1, 2, 2, 2, 4, 4, 4, 4 ], 24 ], [ [ 1, 1, 2, 2, 2, 4, 4, 4, 4 ], 24 ], [ [ 1, 1, 2, 2, 2, 2, 2, 2, 2, 2, 2, 2, 2 ], 24 ], [ [ 2, 2, 2, 2, 2, 2, 2, 2, 2, 2, 2, 2 ], 1 ], [ [ 2, 2, 2, 2, 2, 2, 2, 2, 2, 2, 2, 2 ], 12 ], [ [ 2, 2, 2, 2, 2, 2, 2, 2, 4, 4 ], 12 ], [ [ 2, 2, 2, 2, 2, 2, 2, 2, 4, 4 ], 12 ], [ [ 4, 4, 4, 4, 8 ], 24 ], [ [ 4, 4, 4, 4, 8 ], 24 ], [ [ 4, 4, 4, 4, 8 ], 24 ], [ [ 4, 4, 4, 4, 8 ], 24 ], [ [ 4, 4, 4, 4, 4, 4 ], 8 ], [ [ 12, 12 ], 32 ], [ [ 12, 12 ], 32 ], [ [ 3, 3, 3, 3, 3, 3, 3, 3 ], 32 ], [ [ 6, 6, 6, 6 ], 32 ] ]
845|384|[ 384, 5564 ]|[ [ [ 1, 1, 1, 1, 1, 1, 1, 1, 1, 1, 1, 1, 1, 1, 1, 1, 1, 1, 1, 1, 1, 1, 1, 1 ], 1 ], [ [ 1, 1, 1, 1, 1, 1, 1, 1, 1, 1, 1, 1, 1, 1, 1, 1, 2, 2, 2, 2 ], 3 ], [ [ 1, 1, 1, 1, 1, 1, 1, 1, 2, 2, 2, 2, 2, 2, 2, 2 ], 3 ], [ [ 1, 1, 1, 1, 2, 2, 4, 4, 4, 4 ], 12 ], [ [ 1, 1, 1, 1, 2, 2, 4, 4, 4, 4 ], 6 ], [ [ 1, 1, 1, 1, 2, 2, 4, 4, 4, 4 ], 6 ], [ [ 1, 1, 2, 2, 2, 4, 4, 4, 4 ], 24 ], [ [ 1, 1, 2, 2, 2, 2, 2, 2, 2, 2, 2, 2, 2 ], 24 ], [ [ 1, 1, 2, 2, 2, 2, 2, 2, 2, 2, 2, 2, 2 ], 24 ], [ [ 1, 1, 2, 2, 2, 4, 4, 4, 4 ], 24 ], [ [ 2, 2, 2, 2, 2, 2, 2, 2, 2, 2, 2, 2 ], 1 ], [ [ 2, 2, 2, 2, 2, 2, 2, 2, 4, 4 ], 6 ], [ [ 2, 2, 2, 2, 2, 2, 2, 2, 4, 4 ], 12 ], [ [ 2, 2, 2, 2, 2, 2, 2, 2, 4, 4 ], 6 ], [ [ 4, 4, 4, 4, 8 ], 24 ], [ [ 4, 4, 4, 4, 8 ], 24 ], [ [ 4, 4, 4, 4, 8 ], 24 ], [ [ 4, 4, 4, 4, 8 ], 24 ], [ [ 4, 4, 4, 4, 4, 4 ], 2 ], [ [ 4, 4, 4, 4, 4, 4 ], 6 ], [ [ 12, 12 ], 32 ], [ [ 12, 12 ], 32 ], [ [ 3, 3, 3, 3, 3, 3, 3, 3 ], 32 ], [ [ 6, 6, 6, 6 ], 32 ] ]
846|384|[ 384, 5579 ]|[ [ [ 1, 1, 1, 1, 1, 1, 1, 1, 1, 1, 1, 1, 1, 1, 1, 1, 1, 1, 1, 1, 1, 1, 1, 1 ], 1 ], [ [ 1, 1, 1, 1, 1, 1, 1, 1, 1, 1, 1, 1, 1, 1, 1, 1, 2, 2, 2, 2 ], 3 ], [ [ 1, 1, 1, 1, 1, 1, 1, 1, 2, 2, 2, 2, 2, 2, 2, 2 ], 3 ], [ [ 1, 1, 1, 1, 1, 1, 1, 1, 4, 4, 4, 4 ], 12 ], [ [ 1, 1, 2, 2, 2, 4, 4, 4, 4 ], 24 ], [ [ 1, 1, 2, 2, 2, 2, 2, 2, 2, 2, 2, 2, 2 ], 24 ], [ [ 1, 1, 2, 2, 2, 4, 4, 4, 4 ], 24 ], [ [ 1, 1, 2, 2, 2, 2, 2, 2, 2, 2, 2, 2, 2 ], 24 ], [ [ 2, 2, 2, 2, 2, 2, 2, 2, 2, 2, 2, 2 ], 1 ], [ [ 2, 2, 2, 2, 4, 4, 4, 4 ], 12 ], [ [ 4, 4, 4, 4, 4, 4 ], 12 ], [ [ 4, 4, 4, 4, 4, 4 ], 12 ], [ [ 8, 8, 8 ], 24 ], [ [ 8, 8, 8 ], 24 ], [ [ 8, 8, 8 ], 24 ], [ [ 8, 8, 8 ], 24 ], [ [ 4, 4, 4, 4, 4, 4 ], 8 ], [ [ 12, 12 ], 32 ], [ [ 12, 12 ], 32 ], [ [ 3, 3, 3, 3, 3, 3, 3, 3 ], 32 ], [ [ 6, 6, 6, 6 ], 32 ] ]
847|384|[ 384, 20086 ]|[ [ [ 1, 1, 1, 1, 1, 1, 1, 1, 1, 1, 1, 1, 1, 1, 1, 1, 1, 1, 1, 1, 1, 1, 1, 1 ], 1 ], [ [ 1, 1, 1, 1, 1, 1, 1, 1, 1, 1, 1, 1, 1, 1, 1, 1, 2, 2, 2, 2 ], 3 ], [ [ 1, 1, 1, 1, 1, 1, 1, 1, 2, 2, 2, 2, 2, 2, 2, 2 ], 3 ], [ [ 1, 1, 1, 1, 2, 2, 2, 2, 2, 2, 2, 2, 2, 2 ], 12 ], [ [ 1, 1, 1, 1, 2, 2, 2, 2, 2, 2, 2, 2, 2, 2 ], 6 ], [ [ 1, 1, 1, 1, 2, 2, 2, 2, 2, 2, 2, 2, 2, 2 ], 6 ], [ [ 1, 1, 2, 2, 2, 4, 4, 4, 4 ], 24 ], [ [ 1, 1, 2, 2, 2, 2, 2, 2, 2, 2, 2, 2, 2 ], 24 ], [ [ 1, 1, 2, 2, 2, 4, 4, 4, 4 ], 24 ], [ [ 1, 1, 2, 2, 2, 2, 2, 2, 2, 2, 2, 2, 2 ], 24 ], [ [ 2, 2, 2, 2, 2, 2, 2, 2, 2, 2, 2, 2 ], 1 ], [ [ 4, 4, 4, 4, 4, 4 ], 6 ], [ [ 4, 4, 4, 4, 4, 4 ], 12 ], [ [ 4, 4, 4, 4, 4, 4 ], 6 ], [ [ 8, 8, 8 ], 24 ], [ [ 8, 8, 8 ], 24 ], [ [ 8, 8, 8 ], 24 ], [ [ 8, 8, 8 ], 24 ], [ [ 4, 4, 4, 4, 4, 4 ], 6 ], [ [ 4, 4, 4, 4, 4, 4 ], 2 ], [ [ 12, 12 ], 32 ], [ [ 12, 12 ], 32 ], [ [ 3, 3, 3, 3, 3, 3, 3, 3 ], 32 ], [ [ 6, 6, 6, 6 ], 32 ] ]
848|384|[ 384, 5657 ]|[ [ [ 1, 1, 1, 1, 1, 1, 1, 1, 1, 1, 1, 1, 1, 1, 1, 1, 1, 1, 1, 1, 1, 1, 1, 1 ], 1 ], [ [ 1, 1, 1, 1, 1, 1, 1, 1, 1, 1, 1, 1, 1, 1, 1, 1, 2, 2, 2, 2 ], 3 ], [ [ 1, 1, 1, 1, 1, 1, 1, 1, 2, 2, 2, 2, 2, 2, 2, 2 ], 3 ], [ [ 1, 1, 1, 1, 1, 1, 1, 1, 2, 2, 2, 2, 2, 2, 2, 2 ], 6 ], [ [ 1, 1, 1, 1, 1, 1, 1, 1, 2, 2, 2, 2, 2, 2, 2, 2 ], 6 ], [ [ 1, 1, 1, 1, 2, 2, 2, 2, 2, 2, 2, 2, 2, 2 ], 24 ], [ [ 1, 1, 1, 1, 2, 2, 4, 4, 4, 4 ], 24 ], [ [ 2, 2, 2, 2, 2, 2, 2, 2, 2, 2, 2, 2 ], 1 ], [ [ 2, 2, 2, 2, 2, 2, 2, 2, 2, 2, 2, 2 ], 6 ], [ [ 2, 2, 2, 2, 2, 2, 2, 2, 2, 2, 2, 2 ], 6 ], [ [ 4, 4, 4, 4, 4, 4 ], 24 ], [ [ 2, 2, 2, 2, 4, 4, 4, 4 ], 24 ], [ [ 4, 4, 4, 4, 4, 4 ], 24 ], [ [ 4, 4, 4, 4, 4, 4 ], 24 ], [ [ 4, 4, 4, 4, 4, 4 ], 24 ], [ [ 4, 4, 4, 4, 4, 4 ], 24 ], [ [ 2, 2, 2, 2, 2, 2, 2, 2, 4, 4 ], 24 ], [ [ 2, 2, 2, 2, 2, 2, 2, 2, 2, 2, 2, 2 ], 8 ], [ [ 6, 6, 6, 6 ], 32 ], [ [ 6, 6, 6, 6 ], 32 ], [ [ 6, 6, 6, 6 ], 32 ], [ [ 3, 3, 3, 3, 3, 3, 3, 3 ], 32 ] ]
849|384|[ 384, 5624 ]|[ [ [ 1, 1, 1, 1, 1, 1, 1, 1, 1, 1, 1, 1, 1, 1, 1, 1, 1, 1, 1, 1, 1, 1, 1, 1 ], 1 ], [ [ 1, 1, 1, 1, 1, 1, 1, 1, 1, 1, 1, 1, 1, 1, 1, 1, 2, 2, 2, 2 ], 3 ], [ [ 1, 1, 1, 1, 1, 1, 1, 1, 2, 2, 2, 2, 2, 2, 2, 2 ], 3 ], [ [ 1, 1, 1, 1, 1, 1, 1, 1, 4, 4, 4, 4 ], 3 ], [ [ 1, 1, 1, 1, 1, 1, 1, 1, 4, 4, 4, 4 ], 6 ], [ [ 1, 1, 1, 1, 1, 1, 1, 1, 4, 4, 4, 4 ], 3 ], [ [ 1, 1, 1, 1, 2, 2, 2, 2, 2, 2, 2, 2, 2, 2 ], 24 ], [ [ 1, 1, 1, 1, 2, 2, 4, 4, 4, 4 ], 24 ], [ [ 2, 2, 2, 2, 2, 2, 2, 2, 2, 2, 2, 2 ], 1 ], [ [ 2, 2, 2, 2, 4, 4, 4, 4 ], 3 ], [ [ 2, 2, 2, 2, 4, 4, 4, 4 ], 6 ], [ [ 2, 2, 2, 2, 4, 4, 4, 4 ], 3 ], [ [ 2, 2, 2, 2, 4, 4, 4, 4 ], 6 ], [ [ 2, 2, 2, 2, 4, 4, 4, 4 ], 6 ], [ [ 2, 2, 2, 2, 4, 4, 4, 4 ], 6 ], [ [ 4, 4, 8, 8 ], 24 ], [ [ 4, 4, 8, 8 ], 24 ], [ [ 2, 2, 2, 2, 4, 4, 4, 4 ], 6 ], [ [ 2, 2, 2, 2, 8, 8 ], 24 ], [ [ 2, 2, 2, 2, 8, 8 ], 24 ], [ [ 4, 4, 4, 4, 4, 4 ], 24 ], [ [ 2, 2, 2, 2, 2, 2, 2, 2, 4, 4 ], 24 ], [ [ 2, 2, 2, 2, 2, 2, 2, 2, 2, 2, 2, 2 ], 2 ], [ [ 2, 2, 2, 2, 2, 2, 2, 2, 2, 2, 2, 2 ], 6 ], [ [ 6, 6, 6, 6 ], 32 ], [ [ 6, 6, 6, 6 ], 32 ], [ [ 3, 3, 3, 3, 3, 3, 3, 3 ], 32 ], [ [ 6, 6, 6, 6 ], 32 ] ]
850|384|[ 384, 20080 ]|[ [ [ 1, 1, 1, 1, 1, 1, 1, 1, 1, 1, 1, 1, 1, 1, 1, 1, 1, 1, 1, 1, 1, 1, 1, 1 ], 1 ], [ [ 1, 1, 1, 1, 1, 1, 1, 1, 1, 1, 1, 1, 1, 1, 1, 1, 2, 2, 2, 2 ], 3 ], [ [ 1, 1, 1, 1, 1, 1, 1, 1, 2, 2, 2, 2, 2, 2, 2, 2 ], 3 ], [ [ 1, 1, 1, 1, 1, 1, 1, 1, 2, 2, 2, 2, 2, 2, 2, 2 ], 3 ], [ [ 1, 1, 1, 1, 1, 1, 1, 1, 2, 2, 2, 2, 2, 2, 2, 2 ], 6 ], [ [ 1, 1, 1, 1, 1, 1, 1, 1, 2, 2, 2, 2, 2, 2, 2, 2 ], 3 ], [ [ 1, 1, 1, 1, 2, 2, 2, 2, 2, 2, 2, 2, 2, 2 ], 24 ], [ [ 1, 1, 1, 1, 2, 2, 4, 4, 4, 4 ], 24 ], [ [ 2, 2, 2, 2, 2, 2, 2, 2, 2, 2, 2, 2 ], 1 ], [ [ 2, 2, 2, 2, 2, 2, 2, 2, 2, 2, 2, 2 ], 3 ], [ [ 2, 2, 2, 2, 2, 2, 2, 2, 2, 2, 2, 2 ], 6 ], [ [ 2, 2, 2, 2, 2, 2, 2, 2, 2, 2, 2, 2 ], 3 ], [ [ 4, 4, 4, 4, 4, 4 ], 24 ], [ [ 4, 4, 4, 4, 4, 4 ], 24 ], [ [ 4, 4, 4, 4, 4, 4 ], 6 ], [ [ 4, 4, 4, 4, 4, 4 ], 6 ], [ [ 4, 4, 4, 4, 4, 4 ], 6 ], [ [ 4, 4, 4, 4, 4, 4 ], 6 ], [ [ 4, 4, 4, 4, 4, 4 ], 24 ], [ [ 4, 4, 4, 4, 4, 4 ], 24 ], [ [ 2, 2, 2, 2, 2, 2, 2, 2, 2, 2, 2, 2 ], 24 ], [ [ 2, 2, 2, 2, 4, 4, 4, 4 ], 24 ], [ [ 4, 4, 4, 4, 4, 4 ], 6 ], [ [ 4, 4, 4, 4, 4, 4 ], 2 ], [ [ 12, 12 ], 32 ], [ [ 12, 12 ], 32 ], [ [ 3, 3, 3, 3, 3, 3, 3, 3 ], 32 ], [ [ 6, 6, 6, 6 ], 32 ] ]
851|384|[ 384, 5570 ]|[ [ [ 1, 1, 1, 1, 1, 1, 1, 1, 1, 1, 1, 1, 1, 1, 1, 1, 1, 1, 1, 1, 1, 1, 1, 1 ], 1 ], [ [ 1, 1, 1, 1, 1, 1, 1, 1, 1, 1, 1, 1, 1, 1, 1, 1, 2, 2, 2, 2 ], 3 ], [ [ 1, 1, 1, 1, 1, 1, 1, 1, 2, 2, 2, 2, 2, 2, 2, 2 ], 3 ], [ [ 1, 1, 1, 1, 1, 1, 1, 1, 4, 4, 4, 4 ], 6 ], [ [ 1, 1, 1, 1, 1, 1, 1, 1, 4, 4, 4, 4 ], 6 ], [ [ 1, 1, 1, 1, 2, 2, 2, 2, 2, 2, 2, 2, 2, 2 ], 24 ], [ [ 1, 1, 1, 1, 2, 2, 4, 4, 4, 4 ], 24 ], [ [ 2, 2, 2, 2, 2, 2, 2, 2, 2, 2, 2, 2 ], 1 ], [ [ 2, 2, 2, 2, 4, 4, 4, 4 ], 6 ], [ [ 2, 2, 2, 2, 4, 4, 4, 4 ], 6 ], [ [ 4, 4, 4, 4, 4, 4 ], 24 ], [ [ 4, 4, 8, 8 ], 24 ], [ [ 4, 4, 8, 8 ], 24 ], [ [ 2, 2, 2, 2, 8, 8 ], 24 ], [ [ 2, 2, 2, 2, 8, 8 ], 24 ], [ [ 2, 2, 2, 2, 2, 2, 2, 2, 2, 2, 2, 2 ], 24 ], [ [ 2, 2, 2, 2, 4, 4, 4, 4 ], 24 ], [ [ 4, 4, 4, 4, 4, 4 ], 8 ], [ [ 12, 12 ], 32 ], [ [ 12, 12 ], 32 ], [ [ 6, 6, 6, 6 ], 32 ], [ [ 3, 3, 3, 3, 3, 3, 3, 3 ], 32 ] ]
852|384|[ 384, 5660 ]|[ [ [ 1, 1, 1, 1, 1, 1, 1, 1, 1, 1, 1, 1, 1, 1, 1, 1, 1, 1, 1, 1, 1, 1, 1, 1 ], 1 ], [ [ 1, 1, 1, 1, 1, 1, 1, 1, 1, 1, 1, 1, 1, 1, 1, 1, 2, 2, 2, 2 ], 3 ], [ [ 1, 1, 1, 1, 1, 1, 1, 1, 2, 2, 2, 2, 2, 2, 2, 2 ], 3 ], [ [ 1, 1, 1, 1, 1, 1, 1, 1, 4, 4, 4, 4 ], 6 ], [ [ 1, 1, 1, 1, 1, 1, 1, 1, 4, 4, 4, 4 ], 6 ], [ [ 1, 1, 1, 1, 2, 2, 2, 2, 2, 2, 2, 2, 2, 2 ], 24 ], [ [ 1, 1, 1, 1, 2, 2, 4, 4, 4, 4 ], 24 ], [ [ 2, 2, 2, 2, 2, 2, 2, 2, 2, 2, 2, 2 ], 1 ], [ [ 2, 2, 2, 2, 4, 4, 4, 4 ], 6 ], [ [ 2, 2, 2, 2, 4, 4, 4, 4 ], 6 ], [ [ 2, 2, 2, 2, 2, 2, 2, 2, 2, 2, 2, 2 ], 24 ], [ [ 4, 4, 8, 8 ], 24 ], [ [ 4, 4, 8, 8 ], 24 ], [ [ 4, 4, 8, 8 ], 24 ], [ [ 4, 4, 8, 8 ], 24 ], [ [ 2, 2, 2, 2, 2, 2, 2, 2, 2, 2, 2, 2 ], 8 ], [ [ 2, 2, 2, 2, 2, 2, 2, 2, 4, 4 ], 24 ], [ [ 4, 4, 4, 4, 4, 4 ], 24 ], [ [ 6, 6, 6, 6 ], 32 ], [ [ 6, 6, 6, 6 ], 32 ], [ [ 6, 6, 6, 6 ], 32 ], [ [ 3, 3, 3, 3, 3, 3, 3, 3 ], 32 ] ]
853|384|[ 384, 5624 ]|[ [ [ 1, 1, 1, 1, 1, 1, 1, 1, 1, 1, 1, 1, 1, 1, 1, 1, 1, 1, 1, 1, 1, 1, 1, 1 ], 1 ], [ [ 1, 1, 1, 1, 1, 1, 1, 1, 1, 1, 1, 1, 1, 1, 1, 1, 2, 2, 2, 2 ], 3 ], [ [ 1, 1, 1, 1, 1, 1, 1, 1, 2, 2, 2, 2, 2, 2, 2, 2 ], 3 ], [ [ 1, 1, 1, 1, 1, 1, 1, 1, 4, 4, 4, 4 ], 6 ], [ [ 1, 1, 1, 1, 1, 1, 1, 1, 4, 4, 4, 4 ], 3 ], [ [ 1, 1, 1, 1, 1, 1, 1, 1, 4, 4, 4, 4 ], 3 ], [ [ 1, 1, 1, 1, 2, 2, 2, 2, 2, 2, 2, 2, 2, 2 ], 24 ], [ [ 1, 1, 1, 1, 2, 2, 4, 4, 4, 4 ], 24 ], [ [ 2, 2, 2, 2, 2, 2, 2, 2, 2, 2, 2, 2 ], 1 ], [ [ 2, 2, 2, 2, 4, 4, 4, 4 ], 6 ], [ [ 2, 2, 2, 2, 4, 4, 4, 4 ], 3 ], [ [ 2, 2, 2, 2, 4, 4, 4, 4 ], 3 ], [ [ 2, 2, 2, 2, 8, 8 ], 24 ], [ [ 2, 2, 2, 2, 8, 8 ], 24 ], [ [ 2, 2, 2, 2, 4, 4, 4, 4 ], 6 ], [ [ 2, 2, 2, 2, 4, 4, 4, 4 ], 6 ], [ [ 2, 2, 2, 2, 4, 4, 4, 4 ], 6 ], [ [ 2, 2, 2, 2, 4, 4, 4, 4 ], 6 ], [ [ 4, 4, 8, 8 ], 24 ], [ [ 4, 4, 8, 8 ], 24 ], [ [ 2, 2, 2, 2, 2, 2, 2, 2, 2, 2, 2, 2 ], 6 ], [ [ 2, 2, 2, 2, 2, 2, 2, 2, 2, 2, 2, 2 ], 2 ], [ [ 2, 2, 2, 2, 2, 2, 2, 2, 4, 4 ], 24 ], [ [ 4, 4, 4, 4, 4, 4 ], 24 ], [ [ 6, 6, 6, 6 ], 32 ], [ [ 6, 6, 6, 6 ], 32 ], [ [ 3, 3, 3, 3, 3, 3, 3, 3 ], 32 ], [ [ 6, 6, 6, 6 ], 32 ] ]
854|384|[ 384, 5558 ]|[ [ [ 1, 1, 1, 1, 1, 1, 1, 1, 1, 1, 1, 1, 1, 1, 1, 1, 1, 1, 1, 1, 1, 1, 1, 1 ], 1 ], [ [ 1, 1, 1, 1, 1, 1, 1, 1, 1, 1, 1, 1, 1, 1, 1, 1, 2, 2, 2, 2 ], 3 ], [ [ 1, 1, 1, 1, 1, 1, 1, 1, 2, 2, 2, 2, 2, 2, 2, 2 ], 3 ], [ [ 1, 1, 1, 1, 1, 1, 1, 1, 4, 4, 4, 4 ], 6 ], [ [ 1, 1, 1, 1, 1, 1, 1, 1, 4, 4, 4, 4 ], 3 ], [ [ 1, 1, 1, 1, 1, 1, 1, 1, 4, 4, 4, 4 ], 3 ], [ [ 1, 1, 1, 1, 2, 2, 2, 2, 2, 2, 2, 2, 2, 2 ], 24 ], [ [ 1, 1, 1, 1, 2, 2, 4, 4, 4, 4 ], 24 ], [ [ 2, 2, 2, 2, 2, 2, 2, 2, 2, 2, 2, 2 ], 1 ], [ [ 2, 2, 2, 2, 4, 4, 4, 4 ], 6 ], [ [ 2, 2, 2, 2, 4, 4, 4, 4 ], 3 ], [ [ 2, 2, 2, 2, 4, 4, 4, 4 ], 3 ], [ [ 2, 2, 2, 2, 2, 2, 2, 2, 4, 4 ], 6 ], [ [ 2, 2, 2, 2, 2, 2, 2, 2, 4, 4 ], 6 ], [ [ 2, 2, 2, 2, 2, 2, 2, 2, 4, 4 ], 6 ], [ [ 2, 2, 2, 2, 2, 2, 2, 2, 4, 4 ], 6 ], [ [ 4, 4, 8, 8 ], 24 ], [ [ 4, 4, 8, 8 ], 24 ], [ [ 4, 4, 8, 8 ], 24 ], [ [ 4, 4, 8, 8 ], 24 ], [ [ 2, 2, 2, 2, 4, 4, 4, 4 ], 24 ], [ [ 2, 2, 2, 2, 2, 2, 2, 2, 2, 2, 2, 2 ], 24 ], [ [ 4, 4, 4, 4, 4, 4 ], 6 ], [ [ 4, 4, 4, 4, 4, 4 ], 2 ], [ [ 12, 12 ], 32 ], [ [ 12, 12 ], 32 ], [ [ 3, 3, 3, 3, 3, 3, 3, 3 ], 32 ], [ [ 6, 6, 6, 6 ], 32 ] ]
855|384|[ 384, 5570 ]|[ [ [ 1, 1, 1, 1, 1, 1, 1, 1, 1, 1, 1, 1, 1, 1, 1, 1, 1, 1, 1, 1, 1, 1, 1, 1 ], 1 ], [ [ 1, 1, 1, 1, 1, 1, 1, 1, 1, 1, 1, 1, 1, 1, 1, 1, 2, 2, 2, 2 ], 3 ], [ [ 1, 1, 1, 1, 1, 1, 1, 1, 2, 2, 2, 2, 2, 2, 2, 2 ], 3 ], [ [ 1, 1, 1, 1, 1, 1, 1, 1, 4, 4, 4, 4 ], 6 ], [ [ 1, 1, 1, 1, 1, 1, 1, 1, 4, 4, 4, 4 ], 6 ], [ [ 1, 1, 1, 1, 2, 2, 2, 2, 2, 2, 2, 2, 2, 2 ], 24 ], [ [ 1, 1, 1, 1, 2, 2, 4, 4, 4, 4 ], 24 ], [ [ 2, 2, 2, 2, 2, 2, 2, 2, 2, 2, 2, 2 ], 1 ], [ [ 2, 2, 2, 2, 4, 4, 4, 4 ], 6 ], [ [ 2, 2, 2, 2, 4, 4, 4, 4 ], 6 ], [ [ 2, 2, 2, 2, 8, 8 ], 24 ], [ [ 2, 2, 2, 2, 8, 8 ], 24 ], [ [ 4, 4, 4, 4, 4, 4 ], 24 ], [ [ 4, 4, 8, 8 ], 24 ], [ [ 4, 4, 8, 8 ], 24 ], [ [ 2, 2, 2, 2, 4, 4, 4, 4 ], 24 ], [ [ 2, 2, 2, 2, 2, 2, 2, 2, 2, 2, 2, 2 ], 24 ], [ [ 4, 4, 4, 4, 4, 4 ], 8 ], [ [ 12, 12 ], 32 ], [ [ 12, 12 ], 32 ], [ [ 6, 6, 6, 6 ], 32 ], [ [ 3, 3, 3, 3, 3, 3, 3, 3 ], 32 ] ]
856|384|[ 384, 5569 ]|[ [ [ 1, 1, 1, 1, 1, 1, 1, 1, 1, 1, 1, 1, 1, 1, 1, 1, 1, 1, 1, 1, 1, 1, 1, 1 ], 1 ], [ [ 1, 1, 1, 1, 1, 1, 1, 1, 1, 1, 1, 1, 1, 1, 1, 1, 2, 2, 2, 2 ], 3 ], [ [ 1, 1, 1, 1, 1, 1, 1, 1, 2, 2, 2, 2, 2, 2, 2, 2 ], 3 ], [ [ 1, 1, 1, 1, 1, 1, 1, 1, 4, 4, 4, 4 ], 6 ], [ [ 1, 1, 1, 1, 1, 1, 1, 1, 4, 4, 4, 4 ], 6 ], [ [ 1, 1, 1, 1, 1, 1, 1, 1, 2, 2, 2, 2, 2, 2, 2, 2 ], 12 ], [ [ 1, 1, 1, 1, 1, 1, 1, 1, 4, 4, 4, 4 ], 12 ], [ [ 2, 2, 2, 2, 2, 2, 2, 2, 2, 2, 2, 2 ], 1 ], [ [ 2, 2, 2, 2, 4, 4, 4, 4 ], 6 ], [ [ 2, 2, 2, 2, 4, 4, 4, 4 ], 6 ], [ [ 2, 2, 2, 2, 2, 2, 2, 2, 2, 2, 2, 2 ], 12 ], [ [ 2, 2, 2, 2, 4, 4, 4, 4 ], 12 ], [ [ 4, 4, 4, 4, 4, 4 ], 12 ], [ [ 4, 4, 4, 4, 4, 4 ], 12 ], [ [ 4, 4, 8, 8 ], 24 ], [ [ 4, 4, 8, 8 ], 24 ], [ [ 4, 4, 8, 8 ], 24 ], [ [ 4, 4, 8, 8 ], 24 ], [ [ 4, 4, 4, 4, 4, 4 ], 4 ], [ [ 4, 4, 4, 4, 4, 4 ], 4 ], [ [ 4, 4, 4, 4, 4, 4 ], 12 ], [ [ 2, 2, 2, 2, 2, 2, 2, 2, 4, 4 ], 12 ], [ [ 2, 2, 2, 2, 2, 2, 2, 2, 4, 4 ], 12 ], [ [ 4, 4, 4, 4, 4, 4 ], 12 ], [ [ 12, 12 ], 32 ], [ [ 12, 12 ], 32 ], [ [ 6, 6, 6, 6 ], 32 ], [ [ 3, 3, 3, 3, 3, 3, 3, 3 ], 32 ] ]
857|384|[ 384, 5557 ]|[ [ [ 1, 1, 1, 1, 1, 1, 1, 1, 1, 1, 1, 1, 1, 1, 1, 1, 1, 1, 1, 1, 1, 1, 1, 1 ], 1 ], [ [ 1, 1, 1, 1, 1, 1, 1, 1, 1, 1, 1, 1, 1, 1, 1, 1, 2, 2, 2, 2 ], 3 ], [ [ 1, 1, 1, 1, 1, 1, 1, 1, 2, 2, 2, 2, 2, 2, 2, 2 ], 3 ], [ [ 1, 1, 1, 1, 1, 1, 1, 1, 4, 4, 4, 4 ], 3 ], [ [ 1, 1, 1, 1, 1, 1, 1, 1, 4, 4, 4, 4 ], 6 ], [ [ 1, 1, 1, 1, 1, 1, 1, 1, 4, 4, 4, 4 ], 3 ], [ [ 1, 1, 1, 1, 2, 2, 2, 2, 2, 2, 2, 2, 2, 2 ], 12 ], [ [ 1, 1, 1, 1, 2, 2, 4, 4, 4, 4 ], 12 ], [ [ 1, 1, 1, 1, 2, 2, 4, 4, 4, 4 ], 12 ], [ [ 1, 1, 1, 1, 2, 2, 2, 2, 2, 2, 2, 2, 2, 2 ], 12 ], [ [ 2, 2, 2, 2, 2, 2, 2, 2, 2, 2, 2, 2 ], 1 ], [ [ 2, 2, 2, 2, 4, 4, 4, 4 ], 3 ], [ [ 2, 2, 2, 2, 4, 4, 4, 4 ], 6 ], [ [ 2, 2, 2, 2, 4, 4, 4, 4 ], 3 ], [ [ 2, 2, 2, 2, 2, 2, 2, 2, 4, 4 ], 6 ], [ [ 2, 2, 2, 2, 2, 2, 2, 2, 4, 4 ], 3 ], [ [ 2, 2, 2, 2, 2, 2, 2, 2, 4, 4 ], 6 ], [ [ 2, 2, 2, 2, 2, 2, 2, 2, 4, 4 ], 3 ], [ [ 2, 2, 2, 2, 2, 2, 2, 2, 4, 4 ], 3 ], [ [ 2, 2, 2, 2, 2, 2, 2, 2, 4, 4 ], 3 ], [ [ 4, 4, 8, 8 ], 12 ], [ [ 4, 4, 8, 8 ], 12 ], [ [ 4, 4, 8, 8 ], 12 ], [ [ 4, 4, 8, 8 ], 12 ], [ [ 2, 2, 2, 2, 8, 8 ], 12 ], [ [ 2, 2, 2, 2, 8, 8 ], 12 ], [ [ 2, 2, 2, 2, 8, 8 ], 12 ], [ [ 2, 2, 2, 2, 8, 8 ], 12 ], [ [ 4, 4, 4, 4, 4, 4 ], 3 ], [ [ 4, 4, 4, 4, 4, 4 ], 3 ], [ [ 4, 4, 4, 4, 4, 4 ], 1 ], [ [ 2, 2, 2, 2, 2, 2, 2, 2, 4, 4 ], 12 ], [ [ 4, 4, 4, 4, 4, 4 ], 12 ], [ [ 2, 2, 2, 2, 2, 2, 2, 2, 4, 4 ], 12 ], [ [ 4, 4, 4, 4, 4, 4 ], 12 ], [ [ 4, 4, 4, 4, 4, 4 ], 1 ], [ [ 12, 12 ], 32 ], [ [ 12, 12 ], 32 ], [ [ 3, 3, 3, 3, 3, 3, 3, 3 ], 32 ], [ [ 6, 6, 6, 6 ], 32 ] ]
858|384|[ 384, 20079 ]|[ [ [ 1, 1, 1, 1, 1, 1, 1, 1, 1, 1, 1, 1, 1, 1, 1, 1, 1, 1, 1, 1, 1, 1, 1, 1 ], 1 ], [ [ 1, 1, 1, 1, 1, 1, 1, 1, 1, 1, 1, 1, 1, 1, 1, 1, 2, 2, 2, 2 ], 3 ], [ [ 1, 1, 1, 1, 1, 1, 1, 1, 2, 2, 2, 2, 2, 2, 2, 2 ], 3 ], [ [ 1, 1, 1, 1, 1, 1, 1, 1, 2, 2, 2, 2, 2, 2, 2, 2 ], 3 ], [ [ 1, 1, 1, 1, 1, 1, 1, 1, 2, 2, 2, 2, 2, 2, 2, 2 ], 6 ], [ [ 1, 1, 1, 1, 1, 1, 1, 1, 2, 2, 2, 2, 2, 2, 2, 2 ], 3 ], [ [ 1, 1, 1, 1, 2, 2, 2, 2, 2, 2, 2, 2, 2, 2 ], 12 ], [ [ 1, 1, 1, 1, 2, 2, 4, 4, 4, 4 ], 12 ], [ [ 1, 1, 1, 1, 2, 2, 2, 2, 2, 2, 2, 2, 2, 2 ], 12 ], [ [ 1, 1, 1, 1, 2, 2, 4, 4, 4, 4 ], 12 ], [ [ 2, 2, 2, 2, 2, 2, 2, 2, 2, 2, 2, 2 ], 1 ], [ [ 2, 2, 2, 2, 2, 2, 2, 2, 2, 2, 2, 2 ], 3 ], [ [ 2, 2, 2, 2, 2, 2, 2, 2, 2, 2, 2, 2 ], 6 ], [ [ 2, 2, 2, 2, 2, 2, 2, 2, 2, 2, 2, 2 ], 3 ], [ [ 2, 2, 2, 2, 4, 4, 4, 4 ], 12 ], [ [ 2, 2, 2, 2, 4, 4, 4, 4 ], 12 ], [ [ 2, 2, 2, 2, 4, 4, 4, 4 ], 12 ], [ [ 2, 2, 2, 2, 4, 4, 4, 4 ], 12 ], [ [ 4, 4, 4, 4, 4, 4 ], 3 ], [ [ 4, 4, 4, 4, 4, 4 ], 6 ], [ [ 4, 4, 4, 4, 4, 4 ], 3 ], [ [ 4, 4, 4, 4, 4, 4 ], 6 ], [ [ 4, 4, 4, 4, 4, 4 ], 3 ], [ [ 4, 4, 4, 4, 4, 4 ], 3 ], [ [ 4, 4, 4, 4, 4, 4 ], 12 ], [ [ 4, 4, 4, 4, 4, 4 ], 12 ], [ [ 4, 4, 4, 4, 4, 4 ], 12 ], [ [ 4, 4, 4, 4, 4, 4 ], 12 ], [ [ 4, 4, 4, 4, 4, 4 ], 3 ], [ [ 4, 4, 4, 4, 4, 4 ], 3 ], [ [ 4, 4, 4, 4, 4, 4 ], 1 ], [ [ 2, 2, 2, 2, 2, 2, 2, 2, 4, 4 ], 12 ], [ [ 4, 4, 4, 4, 4, 4 ], 12 ], [ [ 4, 4, 4, 4, 4, 4 ], 12 ], [ [ 2, 2, 2, 2, 2, 2, 2, 2, 4, 4 ], 12 ], [ [ 4, 4, 4, 4, 4, 4 ], 1 ], [ [ 12, 12 ], 32 ], [ [ 12, 12 ], 32 ], [ [ 3, 3, 3, 3, 3, 3, 3, 3 ], 32 ], [ [ 6, 6, 6, 6 ], 32 ] ]
859|384|[ 384, 5569 ]|[ [ [ 1, 1, 1, 1, 1, 1, 1, 1, 1, 1, 1, 1, 1, 1, 1, 1, 1, 1, 1, 1, 1, 1, 1, 1 ], 1 ], [ [ 1, 1, 1, 1, 1, 1, 1, 1, 1, 1, 1, 1, 1, 1, 1, 1, 2, 2, 2, 2 ], 3 ], [ [ 1, 1, 1, 1, 1, 1, 1, 1, 2, 2, 2, 2, 2, 2, 2, 2 ], 3 ], [ [ 1, 1, 1, 1, 1, 1, 1, 1, 4, 4, 4, 4 ], 6 ], [ [ 1, 1, 1, 1, 1, 1, 1, 1, 4, 4, 4, 4 ], 6 ], [ [ 1, 1, 1, 1, 2, 2, 2, 2, 2, 2, 2, 2, 2, 2 ], 12 ], [ [ 1, 1, 1, 1, 2, 2, 4, 4, 4, 4 ], 12 ], [ [ 1, 1, 1, 1, 2, 2, 4, 4, 4, 4 ], 12 ], [ [ 1, 1, 1, 1, 2, 2, 2, 2, 2, 2, 2, 2, 2, 2 ], 12 ], [ [ 2, 2, 2, 2, 2, 2, 2, 2, 2, 2, 2, 2 ], 1 ], [ [ 2, 2, 2, 2, 4, 4, 4, 4 ], 6 ], [ [ 2, 2, 2, 2, 4, 4, 4, 4 ], 6 ], [ [ 2, 2, 2, 2, 8, 8 ], 24 ], [ [ 2, 2, 2, 2, 8, 8 ], 24 ], [ [ 4, 4, 4, 4, 4, 4 ], 12 ], [ [ 4, 4, 4, 4, 4, 4 ], 12 ], [ [ 2, 2, 2, 2, 8, 8 ], 24 ], [ [ 2, 2, 2, 2, 8, 8 ], 24 ], [ [ 4, 4, 4, 4, 4, 4 ], 4 ], [ [ 4, 4, 4, 4, 4, 4 ], 4 ], [ [ 2, 2, 2, 2, 2, 2, 2, 2, 4, 4 ], 12 ], [ [ 4, 4, 4, 4, 4, 4 ], 12 ], [ [ 2, 2, 2, 2, 2, 2, 2, 2, 4, 4 ], 12 ], [ [ 4, 4, 4, 4, 4, 4 ], 12 ], [ [ 12, 12 ], 32 ], [ [ 12, 12 ], 32 ], [ [ 6, 6, 6, 6 ], 32 ], [ [ 3, 3, 3, 3, 3, 3, 3, 3 ], 32 ] ]
860|384|[ 384, 5566 ]|[ [ [ 1, 1, 1, 1, 1, 1, 1, 1, 1, 1, 1, 1, 1, 1, 1, 1, 1, 1, 1, 1, 1, 1, 1, 1 ], 1 ], [ [ 1, 1, 1, 1, 1, 1, 1, 1, 1, 1, 1, 1, 1, 1, 1, 1, 2, 2, 2, 2 ], 3 ], [ [ 1, 1, 1, 1, 1, 1, 1, 1, 2, 2, 2, 2, 2, 2, 2, 2 ], 3 ], [ [ 1, 1, 1, 1, 1, 1, 1, 1, 2, 2, 2, 2, 2, 2, 2, 2 ], 6 ], [ [ 1, 1, 1, 1, 1, 1, 1, 1, 2, 2, 2, 2, 2, 2, 2, 2 ], 6 ], [ [ 1, 1, 1, 1, 2, 2, 2, 2, 2, 2, 2, 2, 2, 2 ], 12 ], [ [ 1, 1, 1, 1, 2, 2, 4, 4, 4, 4 ], 12 ], [ [ 1, 1, 1, 1, 2, 2, 2, 2, 2, 2, 2, 2, 2, 2 ], 12 ], [ [ 1, 1, 1, 1, 2, 2, 4, 4, 4, 4 ], 12 ], [ [ 2, 2, 2, 2, 2, 2, 2, 2, 2, 2, 2, 2 ], 1 ], [ [ 2, 2, 2, 2, 2, 2, 2, 2, 2, 2, 2, 2 ], 6 ], [ [ 2, 2, 2, 2, 2, 2, 2, 2, 2, 2, 2, 2 ], 6 ], [ [ 2, 2, 2, 2, 2, 2, 2, 2, 4, 4 ], 12 ], [ [ 2, 2, 2, 2, 2, 2, 2, 2, 4, 4 ], 12 ], [ [ 4, 4, 4, 4, 4, 4 ], 24 ], [ [ 4, 4, 4, 4, 4, 4 ], 24 ], [ [ 4, 4, 4, 4, 4, 4 ], 24 ], [ [ 4, 4, 4, 4, 4, 4 ], 24 ], [ [ 4, 4, 4, 4, 4, 4 ], 4 ], [ [ 4, 4, 4, 4, 4, 4 ], 4 ], [ [ 2, 2, 2, 2, 2, 2, 2, 2, 4, 4 ], 12 ], [ [ 4, 4, 4, 4, 4, 4 ], 12 ], [ [ 2, 2, 2, 2, 2, 2, 2, 2, 4, 4 ], 12 ], [ [ 4, 4, 4, 4, 4, 4 ], 12 ], [ [ 12, 12 ], 32 ], [ [ 12, 12 ], 32 ], [ [ 6, 6, 6, 6 ], 32 ], [ [ 3, 3, 3, 3, 3, 3, 3, 3 ], 32 ] ]
861|384|[ 384, 5557 ]|[ [ [ 1, 1, 1, 1, 1, 1, 1, 1, 1, 1, 1, 1, 1, 1, 1, 1, 1, 1, 1, 1, 1, 1, 1, 1 ], 1 ], [ [ 1, 1, 1, 1, 1, 1, 1, 1, 1, 1, 1, 1, 1, 1, 1, 1, 2, 2, 2, 2 ], 3 ], [ [ 1, 1, 1, 1, 1, 1, 1, 1, 2, 2, 2, 2, 2, 2, 2, 2 ], 3 ], [ [ 1, 1, 1, 1, 1, 1, 1, 1, 4, 4, 4, 4 ], 3 ], [ [ 1, 1, 1, 1, 1, 1, 1, 1, 4, 4, 4, 4 ], 6 ], [ [ 1, 1, 1, 1, 1, 1, 1, 1, 4, 4, 4, 4 ], 3 ], [ [ 1, 1, 1, 1, 2, 2, 8, 8 ], 12 ], [ [ 1, 1, 1, 1, 2, 2, 8, 8 ], 12 ], [ [ 1, 1, 1, 1, 2, 2, 8, 8 ], 12 ], [ [ 1, 1, 1, 1, 2, 2, 8, 8 ], 12 ], [ [ 2, 2, 2, 2, 2, 2, 2, 2, 2, 2, 2, 2 ], 1 ], [ [ 2, 2, 2, 2, 4, 4, 4, 4 ], 3 ], [ [ 2, 2, 2, 2, 4, 4, 4, 4 ], 6 ], [ [ 2, 2, 2, 2, 4, 4, 4, 4 ], 3 ], [ [ 2, 2, 2, 2, 2, 2, 2, 2, 4, 4 ], 3 ], [ [ 2, 2, 2, 2, 2, 2, 2, 2, 4, 4 ], 6 ], [ [ 2, 2, 2, 2, 2, 2, 2, 2, 4, 4 ], 3 ], [ [ 2, 2, 2, 2, 2, 2, 2, 2, 4, 4 ], 6 ], [ [ 2, 2, 2, 2, 2, 2, 2, 2, 4, 4 ], 3 ], [ [ 2, 2, 2, 2, 2, 2, 2, 2, 4, 4 ], 3 ], [ [ 2, 2, 2, 2, 2, 2, 2, 2, 4, 4 ], 12 ], [ [ 4, 4, 4, 4, 4, 4 ], 12 ], [ [ 2, 2, 2, 2, 2, 2, 2, 2, 4, 4 ], 12 ], [ [ 4, 4, 4, 4, 4, 4 ], 12 ], [ [ 2, 2, 2, 2, 2, 2, 2, 2, 2, 2, 2, 2 ], 12 ], [ [ 2, 2, 2, 2, 4, 4, 4, 4 ], 12 ], [ [ 2, 2, 2, 2, 4, 4, 4, 4 ], 12 ], [ [ 2, 2, 2, 2, 2, 2, 2, 2, 2, 2, 2, 2 ], 12 ], [ [ 4, 4, 4, 4, 4, 4 ], 3 ], [ [ 4, 4, 4, 4, 4, 4 ], 3 ], [ [ 4, 4, 4, 4, 4, 4 ], 1 ], [ [ 4, 4, 8, 8 ], 12 ], [ [ 4, 4, 8, 8 ], 12 ], [ [ 4, 4, 8, 8 ], 12 ], [ [ 4, 4, 8, 8 ], 12 ], [ [ 4, 4, 4, 4, 4, 4 ], 1 ], [ [ 12, 12 ], 32 ], [ [ 12, 12 ], 32 ], [ [ 3, 3, 3, 3, 3, 3, 3, 3 ], 32 ], [ [ 6, 6, 6, 6 ], 32 ] ]
862|384|[ 384, 5570 ]|[ [ [ 1, 1, 1, 1, 1, 1, 1, 1, 1, 1, 1, 1, 1, 1, 1, 1, 1, 1, 1, 1, 1, 1, 1, 1 ], 1 ], [ [ 1, 1, 1, 1, 1, 1, 1, 1, 1, 1, 1, 1, 1, 1, 1, 1, 2, 2, 2, 2 ], 3 ], [ [ 1, 1, 1, 1, 1, 1, 1, 1, 2, 2, 2, 2, 2, 2, 2, 2 ], 3 ], [ [ 1, 1, 1, 1, 1, 1, 1, 1, 4, 4, 4, 4 ], 6 ], [ [ 1, 1, 1, 1, 1, 1, 1, 1, 4, 4, 4, 4 ], 6 ], [ [ 1, 1, 1, 1, 2, 2, 8, 8 ], 24 ], [ [ 1, 1, 1, 1, 2, 2, 8, 8 ], 24 ], [ [ 2, 2, 2, 2, 2, 2, 2, 2, 2, 2, 2, 2 ], 1 ], [ [ 2, 2, 2, 2, 4, 4, 4, 4 ], 6 ], [ [ 2, 2, 2, 2, 4, 4, 4, 4 ], 6 ], [ [ 2, 2, 2, 2, 4, 4, 4, 4 ], 24 ], [ [ 2, 2, 2, 2, 2, 2, 2, 2, 2, 2, 2, 2 ], 24 ], [ [ 4, 4, 4, 4, 4, 4 ], 24 ], [ [ 2, 2, 2, 2, 2, 2, 2, 2, 2, 2, 2, 2 ], 24 ], [ [ 2, 2, 2, 2, 4, 4, 4, 4 ], 24 ], [ [ 4, 4, 4, 4, 4, 4 ], 8 ], [ [ 4, 4, 8, 8 ], 24 ], [ [ 4, 4, 8, 8 ], 24 ], [ [ 12, 12 ], 32 ], [ [ 12, 12 ], 32 ], [ [ 3, 3, 3, 3, 3, 3, 3, 3 ], 32 ], [ [ 6, 6, 6, 6 ], 32 ] ]
863|384|[ 384, 5624 ]|[ [ [ 1, 1, 1, 1, 1, 1, 1, 1, 1, 1, 1, 1, 1, 1, 1, 1, 1, 1, 1, 1, 1, 1, 1, 1 ], 1 ], [ [ 1, 1, 1, 1, 1, 1, 1, 1, 1, 1, 1, 1, 1, 1, 1, 1, 2, 2, 2, 2 ], 3 ], [ [ 1, 1, 1, 1, 1, 1, 1, 1, 2, 2, 2, 2, 2, 2, 2, 2 ], 3 ], [ [ 1, 1, 1, 1, 1, 1, 1, 1, 4, 4, 4, 4 ], 3 ], [ [ 1, 1, 1, 1, 1, 1, 1, 1, 4, 4, 4, 4 ], 6 ], [ [ 1, 1, 1, 1, 1, 1, 1, 1, 4, 4, 4, 4 ], 3 ], [ [ 1, 1, 1, 1, 2, 2, 8, 8 ], 24 ], [ [ 1, 1, 1, 1, 2, 2, 8, 8 ], 24 ], [ [ 2, 2, 2, 2, 2, 2, 2, 2, 2, 2, 2, 2 ], 1 ], [ [ 2, 2, 2, 2, 4, 4, 4, 4 ], 3 ], [ [ 2, 2, 2, 2, 4, 4, 4, 4 ], 6 ], [ [ 2, 2, 2, 2, 4, 4, 4, 4 ], 3 ], [ [ 2, 2, 2, 2, 4, 4, 4, 4 ], 6 ], [ [ 2, 2, 2, 2, 4, 4, 4, 4 ], 6 ], [ [ 2, 2, 2, 2, 4, 4, 4, 4 ], 6 ], [ [ 4, 4, 4, 4, 4, 4 ], 24 ], [ [ 2, 2, 2, 2, 2, 2, 2, 2, 4, 4 ], 24 ], [ [ 2, 2, 2, 2, 4, 4, 4, 4 ], 6 ], [ [ 2, 2, 2, 2, 2, 2, 2, 2, 2, 2, 2, 2 ], 24 ], [ [ 2, 2, 2, 2, 4, 4, 4, 4 ], 24 ], [ [ 4, 4, 8, 8 ], 24 ], [ [ 4, 4, 8, 8 ], 24 ], [ [ 2, 2, 2, 2, 2, 2, 2, 2, 2, 2, 2, 2 ], 2 ], [ [ 2, 2, 2, 2, 2, 2, 2, 2, 2, 2, 2, 2 ], 6 ], [ [ 6, 6, 6, 6 ], 32 ], [ [ 6, 6, 6, 6 ], 32 ], [ [ 3, 3, 3, 3, 3, 3, 3, 3 ], 32 ], [ [ 6, 6, 6, 6 ], 32 ] ]
864|384|[ 384, 5569 ]|[ [ [ 1, 1, 1, 1, 1, 1, 1, 1, 1, 1, 1, 1, 1, 1, 1, 1, 1, 1, 1, 1, 1, 1, 1, 1 ], 1 ], [ [ 1, 1, 1, 1, 1, 1, 1, 1, 1, 1, 1, 1, 1, 1, 1, 1, 2, 2, 2, 2 ], 3 ], [ [ 1, 1, 1, 1, 1, 1, 1, 1, 2, 2, 2, 2, 2, 2, 2, 2 ], 3 ], [ [ 1, 1, 1, 1, 1, 1, 1, 1, 4, 4, 4, 4 ], 6 ], [ [ 1, 1, 1, 1, 1, 1, 1, 1, 4, 4, 4, 4 ], 6 ], [ [ 1, 1, 1, 1, 2, 2, 8, 8 ], 24 ], [ [ 1, 1, 1, 1, 2, 2, 8, 8 ], 24 ], [ [ 2, 2, 2, 2, 2, 2, 2, 2, 2, 2, 2, 2 ], 1 ], [ [ 2, 2, 2, 2, 4, 4, 4, 4 ], 6 ], [ [ 2, 2, 2, 2, 4, 4, 4, 4 ], 6 ], [ [ 4, 4, 4, 4, 4, 4 ], 12 ], [ [ 4, 4, 4, 4, 4, 4 ], 12 ], [ [ 4, 4, 4, 4, 4, 4 ], 12 ], [ [ 2, 2, 2, 2, 2, 2, 2, 2, 4, 4 ], 12 ], [ [ 4, 4, 4, 4, 4, 4 ], 12 ], [ [ 2, 2, 2, 2, 2, 2, 2, 2, 4, 4 ], 12 ], [ [ 2, 2, 2, 2, 2, 2, 2, 2, 2, 2, 2, 2 ], 12 ], [ [ 2, 2, 2, 2, 4, 4, 4, 4 ], 12 ], [ [ 2, 2, 2, 2, 4, 4, 4, 4 ], 12 ], [ [ 2, 2, 2, 2, 2, 2, 2, 2, 2, 2, 2, 2 ], 12 ], [ [ 2, 2, 2, 2, 8, 8 ], 24 ], [ [ 2, 2, 2, 2, 8, 8 ], 24 ], [ [ 4, 4, 4, 4, 4, 4 ], 4 ], [ [ 4, 4, 4, 4, 4, 4 ], 4 ], [ [ 12, 12 ], 32 ], [ [ 12, 12 ], 32 ], [ [ 3, 3, 3, 3, 3, 3, 3, 3 ], 32 ], [ [ 6, 6, 6, 6 ], 32 ] ]
865|384|[ 384, 5565 ]|[ [ [ 1, 1, 1, 1, 1, 1, 1, 1, 1, 1, 1, 1, 1, 1, 1, 1, 1, 1, 1, 1, 1, 1, 1, 1 ], 1 ], [ [ 1, 1, 1, 1, 1, 1, 1, 1, 1, 1, 1, 1, 1, 1, 1, 1, 2, 2, 2, 2 ], 3 ], [ [ 1, 1, 1, 1, 1, 1, 1, 1, 2, 2, 2, 2, 2, 2, 2, 2 ], 3 ], [ [ 1, 1, 1, 1, 1, 1, 1, 1, 2, 2, 2, 2, 2, 2, 2, 2 ], 6 ], [ [ 1, 1, 1, 1, 1, 1, 1, 1, 2, 2, 2, 2, 2, 2, 2, 2 ], 6 ], [ [ 1, 1, 1, 1, 2, 2, 4, 4, 4, 4 ], 24 ], [ [ 1, 1, 1, 1, 2, 2, 4, 4, 4, 4 ], 24 ], [ [ 2, 2, 2, 2, 2, 2, 2, 2, 2, 2, 2, 2 ], 1 ], [ [ 2, 2, 2, 2, 2, 2, 2, 2, 2, 2, 2, 2 ], 6 ], [ [ 2, 2, 2, 2, 2, 2, 2, 2, 2, 2, 2, 2 ], 6 ], [ [ 2, 2, 2, 2, 2, 2, 2, 2, 4, 4 ], 24 ], [ [ 4, 4, 4, 4, 4, 4 ], 24 ], [ [ 2, 2, 2, 2, 2, 2, 2, 2, 4, 4 ], 24 ], [ [ 2, 2, 2, 2, 2, 2, 2, 2, 4, 4 ], 24 ], [ [ 4, 4, 4, 4, 4, 4 ], 24 ], [ [ 4, 4, 4, 4, 4, 4 ], 8 ], [ [ 4, 4, 4, 4, 4, 4 ], 24 ], [ [ 4, 4, 4, 4, 4, 4 ], 24 ], [ [ 12, 12 ], 32 ], [ [ 12, 12 ], 32 ], [ [ 3, 3, 3, 3, 3, 3, 3, 3 ], 32 ], [ [ 6, 6, 6, 6 ], 32 ] ]
866|384|[ 384, 20079 ]|[ [ [ 1, 1, 1, 1, 1, 1, 1, 1, 1, 1, 1, 1, 1, 1, 1, 1, 1, 1, 1, 1, 1, 1, 1, 1 ], 1 ], [ [ 1, 1, 1, 1, 1, 1, 1, 1, 1, 1, 1, 1, 1, 1, 1, 1, 2, 2, 2, 2 ], 3 ], [ [ 1, 1, 1, 1, 1, 1, 1, 1, 2, 2, 2, 2, 2, 2, 2, 2 ], 3 ], [ [ 1, 1, 1, 1, 1, 1, 1, 1, 2, 2, 2, 2, 2, 2, 2, 2 ], 3 ], [ [ 1, 1, 1, 1, 1, 1, 1, 1, 2, 2, 2, 2, 2, 2, 2, 2 ], 6 ], [ [ 1, 1, 1, 1, 1, 1, 1, 1, 2, 2, 2, 2, 2, 2, 2, 2 ], 3 ], [ [ 1, 1, 1, 1, 2, 2, 4, 4, 4, 4 ], 12 ], [ [ 1, 1, 1, 1, 2, 2, 4, 4, 4, 4 ], 12 ], [ [ 1, 1, 1, 1, 2, 2, 4, 4, 4, 4 ], 12 ], [ [ 1, 1, 1, 1, 2, 2, 4, 4, 4, 4 ], 12 ], [ [ 2, 2, 2, 2, 2, 2, 2, 2, 2, 2, 2, 2 ], 1 ], [ [ 2, 2, 2, 2, 2, 2, 2, 2, 2, 2, 2, 2 ], 3 ], [ [ 2, 2, 2, 2, 2, 2, 2, 2, 2, 2, 2, 2 ], 6 ], [ [ 2, 2, 2, 2, 2, 2, 2, 2, 2, 2, 2, 2 ], 3 ], [ [ 2, 2, 2, 2, 2, 2, 2, 2, 2, 2, 2, 2 ], 12 ], [ [ 2, 2, 2, 2, 4, 4, 4, 4 ], 12 ], [ [ 2, 2, 2, 2, 4, 4, 4, 4 ], 12 ], [ [ 2, 2, 2, 2, 2, 2, 2, 2, 2, 2, 2, 2 ], 12 ], [ [ 4, 4, 4, 4, 4, 4 ], 3 ], [ [ 4, 4, 4, 4, 4, 4 ], 6 ], [ [ 4, 4, 4, 4, 4, 4 ], 3 ], [ [ 4, 4, 4, 4, 4, 4 ], 6 ], [ [ 4, 4, 4, 4, 4, 4 ], 3 ], [ [ 4, 4, 4, 4, 4, 4 ], 3 ], [ [ 2, 2, 2, 2, 2, 2, 2, 2, 4, 4 ], 12 ], [ [ 4, 4, 4, 4, 4, 4 ], 12 ], [ [ 2, 2, 2, 2, 2, 2, 2, 2, 4, 4 ], 12 ], [ [ 4, 4, 4, 4, 4, 4 ], 12 ], [ [ 4, 4, 4, 4, 4, 4 ], 3 ], [ [ 4, 4, 4, 4, 4, 4 ], 3 ], [ [ 4, 4, 4, 4, 4, 4 ], 1 ], [ [ 4, 4, 4, 4, 4, 4 ], 12 ], [ [ 4, 4, 4, 4, 4, 4 ], 12 ], [ [ 4, 4, 4, 4, 4, 4 ], 12 ], [ [ 4, 4, 4, 4, 4, 4 ], 12 ], [ [ 4, 4, 4, 4, 4, 4 ], 1 ], [ [ 12, 12 ], 32 ], [ [ 12, 12 ], 32 ], [ [ 3, 3, 3, 3, 3, 3, 3, 3 ], 32 ], [ [ 6, 6, 6, 6 ], 32 ] ]
867|384|[ 384, 5656 ]|[ [ [ 1, 1, 1, 1, 1, 1, 1, 1, 1, 1, 1, 1, 1, 1, 1, 1, 1, 1, 1, 1, 1, 1, 1, 1 ], 1 ], [ [ 1, 1, 1, 1, 1, 1, 1, 1, 1, 1, 1, 1, 1, 1, 1, 1, 2, 2, 2, 2 ], 3 ], [ [ 1, 1, 1, 1, 1, 1, 1, 1, 2, 2, 2, 2, 2, 2, 2, 2 ], 3 ], [ [ 1, 1, 1, 1, 1, 1, 1, 1, 2, 2, 2, 2, 2, 2, 2, 2 ], 6 ], [ [ 1, 1, 1, 1, 1, 1, 1, 1, 2, 2, 2, 2, 2, 2, 2, 2 ], 6 ], [ [ 1, 1, 1, 1, 2, 2, 4, 4, 4, 4 ], 24 ], [ [ 1, 1, 1, 1, 2, 2, 4, 4, 4, 4 ], 24 ], [ [ 2, 2, 2, 2, 2, 2, 2, 2, 2, 2, 2, 2 ], 1 ], [ [ 2, 2, 2, 2, 2, 2, 2, 2, 2, 2, 2, 2 ], 6 ], [ [ 2, 2, 2, 2, 2, 2, 2, 2, 2, 2, 2, 2 ], 6 ], [ [ 2, 2, 2, 2, 2, 2, 2, 2, 4, 4 ], 12 ], [ [ 4, 4, 4, 4, 4, 4 ], 12 ], [ [ 2, 2, 2, 2, 4, 4, 4, 4 ], 12 ], [ [ 2, 2, 2, 2, 4, 4, 4, 4 ], 12 ], [ [ 2, 2, 2, 2, 2, 2, 2, 2, 4, 4 ], 12 ], [ [ 4, 4, 4, 4, 4, 4 ], 12 ], [ [ 2, 2, 2, 2, 2, 2, 2, 2, 4, 4 ], 12 ], [ [ 4, 4, 4, 4, 4, 4 ], 12 ], [ [ 2, 2, 2, 2, 2, 2, 2, 2, 4, 4 ], 12 ], [ [ 4, 4, 4, 4, 4, 4 ], 12 ], [ [ 4, 4, 4, 4, 4, 4 ], 24 ], [ [ 4, 4, 4, 4, 4, 4 ], 24 ], [ [ 2, 2, 2, 2, 2, 2, 2, 2, 2, 2, 2, 2 ], 4 ], [ [ 2, 2, 2, 2, 2, 2, 2, 2, 2, 2, 2, 2 ], 4 ], [ [ 6, 6, 6, 6 ], 32 ], [ [ 6, 6, 6, 6 ], 32 ], [ [ 3, 3, 3, 3, 3, 3, 3, 3 ], 32 ], [ [ 6, 6, 6, 6 ], 32 ] ]
868|384|[ 384, 20078 ]|[ [ [ 1, 1, 1, 1, 1, 1, 1, 1, 1, 1, 1, 1, 1, 1, 1, 1, 1, 1, 1, 1, 1, 1, 1, 1 ], 1 ], [ [ 1, 1, 1, 1, 1, 1, 1, 1, 1, 1, 1, 1, 1, 1, 1, 1, 2, 2, 2, 2 ], 3 ], [ [ 1, 1, 1, 1, 1, 1, 1, 1, 2, 2, 2, 2, 2, 2, 2, 2 ], 3 ], [ [ 1, 1, 1, 1, 1, 1, 1, 1, 2, 2, 2, 2, 2, 2, 2, 2 ], 3 ], [ [ 1, 1, 1, 1, 1, 1, 1, 1, 2, 2, 2, 2, 2, 2, 2, 2 ], 6 ], [ [ 1, 1, 1, 1, 1, 1, 1, 1, 2, 2, 2, 2, 2, 2, 2, 2 ], 3 ], [ [ 1, 1, 1, 1, 2, 2, 4, 4, 4, 4 ], 24 ], [ [ 1, 1, 1, 1, 2, 2, 4, 4, 4, 4 ], 24 ], [ [ 2, 2, 2, 2, 2, 2, 2, 2, 2, 2, 2, 2 ], 1 ], [ [ 2, 2, 2, 2, 2, 2, 2, 2, 2, 2, 2, 2 ], 3 ], [ [ 2, 2, 2, 2, 2, 2, 2, 2, 2, 2, 2, 2 ], 6 ], [ [ 2, 2, 2, 2, 2, 2, 2, 2, 2, 2, 2, 2 ], 3 ], [ [ 2, 2, 2, 2, 2, 2, 2, 2, 4, 4 ], 24 ], [ [ 4, 4, 4, 4, 4, 4 ], 24 ], [ [ 4, 4, 4, 4, 4, 4 ], 6 ], [ [ 4, 4, 4, 4, 4, 4 ], 6 ], [ [ 4, 4, 4, 4, 4, 4 ], 6 ], [ [ 4, 4, 4, 4, 4, 4 ], 6 ], [ [ 2, 2, 2, 2, 2, 2, 2, 2, 4, 4 ], 24 ], [ [ 4, 4, 4, 4, 4, 4 ], 24 ], [ [ 2, 2, 2, 2, 4, 4, 4, 4 ], 24 ], [ [ 2, 2, 2, 2, 4, 4, 4, 4 ], 24 ], [ [ 4, 4, 4, 4, 4, 4 ], 6 ], [ [ 4, 4, 4, 4, 4, 4 ], 2 ], [ [ 12, 12 ], 32 ], [ [ 12, 12 ], 32 ], [ [ 3, 3, 3, 3, 3, 3, 3, 3 ], 32 ], [ [ 6, 6, 6, 6 ], 32 ] ]
869|384|[ 384, 5659 ]|[ [ [ 1, 1, 1, 1, 1, 1, 1, 1, 1, 1, 1, 1, 1, 1, 1, 1, 1, 1, 1, 1, 1, 1, 1, 1 ], 1 ], [ [ 1, 1, 1, 1, 1, 1, 1, 1, 1, 1, 1, 1, 1, 1, 1, 1, 2, 2, 2, 2 ], 3 ], [ [ 1, 1, 1, 1, 1, 1, 1, 1, 2, 2, 2, 2, 2, 2, 2, 2 ], 3 ], [ [ 1, 1, 1, 1, 1, 1, 1, 1, 4, 4, 4, 4 ], 6 ], [ [ 1, 1, 1, 1, 1, 1, 1, 1, 4, 4, 4, 4 ], 6 ], [ [ 1, 1, 1, 1, 2, 2, 8, 8 ], 24 ], [ [ 1, 1, 1, 1, 2, 2, 8, 8 ], 24 ], [ [ 2, 2, 2, 2, 2, 2, 2, 2, 2, 2, 2, 2 ], 1 ], [ [ 2, 2, 2, 2, 4, 4, 4, 4 ], 6 ], [ [ 2, 2, 2, 2, 4, 4, 4, 4 ], 6 ], [ [ 2, 2, 2, 2, 2, 2, 2, 2, 2, 2, 2, 2 ], 12 ], [ [ 2, 2, 2, 2, 2, 2, 2, 2, 2, 2, 2, 2 ], 12 ], [ [ 2, 2, 2, 2, 2, 2, 2, 2, 4, 4 ], 12 ], [ [ 4, 4, 4, 4, 4, 4 ], 12 ], [ [ 2, 2, 2, 2, 2, 2, 2, 2, 4, 4 ], 12 ], [ [ 4, 4, 4, 4, 4, 4 ], 12 ], [ [ 2, 2, 2, 2, 2, 2, 2, 2, 4, 4 ], 12 ], [ [ 4, 4, 4, 4, 4, 4 ], 12 ], [ [ 2, 2, 2, 2, 2, 2, 2, 2, 4, 4 ], 12 ], [ [ 4, 4, 4, 4, 4, 4 ], 12 ], [ [ 4, 4, 8, 8 ], 24 ], [ [ 4, 4, 8, 8 ], 24 ], [ [ 2, 2, 2, 2, 2, 2, 2, 2, 2, 2, 2, 2 ], 4 ], [ [ 2, 2, 2, 2, 2, 2, 2, 2, 2, 2, 2, 2 ], 4 ], [ [ 6, 6, 6, 6 ], 32 ], [ [ 6, 6, 6, 6 ], 32 ], [ [ 3, 3, 3, 3, 3, 3, 3, 3 ], 32 ], [ [ 6, 6, 6, 6 ], 32 ] ]
870|384|[ 384, 5624 ]|[ [ [ 1, 1, 1, 1, 1, 1, 1, 1, 1, 1, 1, 1, 1, 1, 1, 1, 1, 1, 1, 1, 1, 1, 1, 1 ], 1 ], [ [ 1, 1, 1, 1, 1, 1, 1, 1, 1, 1, 1, 1, 1, 1, 1, 1, 2, 2, 2, 2 ], 3 ], [ [ 1, 1, 1, 1, 1, 1, 1, 1, 2, 2, 2, 2, 2, 2, 2, 2 ], 3 ], [ [ 1, 1, 1, 1, 1, 1, 1, 1, 4, 4, 4, 4 ], 6 ], [ [ 1, 1, 1, 1, 1, 1, 1, 1, 4, 4, 4, 4 ], 3 ], [ [ 1, 1, 1, 1, 1, 1, 1, 1, 4, 4, 4, 4 ], 3 ], [ [ 1, 1, 1, 1, 2, 2, 8, 8 ], 24 ], [ [ 1, 1, 1, 1, 2, 2, 8, 8 ], 24 ], [ [ 2, 2, 2, 2, 2, 2, 2, 2, 2, 2, 2, 2 ], 1 ], [ [ 2, 2, 2, 2, 4, 4, 4, 4 ], 6 ], [ [ 2, 2, 2, 2, 4, 4, 4, 4 ], 3 ], [ [ 2, 2, 2, 2, 4, 4, 4, 4 ], 3 ], [ [ 2, 2, 2, 2, 4, 4, 4, 4 ], 24 ], [ [ 2, 2, 2, 2, 2, 2, 2, 2, 2, 2, 2, 2 ], 24 ], [ [ 2, 2, 2, 2, 4, 4, 4, 4 ], 6 ], [ [ 2, 2, 2, 2, 4, 4, 4, 4 ], 6 ], [ [ 2, 2, 2, 2, 4, 4, 4, 4 ], 6 ], [ [ 2, 2, 2, 2, 4, 4, 4, 4 ], 6 ], [ [ 2, 2, 2, 2, 2, 2, 2, 2, 4, 4 ], 24 ], [ [ 4, 4, 4, 4, 4, 4 ], 24 ], [ [ 4, 4, 8, 8 ], 24 ], [ [ 4, 4, 8, 8 ], 24 ], [ [ 2, 2, 2, 2, 2, 2, 2, 2, 2, 2, 2, 2 ], 2 ], [ [ 2, 2, 2, 2, 2, 2, 2, 2, 2, 2, 2, 2 ], 6 ], [ [ 6, 6, 6, 6 ], 32 ], [ [ 6, 6, 6, 6 ], 32 ], [ [ 3, 3, 3, 3, 3, 3, 3, 3 ], 32 ], [ [ 6, 6, 6, 6 ], 32 ] ]
871|384|[ 384, 5556 ]|[ [ [ 1, 1, 1, 1, 1, 1, 1, 1, 1, 1, 1, 1, 1, 1, 1, 1, 1, 1, 1, 1, 1, 1, 1, 1 ], 1 ], [ [ 1, 1, 1, 1, 1, 1, 1, 1, 1, 1, 1, 1, 1, 1, 1, 1, 2, 2, 2, 2 ], 3 ], [ [ 1, 1, 1, 1, 1, 1, 1, 1, 2, 2, 2, 2, 2, 2, 2, 2 ], 3 ], [ [ 1, 1, 1, 1, 1, 1, 1, 1, 4, 4, 4, 4 ], 6 ], [ [ 1, 1, 1, 1, 1, 1, 1, 1, 4, 4, 4, 4 ], 3 ], [ [ 1, 1, 1, 1, 1, 1, 1, 1, 4, 4, 4, 4 ], 3 ], [ [ 1, 1, 1, 1, 2, 2, 8, 8 ], 24 ], [ [ 1, 1, 1, 1, 2, 2, 8, 8 ], 24 ], [ [ 2, 2, 2, 2, 2, 2, 2, 2, 2, 2, 2, 2 ], 1 ], [ [ 2, 2, 2, 2, 4, 4, 4, 4 ], 6 ], [ [ 2, 2, 2, 2, 4, 4, 4, 4 ], 3 ], [ [ 2, 2, 2, 2, 4, 4, 4, 4 ], 3 ], [ [ 2, 2, 2, 2, 2, 2, 2, 2, 4, 4 ], 6 ], [ [ 2, 2, 2, 2, 2, 2, 2, 2, 4, 4 ], 6 ], [ [ 2, 2, 2, 2, 2, 2, 2, 2, 4, 4 ], 6 ], [ [ 2, 2, 2, 2, 2, 2, 2, 2, 4, 4 ], 6 ], [ [ 2, 2, 2, 2, 2, 2, 2, 2, 4, 4 ], 24 ], [ [ 4, 4, 4, 4, 4, 4 ], 24 ], [ [ 2, 2, 2, 2, 2, 2, 2, 2, 4, 4 ], 24 ], [ [ 4, 4, 4, 4, 4, 4 ], 24 ], [ [ 4, 4, 4, 4, 4, 4 ], 6 ], [ [ 4, 4, 4, 4, 4, 4 ], 2 ], [ [ 2, 2, 2, 2, 8, 8 ], 24 ], [ [ 2, 2, 2, 2, 8, 8 ], 24 ], [ [ 12, 12 ], 32 ], [ [ 12, 12 ], 32 ], [ [ 3, 3, 3, 3, 3, 3, 3, 3 ], 32 ], [ [ 6, 6, 6, 6 ], 32 ] ]
872|384|[ 384, 5569 ]|[ [ [ 1, 1, 1, 1, 1, 1, 1, 1, 1, 1, 1, 1, 1, 1, 1, 1, 1, 1, 1, 1, 1, 1, 1, 1 ], 1 ], [ [ 1, 1, 1, 1, 1, 1, 1, 1, 1, 1, 1, 1, 1, 1, 1, 1, 2, 2, 2, 2 ], 3 ], [ [ 1, 1, 1, 1, 1, 1, 1, 1, 2, 2, 2, 2, 2, 2, 2, 2 ], 3 ], [ [ 1, 1, 1, 1, 1, 1, 1, 1, 4, 4, 4, 4 ], 6 ], [ [ 1, 1, 1, 1, 1, 1, 1, 1, 4, 4, 4, 4 ], 6 ], [ [ 1, 1, 1, 1, 2, 2, 8, 8 ], 24 ], [ [ 1, 1, 1, 1, 2, 2, 8, 8 ], 24 ], [ [ 2, 2, 2, 2, 2, 2, 2, 2, 2, 2, 2, 2 ], 1 ], [ [ 2, 2, 2, 2, 4, 4, 4, 4 ], 6 ], [ [ 2, 2, 2, 2, 4, 4, 4, 4 ], 6 ], [ [ 2, 2, 2, 2, 4, 4, 4, 4 ], 12 ], [ [ 2, 2, 2, 2, 2, 2, 2, 2, 2, 2, 2, 2 ], 12 ], [ [ 2, 2, 2, 2, 4, 4, 4, 4 ], 12 ], [ [ 2, 2, 2, 2, 2, 2, 2, 2, 2, 2, 2, 2 ], 12 ], [ [ 4, 4, 4, 4, 4, 4 ], 12 ], [ [ 4, 4, 4, 4, 4, 4 ], 12 ], [ [ 2, 2, 2, 2, 2, 2, 2, 2, 4, 4 ], 12 ], [ [ 4, 4, 4, 4, 4, 4 ], 12 ], [ [ 2, 2, 2, 2, 2, 2, 2, 2, 4, 4 ], 12 ], [ [ 4, 4, 4, 4, 4, 4 ], 12 ], [ [ 4, 4, 4, 4, 4, 4 ], 4 ], [ [ 4, 4, 4, 4, 4, 4 ], 4 ], [ [ 2, 2, 2, 2, 8, 8 ], 24 ], [ [ 2, 2, 2, 2, 8, 8 ], 24 ], [ [ 12, 12 ], 32 ], [ [ 12, 12 ], 32 ], [ [ 3, 3, 3, 3, 3, 3, 3, 3 ], 32 ], [ [ 6, 6, 6, 6 ], 32 ] ]
873|384|[ 384, 5568 ]|[ [ [ 1, 1, 1, 1, 1, 1, 1, 1, 1, 1, 1, 1, 1, 1, 1, 1, 1, 1, 1, 1, 1, 1, 1, 1 ], 1 ], [ [ 1, 1, 1, 1, 1, 1, 1, 1, 1, 1, 1, 1, 1, 1, 1, 1, 2, 2, 2, 2 ], 3 ], [ [ 1, 1, 1, 1, 1, 1, 1, 1, 2, 2, 2, 2, 2, 2, 2, 2 ], 3 ], [ [ 1, 1, 1, 1, 1, 1, 1, 1, 4, 4, 4, 4 ], 6 ], [ [ 1, 1, 1, 1, 1, 1, 1, 1, 4, 4, 4, 4 ], 6 ], [ [ 1, 1, 1, 1, 1, 1, 1, 1, 8, 8 ], 24 ], [ [ 2, 2, 2, 2, 2, 2, 2, 2, 2, 2, 2, 2 ], 1 ], [ [ 2, 2, 2, 2, 4, 4, 4, 4 ], 6 ], [ [ 2, 2, 2, 2, 4, 4, 4, 4 ], 6 ], [ [ 2, 2, 2, 2, 8, 8 ], 24 ], [ [ 4, 4, 4, 4, 4, 4 ], 24 ], [ [ 4, 4, 4, 4, 4, 4 ], 24 ], [ [ 2, 2, 2, 2, 2, 2, 2, 2, 4, 4 ], 24 ], [ [ 2, 2, 2, 2, 2, 2, 2, 2, 4, 4 ], 24 ], [ [ 4, 4, 4, 4, 4, 4 ], 24 ], [ [ 4, 4, 4, 4, 4, 4 ], 8 ], [ [ 4, 4, 8, 8 ], 24 ], [ [ 4, 4, 8, 8 ], 24 ], [ [ 12, 12 ], 32 ], [ [ 12, 12 ], 32 ], [ [ 3, 3, 3, 3, 3, 3, 3, 3 ], 32 ], [ [ 6, 6, 6, 6 ], 32 ] ]
874|384|[ 384, 5795 ]|[ [ [ 1, 1, 1, 1, 1, 1, 1, 1, 1, 1, 1, 1, 1, 1, 1, 1, 1, 1, 1, 1, 1, 1, 1, 1 ], 1 ], [ [ 1, 1, 1, 1, 1, 1, 1, 1, 1, 1, 1, 1, 1, 1, 1, 1, 2, 2, 2, 2 ], 3 ], [ [ 1, 1, 1, 1, 1, 1, 1, 1, 1, 1, 1, 1, 2, 2, 4, 4 ], 6 ], [ [ 1, 1, 1, 1, 1, 1, 1, 1, 1, 1, 1, 1, 2, 2, 4, 4 ], 6 ], [ [ 1, 1, 1, 1, 1, 1, 1, 1, 2, 2, 2, 2, 2, 2, 2, 2 ], 3 ], [ [ 1, 1, 1, 1, 2, 2, 4, 4, 4, 4 ], 6 ], [ [ 1, 1, 1, 1, 2, 2, 4, 4, 4, 4 ], 6 ], [ [ 1, 1, 1, 1, 2, 2, 2, 2, 2, 2, 4, 4 ], 6 ], [ [ 1, 1, 1, 1, 2, 2, 2, 2, 2, 2, 4, 4 ], 6 ], [ [ 1, 1, 1, 1, 2, 2, 4, 4, 4, 4 ], 6 ], [ [ 1, 1, 1, 1, 2, 2, 4, 4, 4, 4 ], 6 ], [ [ 2, 2, 2, 2, 2, 2, 2, 2, 2, 2, 2, 2 ], 1 ], [ [ 2, 2, 2, 2, 2, 2, 2, 2, 2, 2, 2, 2 ], 8 ], [ [ 2, 2, 2, 2, 4, 4, 4, 4 ], 24 ], [ [ 2, 2, 2, 2, 4, 4, 4, 4 ], 24 ], [ [ 4, 4, 4, 4, 4, 4 ], 6 ], [ [ 4, 4, 4, 4, 4, 4 ], 2 ], [ [ 2, 2, 2, 2, 2, 2, 2, 2, 2, 2, 2, 2 ], 8 ], [ [ 6, 6, 6, 6 ], 32 ], [ [ 6, 6, 6, 6 ], 32 ], [ [ 3, 3, 3, 3, 3, 3, 3, 3 ], 16 ], [ [ 6, 6, 6, 6 ], 16 ], [ [ 12, 12 ], 32 ], [ [ 6, 6, 6, 6 ], 32 ], [ [ 6, 6, 6, 6 ], 32 ], [ [ 3, 3, 3, 3, 3, 3, 3, 3 ], 16 ], [ [ 6, 6, 6, 6 ], 16 ], [ [ 12, 12 ], 32 ] ]
875|384|[ 384, 5749 ]|[ [ [ 1, 1, 1, 1, 1, 1, 1, 1, 1, 1, 1, 1, 1, 1, 1, 1, 1, 1, 1, 1, 1, 1, 1, 1 ], 1 ], [ [ 1, 1, 1, 1, 1, 1, 1, 1, 1, 1, 1, 1, 1, 1, 1, 1, 2, 2, 2, 2 ], 3 ], [ [ 1, 1, 1, 1, 1, 1, 1, 1, 2, 2, 2, 2, 2, 2, 2, 2 ], 3 ], [ [ 1, 1, 1, 1, 1, 1, 1, 1, 4, 4, 4, 4 ], 6 ], [ [ 1, 1, 1, 1, 1, 1, 1, 1, 4, 4, 4, 4 ], 6 ], [ [ 1, 1, 1, 1, 1, 1, 1, 1, 2, 2, 2, 2, 4, 4 ], 6 ], [ [ 1, 1, 1, 1, 1, 1, 1, 1, 2, 2, 2, 2, 4, 4 ], 6 ], [ [ 1, 1, 1, 1, 1, 1, 1, 1, 2, 2, 2, 2, 4, 4 ], 6 ], [ [ 1, 1, 1, 1, 1, 1, 1, 1, 2, 2, 2, 2, 4, 4 ], 6 ], [ [ 2, 2, 2, 2, 2, 2, 2, 2, 2, 2, 2, 2 ], 1 ], [ [ 2, 2, 2, 2, 4, 4, 4, 4 ], 6 ], [ [ 2, 2, 2, 2, 4, 4, 4, 4 ], 6 ], [ [ 2, 2, 2, 2, 2, 2, 2, 2, 2, 2, 2, 2 ], 12 ], [ [ 2, 2, 2, 2, 2, 2, 2, 2, 2, 2, 2, 2 ], 12 ], [ [ 2, 2, 2, 2, 2, 2, 2, 2, 2, 2, 2, 2 ], 4 ], [ [ 2, 2, 2, 2, 2, 2, 2, 2, 2, 2, 2, 2 ], 4 ], [ [ 4, 4, 4, 4, 4, 4 ], 12 ], [ [ 4, 4, 4, 4, 4, 4 ], 12 ], [ [ 4, 4, 4, 4, 4, 4 ], 1 ], [ [ 4, 4, 4, 4, 4, 4 ], 3 ], [ [ 4, 4, 4, 4, 4, 4 ], 3 ], [ [ 4, 4, 4, 4, 4, 4 ], 1 ], [ [ 4, 4, 4, 4, 4, 4 ], 4 ], [ [ 4, 4, 4, 4, 4, 4 ], 4 ], [ [ 12, 12 ], 16 ], [ [ 12, 12 ], 16 ], [ [ 6, 6, 6, 6 ], 16 ], [ [ 6, 6, 6, 6 ], 16 ], [ [ 3, 3, 3, 3, 3, 3, 3, 3 ], 16 ], [ [ 6, 6, 6, 6 ], 16 ], [ [ 12, 12 ], 16 ], [ [ 12, 12 ], 16 ], [ [ 12, 12 ], 16 ], [ [ 12, 12 ], 16 ], [ [ 6, 6, 6, 6 ], 16 ], [ [ 6, 6, 6, 6 ], 16 ], [ [ 6, 6, 6, 6 ], 16 ], [ [ 3, 3, 3, 3, 3, 3, 3, 3 ], 16 ], [ [ 12, 12 ], 16 ], [ [ 12, 12 ], 16 ] ]
876|384|[ 384, 5778 ]|[ [ [ 1, 1, 1, 1, 1, 1, 1, 1, 1, 1, 1, 1, 1, 1, 1, 1, 1, 1, 1, 1, 1, 1, 1, 1 ], 1 ], [ [ 1, 1, 1, 1, 1, 1, 1, 1, 1, 1, 1, 1, 1, 1, 1, 1, 2, 2, 2, 2 ], 3 ], [ [ 1, 1, 1, 1, 1, 1, 1, 1, 2, 2, 2, 2, 2, 2, 2, 2 ], 3 ], [ [ 1, 1, 1, 1, 1, 1, 1, 1, 1, 1, 1, 1, 2, 2, 4, 4 ], 12 ], [ [ 1, 1, 1, 1, 2, 2, 2, 2, 2, 2, 4, 4 ], 12 ], [ [ 1, 1, 1, 1, 2, 2, 2, 2, 2, 2, 4, 4 ], 24 ], [ [ 2, 2, 2, 2, 2, 2, 2, 2, 2, 2, 2, 2 ], 1 ], [ [ 2, 2, 2, 2, 4, 4, 4, 4 ], 12 ], [ [ 2, 2, 2, 2, 4, 4, 4, 4 ], 12 ], [ [ 2, 2, 2, 2, 2, 2, 2, 2, 2, 2, 2, 2 ], 8 ], [ [ 4, 4, 4, 4, 4, 4 ], 12 ], [ [ 4, 4, 4, 4, 4, 4 ], 12 ], [ [ 2, 2, 2, 2, 2, 2, 2, 2, 2, 2, 2, 2 ], 8 ], [ [ 4, 4, 4, 4, 4, 4 ], 8 ], [ [ 12, 12 ], 32 ], [ [ 6, 6, 6, 6 ], 32 ], [ [ 3, 3, 3, 3, 3, 3, 3, 3 ], 16 ], [ [ 6, 6, 6, 6 ], 16 ], [ [ 6, 6, 6, 6 ], 32 ], [ [ 12, 12 ], 32 ], [ [ 6, 6, 6, 6 ], 32 ], [ [ 6, 6, 6, 6 ], 32 ], [ [ 3, 3, 3, 3, 3, 3, 3, 3 ], 16 ], [ [ 6, 6, 6, 6 ], 16 ] ]
877|384|[ 384, 5788 ]|[ [ [ 1, 1, 1, 1, 1, 1, 1, 1, 1, 1, 1, 1, 1, 1, 1, 1, 1, 1, 1, 1, 1, 1, 1, 1 ], 1 ], [ [ 1, 1, 1, 1, 1, 1, 1, 1, 1, 1, 1, 1, 1, 1, 1, 1, 2, 2, 2, 2 ], 3 ], [ [ 1, 1, 1, 1, 1, 1, 1, 1, 2, 2, 2, 2, 2, 2, 2, 2 ], 3 ], [ [ 1, 1, 1, 1, 1, 1, 1, 1, 2, 2, 2, 2, 4, 4 ], 24 ], [ [ 1, 1, 1, 1, 2, 2, 2, 2, 2, 2, 4, 4 ], 24 ], [ [ 2, 2, 2, 2, 2, 2, 2, 2, 2, 2, 2, 2 ], 1 ], [ [ 2, 2, 2, 2, 2, 2, 2, 2, 2, 2, 2, 2 ], 4 ], [ [ 2, 2, 2, 2, 2, 2, 2, 2, 2, 2, 2, 2 ], 4 ], [ [ 2, 2, 2, 2, 2, 2, 2, 2, 4, 4 ], 24 ], [ [ 4, 4, 4, 4, 4, 4 ], 24 ], [ [ 2, 2, 2, 2, 2, 2, 2, 2, 2, 2, 2, 2 ], 4 ], [ [ 2, 2, 2, 2, 2, 2, 2, 2, 2, 2, 2, 2 ], 4 ], [ [ 2, 2, 2, 2, 2, 2, 2, 2, 2, 2, 2, 2 ], 4 ], [ [ 2, 2, 2, 2, 2, 2, 2, 2, 2, 2, 2, 2 ], 4 ], [ [ 6, 6, 6, 6 ], 16 ], [ [ 6, 6, 6, 6 ], 16 ], [ [ 6, 6, 6, 6 ], 16 ], [ [ 6, 6, 6, 6 ], 16 ], [ [ 6, 6, 6, 6 ], 16 ], [ [ 6, 6, 6, 6 ], 16 ], [ [ 3, 3, 3, 3, 3, 3, 3, 3 ], 16 ], [ [ 6, 6, 6, 6 ], 16 ], [ [ 6, 6, 6, 6 ], 16 ], [ [ 6, 6, 6, 6 ], 16 ], [ [ 6, 6, 6, 6 ], 16 ], [ [ 6, 6, 6, 6 ], 16 ], [ [ 6, 6, 6, 6 ], 16 ], [ [ 6, 6, 6, 6 ], 16 ], [ [ 3, 3, 3, 3, 3, 3, 3, 3 ], 16 ], [ [ 6, 6, 6, 6 ], 16 ] ]
878|384|[ 384, 5770 ]|[ [ [ 1, 1, 1, 1, 1, 1, 1, 1, 1, 1, 1, 1, 1, 1, 1, 1, 1, 1, 1, 1, 1, 1, 1, 1 ], 1 ], [ [ 1, 1, 1, 1, 1, 1, 1, 1, 1, 1, 1, 1, 1, 1, 1, 1, 2, 2, 2, 2 ], 3 ], [ [ 1, 1, 1, 1, 1, 1, 1, 1, 2, 2, 2, 2, 2, 2, 2, 2 ], 3 ], [ [ 1, 1, 1, 1, 2, 2, 2, 2, 2, 2, 4, 4 ], 12 ], [ [ 1, 1, 1, 1, 2, 2, 2, 2, 2, 2, 4, 4 ], 12 ], [ [ 1, 1, 1, 1, 1, 1, 1, 1, 2, 2, 2, 2, 4, 4 ], 24 ], [ [ 2, 2, 2, 2, 2, 2, 2, 2, 2, 2, 2, 2 ], 1 ], [ [ 2, 2, 2, 2, 2, 2, 2, 2, 4, 4 ], 24 ], [ [ 4, 4, 4, 4, 4, 4 ], 2 ], [ [ 4, 4, 4, 4, 4, 4 ], 6 ], [ [ 2, 2, 2, 2, 4, 4, 4, 4 ], 12 ], [ [ 2, 2, 2, 2, 4, 4, 4, 4 ], 12 ], [ [ 2, 2, 2, 2, 2, 2, 2, 2, 2, 2, 2, 2 ], 8 ], [ [ 2, 2, 2, 2, 2, 2, 2, 2, 2, 2, 2, 2 ], 8 ], [ [ 12, 12 ], 32 ], [ [ 6, 6, 6, 6 ], 32 ], [ [ 6, 6, 6, 6 ], 16 ], [ [ 3, 3, 3, 3, 3, 3, 3, 3 ], 16 ], [ [ 6, 6, 6, 6 ], 32 ], [ [ 12, 12 ], 32 ], [ [ 6, 6, 6, 6 ], 32 ], [ [ 3, 3, 3, 3, 3, 3, 3, 3 ], 16 ], [ [ 6, 6, 6, 6 ], 16 ], [ [ 6, 6, 6, 6 ], 32 ] ]
879|384|[ 384, 5780 ]|[ [ [ 1, 1, 1, 1, 1, 1, 1, 1, 1, 1, 1, 1, 1, 1, 1, 1, 1, 1, 1, 1, 1, 1, 1, 1 ], 1 ], [ [ 1, 1, 1, 1, 1, 1, 1, 1, 1, 1, 1, 1, 1, 1, 1, 1, 2, 2, 2, 2 ], 3 ], [ [ 1, 1, 1, 1, 1, 1, 1, 1, 2, 2, 2, 2, 2, 2, 2, 2 ], 3 ], [ [ 1, 1, 1, 1, 1, 1, 1, 1, 2, 2, 2, 2, 4, 4 ], 24 ], [ [ 1, 1, 1, 1, 2, 2, 2, 2, 2, 2, 2, 2, 2, 2 ], 12 ], [ [ 1, 1, 1, 1, 2, 2, 2, 2, 2, 2, 2, 2, 2, 2 ], 12 ], [ [ 2, 2, 2, 2, 2, 2, 2, 2, 2, 2, 2, 2 ], 1 ], [ [ 2, 2, 2, 2, 4, 4, 4, 4 ], 24 ], [ [ 2, 2, 2, 2, 2, 2, 2, 2, 2, 2, 2, 2 ], 8 ], [ [ 2, 2, 2, 2, 4, 4, 4, 4 ], 24 ], [ [ 4, 4, 4, 4, 4, 4 ], 8 ], [ [ 2, 2, 2, 2, 2, 2, 2, 2, 2, 2, 2, 2 ], 8 ], [ [ 6, 6, 6, 6 ], 32 ], [ [ 6, 6, 6, 6 ], 32 ], [ [ 12, 12 ], 32 ], [ [ 3, 3, 3, 3, 3, 3, 3, 3 ], 16 ], [ [ 6, 6, 6, 6 ], 16 ], [ [ 6, 6, 6, 6 ], 32 ], [ [ 6, 6, 6, 6 ], 32 ], [ [ 12, 12 ], 32 ], [ [ 3, 3, 3, 3, 3, 3, 3, 3 ], 16 ], [ [ 6, 6, 6, 6 ], 16 ] ]
880|384|[ 384, 5747 ]|[ [ [ 1, 1, 1, 1, 1, 1, 1, 1, 1, 1, 1, 1, 1, 1, 1, 1, 1, 1, 1, 1, 1, 1, 1, 1 ], 1 ], [ [ 1, 1, 1, 1, 1, 1, 1, 1, 1, 1, 1, 1, 1, 1, 1, 1, 2, 2, 2, 2 ], 3 ], [ [ 1, 1, 1, 1, 1, 1, 1, 1, 2, 2, 2, 2, 2, 2, 2, 2 ], 3 ], [ [ 1, 1, 1, 1, 1, 1, 1, 1, 2, 2, 2, 2, 2, 2, 2, 2 ], 6 ], [ [ 1, 1, 1, 1, 1, 1, 1, 1, 2, 2, 2, 2, 2, 2, 2, 2 ], 6 ], [ [ 1, 1, 1, 1, 1, 1, 1, 1, 2, 2, 2, 2, 4, 4 ], 12 ], [ [ 1, 1, 1, 1, 1, 1, 1, 1, 2, 2, 2, 2, 4, 4 ], 12 ], [ [ 2, 2, 2, 2, 2, 2, 2, 2, 2, 2, 2, 2 ], 1 ], [ [ 2, 2, 2, 2, 2, 2, 2, 2, 2, 2, 2, 2 ], 6 ], [ [ 2, 2, 2, 2, 2, 2, 2, 2, 2, 2, 2, 2 ], 6 ], [ [ 2, 2, 2, 2, 4, 4, 4, 4 ], 12 ], [ [ 2, 2, 2, 2, 4, 4, 4, 4 ], 12 ], [ [ 4, 4, 4, 4, 4, 4 ], 6 ], [ [ 4, 4, 4, 4, 4, 4 ], 6 ], [ [ 4, 4, 4, 4, 4, 4 ], 3 ], [ [ 4, 4, 4, 4, 4, 4 ], 3 ], [ [ 4, 4, 4, 4, 4, 4 ], 1 ], [ [ 4, 4, 4, 4, 4, 4 ], 6 ], [ [ 4, 4, 4, 4, 4, 4 ], 6 ], [ [ 4, 4, 4, 4, 4, 4 ], 1 ], [ [ 4, 4, 4, 4, 4, 4 ], 4 ], [ [ 4, 4, 4, 4, 4, 4 ], 4 ], [ [ 2, 2, 2, 2, 2, 2, 2, 2, 2, 2, 2, 2 ], 4 ], [ [ 2, 2, 2, 2, 2, 2, 2, 2, 2, 2, 2, 2 ], 4 ], [ [ 6, 6, 6, 6 ], 16 ], [ [ 6, 6, 6, 6 ], 16 ], [ [ 12, 12 ], 16 ], [ [ 12, 12 ], 16 ], [ [ 12, 12 ], 16 ], [ [ 12, 12 ], 16 ], [ [ 3, 3, 3, 3, 3, 3, 3, 3 ], 16 ], [ [ 6, 6, 6, 6 ], 16 ], [ [ 6, 6, 6, 6 ], 16 ], [ [ 6, 6, 6, 6 ], 16 ], [ [ 12, 12 ], 16 ], [ [ 12, 12 ], 16 ], [ [ 12, 12 ], 16 ], [ [ 12, 12 ], 16 ], [ [ 3, 3, 3, 3, 3, 3, 3, 3 ], 16 ], [ [ 6, 6, 6, 6 ], 16 ] ]
881|384|[ 384, 5783 ]|[ [ [ 1, 1, 1, 1, 1, 1, 1, 1, 1, 1, 1, 1, 1, 1, 1, 1, 1, 1, 1, 1, 1, 1, 1, 1 ], 1 ], [ [ 1, 1, 1, 1, 1, 1, 1, 1, 1, 1, 1, 1, 1, 1, 1, 1, 2, 2, 2, 2 ], 3 ], [ [ 1, 1, 1, 1, 1, 1, 1, 1, 2, 2, 2, 2, 2, 2, 2, 2 ], 3 ], [ [ 1, 1, 1, 1, 1, 1, 1, 1, 2, 2, 2, 2, 2, 2, 2, 2 ], 24 ], [ [ 1, 1, 1, 1, 2, 2, 2, 2, 2, 2, 4, 4 ], 24 ], [ [ 2, 2, 2, 2, 2, 2, 2, 2, 2, 2, 2, 2 ], 1 ], [ [ 2, 2, 2, 2, 4, 4, 4, 4 ], 24 ], [ [ 2, 2, 2, 2, 2, 2, 2, 2, 4, 4 ], 24 ], [ [ 4, 4, 4, 4, 4, 4 ], 4 ], [ [ 4, 4, 4, 4, 4, 4 ], 4 ], [ [ 4, 4, 4, 4, 4, 4 ], 4 ], [ [ 4, 4, 4, 4, 4, 4 ], 4 ], [ [ 2, 2, 2, 2, 2, 2, 2, 2, 2, 2, 2, 2 ], 4 ], [ [ 2, 2, 2, 2, 2, 2, 2, 2, 2, 2, 2, 2 ], 4 ], [ [ 12, 12 ], 16 ], [ [ 12, 12 ], 16 ], [ [ 6, 6, 6, 6 ], 16 ], [ [ 6, 6, 6, 6 ], 16 ], [ [ 12, 12 ], 16 ], [ [ 12, 12 ], 16 ], [ [ 3, 3, 3, 3, 3, 3, 3, 3 ], 16 ], [ [ 6, 6, 6, 6 ], 16 ], [ [ 12, 12 ], 16 ], [ [ 12, 12 ], 16 ], [ [ 6, 6, 6, 6 ], 16 ], [ [ 6, 6, 6, 6 ], 16 ], [ [ 12, 12 ], 16 ], [ [ 12, 12 ], 16 ], [ [ 3, 3, 3, 3, 3, 3, 3, 3 ], 16 ], [ [ 6, 6, 6, 6 ], 16 ] ]
882|384|[ 384, 5772 ]|[ [ [ 1, 1, 1, 1, 1, 1, 1, 1, 1, 1, 1, 1, 1, 1, 1, 1, 1, 1, 1, 1, 1, 1, 1, 1 ], 1 ], [ [ 1, 1, 1, 1, 1, 1, 1, 1, 1, 1, 1, 1, 1, 1, 1, 1, 2, 2, 2, 2 ], 3 ], [ [ 1, 1, 1, 1, 1, 1, 1, 1, 2, 2, 2, 2, 2, 2, 2, 2 ], 3 ], [ [ 1, 1, 1, 1, 2, 2, 2, 2, 2, 2, 4, 4 ], 12 ], [ [ 1, 1, 1, 1, 2, 2, 2, 2, 2, 2, 4, 4 ], 12 ], [ [ 1, 1, 1, 1, 1, 1, 1, 1, 2, 2, 2, 2, 2, 2, 2, 2 ], 24 ], [ [ 2, 2, 2, 2, 2, 2, 2, 2, 2, 2, 2, 2 ], 1 ], [ [ 2, 2, 2, 2, 2, 2, 2, 2, 4, 4 ], 12 ], [ [ 2, 2, 2, 2, 2, 2, 2, 2, 4, 4 ], 12 ], [ [ 2, 2, 2, 2, 2, 2, 2, 2, 2, 2, 2, 2 ], 2 ], [ [ 2, 2, 2, 2, 2, 2, 2, 2, 2, 2, 2, 2 ], 6 ], [ [ 4, 4, 4, 4, 4, 4 ], 24 ], [ [ 4, 4, 4, 4, 4, 4 ], 8 ], [ [ 2, 2, 2, 2, 2, 2, 2, 2, 2, 2, 2, 2 ], 8 ], [ [ 6, 6, 6, 6 ], 32 ], [ [ 6, 6, 6, 6 ], 32 ], [ [ 6, 6, 6, 6 ], 16 ], [ [ 3, 3, 3, 3, 3, 3, 3, 3 ], 16 ], [ [ 12, 12 ], 32 ], [ [ 6, 6, 6, 6 ], 32 ], [ [ 6, 6, 6, 6 ], 32 ], [ [ 3, 3, 3, 3, 3, 3, 3, 3 ], 16 ], [ [ 6, 6, 6, 6 ], 16 ], [ [ 12, 12 ], 32 ] ]
883|384|[ 384, 5781 ]|[ [ [ 1, 1, 1, 1, 1, 1, 1, 1, 1, 1, 1, 1, 1, 1, 1, 1, 1, 1, 1, 1, 1, 1, 1, 1 ], 1 ], [ [ 1, 1, 1, 1, 1, 1, 1, 1, 1, 1, 1, 1, 1, 1, 1, 1, 2, 2, 2, 2 ], 3 ], [ [ 1, 1, 1, 1, 1, 1, 1, 1, 2, 2, 2, 2, 2, 2, 2, 2 ], 3 ], [ [ 1, 1, 1, 1, 1, 1, 1, 1, 2, 2, 2, 2, 2, 2, 2, 2 ], 24 ], [ [ 1, 1, 1, 1, 2, 2, 4, 4, 4, 4 ], 12 ], [ [ 1, 1, 1, 1, 2, 2, 4, 4, 4, 4 ], 12 ], [ [ 2, 2, 2, 2, 2, 2, 2, 2, 2, 2, 2, 2 ], 1 ], [ [ 2, 2, 2, 2, 2, 2, 2, 2, 4, 4 ], 24 ], [ [ 2, 2, 2, 2, 4, 4, 4, 4 ], 24 ], [ [ 4, 4, 4, 4, 4, 4 ], 8 ], [ [ 2, 2, 2, 2, 2, 2, 2, 2, 2, 2, 2, 2 ], 8 ], [ [ 2, 2, 2, 2, 2, 2, 2, 2, 2, 2, 2, 2 ], 8 ], [ [ 6, 6, 6, 6 ], 32 ], [ [ 12, 12 ], 32 ], [ [ 6, 6, 6, 6 ], 32 ], [ [ 3, 3, 3, 3, 3, 3, 3, 3 ], 16 ], [ [ 6, 6, 6, 6 ], 16 ], [ [ 6, 6, 6, 6 ], 32 ], [ [ 12, 12 ], 32 ], [ [ 6, 6, 6, 6 ], 32 ], [ [ 3, 3, 3, 3, 3, 3, 3, 3 ], 16 ], [ [ 6, 6, 6, 6 ], 16 ] ]
884|384|[ 384, 5748 ]|[ [ [ 1, 1, 1, 1, 1, 1, 1, 1, 1, 1, 1, 1, 1, 1, 1, 1, 1, 1, 1, 1, 1, 1, 1, 1 ], 1 ], [ [ 1, 1, 1, 1, 1, 1, 1, 1, 1, 1, 1, 1, 1, 1, 1, 1, 2, 2, 2, 2 ], 3 ], [ [ 1, 1, 1, 1, 1, 1, 1, 1, 2, 2, 2, 2, 2, 2, 2, 2 ], 3 ], [ [ 1, 1, 1, 1, 1, 1, 1, 1, 1, 1, 1, 1, 2, 2, 4, 4 ], 6 ], [ [ 1, 1, 1, 1, 1, 1, 1, 1, 1, 1, 1, 1, 2, 2, 4, 4 ], 6 ], [ [ 1, 1, 1, 1, 2, 2, 2, 2, 2, 2, 4, 4 ], 6 ], [ [ 1, 1, 1, 1, 2, 2, 2, 2, 2, 2, 4, 4 ], 6 ], [ [ 1, 1, 1, 1, 2, 2, 4, 4, 4, 4 ], 6 ], [ [ 1, 1, 1, 1, 2, 2, 4, 4, 4, 4 ], 6 ], [ [ 1, 1, 1, 1, 2, 2, 4, 4, 4, 4 ], 6 ], [ [ 1, 1, 1, 1, 2, 2, 4, 4, 4, 4 ], 6 ], [ [ 2, 2, 2, 2, 2, 2, 2, 2, 2, 2, 2, 2 ], 1 ], [ [ 2, 2, 2, 2, 2, 2, 2, 2, 4, 4 ], 12 ], [ [ 2, 2, 2, 2, 2, 2, 2, 2, 4, 4 ], 12 ], [ [ 2, 2, 2, 2, 4, 4, 4, 4 ], 12 ], [ [ 2, 2, 2, 2, 4, 4, 4, 4 ], 12 ], [ [ 4, 4, 4, 4, 4, 4 ], 4 ], [ [ 4, 4, 4, 4, 4, 4 ], 4 ], [ [ 4, 4, 4, 4, 4, 4 ], 1 ], [ [ 4, 4, 4, 4, 4, 4 ], 3 ], [ [ 4, 4, 4, 4, 4, 4 ], 3 ], [ [ 4, 4, 4, 4, 4, 4 ], 1 ], [ [ 2, 2, 2, 2, 2, 2, 2, 2, 2, 2, 2, 2 ], 4 ], [ [ 2, 2, 2, 2, 2, 2, 2, 2, 2, 2, 2, 2 ], 4 ], [ [ 12, 12 ], 16 ], [ [ 12, 12 ], 16 ], [ [ 6, 6, 6, 6 ], 16 ], [ [ 6, 6, 6, 6 ], 16 ], [ [ 3, 3, 3, 3, 3, 3, 3, 3 ], 16 ], [ [ 6, 6, 6, 6 ], 16 ], [ [ 12, 12 ], 16 ], [ [ 12, 12 ], 16 ], [ [ 12, 12 ], 16 ], [ [ 12, 12 ], 16 ], [ [ 6, 6, 6, 6 ], 16 ], [ [ 6, 6, 6, 6 ], 16 ], [ [ 12, 12 ], 16 ], [ [ 12, 12 ], 16 ], [ [ 3, 3, 3, 3, 3, 3, 3, 3 ], 16 ], [ [ 6, 6, 6, 6 ], 16 ] ]
885|384|[ 384, 5738 ]|[ [ [ 1, 1, 1, 1, 1, 1, 1, 1, 1, 1, 1, 1, 1, 1, 1, 1, 1, 1, 1, 1, 1, 1, 1, 1 ], 1 ], [ [ 1, 1, 1, 1, 1, 1, 1, 1, 1, 1, 1, 1, 1, 1, 1, 1, 2, 2, 2, 2 ], 3 ], [ [ 1, 1, 1, 1, 1, 1, 1, 1, 2, 2, 2, 2, 2, 2, 2, 2 ], 3 ], [ [ 1, 1, 1, 1, 1, 1, 1, 1, 4, 4, 4, 4 ], 3 ], [ [ 1, 1, 1, 1, 1, 1, 1, 1, 4, 4, 4, 4 ], 3 ], [ [ 1, 1, 1, 1, 1, 1, 1, 1, 4, 4, 4, 4 ], 3 ], [ [ 1, 1, 1, 1, 1, 1, 1, 1, 4, 4, 4, 4 ], 3 ], [ [ 1, 1, 1, 1, 1, 1, 1, 1, 2, 2, 2, 2, 4, 4 ], 6 ], [ [ 1, 1, 1, 1, 1, 1, 1, 1, 2, 2, 2, 2, 4, 4 ], 6 ], [ [ 1, 1, 1, 1, 1, 1, 1, 1, 2, 2, 2, 2, 4, 4 ], 6 ], [ [ 1, 1, 1, 1, 1, 1, 1, 1, 2, 2, 2, 2, 4, 4 ], 6 ], [ [ 2, 2, 2, 2, 2, 2, 2, 2, 2, 2, 2, 2 ], 1 ], [ [ 2, 2, 2, 2, 4, 4, 4, 4 ], 3 ], [ [ 2, 2, 2, 2, 4, 4, 4, 4 ], 3 ], [ [ 2, 2, 2, 2, 4, 4, 4, 4 ], 3 ], [ [ 2, 2, 2, 2, 4, 4, 4, 4 ], 3 ], [ [ 2, 2, 2, 2, 4, 4, 4, 4 ], 6 ], [ [ 2, 2, 2, 2, 4, 4, 4, 4 ], 6 ], [ [ 2, 2, 2, 2, 4, 4, 4, 4 ], 6 ], [ [ 2, 2, 2, 2, 4, 4, 4, 4 ], 6 ], [ [ 2, 2, 2, 2, 2, 2, 2, 2, 2, 2, 2, 2 ], 2 ], [ [ 2, 2, 2, 2, 2, 2, 2, 2, 2, 2, 2, 2 ], 6 ], [ [ 2, 2, 2, 2, 4, 4, 4, 4 ], 6 ], [ [ 2, 2, 2, 2, 4, 4, 4, 4 ], 6 ], [ [ 2, 2, 2, 2, 4, 4, 4, 4 ], 6 ], [ [ 2, 2, 2, 2, 4, 4, 4, 4 ], 6 ], [ [ 4, 4, 4, 4, 4, 4 ], 6 ], [ [ 4, 4, 4, 4, 4, 4 ], 2 ], [ [ 2, 2, 2, 2, 2, 2, 2, 2, 2, 2, 2, 2 ], 2 ], [ [ 2, 2, 2, 2, 2, 2, 2, 2, 2, 2, 2, 2 ], 6 ], [ [ 6, 6, 6, 6 ], 32 ], [ [ 6, 6, 6, 6 ], 32 ], [ [ 3, 3, 3, 3, 3, 3, 3, 3 ], 16 ], [ [ 6, 6, 6, 6 ], 16 ], [ [ 12, 12 ], 32 ], [ [ 6, 6, 6, 6 ], 32 ], [ [ 6, 6, 6, 6 ], 32 ], [ [ 6, 6, 6, 6 ], 16 ], [ [ 3, 3, 3, 3, 3, 3, 3, 3 ], 16 ], [ [ 12, 12 ], 32 ] ]
886|384|[ 384, 5769 ]|[ [ [ 1, 1, 1, 1, 1, 1, 1, 1, 1, 1, 1, 1, 1, 1, 1, 1, 1, 1, 1, 1, 1, 1, 1, 1 ], 1 ], [ [ 1, 1, 1, 1, 1, 1, 1, 1, 1, 1, 1, 1, 1, 1, 1, 1, 2, 2, 2, 2 ], 3 ], [ [ 1, 1, 1, 1, 1, 1, 1, 1, 2, 2, 2, 2, 2, 2, 2, 2 ], 3 ], [ [ 1, 1, 1, 1, 2, 2, 2, 2, 2, 2, 4, 4 ], 12 ], [ [ 1, 1, 1, 1, 2, 2, 2, 2, 2, 2, 4, 4 ], 12 ], [ [ 1, 1, 1, 1, 1, 1, 1, 1, 2, 2, 2, 2, 4, 4 ], 24 ], [ [ 2, 2, 2, 2, 2, 2, 2, 2, 2, 2, 2, 2 ], 1 ], [ [ 2, 2, 2, 2, 2, 2, 2, 2, 2, 2, 2, 2 ], 6 ], [ [ 2, 2, 2, 2, 2, 2, 2, 2, 2, 2, 2, 2 ], 2 ], [ [ 2, 2, 2, 2, 2, 2, 2, 2, 4, 4 ], 12 ], [ [ 2, 2, 2, 2, 2, 2, 2, 2, 4, 4 ], 12 ], [ [ 2, 2, 2, 2, 4, 4, 4, 4 ], 24 ], [ [ 2, 2, 2, 2, 2, 2, 2, 2, 2, 2, 2, 2 ], 8 ], [ [ 4, 4, 4, 4, 4, 4 ], 8 ], [ [ 12, 12 ], 32 ], [ [ 6, 6, 6, 6 ], 32 ], [ [ 6, 6, 6, 6 ], 16 ], [ [ 3, 3, 3, 3, 3, 3, 3, 3 ], 16 ], [ [ 6, 6, 6, 6 ], 32 ], [ [ 12, 12 ], 32 ], [ [ 6, 6, 6, 6 ], 32 ], [ [ 3, 3, 3, 3, 3, 3, 3, 3 ], 16 ], [ [ 6, 6, 6, 6 ], 16 ], [ [ 6, 6, 6, 6 ], 32 ] ]
887|384|[ 384, 5754 ]|[ [ [ 1, 1, 1, 1, 1, 1, 1, 1, 1, 1, 1, 1, 1, 1, 1, 1, 1, 1, 1, 1, 1, 1, 1, 1 ], 1 ], [ [ 1, 1, 1, 1, 1, 1, 1, 1, 1, 1, 1, 1, 1, 1, 1, 1, 2, 2, 2, 2 ], 3 ], [ [ 1, 1, 1, 1, 1, 1, 1, 1, 2, 2, 2, 2, 2, 2, 2, 2 ], 3 ], [ [ 1, 1, 1, 1, 1, 1, 1, 1, 2, 2, 2, 2, 4, 4 ], 12 ], [ [ 1, 1, 1, 1, 1, 1, 1, 1, 2, 2, 2, 2, 4, 4 ], 12 ], [ [ 1, 1, 1, 1, 2, 2, 2, 2, 2, 2, 2, 2, 2, 2 ], 12 ], [ [ 1, 1, 1, 1, 2, 2, 2, 2, 2, 2, 2, 2, 2, 2 ], 12 ], [ [ 2, 2, 2, 2, 2, 2, 2, 2, 2, 2, 2, 2 ], 1 ], [ [ 2, 2, 2, 2, 4, 4, 4, 4 ], 12 ], [ [ 2, 2, 2, 2, 4, 4, 4, 4 ], 12 ], [ [ 2, 2, 2, 2, 2, 2, 2, 2, 4, 4 ], 12 ], [ [ 2, 2, 2, 2, 2, 2, 2, 2, 4, 4 ], 12 ], [ [ 4, 4, 4, 4, 4, 4 ], 4 ], [ [ 4, 4, 4, 4, 4, 4 ], 4 ], [ [ 4, 4, 4, 4, 4, 4 ], 4 ], [ [ 4, 4, 4, 4, 4, 4 ], 4 ], [ [ 2, 2, 2, 2, 2, 2, 2, 2, 2, 2, 2, 2 ], 4 ], [ [ 2, 2, 2, 2, 2, 2, 2, 2, 2, 2, 2, 2 ], 4 ], [ [ 6, 6, 6, 6 ], 16 ], [ [ 6, 6, 6, 6 ], 16 ], [ [ 12, 12 ], 16 ], [ [ 12, 12 ], 16 ], [ [ 12, 12 ], 16 ], [ [ 12, 12 ], 16 ], [ [ 3, 3, 3, 3, 3, 3, 3, 3 ], 16 ], [ [ 6, 6, 6, 6 ], 16 ], [ [ 6, 6, 6, 6 ], 16 ], [ [ 6, 6, 6, 6 ], 16 ], [ [ 12, 12 ], 16 ], [ [ 12, 12 ], 16 ], [ [ 12, 12 ], 16 ], [ [ 12, 12 ], 16 ], [ [ 3, 3, 3, 3, 3, 3, 3, 3 ], 16 ], [ [ 6, 6, 6, 6 ], 16 ] ]
888|384|[ 384, 5763 ]|[ [ [ 1, 1, 1, 1, 1, 1, 1, 1, 1, 1, 1, 1, 1, 1, 1, 1, 1, 1, 1, 1, 1, 1, 1, 1 ], 1 ], [ [ 1, 1, 1, 1, 1, 1, 1, 1, 1, 1, 1, 1, 1, 1, 1, 1, 2, 2, 2, 2 ], 3 ], [ [ 1, 1, 1, 1, 1, 1, 1, 1, 1, 1, 1, 1, 2, 2, 2, 2, 2, 2 ], 12 ], [ [ 1, 1, 1, 1, 1, 1, 1, 1, 2, 2, 2, 2, 2, 2, 2, 2 ], 3 ], [ [ 1, 1, 1, 1, 2, 2, 2, 2, 2, 2, 2, 2, 2, 2 ], 12 ], [ [ 1, 1, 1, 1, 2, 2, 2, 2, 2, 2, 4, 4 ], 12 ], [ [ 1, 1, 1, 1, 2, 2, 2, 2, 2, 2, 4, 4 ], 12 ], [ [ 2, 2, 2, 2, 2, 2, 2, 2, 2, 2, 2, 2 ], 1 ], [ [ 2, 2, 2, 2, 4, 4, 4, 4 ], 12 ], [ [ 2, 2, 2, 2, 4, 4, 4, 4 ], 12 ], [ [ 4, 4, 4, 4, 4, 4 ], 12 ], [ [ 4, 4, 4, 4, 4, 4 ], 12 ], [ [ 4, 4, 4, 4, 4, 4 ], 3 ], [ [ 4, 4, 4, 4, 4, 4 ], 3 ], [ [ 4, 4, 4, 4, 4, 4 ], 1 ], [ [ 4, 4, 4, 4, 4, 4 ], 1 ], [ [ 4, 4, 4, 4, 4, 4 ], 4 ], [ [ 4, 4, 4, 4, 4, 4 ], 4 ], [ [ 2, 2, 2, 2, 2, 2, 2, 2, 2, 2, 2, 2 ], 4 ], [ [ 2, 2, 2, 2, 2, 2, 2, 2, 2, 2, 2, 2 ], 4 ], [ [ 6, 6, 6, 6 ], 16 ], [ [ 6, 6, 6, 6 ], 16 ], [ [ 12, 12 ], 16 ], [ [ 12, 12 ], 16 ], [ [ 12, 12 ], 16 ], [ [ 12, 12 ], 16 ], [ [ 6, 6, 6, 6 ], 16 ], [ [ 3, 3, 3, 3, 3, 3, 3, 3 ], 16 ], [ [ 6, 6, 6, 6 ], 16 ], [ [ 6, 6, 6, 6 ], 16 ], [ [ 12, 12 ], 16 ], [ [ 12, 12 ], 16 ], [ [ 3, 3, 3, 3, 3, 3, 3, 3 ], 16 ], [ [ 6, 6, 6, 6 ], 16 ], [ [ 12, 12 ], 16 ], [ [ 12, 12 ], 16 ] ]
889|384|[ 384, 5783 ]|[ [ [ 1, 1, 1, 1, 1, 1, 1, 1, 1, 1, 1, 1, 1, 1, 1, 1, 1, 1, 1, 1, 1, 1, 1, 1 ], 1 ], [ [ 1, 1, 1, 1, 1, 1, 1, 1, 1, 1, 1, 1, 1, 1, 1, 1, 2, 2, 2, 2 ], 3 ], [ [ 1, 1, 1, 1, 1, 1, 1, 1, 2, 2, 2, 2, 2, 2, 2, 2 ], 3 ], [ [ 1, 1, 1, 1, 1, 1, 1, 1, 2, 2, 2, 2, 2, 2, 2, 2 ], 24 ], [ [ 1, 1, 1, 1, 2, 2, 2, 2, 2, 2, 4, 4 ], 24 ], [ [ 2, 2, 2, 2, 2, 2, 2, 2, 2, 2, 2, 2 ], 1 ], [ [ 2, 2, 2, 2, 4, 4, 4, 4 ], 24 ], [ [ 2, 2, 2, 2, 2, 2, 2, 2, 2, 2, 2, 2 ], 4 ], [ [ 2, 2, 2, 2, 2, 2, 2, 2, 2, 2, 2, 2 ], 4 ], [ [ 2, 2, 2, 2, 2, 2, 2, 2, 4, 4 ], 24 ], [ [ 4, 4, 4, 4, 4, 4 ], 4 ], [ [ 4, 4, 4, 4, 4, 4 ], 4 ], [ [ 4, 4, 4, 4, 4, 4 ], 4 ], [ [ 4, 4, 4, 4, 4, 4 ], 4 ], [ [ 12, 12 ], 16 ], [ [ 12, 12 ], 16 ], [ [ 6, 6, 6, 6 ], 16 ], [ [ 6, 6, 6, 6 ], 16 ], [ [ 12, 12 ], 16 ], [ [ 12, 12 ], 16 ], [ [ 3, 3, 3, 3, 3, 3, 3, 3 ], 16 ], [ [ 6, 6, 6, 6 ], 16 ], [ [ 12, 12 ], 16 ], [ [ 12, 12 ], 16 ], [ [ 6, 6, 6, 6 ], 16 ], [ [ 6, 6, 6, 6 ], 16 ], [ [ 12, 12 ], 16 ], [ [ 12, 12 ], 16 ], [ [ 3, 3, 3, 3, 3, 3, 3, 3 ], 16 ], [ [ 6, 6, 6, 6 ], 16 ] ]
890|384|[ 384, 18198 ]|[ [ [ 1, 1, 1, 1, 1, 1, 1, 1, 1, 1, 1, 1, 1, 1, 1, 1, 1, 1, 1, 1, 1, 1, 1, 1 ], 1 ], [ [ 1, 1, 1, 1, 1, 1, 1, 1, 1, 1, 1, 1, 1, 1, 1, 1, 2, 2, 2, 2 ], 3 ], [ [ 1, 1, 1, 1, 1, 1, 1, 1, 2, 2, 2, 2, 2, 2, 2, 2 ], 3 ], [ [ 1, 1, 1, 1, 1, 1, 1, 1, 2, 2, 2, 2, 2, 2, 2, 2 ], 12 ], [ [ 1, 1, 1, 1, 1, 1, 1, 1, 2, 2, 2, 2, 2, 2, 2, 2 ], 12 ], [ [ 1, 1, 1, 1, 2, 2, 4, 4, 4, 4 ], 12 ], [ [ 1, 1, 1, 1, 2, 2, 4, 4, 4, 4 ], 12 ], [ [ 2, 2, 2, 2, 2, 2, 2, 2, 2, 2, 2, 2 ], 1 ], [ [ 2, 2, 2, 2, 2, 2, 2, 2, 2, 2, 2, 2 ], 4 ], [ [ 2, 2, 2, 2, 2, 2, 2, 2, 2, 2, 2, 2 ], 4 ], [ [ 2, 2, 2, 2, 4, 4, 4, 4 ], 12 ], [ [ 2, 2, 2, 2, 4, 4, 4, 4 ], 12 ], [ [ 2, 2, 2, 2, 4, 4, 4, 4 ], 12 ], [ [ 2, 2, 2, 2, 4, 4, 4, 4 ], 12 ], [ [ 2, 2, 2, 2, 2, 2, 2, 2, 2, 2, 2, 2 ], 4 ], [ [ 2, 2, 2, 2, 2, 2, 2, 2, 2, 2, 2, 2 ], 4 ], [ [ 2, 2, 2, 2, 2, 2, 2, 2, 2, 2, 2, 2 ], 4 ], [ [ 2, 2, 2, 2, 2, 2, 2, 2, 2, 2, 2, 2 ], 4 ], [ [ 6, 6, 6, 6 ], 16 ], [ [ 6, 6, 6, 6 ], 16 ], [ [ 6, 6, 6, 6 ], 16 ], [ [ 6, 6, 6, 6 ], 16 ], [ [ 6, 6, 6, 6 ], 16 ], [ [ 6, 6, 6, 6 ], 16 ], [ [ 3, 3, 3, 3, 3, 3, 3, 3 ], 16 ], [ [ 6, 6, 6, 6 ], 16 ], [ [ 6, 6, 6, 6 ], 16 ], [ [ 6, 6, 6, 6 ], 16 ], [ [ 6, 6, 6, 6 ], 16 ], [ [ 6, 6, 6, 6 ], 16 ], [ [ 6, 6, 6, 6 ], 16 ], [ [ 6, 6, 6, 6 ], 16 ], [ [ 3, 3, 3, 3, 3, 3, 3, 3 ], 16 ], [ [ 6, 6, 6, 6 ], 16 ] ]
891|384|[ 384, 5794 ]|[ [ [ 1, 1, 1, 1, 1, 1, 1, 1, 1, 1, 1, 1, 1, 1, 1, 1, 1, 1, 1, 1, 1, 1, 1, 1 ], 1 ], [ [ 1, 1, 1, 1, 1, 1, 1, 1, 1, 1, 1, 1, 1, 1, 1, 1, 2, 2, 2, 2 ], 3 ], [ [ 1, 1, 1, 1, 1, 1, 1, 1, 2, 2, 2, 2, 2, 2, 2, 2 ], 3 ], [ [ 1, 1, 1, 1, 1, 1, 1, 1, 4, 4, 4, 4 ], 6 ], [ [ 1, 1, 1, 1, 1, 1, 1, 1, 4, 4, 4, 4 ], 6 ], [ [ 1, 1, 1, 1, 1, 1, 1, 1, 2, 2, 2, 2, 2, 2, 2, 2 ], 24 ], [ [ 2, 2, 2, 2, 2, 2, 2, 2, 2, 2, 2, 2 ], 1 ], [ [ 2, 2, 2, 2, 4, 4, 4, 4 ], 6 ], [ [ 2, 2, 2, 2, 4, 4, 4, 4 ], 6 ], [ [ 4, 4, 4, 4, 4, 4 ], 24 ], [ [ 4, 4, 4, 4, 4, 4 ], 8 ], [ [ 2, 2, 2, 2, 4, 4, 4, 4 ], 6 ], [ [ 2, 2, 2, 2, 4, 4, 4, 4 ], 6 ], [ [ 2, 2, 2, 2, 4, 4, 4, 4 ], 6 ], [ [ 2, 2, 2, 2, 4, 4, 4, 4 ], 6 ], [ [ 2, 2, 2, 2, 2, 2, 2, 2, 2, 2, 2, 2 ], 8 ], [ [ 2, 2, 2, 2, 2, 2, 2, 2, 2, 2, 2, 2 ], 2 ], [ [ 2, 2, 2, 2, 2, 2, 2, 2, 2, 2, 2, 2 ], 6 ], [ [ 6, 6, 6, 6 ], 32 ], [ [ 12, 12 ], 32 ], [ [ 6, 6, 6, 6 ], 32 ], [ [ 3, 3, 3, 3, 3, 3, 3, 3 ], 16 ], [ [ 6, 6, 6, 6 ], 16 ], [ [ 6, 6, 6, 6 ], 32 ], [ [ 12, 12 ], 32 ], [ [ 6, 6, 6, 6 ], 32 ], [ [ 6, 6, 6, 6 ], 16 ], [ [ 3, 3, 3, 3, 3, 3, 3, 3 ], 16 ] ]
892|384|[ 384, 5798 ]|[ [ [ 1, 1, 1, 1, 1, 1, 1, 1, 1, 1, 1, 1, 1, 1, 1, 1, 1, 1, 1, 1, 1, 1, 1, 1 ], 1 ], [ [ 1, 1, 1, 1, 1, 1, 1, 1, 1, 1, 1, 1, 1, 1, 1, 1, 2, 2, 2, 2 ], 3 ], [ [ 1, 1, 1, 1, 1, 1, 1, 1, 1, 1, 1, 1, 1, 1, 1, 1, 4, 4 ], 6 ], [ [ 1, 1, 1, 1, 1, 1, 1, 1, 2, 2, 2, 2, 2, 2, 2, 2 ], 3 ], [ [ 1, 1, 1, 1, 1, 1, 1, 1, 2, 2, 2, 2, 4, 4 ], 6 ], [ [ 1, 1, 1, 1, 1, 1, 1, 1, 2, 2, 2, 2, 4, 4 ], 6 ], [ [ 1, 1, 1, 1, 1, 1, 1, 1, 4, 4, 4, 4 ], 6 ], [ [ 1, 1, 1, 1, 1, 1, 1, 1, 4, 4, 4, 4 ], 6 ], [ [ 2, 2, 2, 2, 2, 2, 2, 2, 2, 2, 2, 2 ], 1 ], [ [ 2, 2, 2, 2, 2, 2, 2, 2, 4, 4 ], 6 ], [ [ 2, 2, 2, 2, 4, 4, 4, 4 ], 6 ], [ [ 2, 2, 2, 2, 4, 4, 4, 4 ], 6 ], [ [ 4, 4, 4, 4, 4, 4 ], 24 ], [ [ 4, 4, 4, 4, 4, 4 ], 24 ], [ [ 4, 4, 4, 4, 4, 4 ], 8 ], [ [ 4, 4, 4, 4, 4, 4 ], 6 ], [ [ 4, 4, 4, 4, 4, 4 ], 2 ], [ [ 4, 4, 4, 4, 4, 4 ], 8 ], [ [ 12, 12 ], 32 ], [ [ 12, 12 ], 32 ], [ [ 12, 12 ], 32 ], [ [ 3, 3, 3, 3, 3, 3, 3, 3 ], 16 ], [ [ 6, 6, 6, 6 ], 16 ], [ [ 12, 12 ], 32 ], [ [ 12, 12 ], 32 ], [ [ 12, 12 ], 32 ], [ [ 6, 6, 6, 6 ], 16 ], [ [ 3, 3, 3, 3, 3, 3, 3, 3 ], 16 ] ]
893|384|[ 384, 5739 ]|[ [ [ 1, 1, 1, 1, 1, 1, 1, 1, 1, 1, 1, 1, 1, 1, 1, 1, 1, 1, 1, 1, 1, 1, 1, 1 ], 1 ], [ [ 1, 1, 1, 1, 1, 1, 1, 1, 1, 1, 1, 1, 1, 1, 1, 1, 2, 2, 2, 2 ], 3 ], [ [ 1, 1, 1, 1, 1, 1, 1, 1, 2, 2, 2, 2, 2, 2, 2, 2 ], 3 ], [ [ 1, 1, 1, 1, 1, 1, 1, 1, 4, 4, 4, 4 ], 3 ], [ [ 1, 1, 1, 1, 1, 1, 1, 1, 4, 4, 4, 4 ], 3 ], [ [ 1, 1, 1, 1, 1, 1, 1, 1, 4, 4, 4, 4 ], 3 ], [ [ 1, 1, 1, 1, 1, 1, 1, 1, 4, 4, 4, 4 ], 3 ], [ [ 1, 1, 1, 1, 1, 1, 1, 1, 2, 2, 2, 2, 4, 4 ], 6 ], [ [ 1, 1, 1, 1, 1, 1, 1, 1, 2, 2, 2, 2, 4, 4 ], 6 ], [ [ 1, 1, 1, 1, 1, 1, 1, 1, 2, 2, 2, 2, 4, 4 ], 6 ], [ [ 1, 1, 1, 1, 1, 1, 1, 1, 2, 2, 2, 2, 4, 4 ], 6 ], [ [ 2, 2, 2, 2, 2, 2, 2, 2, 2, 2, 2, 2 ], 1 ], [ [ 2, 2, 2, 2, 4, 4, 4, 4 ], 3 ], [ [ 2, 2, 2, 2, 4, 4, 4, 4 ], 3 ], [ [ 2, 2, 2, 2, 4, 4, 4, 4 ], 3 ], [ [ 2, 2, 2, 2, 4, 4, 4, 4 ], 3 ], [ [ 2, 2, 2, 2, 2, 2, 2, 2, 4, 4 ], 6 ], [ [ 2, 2, 2, 2, 2, 2, 2, 2, 4, 4 ], 6 ], [ [ 2, 2, 2, 2, 2, 2, 2, 2, 4, 4 ], 6 ], [ [ 2, 2, 2, 2, 2, 2, 2, 2, 4, 4 ], 6 ], [ [ 2, 2, 2, 2, 2, 2, 2, 2, 4, 4 ], 6 ], [ [ 2, 2, 2, 2, 2, 2, 2, 2, 4, 4 ], 6 ], [ [ 2, 2, 2, 2, 2, 2, 2, 2, 4, 4 ], 6 ], [ [ 2, 2, 2, 2, 2, 2, 2, 2, 4, 4 ], 6 ], [ [ 4, 4, 4, 4, 4, 4 ], 6 ], [ [ 4, 4, 4, 4, 4, 4 ], 2 ], [ [ 4, 4, 4, 4, 4, 4 ], 6 ], [ [ 4, 4, 4, 4, 4, 4 ], 2 ], [ [ 4, 4, 4, 4, 4, 4 ], 6 ], [ [ 4, 4, 4, 4, 4, 4 ], 2 ], [ [ 12, 12 ], 32 ], [ [ 12, 12 ], 32 ], [ [ 3, 3, 3, 3, 3, 3, 3, 3 ], 16 ], [ [ 6, 6, 6, 6 ], 16 ], [ [ 12, 12 ], 32 ], [ [ 12, 12 ], 32 ], [ [ 12, 12 ], 32 ], [ [ 6, 6, 6, 6 ], 16 ], [ [ 3, 3, 3, 3, 3, 3, 3, 3 ], 16 ], [ [ 12, 12 ], 32 ] ]
894|384|[ 384, 5765 ]|[ [ [ 1, 1, 1, 1, 1, 1, 1, 1, 1, 1, 1, 1, 1, 1, 1, 1, 1, 1, 1, 1, 1, 1, 1, 1 ], 1 ], [ [ 1, 1, 1, 1, 1, 1, 1, 1, 1, 1, 1, 1, 1, 1, 1, 1, 2, 2, 2, 2 ], 3 ], [ [ 1, 1, 1, 1, 1, 1, 1, 1, 2, 2, 2, 2, 2, 2, 2, 2 ], 3 ], [ [ 1, 1, 1, 1, 1, 1, 1, 1, 1, 1, 1, 1, 2, 2, 4, 4 ], 12 ], [ [ 1, 1, 1, 1, 2, 2, 2, 2, 2, 2, 4, 4 ], 12 ], [ [ 1, 1, 1, 1, 2, 2, 2, 2, 2, 2, 4, 4 ], 12 ], [ [ 1, 1, 1, 1, 2, 2, 2, 2, 2, 2, 4, 4 ], 12 ], [ [ 2, 2, 2, 2, 2, 2, 2, 2, 2, 2, 2, 2 ], 1 ], [ [ 2, 2, 2, 2, 4, 4, 4, 4 ], 12 ], [ [ 4, 4, 4, 4, 4, 4 ], 1 ], [ [ 4, 4, 4, 4, 4, 4 ], 3 ], [ [ 4, 4, 4, 4, 4, 4 ], 3 ], [ [ 2, 2, 2, 2, 4, 4, 4, 4 ], 12 ], [ [ 2, 2, 2, 2, 4, 4, 4, 4 ], 12 ], [ [ 2, 2, 2, 2, 4, 4, 4, 4 ], 12 ], [ [ 4, 4, 4, 4, 4, 4 ], 1 ], [ [ 2, 2, 2, 2, 2, 2, 2, 2, 2, 2, 2, 2 ], 4 ], [ [ 2, 2, 2, 2, 2, 2, 2, 2, 2, 2, 2, 2 ], 4 ], [ [ 4, 4, 4, 4, 4, 4 ], 4 ], [ [ 4, 4, 4, 4, 4, 4 ], 4 ], [ [ 12, 12 ], 16 ], [ [ 12, 12 ], 16 ], [ [ 12, 12 ], 16 ], [ [ 12, 12 ], 16 ], [ [ 6, 6, 6, 6 ], 16 ], [ [ 6, 6, 6, 6 ], 16 ], [ [ 6, 6, 6, 6 ], 16 ], [ [ 3, 3, 3, 3, 3, 3, 3, 3 ], 16 ], [ [ 12, 12 ], 16 ], [ [ 12, 12 ], 16 ], [ [ 12, 12 ], 16 ], [ [ 12, 12 ], 16 ], [ [ 3, 3, 3, 3, 3, 3, 3, 3 ], 16 ], [ [ 6, 6, 6, 6 ], 16 ], [ [ 6, 6, 6, 6 ], 16 ], [ [ 6, 6, 6, 6 ], 16 ] ]
895|384|[ 384, 5783 ]|[ [ [ 1, 1, 1, 1, 1, 1, 1, 1, 1, 1, 1, 1, 1, 1, 1, 1, 1, 1, 1, 1, 1, 1, 1, 1 ], 1 ], [ [ 1, 1, 1, 1, 1, 1, 1, 1, 1, 1, 1, 1, 1, 1, 1, 1, 2, 2, 2, 2 ], 3 ], [ [ 1, 1, 1, 1, 1, 1, 1, 1, 2, 2, 2, 2, 2, 2, 2, 2 ], 3 ], [ [ 1, 1, 1, 1, 1, 1, 1, 1, 2, 2, 2, 2, 4, 4 ], 24 ], [ [ 1, 1, 1, 1, 2, 2, 2, 2, 2, 2, 4, 4 ], 24 ], [ [ 2, 2, 2, 2, 2, 2, 2, 2, 2, 2, 2, 2 ], 1 ], [ [ 2, 2, 2, 2, 4, 4, 4, 4 ], 24 ], [ [ 2, 2, 2, 2, 2, 2, 2, 2, 2, 2, 2, 2 ], 24 ], [ [ 4, 4, 4, 4, 4, 4 ], 4 ], [ [ 4, 4, 4, 4, 4, 4 ], 4 ], [ [ 2, 2, 2, 2, 2, 2, 2, 2, 2, 2, 2, 2 ], 4 ], [ [ 2, 2, 2, 2, 2, 2, 2, 2, 2, 2, 2, 2 ], 4 ], [ [ 4, 4, 4, 4, 4, 4 ], 4 ], [ [ 4, 4, 4, 4, 4, 4 ], 4 ], [ [ 12, 12 ], 16 ], [ [ 12, 12 ], 16 ], [ [ 12, 12 ], 16 ], [ [ 12, 12 ], 16 ], [ [ 6, 6, 6, 6 ], 16 ], [ [ 6, 6, 6, 6 ], 16 ], [ [ 3, 3, 3, 3, 3, 3, 3, 3 ], 16 ], [ [ 6, 6, 6, 6 ], 16 ], [ [ 12, 12 ], 16 ], [ [ 12, 12 ], 16 ], [ [ 12, 12 ], 16 ], [ [ 12, 12 ], 16 ], [ [ 6, 6, 6, 6 ], 16 ], [ [ 6, 6, 6, 6 ], 16 ], [ [ 3, 3, 3, 3, 3, 3, 3, 3 ], 16 ], [ [ 6, 6, 6, 6 ], 16 ] ]
896|384|[ 384, 5792 ]|[ [ [ 1, 1, 1, 1, 1, 1, 1, 1, 1, 1, 1, 1, 1, 1, 1, 1, 1, 1, 1, 1, 1, 1, 1, 1 ], 1 ], [ [ 1, 1, 1, 1, 1, 1, 1, 1, 1, 1, 1, 1, 1, 1, 1, 1, 2, 2, 2, 2 ], 3 ], [ [ 1, 1, 1, 1, 1, 1, 1, 1, 2, 2, 2, 2, 2, 2, 2, 2 ], 3 ], [ [ 1, 1, 1, 1, 1, 1, 1, 1, 2, 2, 2, 2, 2, 2, 2, 2 ], 6 ], [ [ 1, 1, 1, 1, 1, 1, 1, 1, 2, 2, 2, 2, 2, 2, 2, 2 ], 6 ], [ [ 1, 1, 1, 1, 1, 1, 1, 1, 2, 2, 2, 2, 4, 4 ], 24 ], [ [ 2, 2, 2, 2, 2, 2, 2, 2, 2, 2, 2, 2 ], 1 ], [ [ 2, 2, 2, 2, 2, 2, 2, 2, 2, 2, 2, 2 ], 6 ], [ [ 2, 2, 2, 2, 2, 2, 2, 2, 2, 2, 2, 2 ], 6 ], [ [ 2, 2, 2, 2, 2, 2, 2, 2, 4, 4 ], 24 ], [ [ 4, 4, 4, 4, 4, 4 ], 6 ], [ [ 4, 4, 4, 4, 4, 4 ], 6 ], [ [ 4, 4, 4, 4, 4, 4 ], 6 ], [ [ 4, 4, 4, 4, 4, 4 ], 6 ], [ [ 4, 4, 4, 4, 4, 4 ], 6 ], [ [ 4, 4, 4, 4, 4, 4 ], 2 ], [ [ 4, 4, 4, 4, 4, 4 ], 8 ], [ [ 4, 4, 4, 4, 4, 4 ], 8 ], [ [ 12, 12 ], 32 ], [ [ 12, 12 ], 32 ], [ [ 3, 3, 3, 3, 3, 3, 3, 3 ], 16 ], [ [ 6, 6, 6, 6 ], 16 ], [ [ 12, 12 ], 32 ], [ [ 12, 12 ], 32 ], [ [ 12, 12 ], 32 ], [ [ 3, 3, 3, 3, 3, 3, 3, 3 ], 16 ], [ [ 6, 6, 6, 6 ], 16 ], [ [ 12, 12 ], 32 ] ]
897|384|[ 384, 5773 ]|[ [ [ 1, 1, 1, 1, 1, 1, 1, 1, 1, 1, 1, 1, 1, 1, 1, 1, 1, 1, 1, 1, 1, 1, 1, 1 ], 1 ], [ [ 1, 1, 1, 1, 1, 1, 1, 1, 1, 1, 1, 1, 1, 1, 1, 1, 2, 2, 2, 2 ], 3 ], [ [ 1, 1, 1, 1, 1, 1, 1, 1, 2, 2, 2, 2, 2, 2, 2, 2 ], 3 ], [ [ 1, 1, 1, 1, 2, 2, 2, 2, 2, 2, 4, 4 ], 12 ], [ [ 1, 1, 1, 1, 2, 2, 2, 2, 2, 2, 4, 4 ], 12 ], [ [ 1, 1, 1, 1, 1, 1, 1, 1, 2, 2, 2, 2, 2, 2, 2, 2 ], 24 ], [ [ 2, 2, 2, 2, 2, 2, 2, 2, 2, 2, 2, 2 ], 1 ], [ [ 2, 2, 2, 2, 2, 2, 2, 2, 2, 2, 2, 2 ], 24 ], [ [ 2, 2, 2, 2, 4, 4, 4, 4 ], 12 ], [ [ 2, 2, 2, 2, 4, 4, 4, 4 ], 12 ], [ [ 4, 4, 4, 4, 4, 4 ], 6 ], [ [ 4, 4, 4, 4, 4, 4 ], 2 ], [ [ 4, 4, 4, 4, 4, 4 ], 8 ], [ [ 4, 4, 4, 4, 4, 4 ], 8 ], [ [ 12, 12 ], 32 ], [ [ 12, 12 ], 32 ], [ [ 6, 6, 6, 6 ], 16 ], [ [ 3, 3, 3, 3, 3, 3, 3, 3 ], 16 ], [ [ 12, 12 ], 32 ], [ [ 12, 12 ], 32 ], [ [ 12, 12 ], 32 ], [ [ 3, 3, 3, 3, 3, 3, 3, 3 ], 16 ], [ [ 6, 6, 6, 6 ], 16 ], [ [ 12, 12 ], 32 ] ]
898|384|[ 384, 5776 ]|[ [ [ 1, 1, 1, 1, 1, 1, 1, 1, 1, 1, 1, 1, 1, 1, 1, 1, 1, 1, 1, 1, 1, 1, 1, 1 ], 1 ], [ [ 1, 1, 1, 1, 1, 1, 1, 1, 1, 1, 1, 1, 1, 1, 1, 1, 2, 2, 2, 2 ], 3 ], [ [ 1, 1, 1, 1, 1, 1, 1, 1, 1, 1, 1, 1, 2, 2, 2, 2, 2, 2 ], 12 ], [ [ 1, 1, 1, 1, 1, 1, 1, 1, 2, 2, 2, 2, 2, 2, 2, 2 ], 3 ], [ [ 1, 1, 1, 1, 2, 2, 2, 2, 2, 2, 2, 2, 2, 2 ], 12 ], [ [ 1, 1, 1, 1, 2, 2, 2, 2, 2, 2, 4, 4 ], 24 ], [ [ 2, 2, 2, 2, 2, 2, 2, 2, 2, 2, 2, 2 ], 1 ], [ [ 2, 2, 2, 2, 4, 4, 4, 4 ], 12 ], [ [ 2, 2, 2, 2, 4, 4, 4, 4 ], 12 ], [ [ 2, 2, 2, 2, 4, 4, 4, 4 ], 12 ], [ [ 2, 2, 2, 2, 4, 4, 4, 4 ], 12 ], [ [ 4, 4, 4, 4, 4, 4 ], 8 ], [ [ 4, 4, 4, 4, 4, 4 ], 8 ], [ [ 4, 4, 4, 4, 4, 4 ], 8 ], [ [ 12, 12 ], 32 ], [ [ 12, 12 ], 32 ], [ [ 3, 3, 3, 3, 3, 3, 3, 3 ], 16 ], [ [ 6, 6, 6, 6 ], 16 ], [ [ 12, 12 ], 32 ], [ [ 12, 12 ], 32 ], [ [ 12, 12 ], 32 ], [ [ 3, 3, 3, 3, 3, 3, 3, 3 ], 16 ], [ [ 6, 6, 6, 6 ], 16 ], [ [ 12, 12 ], 32 ] ]
899|384|[ 384, 5755 ]|[ [ [ 1, 1, 1, 1, 1, 1, 1, 1, 1, 1, 1, 1, 1, 1, 1, 1, 1, 1, 1, 1, 1, 1, 1, 1 ], 1 ], [ [ 1, 1, 1, 1, 1, 1, 1, 1, 1, 1, 1, 1, 1, 1, 1, 1, 2, 2, 2, 2 ], 3 ], [ [ 1, 1, 1, 1, 1, 1, 1, 1, 2, 2, 2, 2, 2, 2, 2, 2 ], 3 ], [ [ 1, 1, 1, 1, 1, 1, 1, 1, 2, 2, 2, 2, 2, 2, 2, 2 ], 12 ], [ [ 1, 1, 1, 1, 1, 1, 1, 1, 2, 2, 2, 2, 2, 2, 2, 2 ], 12 ], [ [ 1, 1, 1, 1, 2, 2, 4, 4, 4, 4 ], 12 ], [ [ 1, 1, 1, 1, 2, 2, 4, 4, 4, 4 ], 12 ], [ [ 2, 2, 2, 2, 2, 2, 2, 2, 2, 2, 2, 2 ], 1 ], [ [ 2, 2, 2, 2, 2, 2, 2, 2, 4, 4 ], 12 ], [ [ 2, 2, 2, 2, 2, 2, 2, 2, 4, 4 ], 12 ], [ [ 2, 2, 2, 2, 2, 2, 2, 2, 4, 4 ], 12 ], [ [ 2, 2, 2, 2, 2, 2, 2, 2, 4, 4 ], 12 ], [ [ 4, 4, 4, 4, 4, 4 ], 4 ], [ [ 4, 4, 4, 4, 4, 4 ], 4 ], [ [ 2, 2, 2, 2, 2, 2, 2, 2, 2, 2, 2, 2 ], 4 ], [ [ 2, 2, 2, 2, 2, 2, 2, 2, 2, 2, 2, 2 ], 4 ], [ [ 4, 4, 4, 4, 4, 4 ], 4 ], [ [ 4, 4, 4, 4, 4, 4 ], 4 ], [ [ 12, 12 ], 16 ], [ [ 12, 12 ], 16 ], [ [ 12, 12 ], 16 ], [ [ 12, 12 ], 16 ], [ [ 6, 6, 6, 6 ], 16 ], [ [ 6, 6, 6, 6 ], 16 ], [ [ 3, 3, 3, 3, 3, 3, 3, 3 ], 16 ], [ [ 6, 6, 6, 6 ], 16 ], [ [ 12, 12 ], 16 ], [ [ 12, 12 ], 16 ], [ [ 12, 12 ], 16 ], [ [ 12, 12 ], 16 ], [ [ 6, 6, 6, 6 ], 16 ], [ [ 6, 6, 6, 6 ], 16 ], [ [ 3, 3, 3, 3, 3, 3, 3, 3 ], 16 ], [ [ 6, 6, 6, 6 ], 16 ] ]
900|384|[ 384, 5796 ]|[ [ [ 1, 1, 1, 1, 1, 1, 1, 1, 1, 1, 1, 1, 1, 1, 1, 1, 1, 1, 1, 1, 1, 1, 1, 1 ], 1 ], [ [ 1, 1, 1, 1, 1, 1, 1, 1, 1, 1, 1, 1, 1, 1, 1, 1, 2, 2, 2, 2 ], 3 ], [ [ 1, 1, 1, 1, 1, 1, 1, 1, 1, 1, 1, 1, 2, 2, 4, 4 ], 6 ], [ [ 1, 1, 1, 1, 1, 1, 1, 1, 1, 1, 1, 1, 2, 2, 4, 4 ], 6 ], [ [ 1, 1, 1, 1, 1, 1, 1, 1, 2, 2, 2, 2, 2, 2, 2, 2 ], 3 ], [ [ 1, 1, 1, 1, 2, 2, 4, 4, 4, 4 ], 6 ], [ [ 1, 1, 1, 1, 2, 2, 4, 4, 4, 4 ], 6 ], [ [ 1, 1, 1, 1, 2, 2, 2, 2, 2, 2, 4, 4 ], 6 ], [ [ 1, 1, 1, 1, 2, 2, 2, 2, 2, 2, 4, 4 ], 6 ], [ [ 1, 1, 1, 1, 2, 2, 4, 4, 4, 4 ], 6 ], [ [ 1, 1, 1, 1, 2, 2, 4, 4, 4, 4 ], 6 ], [ [ 2, 2, 2, 2, 2, 2, 2, 2, 2, 2, 2, 2 ], 1 ], [ [ 2, 2, 2, 2, 2, 2, 2, 2, 4, 4 ], 24 ], [ [ 2, 2, 2, 2, 2, 2, 2, 2, 4, 4 ], 24 ], [ [ 4, 4, 4, 4, 4, 4 ], 8 ], [ [ 4, 4, 4, 4, 4, 4 ], 6 ], [ [ 4, 4, 4, 4, 4, 4 ], 2 ], [ [ 4, 4, 4, 4, 4, 4 ], 8 ], [ [ 12, 12 ], 32 ], [ [ 12, 12 ], 32 ], [ [ 3, 3, 3, 3, 3, 3, 3, 3 ], 16 ], [ [ 6, 6, 6, 6 ], 16 ], [ [ 12, 12 ], 32 ], [ [ 12, 12 ], 32 ], [ [ 12, 12 ], 32 ], [ [ 3, 3, 3, 3, 3, 3, 3, 3 ], 16 ], [ [ 6, 6, 6, 6 ], 16 ], [ [ 12, 12 ], 32 ] ]
901|384|[ 384, 5787 ]|[ [ [ 1, 1, 1, 1, 1, 1, 1, 1, 1, 1, 1, 1, 1, 1, 1, 1, 1, 1, 1, 1, 1, 1, 1, 1 ], 1 ], [ [ 1, 1, 1, 1, 1, 1, 1, 1, 1, 1, 1, 1, 1, 1, 1, 1, 2, 2, 2, 2 ], 3 ], [ [ 1, 1, 1, 1, 1, 1, 1, 1, 2, 2, 2, 2, 2, 2, 2, 2 ], 3 ], [ [ 1, 1, 1, 1, 1, 1, 1, 1, 2, 2, 2, 2, 4, 4 ], 24 ], [ [ 1, 1, 1, 1, 2, 2, 2, 2, 2, 2, 2, 2, 2, 2 ], 12 ], [ [ 1, 1, 1, 1, 2, 2, 2, 2, 2, 2, 2, 2, 2, 2 ], 12 ], [ [ 2, 2, 2, 2, 2, 2, 2, 2, 2, 2, 2, 2 ], 1 ], [ [ 2, 2, 2, 2, 2, 2, 2, 2, 4, 4 ], 24 ], [ [ 2, 2, 2, 2, 2, 2, 2, 2, 4, 4 ], 24 ], [ [ 4, 4, 4, 4, 4, 4 ], 8 ], [ [ 4, 4, 4, 4, 4, 4 ], 8 ], [ [ 4, 4, 4, 4, 4, 4 ], 8 ], [ [ 12, 12 ], 32 ], [ [ 12, 12 ], 32 ], [ [ 12, 12 ], 32 ], [ [ 3, 3, 3, 3, 3, 3, 3, 3 ], 16 ], [ [ 6, 6, 6, 6 ], 16 ], [ [ 12, 12 ], 32 ], [ [ 12, 12 ], 32 ], [ [ 12, 12 ], 32 ], [ [ 3, 3, 3, 3, 3, 3, 3, 3 ], 16 ], [ [ 6, 6, 6, 6 ], 16 ] ]
902|384|[ 384, 20114 ]|[ [ [ 1, 1, 1, 1, 1, 1, 1, 1, 1, 1, 1, 1, 1, 1, 1, 1, 1, 1, 1, 1, 1, 1, 1, 1 ], 1 ], [ [ 1, 1, 1, 1, 1, 1, 1, 1, 1, 1, 1, 1, 1, 1, 1, 1, 2, 2, 2, 2 ], 3 ], [ [ 1, 1, 1, 1, 1, 1, 1, 1, 1, 1, 1, 1, 1, 1, 1, 1, 2, 2, 2, 2 ], 3 ], [ [ 1, 1, 1, 1, 1, 1, 1, 1, 1, 1, 1, 1, 1, 1, 1, 1, 2, 2, 2, 2 ], 3 ], [ [ 1, 1, 1, 1, 1, 1, 1, 1, 2, 2, 2, 2, 2, 2, 2, 2 ], 3 ], [ [ 1, 1, 1, 1, 1, 1, 1, 1, 2, 2, 2, 2, 2, 2, 2, 2 ], 3 ], [ [ 1, 1, 1, 1, 1, 1, 1, 1, 2, 2, 2, 2, 2, 2, 2, 2 ], 3 ], [ [ 1, 1, 1, 1, 1, 1, 1, 1, 2, 2, 2, 2, 2, 2, 2, 2 ], 3 ], [ [ 1, 1, 1, 1, 1, 1, 1, 1, 2, 2, 2, 2, 2, 2, 2, 2 ], 3 ], [ [ 1, 1, 1, 1, 1, 1, 1, 1, 2, 2, 2, 2, 2, 2, 2, 2 ], 3 ], [ [ 1, 1, 1, 1, 1, 1, 1, 1, 2, 2, 2, 2, 2, 2, 2, 2 ], 3 ], [ [ 1, 1, 1, 1, 1, 1, 1, 1, 2, 2, 2, 2, 2, 2, 2, 2 ], 3 ], [ [ 1, 1, 1, 1, 1, 1, 1, 1, 2, 2, 2, 2, 2, 2, 2, 2 ], 3 ], [ [ 2, 2, 2, 2, 2, 2, 2, 2, 2, 2, 2, 2 ], 1 ], [ [ 2, 2, 2, 2, 2, 2, 2, 2, 2, 2, 2, 2 ], 3 ], [ [ 2, 2, 2, 2, 2, 2, 2, 2, 2, 2, 2, 2 ], 3 ], [ [ 2, 2, 2, 2, 2, 2, 2, 2, 2, 2, 2, 2 ], 3 ], [ [ 2, 2, 2, 2, 2, 2, 2, 2, 2, 2, 2, 2 ], 3 ], [ [ 2, 2, 2, 2, 2, 2, 2, 2, 2, 2, 2, 2 ], 3 ], [ [ 2, 2, 2, 2, 2, 2, 2, 2, 2, 2, 2, 2 ], 3 ], [ [ 4, 4, 4, 4, 4, 4 ], 3 ], [ [ 4, 4, 4, 4, 4, 4 ], 3 ], [ [ 4, 4, 4, 4, 4, 4 ], 3 ], [ [ 4, 4, 4, 4, 4, 4 ], 3 ], [ [ 4, 4, 4, 4, 4, 4 ], 3 ], [ [ 4, 4, 4, 4, 4, 4 ], 3 ], [ [ 4, 4, 4, 4, 4, 4 ], 3 ], [ [ 4, 4, 4, 4, 4, 4 ], 3 ], [ [ 4, 4, 4, 4, 4, 4 ], 1 ], [ [ 4, 4, 4, 4, 4, 4 ], 3 ], [ [ 4, 4, 4, 4, 4, 4 ], 3 ], [ [ 4, 4, 4, 4, 4, 4 ], 3 ], [ [ 4, 4, 4, 4, 4, 4 ], 3 ], [ [ 4, 4, 4, 4, 4, 4 ], 3 ], [ [ 4, 4, 4, 4, 4, 4 ], 3 ], [ [ 4, 4, 4, 4, 4, 4 ], 3 ], [ [ 4, 4, 4, 4, 4, 4 ], 3 ], [ [ 4, 4, 4, 4, 4, 4 ], 3 ], [ [ 4, 4, 4, 4, 4, 4 ], 3 ], [ [ 4, 4, 4, 4, 4, 4 ], 1 ], [ [ 2, 2, 2, 2, 2, 2, 2, 2, 2, 2, 2, 2 ], 1 ], [ [ 2, 2, 2, 2, 2, 2, 2, 2, 2, 2, 2, 2 ], 3 ], [ [ 2, 2, 2, 2, 2, 2, 2, 2, 2, 2, 2, 2 ], 3 ], [ [ 2, 2, 2, 2, 2, 2, 2, 2, 2, 2, 2, 2 ], 1 ], [ [ 4, 4, 4, 4, 4, 4 ], 3 ], [ [ 4, 4, 4, 4, 4, 4 ], 3 ], [ [ 4, 4, 4, 4, 4, 4 ], 1 ], [ [ 4, 4, 4, 4, 4, 4 ], 1 ], [ [ 12, 12 ], 16 ], [ [ 12, 12 ], 16 ], [ [ 12, 12 ], 16 ], [ [ 12, 12 ], 16 ], [ [ 6, 6, 6, 6 ], 16 ], [ [ 6, 6, 6, 6 ], 16 ], [ [ 3, 3, 3, 3, 3, 3, 3, 3 ], 16 ], [ [ 6, 6, 6, 6 ], 16 ], [ [ 12, 12 ], 16 ], [ [ 12, 12 ], 16 ], [ [ 12, 12 ], 16 ], [ [ 12, 12 ], 16 ], [ [ 6, 6, 6, 6 ], 16 ], [ [ 6, 6, 6, 6 ], 16 ], [ [ 3, 3, 3, 3, 3, 3, 3, 3 ], 16 ], [ [ 6, 6, 6, 6 ], 16 ] ]
903|384|[ 384, 5749 ]|[ [ [ 1, 1, 1, 1, 1, 1, 1, 1, 1, 1, 1, 1, 1, 1, 1, 1, 1, 1, 1, 1, 1, 1, 1, 1 ], 1 ], [ [ 1, 1, 1, 1, 1, 1, 1, 1, 1, 1, 1, 1, 1, 1, 1, 1, 2, 2, 2, 2 ], 3 ], [ [ 1, 1, 1, 1, 1, 1, 1, 1, 2, 2, 2, 2, 2, 2, 2, 2 ], 3 ], [ [ 1, 1, 1, 1, 1, 1, 1, 1, 4, 4, 4, 4 ], 6 ], [ [ 1, 1, 1, 1, 1, 1, 1, 1, 4, 4, 4, 4 ], 6 ], [ [ 1, 1, 1, 1, 1, 1, 1, 1, 2, 2, 2, 2, 2, 2, 2, 2 ], 12 ], [ [ 1, 1, 1, 1, 1, 1, 1, 1, 2, 2, 2, 2, 2, 2, 2, 2 ], 12 ], [ [ 2, 2, 2, 2, 2, 2, 2, 2, 2, 2, 2, 2 ], 1 ], [ [ 2, 2, 2, 2, 4, 4, 4, 4 ], 6 ], [ [ 2, 2, 2, 2, 4, 4, 4, 4 ], 6 ], [ [ 2, 2, 2, 2, 2, 2, 2, 2, 4, 4 ], 6 ], [ [ 2, 2, 2, 2, 2, 2, 2, 2, 4, 4 ], 6 ], [ [ 2, 2, 2, 2, 2, 2, 2, 2, 4, 4 ], 6 ], [ [ 2, 2, 2, 2, 2, 2, 2, 2, 4, 4 ], 6 ], [ [ 4, 4, 4, 4, 4, 4 ], 12 ], [ [ 4, 4, 4, 4, 4, 4 ], 12 ], [ [ 4, 4, 4, 4, 4, 4 ], 4 ], [ [ 4, 4, 4, 4, 4, 4 ], 4 ], [ [ 2, 2, 2, 2, 2, 2, 2, 2, 2, 2, 2, 2 ], 4 ], [ [ 2, 2, 2, 2, 2, 2, 2, 2, 2, 2, 2, 2 ], 4 ], [ [ 4, 4, 4, 4, 4, 4 ], 3 ], [ [ 4, 4, 4, 4, 4, 4 ], 3 ], [ [ 4, 4, 4, 4, 4, 4 ], 1 ], [ [ 4, 4, 4, 4, 4, 4 ], 1 ], [ [ 12, 12 ], 16 ], [ [ 12, 12 ], 16 ], [ [ 12, 12 ], 16 ], [ [ 12, 12 ], 16 ], [ [ 3, 3, 3, 3, 3, 3, 3, 3 ], 16 ], [ [ 6, 6, 6, 6 ], 16 ], [ [ 6, 6, 6, 6 ], 16 ], [ [ 6, 6, 6, 6 ], 16 ], [ [ 12, 12 ], 16 ], [ [ 12, 12 ], 16 ], [ [ 12, 12 ], 16 ], [ [ 12, 12 ], 16 ], [ [ 6, 6, 6, 6 ], 16 ], [ [ 3, 3, 3, 3, 3, 3, 3, 3 ], 16 ], [ [ 6, 6, 6, 6 ], 16 ], [ [ 6, 6, 6, 6 ], 16 ] ]
904|384|[ 384, 5776 ]|[ [ [ 1, 1, 1, 1, 1, 1, 1, 1, 1, 1, 1, 1, 1, 1, 1, 1, 1, 1, 1, 1, 1, 1, 1, 1 ], 1 ], [ [ 1, 1, 1, 1, 1, 1, 1, 1, 1, 1, 1, 1, 1, 1, 1, 1, 2, 2, 2, 2 ], 3 ], [ [ 1, 1, 1, 1, 1, 1, 1, 1, 2, 2, 2, 2, 2, 2, 2, 2 ], 3 ], [ [ 1, 1, 1, 1, 1, 1, 1, 1, 2, 2, 2, 2, 2, 2, 2, 2 ], 12 ], [ [ 1, 1, 1, 1, 2, 2, 4, 4, 4, 4 ], 12 ], [ [ 1, 1, 1, 1, 2, 2, 4, 4, 4, 4 ], 12 ], [ [ 1, 1, 1, 1, 2, 2, 4, 4, 4, 4 ], 12 ], [ [ 1, 1, 1, 1, 2, 2, 4, 4, 4, 4 ], 12 ], [ [ 2, 2, 2, 2, 2, 2, 2, 2, 2, 2, 2, 2 ], 1 ], [ [ 2, 2, 2, 2, 2, 2, 2, 2, 2, 2, 2, 2 ], 12 ], [ [ 2, 2, 2, 2, 2, 2, 2, 2, 4, 4 ], 24 ], [ [ 4, 4, 4, 4, 4, 4 ], 8 ], [ [ 4, 4, 4, 4, 4, 4 ], 8 ], [ [ 4, 4, 4, 4, 4, 4 ], 8 ], [ [ 12, 12 ], 32 ], [ [ 6, 6, 6, 6 ], 16 ], [ [ 3, 3, 3, 3, 3, 3, 3, 3 ], 16 ], [ [ 12, 12 ], 32 ], [ [ 12, 12 ], 32 ], [ [ 12, 12 ], 32 ], [ [ 12, 12 ], 32 ], [ [ 12, 12 ], 32 ], [ [ 3, 3, 3, 3, 3, 3, 3, 3 ], 16 ], [ [ 6, 6, 6, 6 ], 16 ] ]
905|384|[ 384, 5769 ]|[ [ [ 1, 1, 1, 1, 1, 1, 1, 1, 1, 1, 1, 1, 1, 1, 1, 1, 1, 1, 1, 1, 1, 1, 1, 1 ], 1 ], [ [ 1, 1, 1, 1, 1, 1, 1, 1, 1, 1, 1, 1, 1, 1, 1, 1, 2, 2, 2, 2 ], 3 ], [ [ 1, 1, 1, 1, 1, 1, 1, 1, 2, 2, 2, 2, 2, 2, 2, 2 ], 3 ], [ [ 1, 1, 1, 1, 2, 2, 2, 2, 2, 2, 4, 4 ], 24 ], [ [ 1, 1, 1, 1, 2, 2, 4, 4, 4, 4 ], 24 ], [ [ 1, 1, 1, 1, 2, 2, 2, 2, 2, 2, 4, 4 ], 12 ], [ [ 1, 1, 1, 1, 2, 2, 2, 2, 2, 2, 4, 4 ], 12 ], [ [ 2, 2, 2, 2, 2, 2, 2, 2, 2, 2, 2, 2 ], 1 ], [ [ 2, 2, 2, 2, 2, 2, 2, 2, 4, 4 ], 12 ], [ [ 2, 2, 2, 2, 2, 2, 2, 2, 4, 4 ], 12 ], [ [ 4, 4, 4, 4, 4, 4 ], 8 ], [ [ 2, 2, 2, 2, 2, 2, 2, 2, 2, 2, 2, 2 ], 8 ], [ [ 2, 2, 2, 2, 2, 2, 2, 2, 2, 2, 2, 2 ], 2 ], [ [ 2, 2, 2, 2, 2, 2, 2, 2, 2, 2, 2, 2 ], 6 ], [ [ 6, 6, 6, 6 ], 32 ], [ [ 6, 6, 6, 6 ], 16 ], [ [ 3, 3, 3, 3, 3, 3, 3, 3 ], 16 ], [ [ 6, 6, 6, 6 ], 32 ], [ [ 12, 12 ], 32 ], [ [ 12, 12 ], 32 ], [ [ 6, 6, 6, 6 ], 32 ], [ [ 3, 3, 3, 3, 3, 3, 3, 3 ], 16 ], [ [ 6, 6, 6, 6 ], 16 ], [ [ 6, 6, 6, 6 ], 32 ] ]
906|384|[ 384, 5783 ]|[ [ [ 1, 1, 1, 1, 1, 1, 1, 1, 1, 1, 1, 1, 1, 1, 1, 1, 1, 1, 1, 1, 1, 1, 1, 1 ], 1 ], [ [ 1, 1, 1, 1, 1, 1, 1, 1, 1, 1, 1, 1, 1, 1, 1, 1, 2, 2, 2, 2 ], 3 ], [ [ 1, 1, 1, 1, 1, 1, 1, 1, 2, 2, 2, 2, 2, 2, 2, 2 ], 3 ], [ [ 1, 1, 1, 1, 2, 2, 2, 2, 2, 2, 4, 4 ], 24 ], [ [ 1, 1, 1, 1, 2, 2, 4, 4, 4, 4 ], 24 ], [ [ 1, 1, 1, 1, 2, 2, 2, 2, 2, 2, 2, 2, 2, 2 ], 24 ], [ [ 2, 2, 2, 2, 2, 2, 2, 2, 2, 2, 2, 2 ], 1 ], [ [ 2, 2, 2, 2, 2, 2, 2, 2, 4, 4 ], 24 ], [ [ 4, 4, 4, 4, 4, 4 ], 4 ], [ [ 4, 4, 4, 4, 4, 4 ], 4 ], [ [ 2, 2, 2, 2, 2, 2, 2, 2, 2, 2, 2, 2 ], 4 ], [ [ 2, 2, 2, 2, 2, 2, 2, 2, 2, 2, 2, 2 ], 4 ], [ [ 4, 4, 4, 4, 4, 4 ], 4 ], [ [ 4, 4, 4, 4, 4, 4 ], 4 ], [ [ 6, 6, 6, 6 ], 16 ], [ [ 6, 6, 6, 6 ], 16 ], [ [ 6, 6, 6, 6 ], 16 ], [ [ 3, 3, 3, 3, 3, 3, 3, 3 ], 16 ], [ [ 12, 12 ], 16 ], [ [ 12, 12 ], 16 ], [ [ 12, 12 ], 16 ], [ [ 12, 12 ], 16 ], [ [ 12, 12 ], 16 ], [ [ 12, 12 ], 16 ], [ [ 12, 12 ], 16 ], [ [ 12, 12 ], 16 ], [ [ 3, 3, 3, 3, 3, 3, 3, 3 ], 16 ], [ [ 6, 6, 6, 6 ], 16 ], [ [ 6, 6, 6, 6 ], 16 ], [ [ 6, 6, 6, 6 ], 16 ] ]
907|384|[ 384, 5773 ]|[ [ [ 1, 1, 1, 1, 1, 1, 1, 1, 1, 1, 1, 1, 1, 1, 1, 1, 1, 1, 1, 1, 1, 1, 1, 1 ], 1 ], [ [ 1, 1, 1, 1, 1, 1, 1, 1, 1, 1, 1, 1, 1, 1, 1, 1, 2, 2, 2, 2 ], 3 ], [ [ 1, 1, 1, 1, 1, 1, 1, 1, 2, 2, 2, 2, 2, 2, 2, 2 ], 3 ], [ [ 1, 1, 1, 1, 2, 2, 2, 2, 2, 2, 2, 2, 2, 2 ], 24 ], [ [ 1, 1, 1, 1, 2, 2, 4, 4, 4, 4 ], 12 ], [ [ 1, 1, 1, 1, 2, 2, 4, 4, 4, 4 ], 12 ], [ [ 1, 1, 1, 1, 2, 2, 2, 2, 2, 2, 2, 2, 2, 2 ], 24 ], [ [ 2, 2, 2, 2, 2, 2, 2, 2, 2, 2, 2, 2 ], 1 ], [ [ 2, 2, 2, 2, 2, 2, 2, 2, 4, 4 ], 12 ], [ [ 2, 2, 2, 2, 2, 2, 2, 2, 4, 4 ], 12 ], [ [ 4, 4, 4, 4, 4, 4 ], 8 ], [ [ 4, 4, 4, 4, 4, 4 ], 6 ], [ [ 4, 4, 4, 4, 4, 4 ], 2 ], [ [ 4, 4, 4, 4, 4, 4 ], 8 ], [ [ 12, 12 ], 32 ], [ [ 6, 6, 6, 6 ], 16 ], [ [ 3, 3, 3, 3, 3, 3, 3, 3 ], 16 ], [ [ 12, 12 ], 32 ], [ [ 12, 12 ], 32 ], [ [ 12, 12 ], 32 ], [ [ 12, 12 ], 32 ], [ [ 3, 3, 3, 3, 3, 3, 3, 3 ], 16 ], [ [ 6, 6, 6, 6 ], 16 ], [ [ 12, 12 ], 32 ] ]
908|384|[ 384, 5765 ]|[ [ [ 1, 1, 1, 1, 1, 1, 1, 1, 1, 1, 1, 1, 1, 1, 1, 1, 1, 1, 1, 1, 1, 1, 1, 1 ], 1 ], [ [ 1, 1, 1, 1, 1, 1, 1, 1, 1, 1, 1, 1, 1, 1, 1, 1, 2, 2, 2, 2 ], 3 ], [ [ 1, 1, 1, 1, 1, 1, 1, 1, 2, 2, 2, 2, 2, 2, 2, 2 ], 3 ], [ [ 1, 1, 1, 1, 1, 1, 1, 1, 2, 2, 2, 2, 4, 4 ], 12 ], [ [ 1, 1, 1, 1, 2, 2, 4, 4, 4, 4 ], 12 ], [ [ 1, 1, 1, 1, 2, 2, 4, 4, 4, 4 ], 12 ], [ [ 1, 1, 1, 1, 2, 2, 4, 4, 4, 4 ], 12 ], [ [ 1, 1, 1, 1, 2, 2, 4, 4, 4, 4 ], 12 ], [ [ 2, 2, 2, 2, 2, 2, 2, 2, 2, 2, 2, 2 ], 1 ], [ [ 2, 2, 2, 2, 2, 2, 2, 2, 4, 4 ], 12 ], [ [ 2, 2, 2, 2, 2, 2, 2, 2, 4, 4 ], 12 ], [ [ 2, 2, 2, 2, 2, 2, 2, 2, 4, 4 ], 12 ], [ [ 4, 4, 4, 4, 4, 4 ], 4 ], [ [ 4, 4, 4, 4, 4, 4 ], 4 ], [ [ 4, 4, 4, 4, 4, 4 ], 3 ], [ [ 4, 4, 4, 4, 4, 4 ], 3 ], [ [ 4, 4, 4, 4, 4, 4 ], 1 ], [ [ 4, 4, 4, 4, 4, 4 ], 1 ], [ [ 2, 2, 2, 2, 2, 2, 2, 2, 2, 2, 2, 2 ], 4 ], [ [ 2, 2, 2, 2, 2, 2, 2, 2, 2, 2, 2, 2 ], 4 ], [ [ 6, 6, 6, 6 ], 16 ], [ [ 6, 6, 6, 6 ], 16 ], [ [ 6, 6, 6, 6 ], 16 ], [ [ 3, 3, 3, 3, 3, 3, 3, 3 ], 16 ], [ [ 12, 12 ], 16 ], [ [ 12, 12 ], 16 ], [ [ 12, 12 ], 16 ], [ [ 12, 12 ], 16 ], [ [ 12, 12 ], 16 ], [ [ 12, 12 ], 16 ], [ [ 12, 12 ], 16 ], [ [ 12, 12 ], 16 ], [ [ 6, 6, 6, 6 ], 16 ], [ [ 6, 6, 6, 6 ], 16 ], [ [ 3, 3, 3, 3, 3, 3, 3, 3 ], 16 ], [ [ 6, 6, 6, 6 ], 16 ] ]
909|384|[ 384, 5741 ]|[ [ [ 1, 1, 1, 1, 1, 1, 1, 1, 1, 1, 1, 1, 1, 1, 1, 1, 1, 1, 1, 1, 1, 1, 1, 1 ], 1 ], [ [ 1, 1, 1, 1, 1, 1, 1, 1, 1, 1, 1, 1, 1, 1, 1, 1, 2, 2, 2, 2 ], 3 ], [ [ 1, 1, 1, 1, 1, 1, 1, 1, 2, 2, 2, 2, 2, 2, 2, 2 ], 3 ], [ [ 1, 1, 1, 1, 2, 2, 2, 2, 2, 2, 4, 4 ], 6 ], [ [ 1, 1, 1, 1, 2, 2, 2, 2, 2, 2, 4, 4 ], 6 ], [ [ 1, 1, 1, 1, 2, 2, 2, 2, 2, 2, 4, 4 ], 6 ], [ [ 1, 1, 1, 1, 2, 2, 2, 2, 2, 2, 4, 4 ], 6 ], [ [ 1, 1, 1, 1, 2, 2, 4, 4, 4, 4 ], 6 ], [ [ 1, 1, 1, 1, 2, 2, 4, 4, 4, 4 ], 6 ], [ [ 1, 1, 1, 1, 2, 2, 4, 4, 4, 4 ], 6 ], [ [ 1, 1, 1, 1, 2, 2, 4, 4, 4, 4 ], 6 ], [ [ 1, 1, 1, 1, 2, 2, 2, 2, 2, 2, 4, 4 ], 6 ], [ [ 1, 1, 1, 1, 2, 2, 2, 2, 2, 2, 4, 4 ], 6 ], [ [ 1, 1, 1, 1, 2, 2, 2, 2, 2, 2, 4, 4 ], 6 ], [ [ 1, 1, 1, 1, 2, 2, 2, 2, 2, 2, 4, 4 ], 6 ], [ [ 2, 2, 2, 2, 2, 2, 2, 2, 2, 2, 2, 2 ], 1 ], [ [ 2, 2, 2, 2, 2, 2, 2, 2, 4, 4 ], 6 ], [ [ 2, 2, 2, 2, 2, 2, 2, 2, 4, 4 ], 6 ], [ [ 2, 2, 2, 2, 2, 2, 2, 2, 4, 4 ], 6 ], [ [ 2, 2, 2, 2, 2, 2, 2, 2, 4, 4 ], 6 ], [ [ 2, 2, 2, 2, 2, 2, 2, 2, 2, 2, 2, 2 ], 6 ], [ [ 2, 2, 2, 2, 2, 2, 2, 2, 2, 2, 2, 2 ], 2 ], [ [ 4, 4, 4, 4, 4, 4 ], 6 ], [ [ 4, 4, 4, 4, 4, 4 ], 2 ], [ [ 2, 2, 2, 2, 2, 2, 2, 2, 2, 2, 2, 2 ], 2 ], [ [ 2, 2, 2, 2, 2, 2, 2, 2, 2, 2, 2, 2 ], 6 ], [ [ 6, 6, 6, 6 ], 32 ], [ [ 6, 6, 6, 6 ], 16 ], [ [ 3, 3, 3, 3, 3, 3, 3, 3 ], 16 ], [ [ 6, 6, 6, 6 ], 32 ], [ [ 12, 12 ], 32 ], [ [ 12, 12 ], 32 ], [ [ 6, 6, 6, 6 ], 32 ], [ [ 3, 3, 3, 3, 3, 3, 3, 3 ], 16 ], [ [ 6, 6, 6, 6 ], 16 ], [ [ 6, 6, 6, 6 ], 32 ] ]
910|384|[ 384, 5755 ]|[ [ [ 1, 1, 1, 1, 1, 1, 1, 1, 1, 1, 1, 1, 1, 1, 1, 1, 1, 1, 1, 1, 1, 1, 1, 1 ], 1 ], [ [ 1, 1, 1, 1, 1, 1, 1, 1, 1, 1, 1, 1, 1, 1, 1, 1, 2, 2, 2, 2 ], 3 ], [ [ 1, 1, 1, 1, 1, 1, 1, 1, 2, 2, 2, 2, 2, 2, 2, 2 ], 3 ], [ [ 1, 1, 1, 1, 2, 2, 2, 2, 2, 2, 4, 4 ], 12 ], [ [ 1, 1, 1, 1, 2, 2, 2, 2, 2, 2, 4, 4 ], 12 ], [ [ 1, 1, 1, 1, 2, 2, 2, 2, 2, 2, 2, 2, 2, 2 ], 12 ], [ [ 1, 1, 1, 1, 2, 2, 2, 2, 2, 2, 2, 2, 2, 2 ], 12 ], [ [ 1, 1, 1, 1, 2, 2, 2, 2, 2, 2, 4, 4 ], 12 ], [ [ 1, 1, 1, 1, 2, 2, 2, 2, 2, 2, 4, 4 ], 12 ], [ [ 2, 2, 2, 2, 2, 2, 2, 2, 2, 2, 2, 2 ], 1 ], [ [ 2, 2, 2, 2, 4, 4, 4, 4 ], 12 ], [ [ 2, 2, 2, 2, 4, 4, 4, 4 ], 12 ], [ [ 4, 4, 4, 4, 4, 4 ], 4 ], [ [ 4, 4, 4, 4, 4, 4 ], 4 ], [ [ 4, 4, 4, 4, 4, 4 ], 4 ], [ [ 4, 4, 4, 4, 4, 4 ], 4 ], [ [ 2, 2, 2, 2, 2, 2, 2, 2, 2, 2, 2, 2 ], 4 ], [ [ 2, 2, 2, 2, 2, 2, 2, 2, 2, 2, 2, 2 ], 4 ], [ [ 12, 12 ], 16 ], [ [ 12, 12 ], 16 ], [ [ 6, 6, 6, 6 ], 16 ], [ [ 3, 3, 3, 3, 3, 3, 3, 3 ], 16 ], [ [ 12, 12 ], 16 ], [ [ 12, 12 ], 16 ], [ [ 6, 6, 6, 6 ], 16 ], [ [ 6, 6, 6, 6 ], 16 ], [ [ 12, 12 ], 16 ], [ [ 12, 12 ], 16 ], [ [ 6, 6, 6, 6 ], 16 ], [ [ 3, 3, 3, 3, 3, 3, 3, 3 ], 16 ], [ [ 12, 12 ], 16 ], [ [ 12, 12 ], 16 ], [ [ 6, 6, 6, 6 ], 16 ], [ [ 6, 6, 6, 6 ], 16 ] ]
911|384|[ 384, 5796 ]|[ [ [ 1, 1, 1, 1, 1, 1, 1, 1, 1, 1, 1, 1, 1, 1, 1, 1, 1, 1, 1, 1, 1, 1, 1, 1 ], 1 ], [ [ 1, 1, 1, 1, 1, 1, 1, 1, 1, 1, 1, 1, 1, 1, 1, 1, 2, 2, 2, 2 ], 3 ], [ [ 1, 1, 1, 1, 1, 1, 1, 1, 2, 2, 2, 2, 2, 2, 2, 2 ], 3 ], [ [ 1, 1, 1, 1, 1, 1, 1, 1, 2, 2, 2, 2, 4, 4 ], 6 ], [ [ 1, 1, 1, 1, 1, 1, 1, 1, 2, 2, 2, 2, 4, 4 ], 6 ], [ [ 1, 1, 1, 1, 2, 2, 2, 2, 2, 2, 4, 4 ], 24 ], [ [ 1, 1, 1, 1, 2, 2, 2, 2, 2, 2, 4, 4 ], 24 ], [ [ 2, 2, 2, 2, 2, 2, 2, 2, 2, 2, 2, 2 ], 1 ], [ [ 2, 2, 2, 2, 2, 2, 2, 2, 4, 4 ], 6 ], [ [ 2, 2, 2, 2, 2, 2, 2, 2, 4, 4 ], 6 ], [ [ 2, 2, 2, 2, 4, 4, 4, 4 ], 6 ], [ [ 2, 2, 2, 2, 4, 4, 4, 4 ], 6 ], [ [ 4, 4, 4, 4, 4, 4 ], 8 ], [ [ 2, 2, 2, 2, 4, 4, 4, 4 ], 6 ], [ [ 2, 2, 2, 2, 4, 4, 4, 4 ], 6 ], [ [ 4, 4, 4, 4, 4, 4 ], 8 ], [ [ 4, 4, 4, 4, 4, 4 ], 2 ], [ [ 4, 4, 4, 4, 4, 4 ], 6 ], [ [ 12, 12 ], 32 ], [ [ 12, 12 ], 32 ], [ [ 12, 12 ], 32 ], [ [ 6, 6, 6, 6 ], 16 ], [ [ 3, 3, 3, 3, 3, 3, 3, 3 ], 16 ], [ [ 12, 12 ], 32 ], [ [ 12, 12 ], 32 ], [ [ 12, 12 ], 32 ], [ [ 6, 6, 6, 6 ], 16 ], [ [ 3, 3, 3, 3, 3, 3, 3, 3 ], 16 ] ]
912|384|[ 384, 5755 ]|[ [ [ 1, 1, 1, 1, 1, 1, 1, 1, 1, 1, 1, 1, 1, 1, 1, 1, 1, 1, 1, 1, 1, 1, 1, 1 ], 1 ], [ [ 1, 1, 1, 1, 1, 1, 1, 1, 1, 1, 1, 1, 1, 1, 1, 1, 2, 2, 2, 2 ], 3 ], [ [ 1, 1, 1, 1, 1, 1, 1, 1, 2, 2, 2, 2, 2, 2, 2, 2 ], 3 ], [ [ 1, 1, 1, 1, 2, 2, 2, 2, 2, 2, 4, 4 ], 12 ], [ [ 1, 1, 1, 1, 2, 2, 2, 2, 2, 2, 4, 4 ], 12 ], [ [ 1, 1, 1, 1, 2, 2, 2, 2, 2, 2, 2, 2, 2, 2 ], 12 ], [ [ 1, 1, 1, 1, 2, 2, 2, 2, 2, 2, 2, 2, 2, 2 ], 12 ], [ [ 1, 1, 1, 1, 2, 2, 2, 2, 2, 2, 4, 4 ], 12 ], [ [ 1, 1, 1, 1, 2, 2, 2, 2, 2, 2, 4, 4 ], 12 ], [ [ 2, 2, 2, 2, 2, 2, 2, 2, 2, 2, 2, 2 ], 1 ], [ [ 2, 2, 2, 2, 4, 4, 4, 4 ], 12 ], [ [ 2, 2, 2, 2, 4, 4, 4, 4 ], 12 ], [ [ 4, 4, 4, 4, 4, 4 ], 4 ], [ [ 4, 4, 4, 4, 4, 4 ], 4 ], [ [ 2, 2, 2, 2, 2, 2, 2, 2, 2, 2, 2, 2 ], 4 ], [ [ 2, 2, 2, 2, 2, 2, 2, 2, 2, 2, 2, 2 ], 4 ], [ [ 4, 4, 4, 4, 4, 4 ], 4 ], [ [ 4, 4, 4, 4, 4, 4 ], 4 ], [ [ 12, 12 ], 16 ], [ [ 12, 12 ], 16 ], [ [ 6, 6, 6, 6 ], 16 ], [ [ 3, 3, 3, 3, 3, 3, 3, 3 ], 16 ], [ [ 12, 12 ], 16 ], [ [ 12, 12 ], 16 ], [ [ 6, 6, 6, 6 ], 16 ], [ [ 6, 6, 6, 6 ], 16 ], [ [ 12, 12 ], 16 ], [ [ 12, 12 ], 16 ], [ [ 6, 6, 6, 6 ], 16 ], [ [ 3, 3, 3, 3, 3, 3, 3, 3 ], 16 ], [ [ 12, 12 ], 16 ], [ [ 12, 12 ], 16 ], [ [ 6, 6, 6, 6 ], 16 ], [ [ 6, 6, 6, 6 ], 16 ] ]
913|384|[ 384, 5793 ]|[ [ [ 1, 1, 1, 1, 1, 1, 1, 1, 1, 1, 1, 1, 1, 1, 1, 1, 1, 1, 1, 1, 1, 1, 1, 1 ], 1 ], [ [ 1, 1, 1, 1, 1, 1, 1, 1, 1, 1, 1, 1, 1, 1, 1, 1, 2, 2, 2, 2 ], 3 ], [ [ 1, 1, 1, 1, 1, 1, 1, 1, 2, 2, 2, 2, 2, 2, 2, 2 ], 3 ], [ [ 1, 1, 1, 1, 1, 1, 1, 1, 4, 4, 4, 4 ], 6 ], [ [ 1, 1, 1, 1, 1, 1, 1, 1, 4, 4, 4, 4 ], 6 ], [ [ 1, 1, 1, 1, 2, 2, 2, 2, 2, 2, 4, 4 ], 24 ], [ [ 1, 1, 1, 1, 2, 2, 4, 4, 4, 4 ], 24 ], [ [ 2, 2, 2, 2, 2, 2, 2, 2, 2, 2, 2, 2 ], 1 ], [ [ 2, 2, 2, 2, 4, 4, 4, 4 ], 6 ], [ [ 2, 2, 2, 2, 4, 4, 4, 4 ], 6 ], [ [ 2, 2, 2, 2, 4, 4, 4, 4 ], 6 ], [ [ 2, 2, 2, 2, 4, 4, 4, 4 ], 6 ], [ [ 4, 4, 4, 4, 4, 4 ], 8 ], [ [ 2, 2, 2, 2, 4, 4, 4, 4 ], 6 ], [ [ 2, 2, 2, 2, 4, 4, 4, 4 ], 6 ], [ [ 2, 2, 2, 2, 2, 2, 2, 2, 2, 2, 2, 2 ], 6 ], [ [ 2, 2, 2, 2, 2, 2, 2, 2, 2, 2, 2, 2 ], 2 ], [ [ 2, 2, 2, 2, 2, 2, 2, 2, 2, 2, 2, 2 ], 8 ], [ [ 6, 6, 6, 6 ], 32 ], [ [ 12, 12 ], 32 ], [ [ 6, 6, 6, 6 ], 32 ], [ [ 6, 6, 6, 6 ], 16 ], [ [ 3, 3, 3, 3, 3, 3, 3, 3 ], 16 ], [ [ 12, 12 ], 32 ], [ [ 6, 6, 6, 6 ], 32 ], [ [ 6, 6, 6, 6 ], 32 ], [ [ 6, 6, 6, 6 ], 16 ], [ [ 3, 3, 3, 3, 3, 3, 3, 3 ], 16 ] ]
914|384|[ 384, 5781 ]|[ [ [ 1, 1, 1, 1, 1, 1, 1, 1, 1, 1, 1, 1, 1, 1, 1, 1, 1, 1, 1, 1, 1, 1, 1, 1 ], 1 ], [ [ 1, 1, 1, 1, 1, 1, 1, 1, 1, 1, 1, 1, 1, 1, 1, 1, 2, 2, 2, 2 ], 3 ], [ [ 1, 1, 1, 1, 1, 1, 1, 1, 2, 2, 2, 2, 2, 2, 2, 2 ], 3 ], [ [ 1, 1, 1, 1, 2, 2, 4, 4, 4, 4 ], 24 ], [ [ 1, 1, 1, 1, 2, 2, 2, 2, 2, 2, 2, 2, 2, 2 ], 24 ], [ [ 1, 1, 1, 1, 2, 2, 2, 2, 2, 2, 4, 4 ], 24 ], [ [ 2, 2, 2, 2, 2, 2, 2, 2, 2, 2, 2, 2 ], 1 ], [ [ 2, 2, 2, 2, 2, 2, 2, 2, 2, 2, 2, 2 ], 8 ], [ [ 2, 2, 2, 2, 4, 4, 4, 4 ], 12 ], [ [ 2, 2, 2, 2, 4, 4, 4, 4 ], 12 ], [ [ 4, 4, 4, 4, 4, 4 ], 8 ], [ [ 2, 2, 2, 2, 2, 2, 2, 2, 2, 2, 2, 2 ], 8 ], [ [ 6, 6, 6, 6 ], 32 ], [ [ 6, 6, 6, 6 ], 16 ], [ [ 3, 3, 3, 3, 3, 3, 3, 3 ], 16 ], [ [ 12, 12 ], 32 ], [ [ 6, 6, 6, 6 ], 32 ], [ [ 6, 6, 6, 6 ], 32 ], [ [ 6, 6, 6, 6 ], 16 ], [ [ 3, 3, 3, 3, 3, 3, 3, 3 ], 16 ], [ [ 12, 12 ], 32 ], [ [ 6, 6, 6, 6 ], 32 ] ]
915|384|[ 384, 5748 ]|[ [ [ 1, 1, 1, 1, 1, 1, 1, 1, 1, 1, 1, 1, 1, 1, 1, 1, 1, 1, 1, 1, 1, 1, 1, 1 ], 1 ], [ [ 1, 1, 1, 1, 1, 1, 1, 1, 1, 1, 1, 1, 1, 1, 1, 1, 2, 2, 2, 2 ], 3 ], [ [ 1, 1, 1, 1, 1, 1, 1, 1, 2, 2, 2, 2, 2, 2, 2, 2 ], 3 ], [ [ 1, 1, 1, 1, 1, 1, 1, 1, 2, 2, 2, 2, 4, 4 ], 6 ], [ [ 1, 1, 1, 1, 1, 1, 1, 1, 2, 2, 2, 2, 4, 4 ], 6 ], [ [ 1, 1, 1, 1, 2, 2, 2, 2, 2, 2, 4, 4 ], 12 ], [ [ 1, 1, 1, 1, 2, 2, 2, 2, 2, 2, 4, 4 ], 12 ], [ [ 1, 1, 1, 1, 2, 2, 4, 4, 4, 4 ], 12 ], [ [ 1, 1, 1, 1, 2, 2, 4, 4, 4, 4 ], 12 ], [ [ 2, 2, 2, 2, 2, 2, 2, 2, 2, 2, 2, 2 ], 1 ], [ [ 2, 2, 2, 2, 2, 2, 2, 2, 4, 4 ], 6 ], [ [ 2, 2, 2, 2, 2, 2, 2, 2, 4, 4 ], 6 ], [ [ 4, 4, 4, 4, 4, 4 ], 1 ], [ [ 4, 4, 4, 4, 4, 4 ], 3 ], [ [ 4, 4, 4, 4, 4, 4 ], 3 ], [ [ 2, 2, 2, 2, 4, 4, 4, 4 ], 6 ], [ [ 2, 2, 2, 2, 4, 4, 4, 4 ], 6 ], [ [ 4, 4, 4, 4, 4, 4 ], 1 ], [ [ 2, 2, 2, 2, 4, 4, 4, 4 ], 6 ], [ [ 2, 2, 2, 2, 4, 4, 4, 4 ], 6 ], [ [ 4, 4, 4, 4, 4, 4 ], 4 ], [ [ 4, 4, 4, 4, 4, 4 ], 4 ], [ [ 2, 2, 2, 2, 2, 2, 2, 2, 2, 2, 2, 2 ], 4 ], [ [ 2, 2, 2, 2, 2, 2, 2, 2, 2, 2, 2, 2 ], 4 ], [ [ 6, 6, 6, 6 ], 16 ], [ [ 6, 6, 6, 6 ], 16 ], [ [ 12, 12 ], 16 ], [ [ 12, 12 ], 16 ], [ [ 12, 12 ], 16 ], [ [ 12, 12 ], 16 ], [ [ 6, 6, 6, 6 ], 16 ], [ [ 3, 3, 3, 3, 3, 3, 3, 3 ], 16 ], [ [ 6, 6, 6, 6 ], 16 ], [ [ 6, 6, 6, 6 ], 16 ], [ [ 12, 12 ], 16 ], [ [ 12, 12 ], 16 ], [ [ 12, 12 ], 16 ], [ [ 12, 12 ], 16 ], [ [ 6, 6, 6, 6 ], 16 ], [ [ 3, 3, 3, 3, 3, 3, 3, 3 ], 16 ] ]
916|384|[ 384, 18198 ]|[ [ [ 1, 1, 1, 1, 1, 1, 1, 1, 1, 1, 1, 1, 1, 1, 1, 1, 1, 1, 1, 1, 1, 1, 1, 1 ], 1 ], [ [ 1, 1, 1, 1, 1, 1, 1, 1, 1, 1, 1, 1, 1, 1, 1, 1, 2, 2, 2, 2 ], 3 ], [ [ 1, 1, 1, 1, 1, 1, 1, 1, 2, 2, 2, 2, 2, 2, 2, 2 ], 3 ], [ [ 1, 1, 1, 1, 2, 2, 4, 4, 4, 4 ], 12 ], [ [ 1, 1, 1, 1, 2, 2, 4, 4, 4, 4 ], 12 ], [ [ 1, 1, 1, 1, 2, 2, 2, 2, 2, 2, 2, 2, 2, 2 ], 12 ], [ [ 1, 1, 1, 1, 2, 2, 2, 2, 2, 2, 2, 2, 2, 2 ], 12 ], [ [ 1, 1, 1, 1, 2, 2, 4, 4, 4, 4 ], 12 ], [ [ 1, 1, 1, 1, 2, 2, 4, 4, 4, 4 ], 12 ], [ [ 2, 2, 2, 2, 2, 2, 2, 2, 2, 2, 2, 2 ], 1 ], [ [ 2, 2, 2, 2, 2, 2, 2, 2, 2, 2, 2, 2 ], 4 ], [ [ 2, 2, 2, 2, 2, 2, 2, 2, 2, 2, 2, 2 ], 4 ], [ [ 2, 2, 2, 2, 4, 4, 4, 4 ], 12 ], [ [ 2, 2, 2, 2, 4, 4, 4, 4 ], 12 ], [ [ 2, 2, 2, 2, 2, 2, 2, 2, 2, 2, 2, 2 ], 4 ], [ [ 2, 2, 2, 2, 2, 2, 2, 2, 2, 2, 2, 2 ], 4 ], [ [ 2, 2, 2, 2, 2, 2, 2, 2, 2, 2, 2, 2 ], 4 ], [ [ 2, 2, 2, 2, 2, 2, 2, 2, 2, 2, 2, 2 ], 4 ], [ [ 6, 6, 6, 6 ], 16 ], [ [ 6, 6, 6, 6 ], 16 ], [ [ 6, 6, 6, 6 ], 16 ], [ [ 3, 3, 3, 3, 3, 3, 3, 3 ], 16 ], [ [ 6, 6, 6, 6 ], 16 ], [ [ 6, 6, 6, 6 ], 16 ], [ [ 6, 6, 6, 6 ], 16 ], [ [ 6, 6, 6, 6 ], 16 ], [ [ 6, 6, 6, 6 ], 16 ], [ [ 6, 6, 6, 6 ], 16 ], [ [ 6, 6, 6, 6 ], 16 ], [ [ 3, 3, 3, 3, 3, 3, 3, 3 ], 16 ], [ [ 6, 6, 6, 6 ], 16 ], [ [ 6, 6, 6, 6 ], 16 ], [ [ 6, 6, 6, 6 ], 16 ], [ [ 6, 6, 6, 6 ], 16 ] ]
917|384|[ 384, 5787 ]|[ [ [ 1, 1, 1, 1, 1, 1, 1, 1, 1, 1, 1, 1, 1, 1, 1, 1, 1, 1, 1, 1, 1, 1, 1, 1 ], 1 ], [ [ 1, 1, 1, 1, 1, 1, 1, 1, 1, 1, 1, 1, 1, 1, 1, 1, 2, 2, 2, 2 ], 3 ], [ [ 1, 1, 1, 1, 1, 1, 1, 1, 2, 2, 2, 2, 2, 2, 2, 2 ], 3 ], [ [ 1, 1, 1, 1, 2, 2, 2, 2, 2, 2, 4, 4 ], 24 ], [ [ 1, 1, 1, 1, 2, 2, 2, 2, 2, 2, 4, 4 ], 24 ], [ [ 1, 1, 1, 1, 2, 2, 2, 2, 2, 2, 4, 4 ], 24 ], [ [ 2, 2, 2, 2, 2, 2, 2, 2, 2, 2, 2, 2 ], 1 ], [ [ 2, 2, 2, 2, 2, 2, 2, 2, 2, 2, 2, 2 ], 12 ], [ [ 2, 2, 2, 2, 2, 2, 2, 2, 2, 2, 2, 2 ], 12 ], [ [ 4, 4, 4, 4, 4, 4 ], 8 ], [ [ 4, 4, 4, 4, 4, 4 ], 8 ], [ [ 4, 4, 4, 4, 4, 4 ], 8 ], [ [ 12, 12 ], 32 ], [ [ 6, 6, 6, 6 ], 16 ], [ [ 3, 3, 3, 3, 3, 3, 3, 3 ], 16 ], [ [ 12, 12 ], 32 ], [ [ 12, 12 ], 32 ], [ [ 12, 12 ], 32 ], [ [ 12, 12 ], 32 ], [ [ 12, 12 ], 32 ], [ [ 3, 3, 3, 3, 3, 3, 3, 3 ], 16 ], [ [ 6, 6, 6, 6 ], 16 ] ]
918|384|[ 384, 5754 ]|[ [ [ 1, 1, 1, 1, 1, 1, 1, 1, 1, 1, 1, 1, 1, 1, 1, 1, 1, 1, 1, 1, 1, 1, 1, 1 ], 1 ], [ [ 1, 1, 1, 1, 1, 1, 1, 1, 1, 1, 1, 1, 1, 1, 1, 1, 2, 2, 2, 2 ], 3 ], [ [ 1, 1, 1, 1, 1, 1, 1, 1, 2, 2, 2, 2, 2, 2, 2, 2 ], 3 ], [ [ 1, 1, 1, 1, 2, 2, 2, 2, 2, 2, 4, 4 ], 12 ], [ [ 1, 1, 1, 1, 2, 2, 2, 2, 2, 2, 4, 4 ], 12 ], [ [ 1, 1, 1, 1, 2, 2, 2, 2, 2, 2, 4, 4 ], 12 ], [ [ 1, 1, 1, 1, 2, 2, 2, 2, 2, 2, 4, 4 ], 12 ], [ [ 1, 1, 1, 1, 2, 2, 4, 4, 4, 4 ], 12 ], [ [ 1, 1, 1, 1, 2, 2, 4, 4, 4, 4 ], 12 ], [ [ 2, 2, 2, 2, 2, 2, 2, 2, 2, 2, 2, 2 ], 1 ], [ [ 2, 2, 2, 2, 2, 2, 2, 2, 2, 2, 2, 2 ], 12 ], [ [ 2, 2, 2, 2, 2, 2, 2, 2, 2, 2, 2, 2 ], 12 ], [ [ 4, 4, 4, 4, 4, 4 ], 4 ], [ [ 4, 4, 4, 4, 4, 4 ], 4 ], [ [ 4, 4, 4, 4, 4, 4 ], 4 ], [ [ 4, 4, 4, 4, 4, 4 ], 4 ], [ [ 2, 2, 2, 2, 2, 2, 2, 2, 2, 2, 2, 2 ], 4 ], [ [ 2, 2, 2, 2, 2, 2, 2, 2, 2, 2, 2, 2 ], 4 ], [ [ 12, 12 ], 16 ], [ [ 12, 12 ], 16 ], [ [ 6, 6, 6, 6 ], 16 ], [ [ 3, 3, 3, 3, 3, 3, 3, 3 ], 16 ], [ [ 6, 6, 6, 6 ], 16 ], [ [ 6, 6, 6, 6 ], 16 ], [ [ 12, 12 ], 16 ], [ [ 12, 12 ], 16 ], [ [ 6, 6, 6, 6 ], 16 ], [ [ 6, 6, 6, 6 ], 16 ], [ [ 12, 12 ], 16 ], [ [ 12, 12 ], 16 ], [ [ 12, 12 ], 16 ], [ [ 12, 12 ], 16 ], [ [ 3, 3, 3, 3, 3, 3, 3, 3 ], 16 ], [ [ 6, 6, 6, 6 ], 16 ] ]
919|384|[ 384, 18199 ]|[ [ [ 1, 1, 1, 1, 1, 1, 1, 1, 1, 1, 1, 1, 1, 1, 1, 1, 1, 1, 1, 1, 1, 1, 1, 1 ], 1 ], [ [ 1, 1, 1, 1, 1, 1, 1, 1, 1, 1, 1, 1, 1, 1, 1, 1, 2, 2, 2, 2 ], 3 ], [ [ 1, 1, 1, 1, 1, 1, 1, 1, 2, 2, 2, 2, 2, 2, 2, 2 ], 3 ], [ [ 1, 1, 1, 1, 2, 2, 4, 4, 4, 4 ], 12 ], [ [ 1, 1, 1, 1, 2, 2, 4, 4, 4, 4 ], 12 ], [ [ 1, 1, 1, 1, 2, 2, 4, 4, 4, 4 ], 12 ], [ [ 1, 1, 1, 1, 2, 2, 4, 4, 4, 4 ], 12 ], [ [ 1, 1, 1, 1, 2, 2, 4, 4, 4, 4 ], 12 ], [ [ 1, 1, 1, 1, 2, 2, 4, 4, 4, 4 ], 12 ], [ [ 2, 2, 2, 2, 2, 2, 2, 2, 2, 2, 2, 2 ], 1 ], [ [ 2, 2, 2, 2, 2, 2, 2, 2, 2, 2, 2, 2 ], 4 ], [ [ 2, 2, 2, 2, 2, 2, 2, 2, 2, 2, 2, 2 ], 4 ], [ [ 2, 2, 2, 2, 2, 2, 2, 2, 2, 2, 2, 2 ], 12 ], [ [ 2, 2, 2, 2, 2, 2, 2, 2, 2, 2, 2, 2 ], 12 ], [ [ 2, 2, 2, 2, 2, 2, 2, 2, 2, 2, 2, 2 ], 4 ], [ [ 2, 2, 2, 2, 2, 2, 2, 2, 2, 2, 2, 2 ], 4 ], [ [ 2, 2, 2, 2, 2, 2, 2, 2, 2, 2, 2, 2 ], 4 ], [ [ 2, 2, 2, 2, 2, 2, 2, 2, 2, 2, 2, 2 ], 4 ], [ [ 6, 6, 6, 6 ], 16 ], [ [ 6, 6, 6, 6 ], 16 ], [ [ 6, 6, 6, 6 ], 16 ], [ [ 3, 3, 3, 3, 3, 3, 3, 3 ], 16 ], [ [ 6, 6, 6, 6 ], 16 ], [ [ 6, 6, 6, 6 ], 16 ], [ [ 6, 6, 6, 6 ], 16 ], [ [ 6, 6, 6, 6 ], 16 ], [ [ 6, 6, 6, 6 ], 16 ], [ [ 6, 6, 6, 6 ], 16 ], [ [ 6, 6, 6, 6 ], 16 ], [ [ 6, 6, 6, 6 ], 16 ], [ [ 6, 6, 6, 6 ], 16 ], [ [ 6, 6, 6, 6 ], 16 ], [ [ 3, 3, 3, 3, 3, 3, 3, 3 ], 16 ], [ [ 6, 6, 6, 6 ], 16 ] ]
920|384|[ 384, 5760 ]|[ [ [ 1, 1, 1, 1, 1, 1, 1, 1, 1, 1, 1, 1, 1, 1, 1, 1, 1, 1, 1, 1, 1, 1, 1, 1 ], 1 ], [ [ 1, 1, 1, 1, 1, 1, 1, 1, 1, 1, 1, 1, 1, 1, 1, 1, 2, 2, 2, 2 ], 3 ], [ [ 1, 1, 1, 1, 1, 1, 1, 1, 2, 2, 2, 2, 2, 2, 2, 2 ], 3 ], [ [ 1, 1, 1, 1, 1, 1, 1, 1, 4, 4, 4, 4 ], 12 ], [ [ 1, 1, 1, 1, 2, 2, 2, 2, 2, 2, 2, 2, 2, 2 ], 12 ], [ [ 1, 1, 1, 1, 2, 2, 2, 2, 2, 2, 2, 2, 2, 2 ], 12 ], [ [ 1, 1, 1, 1, 2, 2, 2, 2, 2, 2, 4, 4 ], 12 ], [ [ 1, 1, 1, 1, 2, 2, 2, 2, 2, 2, 4, 4 ], 12 ], [ [ 2, 2, 2, 2, 2, 2, 2, 2, 2, 2, 2, 2 ], 1 ], [ [ 2, 2, 2, 2, 4, 4, 4, 4 ], 12 ], [ [ 4, 4, 4, 4, 4, 4 ], 4 ], [ [ 4, 4, 4, 4, 4, 4 ], 4 ], [ [ 4, 4, 4, 4, 4, 4 ], 12 ], [ [ 4, 4, 4, 4, 4, 4 ], 12 ], [ [ 4, 4, 4, 4, 4, 4 ], 3 ], [ [ 4, 4, 4, 4, 4, 4 ], 3 ], [ [ 4, 4, 4, 4, 4, 4 ], 1 ], [ [ 4, 4, 4, 4, 4, 4 ], 1 ], [ [ 2, 2, 2, 2, 2, 2, 2, 2, 2, 2, 2, 2 ], 4 ], [ [ 2, 2, 2, 2, 2, 2, 2, 2, 2, 2, 2, 2 ], 4 ], [ [ 12, 12 ], 16 ], [ [ 12, 12 ], 16 ], [ [ 6, 6, 6, 6 ], 16 ], [ [ 3, 3, 3, 3, 3, 3, 3, 3 ], 16 ], [ [ 6, 6, 6, 6 ], 16 ], [ [ 6, 6, 6, 6 ], 16 ], [ [ 12, 12 ], 16 ], [ [ 12, 12 ], 16 ], [ [ 12, 12 ], 16 ], [ [ 12, 12 ], 16 ], [ [ 6, 6, 6, 6 ], 16 ], [ [ 3, 3, 3, 3, 3, 3, 3, 3 ], 16 ], [ [ 6, 6, 6, 6 ], 16 ], [ [ 6, 6, 6, 6 ], 16 ], [ [ 12, 12 ], 16 ], [ [ 12, 12 ], 16 ] ]
921|384|[ 384, 5777 ]|[ [ [ 1, 1, 1, 1, 1, 1, 1, 1, 1, 1, 1, 1, 1, 1, 1, 1, 1, 1, 1, 1, 1, 1, 1, 1 ], 1 ], [ [ 1, 1, 1, 1, 1, 1, 1, 1, 1, 1, 1, 1, 1, 1, 1, 1, 2, 2, 2, 2 ], 3 ], [ [ 1, 1, 1, 1, 1, 1, 1, 1, 2, 2, 2, 2, 2, 2, 2, 2 ], 3 ], [ [ 1, 1, 1, 1, 1, 1, 1, 1, 4, 4, 4, 4 ], 12 ], [ [ 1, 1, 1, 1, 2, 2, 2, 2, 2, 2, 4, 4 ], 12 ], [ [ 1, 1, 1, 1, 2, 2, 2, 2, 2, 2, 4, 4 ], 12 ], [ [ 1, 1, 1, 1, 2, 2, 2, 2, 2, 2, 4, 4 ], 12 ], [ [ 1, 1, 1, 1, 2, 2, 2, 2, 2, 2, 4, 4 ], 12 ], [ [ 2, 2, 2, 2, 2, 2, 2, 2, 2, 2, 2, 2 ], 1 ], [ [ 2, 2, 2, 2, 4, 4, 4, 4 ], 12 ], [ [ 4, 4, 4, 4, 4, 4 ], 8 ], [ [ 4, 4, 4, 4, 4, 4 ], 24 ], [ [ 2, 2, 2, 2, 2, 2, 2, 2, 2, 2, 2, 2 ], 8 ], [ [ 2, 2, 2, 2, 2, 2, 2, 2, 2, 2, 2, 2 ], 8 ], [ [ 6, 6, 6, 6 ], 32 ], [ [ 6, 6, 6, 6 ], 32 ], [ [ 12, 12 ], 32 ], [ [ 6, 6, 6, 6 ], 16 ], [ [ 3, 3, 3, 3, 3, 3, 3, 3 ], 16 ], [ [ 12, 12 ], 32 ], [ [ 6, 6, 6, 6 ], 16 ], [ [ 3, 3, 3, 3, 3, 3, 3, 3 ], 16 ], [ [ 6, 6, 6, 6 ], 32 ], [ [ 6, 6, 6, 6 ], 32 ] ]
922|384|[ 384, 5779 ]|[ [ [ 1, 1, 1, 1, 1, 1, 1, 1, 1, 1, 1, 1, 1, 1, 1, 1, 1, 1, 1, 1, 1, 1, 1, 1 ], 1 ], [ [ 1, 1, 1, 1, 1, 1, 1, 1, 1, 1, 1, 1, 1, 1, 1, 1, 2, 2, 2, 2 ], 3 ], [ [ 1, 1, 1, 1, 1, 1, 1, 1, 2, 2, 2, 2, 2, 2, 2, 2 ], 3 ], [ [ 1, 1, 1, 1, 1, 1, 1, 1, 4, 4, 4, 4 ], 12 ], [ [ 1, 1, 1, 1, 1, 1, 1, 1, 4, 4, 4, 4 ], 12 ], [ [ 1, 1, 1, 1, 1, 1, 1, 1, 4, 4, 4, 4 ], 12 ], [ [ 2, 2, 2, 2, 2, 2, 2, 2, 2, 2, 2, 2 ], 1 ], [ [ 2, 2, 2, 2, 4, 4, 4, 4 ], 12 ], [ [ 2, 2, 2, 2, 4, 4, 4, 4 ], 12 ], [ [ 2, 2, 2, 2, 4, 4, 4, 4 ], 12 ], [ [ 4, 4, 4, 4, 4, 4 ], 8 ], [ [ 4, 4, 4, 4, 4, 4 ], 24 ], [ [ 4, 4, 4, 4, 4, 4 ], 8 ], [ [ 4, 4, 4, 4, 4, 4 ], 8 ], [ [ 12, 12 ], 32 ], [ [ 12, 12 ], 32 ], [ [ 12, 12 ], 32 ], [ [ 6, 6, 6, 6 ], 16 ], [ [ 3, 3, 3, 3, 3, 3, 3, 3 ], 16 ], [ [ 12, 12 ], 32 ], [ [ 12, 12 ], 32 ], [ [ 12, 12 ], 32 ], [ [ 6, 6, 6, 6 ], 16 ], [ [ 3, 3, 3, 3, 3, 3, 3, 3 ], 16 ] ]
923|384|[ 384, 5767 ]|[ [ [ 1, 1, 1, 1, 1, 1, 1, 1, 1, 1, 1, 1, 1, 1, 1, 1, 1, 1, 1, 1, 1, 1, 1, 1 ], 1 ], [ [ 1, 1, 1, 1, 1, 1, 1, 1, 1, 1, 1, 1, 1, 1, 1, 1, 2, 2, 2, 2 ], 3 ], [ [ 1, 1, 1, 1, 1, 1, 1, 1, 2, 2, 2, 2, 2, 2, 2, 2 ], 3 ], [ [ 1, 1, 1, 1, 2, 2, 2, 2, 2, 2, 2, 2, 2, 2 ], 12 ], [ [ 1, 1, 1, 1, 2, 2, 2, 2, 2, 2, 2, 2, 2, 2 ], 12 ], [ [ 1, 1, 1, 1, 2, 2, 2, 2, 2, 2, 4, 4 ], 24 ], [ [ 1, 1, 1, 1, 2, 2, 2, 2, 2, 2, 4, 4 ], 24 ], [ [ 2, 2, 2, 2, 2, 2, 2, 2, 2, 2, 2, 2 ], 1 ], [ [ 4, 4, 4, 4, 4, 4 ], 2 ], [ [ 4, 4, 4, 4, 4, 4 ], 6 ], [ [ 4, 4, 4, 4, 4, 4 ], 12 ], [ [ 4, 4, 4, 4, 4, 4 ], 12 ], [ [ 2, 2, 2, 2, 2, 2, 2, 2, 2, 2, 2, 2 ], 8 ], [ [ 2, 2, 2, 2, 2, 2, 2, 2, 2, 2, 2, 2 ], 8 ], [ [ 12, 12 ], 32 ], [ [ 6, 6, 6, 6 ], 16 ], [ [ 3, 3, 3, 3, 3, 3, 3, 3 ], 16 ], [ [ 6, 6, 6, 6 ], 32 ], [ [ 6, 6, 6, 6 ], 32 ], [ [ 6, 6, 6, 6 ], 16 ], [ [ 3, 3, 3, 3, 3, 3, 3, 3 ], 16 ], [ [ 12, 12 ], 32 ], [ [ 6, 6, 6, 6 ], 32 ], [ [ 6, 6, 6, 6 ], 32 ] ]
924|384|[ 384, 5786 ]|[ [ [ 1, 1, 1, 1, 1, 1, 1, 1, 1, 1, 1, 1, 1, 1, 1, 1, 1, 1, 1, 1, 1, 1, 1, 1 ], 1 ], [ [ 1, 1, 1, 1, 1, 1, 1, 1, 1, 1, 1, 1, 1, 1, 1, 1, 2, 2, 2, 2 ], 3 ], [ [ 1, 1, 1, 1, 1, 1, 1, 1, 2, 2, 2, 2, 2, 2, 2, 2 ], 3 ], [ [ 1, 1, 1, 1, 2, 2, 2, 2, 2, 2, 4, 4 ], 24 ], [ [ 1, 1, 1, 1, 2, 2, 2, 2, 2, 2, 4, 4 ], 24 ], [ [ 1, 1, 1, 1, 2, 2, 2, 2, 2, 2, 4, 4 ], 24 ], [ [ 2, 2, 2, 2, 2, 2, 2, 2, 2, 2, 2, 2 ], 1 ], [ [ 2, 2, 2, 2, 2, 2, 2, 2, 2, 2, 2, 2 ], 4 ], [ [ 2, 2, 2, 2, 2, 2, 2, 2, 2, 2, 2, 2 ], 4 ], [ [ 4, 4, 4, 4, 4, 4 ], 24 ], [ [ 2, 2, 2, 2, 2, 2, 2, 2, 2, 2, 2, 2 ], 4 ], [ [ 2, 2, 2, 2, 2, 2, 2, 2, 2, 2, 2, 2 ], 4 ], [ [ 2, 2, 2, 2, 2, 2, 2, 2, 2, 2, 2, 2 ], 4 ], [ [ 2, 2, 2, 2, 2, 2, 2, 2, 2, 2, 2, 2 ], 4 ], [ [ 6, 6, 6, 6 ], 16 ], [ [ 6, 6, 6, 6 ], 16 ], [ [ 6, 6, 6, 6 ], 16 ], [ [ 3, 3, 3, 3, 3, 3, 3, 3 ], 16 ], [ [ 6, 6, 6, 6 ], 16 ], [ [ 6, 6, 6, 6 ], 16 ], [ [ 6, 6, 6, 6 ], 16 ], [ [ 6, 6, 6, 6 ], 16 ], [ [ 6, 6, 6, 6 ], 16 ], [ [ 3, 3, 3, 3, 3, 3, 3, 3 ], 16 ], [ [ 6, 6, 6, 6 ], 16 ], [ [ 6, 6, 6, 6 ], 16 ], [ [ 6, 6, 6, 6 ], 16 ], [ [ 6, 6, 6, 6 ], 16 ], [ [ 6, 6, 6, 6 ], 16 ], [ [ 6, 6, 6, 6 ], 16 ] ]
925|384|[ 384, 20119 ]|[ [ [ 1, 1, 1, 1, 1, 1, 1, 1, 1, 1, 1, 1, 1, 1, 1, 1, 1, 1, 1, 1, 1, 1, 1, 1 ], 1 ], [ [ 1, 1, 1, 1, 1, 1, 1, 1, 1, 1, 1, 1, 1, 1, 1, 1, 2, 2, 2, 2 ], 3 ], [ [ 1, 1, 1, 1, 1, 1, 1, 1, 2, 2, 2, 2, 2, 2, 2, 2 ], 3 ], [ [ 1, 1, 1, 1, 2, 2, 2, 2, 2, 2, 2, 2, 2, 2 ], 6 ], [ [ 1, 1, 1, 1, 2, 2, 2, 2, 2, 2, 2, 2, 2, 2 ], 6 ], [ [ 1, 1, 1, 1, 2, 2, 2, 2, 2, 2, 2, 2, 2, 2 ], 6 ], [ [ 1, 1, 1, 1, 2, 2, 2, 2, 2, 2, 2, 2, 2, 2 ], 6 ], [ [ 1, 1, 1, 1, 2, 2, 2, 2, 2, 2, 2, 2, 2, 2 ], 6 ], [ [ 1, 1, 1, 1, 2, 2, 2, 2, 2, 2, 2, 2, 2, 2 ], 6 ], [ [ 1, 1, 1, 1, 2, 2, 2, 2, 2, 2, 2, 2, 2, 2 ], 6 ], [ [ 1, 1, 1, 1, 2, 2, 2, 2, 2, 2, 2, 2, 2, 2 ], 6 ], [ [ 1, 1, 1, 1, 2, 2, 2, 2, 2, 2, 2, 2, 2, 2 ], 6 ], [ [ 1, 1, 1, 1, 2, 2, 2, 2, 2, 2, 2, 2, 2, 2 ], 6 ], [ [ 1, 1, 1, 1, 2, 2, 2, 2, 2, 2, 2, 2, 2, 2 ], 6 ], [ [ 1, 1, 1, 1, 2, 2, 2, 2, 2, 2, 2, 2, 2, 2 ], 6 ], [ [ 2, 2, 2, 2, 2, 2, 2, 2, 2, 2, 2, 2 ], 1 ], [ [ 4, 4, 4, 4, 4, 4 ], 2 ], [ [ 4, 4, 4, 4, 4, 4 ], 6 ], [ [ 4, 4, 4, 4, 4, 4 ], 6 ], [ [ 4, 4, 4, 4, 4, 4 ], 6 ], [ [ 4, 4, 4, 4, 4, 4 ], 6 ], [ [ 4, 4, 4, 4, 4, 4 ], 6 ], [ [ 4, 4, 4, 4, 4, 4 ], 6 ], [ [ 4, 4, 4, 4, 4, 4 ], 2 ], [ [ 4, 4, 4, 4, 4, 4 ], 6 ], [ [ 4, 4, 4, 4, 4, 4 ], 2 ], [ [ 12, 12 ], 32 ], [ [ 6, 6, 6, 6 ], 16 ], [ [ 3, 3, 3, 3, 3, 3, 3, 3 ], 16 ], [ [ 12, 12 ], 32 ], [ [ 12, 12 ], 32 ], [ [ 6, 6, 6, 6 ], 16 ], [ [ 3, 3, 3, 3, 3, 3, 3, 3 ], 16 ], [ [ 12, 12 ], 32 ], [ [ 12, 12 ], 32 ], [ [ 12, 12 ], 32 ] ]
926|384|[ 384, 5658 ]|[ [ [ 1, 1, 1, 1, 1, 1, 1, 1, 1, 1, 1, 1, 1, 1, 1, 1, 1, 1, 1, 1, 1, 1, 1, 1 ], 1 ], [ [ 1, 1, 1, 1, 1, 1, 1, 1, 1, 1, 1, 1, 1, 1, 1, 1, 2, 2, 2, 2 ], 3 ], [ [ 1, 1, 1, 1, 1, 1, 1, 1, 2, 2, 2, 2, 2, 2, 2, 2 ], 3 ], [ [ 1, 1, 1, 1, 2, 2, 2, 2, 2, 2, 2, 2, 2, 2 ], 12 ], [ [ 1, 1, 1, 1, 2, 2, 2, 2, 2, 2, 2, 2, 2, 2 ], 12 ], [ [ 1, 1, 2, 4, 4, 4, 4, 4 ], 24 ], [ [ 1, 1, 2, 4, 4, 4, 4, 4 ], 24 ], [ [ 1, 1, 2, 4, 4, 4, 4, 4 ], 24 ], [ [ 1, 1, 2, 4, 4, 4, 4, 4 ], 24 ], [ [ 2, 2, 2, 2, 2, 2, 2, 2, 2, 2, 2, 2 ], 1 ], [ [ 2, 2, 2, 2, 4, 4, 4, 4 ], 12 ], [ [ 2, 2, 2, 2, 4, 4, 4, 4 ], 12 ], [ [ 4, 4, 4, 4, 4, 4 ], 24 ], [ [ 4, 4, 4, 4, 4, 4 ], 24 ], [ [ 4, 4, 4, 4, 4, 4 ], 24 ], [ [ 4, 4, 4, 4, 4, 4 ], 24 ], [ [ 2, 2, 2, 2, 2, 2, 2, 2, 2, 2, 2, 2 ], 4 ], [ [ 2, 2, 2, 2, 2, 2, 2, 2, 2, 2, 2, 2 ], 4 ], [ [ 6, 6, 6, 6 ], 32 ], [ [ 3, 3, 3, 3, 3, 3, 3, 3 ], 32 ], [ [ 6, 6, 6, 6 ], 32 ], [ [ 6, 6, 6, 6 ], 32 ] ]
927|384|[ 384, 5655 ]|[ [ [ 1, 1, 1, 1, 1, 1, 1, 1, 1, 1, 1, 1, 1, 1, 1, 1, 1, 1, 1, 1, 1, 1, 1, 1 ], 1 ], [ [ 1, 1, 1, 1, 1, 1, 1, 1, 1, 1, 1, 1, 1, 1, 1, 1, 2, 2, 2, 2 ], 3 ], [ [ 1, 1, 1, 1, 1, 1, 1, 1, 2, 2, 2, 2, 2, 2, 2, 2 ], 3 ], [ [ 1, 1, 1, 1, 2, 2, 4, 4, 4, 4 ], 12 ], [ [ 1, 1, 1, 1, 2, 2, 4, 4, 4, 4 ], 12 ], [ [ 1, 1, 2, 4, 8, 8 ], 24 ], [ [ 1, 1, 2, 4, 8, 8 ], 24 ], [ [ 1, 1, 2, 4, 8, 8 ], 24 ], [ [ 1, 1, 2, 4, 8, 8 ], 24 ], [ [ 2, 2, 2, 2, 2, 2, 2, 2, 2, 2, 2, 2 ], 1 ], [ [ 2, 2, 2, 2, 2, 2, 2, 2, 2, 2, 2, 2 ], 12 ], [ [ 2, 2, 2, 2, 2, 2, 2, 2, 2, 2, 2, 2 ], 12 ], [ [ 4, 4, 4, 4, 4, 4 ], 24 ], [ [ 4, 4, 4, 4, 4, 4 ], 24 ], [ [ 4, 4, 4, 4, 4, 4 ], 24 ], [ [ 4, 4, 4, 4, 4, 4 ], 24 ], [ [ 2, 2, 2, 2, 2, 2, 2, 2, 2, 2, 2, 2 ], 4 ], [ [ 2, 2, 2, 2, 2, 2, 2, 2, 2, 2, 2, 2 ], 4 ], [ [ 6, 6, 6, 6 ], 32 ], [ [ 3, 3, 3, 3, 3, 3, 3, 3 ], 32 ], [ [ 6, 6, 6, 6 ], 32 ], [ [ 6, 6, 6, 6 ], 32 ] ]
928|384|[ 384, 573 ]|[ [ [ 1, 1, 1, 1, 1, 1, 1, 1, 1, 1, 1, 1, 1, 1, 1, 1, 1, 1, 1, 1, 1, 1, 1, 1 ], 1 ], [ [ 1, 1, 1, 1, 1, 1, 1, 1, 1, 1, 1, 1, 1, 1, 1, 1, 2, 2, 2, 2 ], 3 ], [ [ 1, 1, 1, 1, 1, 1, 1, 1, 2, 2, 2, 2, 2, 2, 2, 2 ], 3 ], [ [ 1, 1, 1, 1, 2, 2, 4, 4, 4, 4 ], 12 ], [ [ 1, 1, 1, 1, 2, 2, 4, 4, 4, 4 ], 6 ], [ [ 1, 1, 1, 1, 2, 2, 4, 4, 4, 4 ], 6 ], [ [ 1, 1, 1, 1, 4, 8, 8 ], 12 ], [ [ 1, 1, 1, 1, 4, 8, 8 ], 12 ], [ [ 1, 1, 1, 1, 4, 8, 8 ], 12 ], [ [ 1, 1, 1, 1, 4, 8, 8 ], 12 ], [ [ 2, 2, 2, 2, 2, 2, 2, 2, 2, 2, 2, 2 ], 1 ], [ [ 2, 2, 4, 8, 8 ], 12 ], [ [ 2, 2, 4, 8, 8 ], 12 ], [ [ 2, 2, 4, 8, 8 ], 12 ], [ [ 2, 2, 4, 8, 8 ], 12 ], [ [ 2, 2, 2, 2, 2, 2, 2, 2, 4, 4 ], 12 ], [ [ 2, 2, 2, 2, 2, 2, 2, 2, 4, 4 ], 6 ], [ [ 2, 2, 2, 2, 2, 2, 2, 2, 4, 4 ], 6 ], [ [ 8, 8, 8 ], 24 ], [ [ 8, 8, 8 ], 24 ], [ [ 8, 8, 8 ], 24 ], [ [ 8, 8, 8 ], 24 ], [ [ 4, 4, 4, 4, 4, 4 ], 3 ], [ [ 4, 4, 4, 4, 4, 4 ], 1 ], [ [ 4, 4, 4, 4, 4, 4 ], 3 ], [ [ 4, 4, 4, 4, 4, 4 ], 1 ], [ [ 12, 12 ], 32 ], [ [ 12, 12 ], 32 ], [ [ 3, 3, 3, 3, 3, 3, 3, 3 ], 32 ], [ [ 6, 6, 6, 6 ], 32 ] ]
929|384|[ 384, 578 ]|[ [ [ 1, 1, 1, 1, 1, 1, 1, 1, 1, 1, 1, 1, 1, 1, 1, 1, 1, 1, 1, 1, 1, 1, 1, 1 ], 1 ], [ [ 1, 1, 1, 1, 1, 1, 1, 1, 1, 1, 1, 1, 1, 1, 1, 1, 2, 2, 2, 2 ], 3 ], [ [ 1, 1, 1, 1, 1, 1, 1, 1, 2, 2, 2, 2, 2, 2, 2, 2 ], 3 ], [ [ 1, 1, 1, 1, 1, 1, 1, 1, 4, 4, 4, 4 ], 12 ], [ [ 1, 1, 2, 2, 2, 8, 8 ], 24 ], [ [ 1, 1, 2, 2, 2, 8, 8 ], 24 ], [ [ 1, 1, 2, 2, 2, 8, 8 ], 24 ], [ [ 1, 1, 2, 2, 2, 8, 8 ], 24 ], [ [ 2, 2, 2, 2, 2, 2, 2, 2, 2, 2, 2, 2 ], 1 ], [ [ 2, 2, 2, 2, 4, 4, 4, 4 ], 12 ], [ [ 4, 4, 4, 4, 4, 4 ], 24 ], [ [ 8, 8, 8 ], 24 ], [ [ 8, 8, 8 ], 24 ], [ [ 8, 8, 8 ], 24 ], [ [ 8, 8, 8 ], 24 ], [ [ 4, 4, 4, 4, 4, 4 ], 4 ], [ [ 4, 4, 4, 4, 4, 4 ], 4 ], [ [ 12, 12 ], 32 ], [ [ 12, 12 ], 32 ], [ [ 3, 3, 3, 3, 3, 3, 3, 3 ], 32 ], [ [ 6, 6, 6, 6 ], 32 ] ]
930|384|[ 384, 18139 ]|[ [ [ 1, 1, 1, 1, 1, 1, 1, 1, 1, 1, 1, 1, 1, 1, 1, 1, 1, 1, 1, 1, 1, 1, 1, 1 ], 1 ], [ [ 1, 1, 1, 1, 1, 1, 1, 1, 1, 1, 1, 1, 1, 1, 1, 1, 2, 2, 2, 2 ], 3 ], [ [ 1, 1, 1, 1, 1, 1, 1, 1, 2, 2, 2, 2, 2, 2, 2, 2 ], 3 ], [ [ 1, 1, 1, 1, 2, 2, 2, 2, 2, 2, 2, 2, 2, 2 ], 12 ], [ [ 1, 1, 1, 1, 2, 2, 2, 2, 2, 2, 2, 2, 2, 2 ], 6 ], [ [ 1, 1, 1, 1, 2, 2, 2, 2, 2, 2, 2, 2, 2, 2 ], 6 ], [ [ 1, 1, 1, 1, 4, 4, 4, 4, 4 ], 12 ], [ [ 1, 1, 1, 1, 4, 4, 4, 4, 4 ], 12 ], [ [ 1, 1, 1, 1, 4, 4, 4, 4, 4 ], 12 ], [ [ 1, 1, 1, 1, 4, 4, 4, 4, 4 ], 12 ], [ [ 2, 2, 2, 2, 2, 2, 2, 2, 2, 2, 2, 2 ], 1 ], [ [ 2, 2, 4, 4, 4, 4, 4 ], 12 ], [ [ 2, 2, 4, 4, 4, 4, 4 ], 12 ], [ [ 2, 2, 4, 4, 4, 4, 4 ], 12 ], [ [ 2, 2, 4, 4, 4, 4, 4 ], 12 ], [ [ 4, 4, 4, 4, 4, 4 ], 12 ], [ [ 4, 4, 4, 4, 4, 4 ], 6 ], [ [ 4, 4, 4, 4, 4, 4 ], 6 ], [ [ 8, 8, 8 ], 24 ], [ [ 8, 8, 8 ], 24 ], [ [ 8, 8, 8 ], 24 ], [ [ 8, 8, 8 ], 24 ], [ [ 4, 4, 4, 4, 4, 4 ], 3 ], [ [ 4, 4, 4, 4, 4, 4 ], 3 ], [ [ 4, 4, 4, 4, 4, 4 ], 1 ], [ [ 4, 4, 4, 4, 4, 4 ], 1 ], [ [ 12, 12 ], 32 ], [ [ 12, 12 ], 32 ], [ [ 3, 3, 3, 3, 3, 3, 3, 3 ], 32 ], [ [ 6, 6, 6, 6 ], 32 ] ]
931|384|[ 384, 576 ]|[ [ [ 1, 1, 1, 1, 1, 1, 1, 1, 1, 1, 1, 1, 1, 1, 1, 1, 1, 1, 1, 1, 1, 1, 1, 1 ], 1 ], [ [ 1, 1, 1, 1, 1, 1, 1, 1, 1, 1, 1, 1, 1, 1, 1, 1, 2, 2, 2, 2 ], 3 ], [ [ 1, 1, 1, 1, 1, 1, 1, 1, 2, 2, 2, 2, 2, 2, 2, 2 ], 3 ], [ [ 1, 1, 1, 1, 1, 1, 1, 1, 2, 2, 2, 2, 2, 2, 2, 2 ], 12 ], [ [ 1, 1, 2, 2, 2, 4, 4, 4, 4 ], 24 ], [ [ 1, 1, 2, 2, 2, 4, 4, 4, 4 ], 24 ], [ [ 1, 1, 2, 2, 2, 4, 4, 4, 4 ], 24 ], [ [ 1, 1, 2, 2, 2, 4, 4, 4, 4 ], 24 ], [ [ 2, 2, 2, 2, 2, 2, 2, 2, 2, 2, 2, 2 ], 1 ], [ [ 2, 2, 2, 2, 2, 2, 2, 2, 2, 2, 2, 2 ], 12 ], [ [ 2, 2, 2, 2, 2, 2, 2, 2, 4, 4 ], 24 ], [ [ 8, 8, 8 ], 24 ], [ [ 8, 8, 8 ], 24 ], [ [ 8, 8, 8 ], 24 ], [ [ 8, 8, 8 ], 24 ], [ [ 4, 4, 4, 4, 4, 4 ], 4 ], [ [ 4, 4, 4, 4, 4, 4 ], 4 ], [ [ 12, 12 ], 32 ], [ [ 12, 12 ], 32 ], [ [ 3, 3, 3, 3, 3, 3, 3, 3 ], 32 ], [ [ 6, 6, 6, 6 ], 32 ] ]
932|384|[ 384, 18032 ]|[ [ [ 1, 1, 1, 1, 1, 1, 1, 1, 1, 1, 1, 1, 1, 1, 1, 1, 1, 1, 1, 1, 1, 1, 1, 1 ], 1 ], [ [ 1, 1, 1, 1, 1, 1, 1, 1, 1, 1, 1, 1, 1, 1, 1, 1, 2, 2, 2, 2 ], 3 ], [ [ 1, 1, 1, 1, 1, 1, 1, 1, 2, 2, 2, 2, 2, 2, 2, 2 ], 3 ], [ [ 1, 1, 1, 1, 1, 1, 1, 1, 2, 2, 2, 2, 2, 2, 2, 2 ], 6 ], [ [ 1, 1, 1, 1, 1, 1, 1, 1, 4, 4, 4, 4 ], 6 ], [ [ 1, 1, 1, 1, 1, 1, 2, 2, 2, 2, 2, 2, 2, 2, 2 ], 12 ], [ [ 1, 1, 1, 1, 1, 1, 2, 2, 2, 2, 2, 2, 2, 2, 2 ], 4 ], [ [ 1, 1, 2, 2, 2, 4, 4, 4, 4 ], 24 ], [ [ 1, 1, 2, 2, 2, 2, 2, 2, 2, 2, 2, 2, 2 ], 24 ], [ [ 2, 2, 2, 2, 2, 2, 2, 2, 2, 2, 2, 2 ], 1 ], [ [ 2, 2, 2, 2, 2, 2, 2, 2, 2, 2, 2, 2 ], 6 ], [ [ 2, 2, 2, 2, 4, 4, 4, 4 ], 6 ], [ [ 2, 2, 2, 2, 2, 2, 2, 2, 2, 2, 2, 2 ], 12 ], [ [ 2, 2, 2, 2, 2, 2, 2, 2, 2, 2, 2, 2 ], 4 ], [ [ 2, 2, 2, 2, 2, 2, 2, 2, 2, 2, 2, 2 ], 24 ], [ [ 2, 2, 2, 2, 4, 4, 4, 4 ], 24 ], [ [ 8, 8, 8 ], 2 ], [ [ 8, 8, 8 ], 6 ], [ [ 8, 8, 8 ], 6 ], [ [ 8, 8, 8 ], 12 ], [ [ 8, 8, 8 ], 12 ], [ [ 8, 8, 8 ], 2 ], [ [ 8, 8, 8 ], 12 ], [ [ 8, 8, 8 ], 12 ], [ [ 4, 4, 4, 4, 4, 4 ], 6 ], [ [ 4, 4, 4, 4, 4, 4 ], 2 ], [ [ 4, 4, 4, 4, 4, 4 ], 12 ], [ [ 2, 2, 2, 2, 2, 2, 2, 2, 4, 4 ], 12 ], [ [ 12, 12 ], 16 ], [ [ 3, 3, 6, 6, 6 ], 32 ], [ [ 6, 6, 6, 6 ], 32 ], [ [ 24 ], 16 ], [ [ 24 ], 16 ], [ [ 6, 6, 6, 6 ], 8 ], [ [ 3, 3, 3, 3, 3, 3, 3, 3 ], 8 ] ]
933|384|[ 384, 18035 ]|[ [ [ 1, 1, 1, 1, 1, 1, 1, 1, 1, 1, 1, 1, 1, 1, 1, 1, 1, 1, 1, 1, 1, 1, 1, 1 ], 1 ], [ [ 1, 1, 1, 1, 1, 1, 1, 1, 1, 1, 1, 1, 1, 1, 1, 1, 2, 2, 2, 2 ], 3 ], [ [ 1, 1, 1, 1, 1, 1, 1, 1, 2, 2, 2, 2, 2, 2, 2, 2 ], 3 ], [ [ 1, 1, 1, 1, 1, 1, 1, 1, 2, 2, 2, 2, 2, 2, 2, 2 ], 6 ], [ [ 1, 1, 1, 1, 1, 1, 1, 1, 4, 4, 4, 4 ], 6 ], [ [ 1, 1, 1, 1, 1, 1, 2, 2, 2, 2, 2, 2, 2, 2, 2 ], 12 ], [ [ 1, 1, 1, 1, 1, 1, 2, 2, 2, 2, 2, 2, 2, 2, 2 ], 4 ], [ [ 1, 1, 2, 2, 2, 2, 2, 2, 2, 2, 2, 2, 2 ], 24 ], [ [ 1, 1, 2, 2, 2, 4, 4, 4, 4 ], 24 ], [ [ 2, 2, 2, 2, 2, 2, 2, 2, 2, 2, 2, 2 ], 1 ], [ [ 2, 2, 2, 2, 2, 2, 2, 2, 2, 2, 2, 2 ], 6 ], [ [ 2, 2, 2, 2, 4, 4, 4, 4 ], 6 ], [ [ 4, 4, 4, 4, 4, 4 ], 12 ], [ [ 4, 4, 4, 4, 4, 4 ], 4 ], [ [ 2, 2, 2, 2, 2, 2, 2, 2, 4, 4 ], 24 ], [ [ 4, 4, 4, 4, 4, 4 ], 24 ], [ [ 8, 8, 8 ], 6 ], [ [ 8, 8, 8 ], 6 ], [ [ 8, 8, 8 ], 2 ], [ [ 8, 8, 8 ], 12 ], [ [ 8, 8, 8 ], 12 ], [ [ 8, 8, 8 ], 2 ], [ [ 8, 8, 8 ], 12 ], [ [ 8, 8, 8 ], 12 ], [ [ 4, 4, 4, 4, 4, 4 ], 6 ], [ [ 4, 4, 4, 4, 4, 4 ], 2 ], [ [ 2, 2, 2, 2, 2, 2, 2, 2, 4, 4 ], 12 ], [ [ 4, 4, 4, 4, 4, 4 ], 12 ], [ [ 12, 12 ], 16 ], [ [ 3, 3, 6, 6, 6 ], 32 ], [ [ 12, 12 ], 32 ], [ [ 24 ], 16 ], [ [ 24 ], 16 ], [ [ 6, 6, 6, 6 ], 8 ], [ [ 3, 3, 3, 3, 3, 3, 3, 3 ], 8 ] ]
934|384|[ 384, 18033 ]|[ [ [ 1, 1, 1, 1, 1, 1, 1, 1, 1, 1, 1, 1, 1, 1, 1, 1, 1, 1, 1, 1, 1, 1, 1, 1 ], 1 ], [ [ 1, 1, 1, 1, 1, 1, 1, 1, 1, 1, 1, 1, 1, 1, 1, 1, 2, 2, 2, 2 ], 3 ], [ [ 1, 1, 1, 1, 1, 1, 1, 1, 2, 2, 2, 2, 2, 2, 2, 2 ], 3 ], [ [ 1, 1, 1, 1, 2, 2, 2, 2, 2, 2, 2, 2, 2, 2 ], 12 ], [ [ 1, 1, 1, 1, 2, 2, 4, 4, 4, 4 ], 12 ], [ [ 1, 1, 2, 2, 2, 4, 4, 4, 4 ], 24 ], [ [ 1, 1, 2, 2, 2, 2, 2, 2, 2, 2, 2, 2, 2 ], 24 ], [ [ 1, 1, 1, 1, 1, 1, 2, 2, 2, 2, 2, 2, 2, 2, 2 ], 12 ], [ [ 1, 1, 1, 1, 1, 1, 2, 2, 2, 2, 2, 2, 2, 2, 2 ], 4 ], [ [ 2, 2, 2, 2, 2, 2, 2, 2, 2, 2, 2, 2 ], 1 ], [ [ 2, 2, 2, 2, 2, 2, 2, 2, 2, 2, 2, 2 ], 12 ], [ [ 2, 2, 2, 2, 2, 2, 2, 2, 2, 2, 2, 2 ], 4 ], [ [ 2, 2, 2, 2, 2, 2, 2, 2, 4, 4 ], 24 ], [ [ 4, 4, 4, 4, 4, 4 ], 24 ], [ [ 8, 8, 8 ], 24 ], [ [ 8, 8, 8 ], 24 ], [ [ 8, 8, 8 ], 12 ], [ [ 8, 8, 8 ], 4 ], [ [ 4, 4, 4, 4, 4, 4 ], 12 ], [ [ 2, 2, 2, 2, 2, 2, 2, 2, 4, 4 ], 12 ], [ [ 4, 4, 4, 4, 4, 4 ], 6 ], [ [ 4, 4, 4, 4, 4, 4 ], 2 ], [ [ 12, 12 ], 16 ], [ [ 3, 3, 6, 6, 6 ], 32 ], [ [ 6, 6, 6, 6 ], 32 ], [ [ 24 ], 16 ], [ [ 24 ], 16 ], [ [ 3, 3, 3, 3, 3, 3, 3, 3 ], 8 ], [ [ 6, 6, 6, 6 ], 8 ] ]
935|384|[ 384, 18036 ]|[ [ [ 1, 1, 1, 1, 1, 1, 1, 1, 1, 1, 1, 1, 1, 1, 1, 1, 1, 1, 1, 1, 1, 1, 1, 1 ], 1 ], [ [ 1, 1, 1, 1, 1, 1, 1, 1, 1, 1, 1, 1, 1, 1, 1, 1, 2, 2, 2, 2 ], 3 ], [ [ 1, 1, 1, 1, 1, 1, 1, 1, 2, 2, 2, 2, 2, 2, 2, 2 ], 3 ], [ [ 1, 1, 1, 1, 2, 2, 2, 2, 2, 2, 2, 2, 2, 2 ], 12 ], [ [ 1, 1, 1, 1, 2, 2, 4, 4, 4, 4 ], 12 ], [ [ 1, 1, 1, 1, 1, 1, 2, 2, 2, 2, 2, 2, 2, 2, 2 ], 12 ], [ [ 1, 1, 1, 1, 1, 1, 2, 2, 2, 2, 2, 2, 2, 2, 2 ], 4 ], [ [ 1, 1, 2, 2, 2, 2, 2, 2, 2, 2, 2, 2, 2 ], 24 ], [ [ 1, 1, 2, 2, 2, 4, 4, 4, 4 ], 24 ], [ [ 2, 2, 2, 2, 2, 2, 2, 2, 2, 2, 2, 2 ], 1 ], [ [ 2, 2, 2, 2, 2, 2, 2, 2, 2, 2, 2, 2 ], 24 ], [ [ 2, 2, 2, 2, 4, 4, 4, 4 ], 24 ], [ [ 4, 4, 4, 4, 4, 4 ], 4 ], [ [ 4, 4, 4, 4, 4, 4 ], 12 ], [ [ 8, 8, 8 ], 12 ], [ [ 8, 8, 8 ], 4 ], [ [ 8, 8, 8 ], 24 ], [ [ 8, 8, 8 ], 24 ], [ [ 4, 4, 4, 4, 4, 4 ], 6 ], [ [ 4, 4, 4, 4, 4, 4 ], 2 ], [ [ 2, 2, 2, 2, 2, 2, 2, 2, 4, 4 ], 12 ], [ [ 4, 4, 4, 4, 4, 4 ], 12 ], [ [ 12, 12 ], 16 ], [ [ 3, 3, 6, 6, 6 ], 32 ], [ [ 12, 12 ], 32 ], [ [ 24 ], 16 ], [ [ 24 ], 16 ], [ [ 3, 3, 3, 3, 3, 3, 3, 3 ], 8 ], [ [ 6, 6, 6, 6 ], 8 ] ]
936|384|[ 384, 596 ]|[ [ [ 1, 1, 1, 1, 1, 1, 1, 1, 1, 1, 1, 1, 1, 1, 1, 1, 1, 1, 1, 1, 1, 1, 1, 1 ], 1 ], [ [ 1, 1, 1, 1, 1, 1, 1, 1, 1, 1, 1, 1, 1, 1, 1, 1, 2, 2, 2, 2 ], 3 ], [ [ 1, 1, 1, 1, 1, 1, 1, 1, 1, 1, 1, 1, 1, 1, 1, 1, 4, 4 ], 3 ], [ [ 1, 1, 1, 1, 1, 1, 1, 1, 1, 1, 1, 1, 1, 1, 1, 1, 4, 4 ], 3 ], [ [ 1, 1, 1, 1, 1, 1, 1, 1, 2, 2, 2, 2, 2, 2, 2, 2 ], 3 ], [ [ 1, 1, 1, 1, 1, 1, 1, 1, 2, 2, 2, 2, 4, 4 ], 3 ], [ [ 1, 1, 1, 1, 1, 1, 1, 1, 2, 2, 2, 2, 4, 4 ], 3 ], [ [ 1, 1, 1, 1, 1, 1, 1, 1, 2, 2, 2, 2, 4, 4 ], 3 ], [ [ 1, 1, 1, 1, 1, 1, 1, 1, 4, 4, 4, 4 ], 3 ], [ [ 1, 1, 1, 1, 1, 1, 1, 1, 4, 4, 4, 4 ], 3 ], [ [ 1, 1, 1, 1, 1, 1, 1, 1, 2, 2, 2, 2, 4, 4 ], 3 ], [ [ 1, 1, 1, 1, 1, 1, 1, 1, 4, 4, 4, 4 ], 3 ], [ [ 1, 1, 1, 1, 1, 1, 1, 1, 4, 4, 4, 4 ], 3 ], [ [ 2, 2, 2, 2, 2, 2, 2, 2, 2, 2, 2, 2 ], 1 ], [ [ 2, 2, 2, 2, 2, 2, 2, 2, 4, 4 ], 3 ], [ [ 2, 2, 2, 2, 2, 2, 2, 2, 4, 4 ], 3 ], [ [ 2, 2, 2, 2, 4, 4, 4, 4 ], 3 ], [ [ 2, 2, 2, 2, 4, 4, 4, 4 ], 3 ], [ [ 2, 2, 2, 2, 4, 4, 4, 4 ], 3 ], [ [ 2, 2, 2, 2, 4, 4, 4, 4 ], 3 ], [ [ 8, 8, 8 ], 3 ], [ [ 8, 8, 8 ], 3 ], [ [ 8, 8, 8 ], 3 ], [ [ 8, 8, 8 ], 3 ], [ [ 8, 8, 8 ], 1 ], [ [ 8, 8, 8 ], 3 ], [ [ 8, 8, 8 ], 3 ], [ [ 8, 8, 8 ], 3 ], [ [ 8, 8, 8 ], 3 ], [ [ 8, 8, 8 ], 3 ], [ [ 8, 8, 8 ], 3 ], [ [ 8, 8, 8 ], 3 ], [ [ 8, 8, 8 ], 3 ], [ [ 8, 8, 8 ], 1 ], [ [ 8, 8, 8 ], 3 ], [ [ 8, 8, 8 ], 3 ], [ [ 8, 8, 8 ], 3 ], [ [ 8, 8, 8 ], 3 ], [ [ 8, 8, 8 ], 3 ], [ [ 8, 8, 8 ], 3 ], [ [ 4, 4, 4, 4, 4, 4 ], 3 ], [ [ 4, 4, 4, 4, 4, 4 ], 3 ], [ [ 4, 4, 4, 4, 4, 4 ], 1 ], [ [ 4, 4, 4, 4, 4, 4 ], 1 ], [ [ 8, 8, 8 ], 3 ], [ [ 8, 8, 8 ], 1 ], [ [ 8, 8, 8 ], 3 ], [ [ 8, 8, 8 ], 1 ], [ [ 12, 12 ], 16 ], [ [ 12, 12 ], 16 ], [ [ 6, 6, 6, 6 ], 16 ], [ [ 3, 3, 3, 3, 3, 3, 3, 3 ], 16 ], [ [ 24 ], 16 ], [ [ 24 ], 16 ], [ [ 24 ], 16 ], [ [ 24 ], 16 ], [ [ 24 ], 16 ], [ [ 24 ], 16 ], [ [ 24 ], 16 ], [ [ 24 ], 16 ], [ [ 12, 12 ], 16 ], [ [ 12, 12 ], 16 ], [ [ 6, 6, 6, 6 ], 16 ], [ [ 3, 3, 3, 3, 3, 3, 3, 3 ], 16 ] ]
937|384|[ 384, 606 ]|[ [ [ 1, 1, 1, 1, 1, 1, 1, 1, 1, 1, 1, 1, 1, 1, 1, 1, 1, 1, 1, 1, 1, 1, 1, 1 ], 1 ], [ [ 1, 1, 1, 1, 1, 1, 1, 1, 1, 1, 1, 1, 1, 1, 1, 1, 2, 2, 2, 2 ], 3 ], [ [ 1, 1, 1, 1, 1, 1, 1, 1, 2, 2, 2, 2, 2, 2, 2, 2 ], 3 ], [ [ 1, 1, 1, 1, 1, 1, 1, 1, 4, 4, 4, 4 ], 6 ], [ [ 1, 1, 1, 1, 1, 1, 1, 1, 4, 4, 4, 4 ], 6 ], [ [ 1, 1, 1, 1, 1, 1, 1, 1, 2, 2, 2, 2, 4, 4 ], 6 ], [ [ 1, 1, 1, 1, 1, 1, 1, 1, 2, 2, 2, 2, 4, 4 ], 6 ], [ [ 1, 1, 1, 1, 1, 1, 1, 1, 2, 2, 2, 2, 4, 4 ], 6 ], [ [ 1, 1, 1, 1, 1, 1, 1, 1, 2, 2, 2, 2, 4, 4 ], 6 ], [ [ 2, 2, 2, 2, 2, 2, 2, 2, 2, 2, 2, 2 ], 1 ], [ [ 2, 2, 2, 2, 4, 4, 4, 4 ], 6 ], [ [ 2, 2, 2, 2, 4, 4, 4, 4 ], 6 ], [ [ 8, 8, 8 ], 12 ], [ [ 8, 8, 8 ], 12 ], [ [ 8, 8, 8 ], 4 ], [ [ 8, 8, 8 ], 4 ], [ [ 8, 8, 8 ], 12 ], [ [ 8, 8, 8 ], 12 ], [ [ 4, 4, 4, 4, 4, 4 ], 3 ], [ [ 4, 4, 4, 4, 4, 4 ], 3 ], [ [ 4, 4, 4, 4, 4, 4 ], 1 ], [ [ 4, 4, 4, 4, 4, 4 ], 1 ], [ [ 8, 8, 8 ], 4 ], [ [ 8, 8, 8 ], 4 ], [ [ 3, 3, 3, 3, 3, 3, 3, 3 ], 16 ], [ [ 6, 6, 6, 6 ], 16 ], [ [ 12, 12 ], 16 ], [ [ 12, 12 ], 16 ], [ [ 24 ], 16 ], [ [ 24 ], 16 ], [ [ 24 ], 16 ], [ [ 24 ], 16 ], [ [ 24 ], 16 ], [ [ 24 ], 16 ], [ [ 24 ], 16 ], [ [ 24 ], 16 ], [ [ 12, 12 ], 16 ], [ [ 12, 12 ], 16 ], [ [ 6, 6, 6, 6 ], 16 ], [ [ 3, 3, 3, 3, 3, 3, 3, 3 ], 16 ] ]
938|384|[ 384, 604 ]|[ [ [ 1, 1, 1, 1, 1, 1, 1, 1, 1, 1, 1, 1, 1, 1, 1, 1, 1, 1, 1, 1, 1, 1, 1, 1 ], 1 ], [ [ 1, 1, 1, 1, 1, 1, 1, 1, 1, 1, 1, 1, 1, 1, 1, 1, 2, 2, 2, 2 ], 3 ], [ [ 1, 1, 1, 1, 1, 1, 1, 1, 1, 1, 1, 1, 2, 2, 4, 4 ], 6 ], [ [ 1, 1, 1, 1, 1, 1, 1, 1, 1, 1, 1, 1, 2, 2, 4, 4 ], 6 ], [ [ 1, 1, 1, 1, 1, 1, 1, 1, 2, 2, 2, 2, 2, 2, 2, 2 ], 3 ], [ [ 1, 1, 1, 1, 2, 2, 2, 2, 2, 2, 4, 4 ], 6 ], [ [ 1, 1, 1, 1, 2, 2, 4, 4, 4, 4 ], 6 ], [ [ 1, 1, 1, 1, 2, 2, 4, 4, 4, 4 ], 6 ], [ [ 1, 1, 1, 1, 2, 2, 4, 4, 4, 4 ], 6 ], [ [ 1, 1, 1, 1, 2, 2, 4, 4, 4, 4 ], 6 ], [ [ 1, 1, 1, 1, 2, 2, 2, 2, 2, 2, 4, 4 ], 6 ], [ [ 2, 2, 2, 2, 2, 2, 2, 2, 2, 2, 2, 2 ], 1 ], [ [ 8, 8, 8 ], 12 ], [ [ 8, 8, 8 ], 12 ], [ [ 8, 8, 8 ], 12 ], [ [ 8, 8, 8 ], 12 ], [ [ 8, 8, 8 ], 4 ], [ [ 8, 8, 8 ], 4 ], [ [ 4, 4, 4, 4, 4, 4 ], 3 ], [ [ 4, 4, 4, 4, 4, 4 ], 3 ], [ [ 4, 4, 4, 4, 4, 4 ], 1 ], [ [ 4, 4, 4, 4, 4, 4 ], 1 ], [ [ 8, 8, 8 ], 4 ], [ [ 8, 8, 8 ], 4 ], [ [ 6, 6, 6, 6 ], 16 ], [ [ 3, 3, 3, 3, 3, 3, 3, 3 ], 16 ], [ [ 12, 12 ], 16 ], [ [ 12, 12 ], 16 ], [ [ 24 ], 16 ], [ [ 24 ], 16 ], [ [ 24 ], 16 ], [ [ 24 ], 16 ], [ [ 24 ], 16 ], [ [ 24 ], 16 ], [ [ 24 ], 16 ], [ [ 24 ], 16 ], [ [ 3, 3, 3, 3, 3, 3, 3, 3 ], 16 ], [ [ 6, 6, 6, 6 ], 16 ], [ [ 12, 12 ], 16 ], [ [ 12, 12 ], 16 ] ]
939|384|[ 384, 576 ]|[ [ [ 1, 1, 1, 1, 1, 1, 1, 1, 1, 1, 1, 1, 1, 1, 1, 1, 1, 1, 1, 1, 1, 1, 1, 1 ], 1 ], [ [ 1, 1, 1, 1, 1, 1, 1, 1, 1, 1, 1, 1, 1, 1, 1, 1, 2, 2, 2, 2 ], 3 ], [ [ 1, 1, 1, 1, 1, 1, 1, 1, 2, 2, 2, 2, 2, 2, 2, 2 ], 3 ], [ [ 1, 1, 1, 1, 1, 1, 1, 1, 1, 1, 1, 1, 2, 2, 2, 2, 2, 2 ], 12 ], [ [ 1, 1, 1, 1, 2, 2, 2, 2, 2, 2, 2, 2, 2, 2 ], 12 ], [ [ 1, 1, 1, 1, 2, 2, 2, 2, 2, 2, 4, 4 ], 24 ], [ [ 2, 2, 2, 2, 2, 2, 2, 2, 2, 2, 2, 2 ], 1 ], [ [ 2, 2, 2, 2, 2, 2, 4, 4, 4 ], 24 ], [ [ 2, 2, 2, 2, 2, 2, 4, 4, 4 ], 24 ], [ [ 2, 2, 2, 2, 2, 2, 4, 4, 4 ], 24 ], [ [ 2, 2, 2, 2, 2, 2, 4, 4, 4 ], 24 ], [ [ 8, 8, 8 ], 24 ], [ [ 8, 8, 8 ], 24 ], [ [ 8, 8, 8 ], 24 ], [ [ 8, 8, 8 ], 24 ], [ [ 4, 4, 4, 4, 4, 4 ], 4 ], [ [ 4, 4, 4, 4, 4, 4 ], 4 ], [ [ 12, 12 ], 32 ], [ [ 12, 12 ], 32 ], [ [ 6, 6, 6, 6 ], 32 ], [ [ 3, 3, 3, 3, 3, 3, 3, 3 ], 32 ] ]
940|384|[ 384, 576 ]|[ [ [ 1, 1, 1, 1, 1, 1, 1, 1, 1, 1, 1, 1, 1, 1, 1, 1, 1, 1, 1, 1, 1, 1, 1, 1 ], 1 ], [ [ 1, 1, 1, 1, 1, 1, 1, 1, 1, 1, 1, 1, 1, 1, 1, 1, 2, 2, 2, 2 ], 3 ], [ [ 1, 1, 1, 1, 1, 1, 1, 1, 2, 2, 2, 2, 2, 2, 2, 2 ], 3 ], [ [ 1, 1, 1, 1, 1, 1, 1, 1, 1, 1, 1, 1, 2, 2, 2, 2, 2, 2 ], 12 ], [ [ 1, 1, 1, 1, 2, 2, 2, 2, 2, 2, 2, 2, 2, 2 ], 12 ], [ [ 1, 1, 1, 1, 2, 2, 2, 2, 2, 2, 4, 4 ], 24 ], [ [ 2, 2, 2, 2, 2, 2, 2, 2, 2, 2, 2, 2 ], 1 ], [ [ 2, 2, 4, 4, 4, 4, 4 ], 24 ], [ [ 2, 2, 4, 4, 4, 4, 4 ], 24 ], [ [ 2, 2, 4, 4, 4, 4, 4 ], 24 ], [ [ 2, 2, 4, 4, 4, 4, 4 ], 24 ], [ [ 8, 8, 8 ], 24 ], [ [ 8, 8, 8 ], 24 ], [ [ 8, 8, 8 ], 24 ], [ [ 8, 8, 8 ], 24 ], [ [ 4, 4, 4, 4, 4, 4 ], 4 ], [ [ 4, 4, 4, 4, 4, 4 ], 4 ], [ [ 12, 12 ], 32 ], [ [ 12, 12 ], 32 ], [ [ 6, 6, 6, 6 ], 32 ], [ [ 3, 3, 3, 3, 3, 3, 3, 3 ], 32 ] ]
941|384|[ 384, 571 ]|[ [ [ 1, 1, 1, 1, 1, 1, 1, 1, 1, 1, 1, 1, 1, 1, 1, 1, 1, 1, 1, 1, 1, 1, 1, 1 ], 1 ], [ [ 1, 1, 1, 1, 1, 1, 1, 1, 1, 1, 1, 1, 1, 1, 1, 1, 2, 2, 2, 2 ], 3 ], [ [ 1, 1, 1, 1, 1, 1, 1, 1, 1, 1, 1, 1, 1, 1, 1, 1, 4, 4 ], 3 ], [ [ 1, 1, 1, 1, 1, 1, 1, 1, 1, 1, 1, 1, 1, 1, 1, 1, 4, 4 ], 3 ], [ [ 1, 1, 1, 1, 1, 1, 1, 1, 2, 2, 2, 2, 2, 2, 2, 2 ], 3 ], [ [ 1, 1, 1, 1, 1, 1, 1, 1, 2, 2, 2, 2, 4, 4 ], 6 ], [ [ 1, 1, 1, 1, 1, 1, 1, 1, 2, 2, 2, 2, 4, 4 ], 6 ], [ [ 1, 1, 1, 1, 1, 1, 1, 1, 4, 4, 4, 4 ], 3 ], [ [ 1, 1, 1, 1, 1, 1, 1, 1, 4, 4, 4, 4 ], 6 ], [ [ 1, 1, 1, 1, 1, 1, 1, 1, 4, 4, 4, 4 ], 3 ], [ [ 2, 2, 2, 2, 2, 2, 2, 2, 2, 2, 2, 2 ], 1 ], [ [ 2, 2, 2, 2, 2, 2, 2, 2, 4, 4 ], 3 ], [ [ 2, 2, 2, 2, 2, 2, 2, 2, 4, 4 ], 3 ], [ [ 2, 2, 2, 2, 4, 4, 4, 4 ], 3 ], [ [ 2, 2, 2, 2, 4, 4, 4, 4 ], 6 ], [ [ 2, 2, 2, 2, 4, 4, 4, 4 ], 3 ], [ [ 2, 2, 2, 2, 2, 2, 2, 2, 8 ], 12 ], [ [ 4, 4, 4, 4, 8 ], 12 ], [ [ 8, 8, 8 ], 12 ], [ [ 8, 8, 8 ], 12 ], [ [ 2, 2, 2, 2, 2, 2, 2, 2, 8 ], 12 ], [ [ 4, 4, 4, 4, 8 ], 12 ], [ [ 8, 8, 8 ], 12 ], [ [ 8, 8, 8 ], 12 ], [ [ 4, 4, 4, 4, 4, 4 ], 1 ], [ [ 4, 4, 4, 4, 4, 4 ], 3 ], [ [ 4, 4, 4, 4, 4, 4 ], 3 ], [ [ 4, 4, 4, 4, 4, 4 ], 1 ], [ [ 2, 2, 2, 2, 2, 2, 2, 2, 8 ], 12 ], [ [ 4, 4, 4, 4, 8 ], 12 ], [ [ 8, 8, 8 ], 12 ], [ [ 8, 8, 8 ], 12 ], [ [ 2, 2, 2, 2, 2, 2, 2, 2, 8 ], 12 ], [ [ 4, 4, 4, 4, 8 ], 12 ], [ [ 8, 8, 8 ], 12 ], [ [ 8, 8, 8 ], 12 ], [ [ 12, 12 ], 32 ], [ [ 12, 12 ], 32 ], [ [ 6, 6, 6, 6 ], 32 ], [ [ 3, 3, 3, 3, 3, 3, 3, 3 ], 32 ] ]
942|384|[ 384, 571 ]|[ [ [ 1, 1, 1, 1, 1, 1, 1, 1, 1, 1, 1, 1, 1, 1, 1, 1, 1, 1, 1, 1, 1, 1, 1, 1 ], 1 ], [ [ 1, 1, 1, 1, 1, 1, 1, 1, 1, 1, 1, 1, 1, 1, 1, 1, 2, 2, 2, 2 ], 3 ], [ [ 1, 1, 1, 1, 1, 1, 1, 1, 2, 2, 2, 2, 2, 2, 2, 2 ], 3 ], [ [ 1, 1, 1, 1, 1, 1, 1, 1, 4, 4, 4, 4 ], 3 ], [ [ 1, 1, 1, 1, 1, 1, 1, 1, 4, 4, 4, 4 ], 6 ], [ [ 1, 1, 1, 1, 1, 1, 1, 1, 4, 4, 4, 4 ], 3 ], [ [ 1, 1, 1, 1, 1, 1, 1, 1, 2, 2, 2, 2, 4, 4 ], 6 ], [ [ 1, 1, 1, 1, 1, 1, 1, 1, 2, 2, 2, 2, 4, 4 ], 6 ], [ [ 1, 1, 1, 1, 1, 1, 1, 1, 2, 2, 2, 2, 4, 4 ], 3 ], [ [ 1, 1, 1, 1, 1, 1, 1, 1, 2, 2, 2, 2, 4, 4 ], 3 ], [ [ 1, 1, 1, 1, 1, 1, 1, 1, 2, 2, 2, 2, 4, 4 ], 3 ], [ [ 1, 1, 1, 1, 1, 1, 1, 1, 2, 2, 2, 2, 4, 4 ], 3 ], [ [ 2, 2, 2, 2, 2, 2, 2, 2, 2, 2, 2, 2 ], 1 ], [ [ 2, 2, 2, 2, 4, 4, 4, 4 ], 3 ], [ [ 2, 2, 2, 2, 4, 4, 4, 4 ], 6 ], [ [ 2, 2, 2, 2, 4, 4, 4, 4 ], 3 ], [ [ 2, 2, 2, 2, 4, 4, 8 ], 12 ], [ [ 2, 2, 2, 2, 4, 4, 8 ], 12 ], [ [ 2, 2, 2, 2, 4, 4, 8 ], 12 ], [ [ 2, 2, 2, 2, 4, 4, 8 ], 12 ], [ [ 8, 8, 8 ], 12 ], [ [ 8, 8, 8 ], 12 ], [ [ 8, 8, 8 ], 12 ], [ [ 8, 8, 8 ], 12 ], [ [ 4, 4, 4, 4, 4, 4 ], 1 ], [ [ 4, 4, 4, 4, 4, 4 ], 3 ], [ [ 4, 4, 4, 4, 4, 4 ], 3 ], [ [ 4, 4, 4, 4, 4, 4 ], 1 ], [ [ 2, 2, 2, 2, 4, 4, 8 ], 12 ], [ [ 2, 2, 2, 2, 4, 4, 8 ], 12 ], [ [ 2, 2, 2, 2, 4, 4, 8 ], 12 ], [ [ 2, 2, 2, 2, 4, 4, 8 ], 12 ], [ [ 8, 8, 8 ], 12 ], [ [ 8, 8, 8 ], 12 ], [ [ 8, 8, 8 ], 12 ], [ [ 8, 8, 8 ], 12 ], [ [ 12, 12 ], 32 ], [ [ 12, 12 ], 32 ], [ [ 3, 3, 3, 3, 3, 3, 3, 3 ], 32 ], [ [ 6, 6, 6, 6 ], 32 ] ]
943|384|[ 384, 574 ]|[ [ [ 1, 1, 1, 1, 1, 1, 1, 1, 1, 1, 1, 1, 1, 1, 1, 1, 1, 1, 1, 1, 1, 1, 1, 1 ], 1 ], [ [ 1, 1, 1, 1, 1, 1, 1, 1, 1, 1, 1, 1, 1, 1, 1, 1, 2, 2, 2, 2 ], 3 ], [ [ 1, 1, 1, 1, 1, 1, 1, 1, 2, 2, 2, 2, 2, 2, 2, 2 ], 3 ], [ [ 1, 1, 1, 1, 1, 1, 1, 1, 2, 2, 2, 2, 4, 4 ], 12 ], [ [ 1, 1, 1, 1, 1, 1, 1, 1, 2, 2, 2, 2, 4, 4 ], 12 ], [ [ 1, 1, 1, 1, 2, 2, 2, 2, 2, 2, 2, 2, 2, 2 ], 12 ], [ [ 1, 1, 1, 1, 2, 2, 2, 2, 2, 2, 2, 2, 2, 2 ], 12 ], [ [ 2, 2, 2, 2, 2, 2, 2, 2, 2, 2, 2, 2 ], 1 ], [ [ 2, 2, 2, 2, 4, 4, 8 ], 24 ], [ [ 2, 2, 2, 2, 4, 4, 8 ], 24 ], [ [ 8, 8, 8 ], 24 ], [ [ 8, 8, 8 ], 24 ], [ [ 4, 4, 4, 4, 4, 4 ], 4 ], [ [ 4, 4, 4, 4, 4, 4 ], 4 ], [ [ 8, 8, 8 ], 24 ], [ [ 8, 8, 8 ], 24 ], [ [ 2, 2, 2, 2, 4, 4, 8 ], 24 ], [ [ 2, 2, 2, 2, 4, 4, 8 ], 24 ], [ [ 12, 12 ], 32 ], [ [ 12, 12 ], 32 ], [ [ 6, 6, 6, 6 ], 32 ], [ [ 3, 3, 3, 3, 3, 3, 3, 3 ], 32 ] ]
944|384|[ 384, 5658 ]|[ [ [ 1, 1, 1, 1, 1, 1, 1, 1, 1, 1, 1, 1, 1, 1, 1, 1, 1, 1, 1, 1, 1, 1, 1, 1 ], 1 ], [ [ 1, 1, 1, 1, 1, 1, 1, 1, 1, 1, 1, 1, 1, 1, 1, 1, 2, 2, 2, 2 ], 3 ], [ [ 1, 1, 1, 1, 1, 1, 1, 1, 2, 2, 2, 2, 2, 2, 2, 2 ], 3 ], [ [ 1, 1, 1, 1, 1, 1, 1, 1, 2, 2, 2, 2, 2, 2, 2, 2 ], 12 ], [ [ 1, 1, 1, 1, 1, 1, 1, 1, 2, 2, 2, 2, 2, 2, 2, 2 ], 12 ], [ [ 1, 1, 1, 1, 2, 2, 4, 4, 4, 4 ], 12 ], [ [ 1, 1, 1, 1, 2, 2, 4, 4, 4, 4 ], 12 ], [ [ 2, 2, 2, 2, 2, 2, 2, 2, 2, 2, 2, 2 ], 1 ], [ [ 4, 4, 4, 4, 4, 4 ], 24 ], [ [ 4, 4, 4, 4, 4, 4 ], 24 ], [ [ 2, 2, 2, 2, 4, 4, 4, 4 ], 24 ], [ [ 2, 2, 2, 2, 4, 4, 4, 4 ], 24 ], [ [ 2, 2, 2, 2, 2, 2, 2, 2, 2, 2, 2, 2 ], 4 ], [ [ 2, 2, 2, 2, 2, 2, 2, 2, 2, 2, 2, 2 ], 4 ], [ [ 4, 4, 4, 4, 4, 4 ], 24 ], [ [ 4, 4, 4, 4, 4, 4 ], 24 ], [ [ 2, 2, 2, 2, 4, 4, 4, 4 ], 24 ], [ [ 2, 2, 2, 2, 4, 4, 4, 4 ], 24 ], [ [ 6, 6, 6, 6 ], 32 ], [ [ 3, 3, 3, 3, 3, 3, 3, 3 ], 32 ], [ [ 6, 6, 6, 6 ], 32 ], [ [ 6, 6, 6, 6 ], 32 ] ]
945|384|[ 384, 3 ]|[ [ [ 1, 1, 1, 1, 1, 1, 1, 1, 1, 1, 1, 1, 1, 1, 1, 1, 1, 1, 1, 1, 1, 1, 1, 1 ], 1 ], [ [ 1, 1, 1, 1, 1, 1, 1, 1, 1, 1, 1, 1, 1, 1, 1, 1, 2, 2, 2, 2 ], 3 ], [ [ 1, 1, 1, 1, 1, 1, 1, 1, 2, 2, 2, 2, 2, 2, 2, 2 ], 3 ], [ [ 1, 1, 1, 1, 1, 1, 1, 1, 4, 4, 4, 4 ], 3 ], [ [ 1, 1, 1, 1, 1, 1, 1, 1, 4, 4, 4, 4 ], 3 ], [ [ 1, 1, 1, 1, 1, 1, 1, 1, 4, 4, 4, 4 ], 3 ], [ [ 1, 1, 1, 1, 1, 1, 1, 1, 4, 4, 4, 4 ], 3 ], [ [ 1, 1, 1, 1, 2, 2, 8, 8 ], 6 ], [ [ 1, 1, 1, 1, 2, 2, 8, 8 ], 6 ], [ [ 1, 1, 1, 1, 2, 2, 8, 8 ], 6 ], [ [ 1, 1, 1, 1, 2, 2, 8, 8 ], 6 ], [ [ 1, 1, 1, 1, 2, 2, 8, 8 ], 6 ], [ [ 1, 1, 1, 1, 2, 2, 8, 8 ], 6 ], [ [ 1, 1, 1, 1, 2, 2, 8, 8 ], 6 ], [ [ 1, 1, 1, 1, 2, 2, 8, 8 ], 6 ], [ [ 2, 2, 2, 2, 2, 2, 2, 2, 2, 2, 2, 2 ], 1 ], [ [ 2, 2, 2, 2, 4, 4, 4, 4 ], 3 ], [ [ 2, 2, 2, 2, 4, 4, 4, 4 ], 3 ], [ [ 2, 2, 2, 2, 4, 4, 4, 4 ], 3 ], [ [ 2, 2, 2, 2, 4, 4, 4, 4 ], 3 ], [ [ 4, 4, 8, 8 ], 6 ], [ [ 4, 4, 8, 8 ], 6 ], [ [ 4, 4, 8, 8 ], 6 ], [ [ 4, 4, 8, 8 ], 6 ], [ [ 4, 4, 8, 8 ], 6 ], [ [ 4, 4, 8, 8 ], 6 ], [ [ 4, 4, 8, 8 ], 6 ], [ [ 4, 4, 8, 8 ], 6 ], [ [ 3, 3, 3, 3, 3, 3, 3, 3 ], 64 ], [ [ 6, 6, 6, 6 ], 64 ], [ [ 6, 6, 6, 6 ], 64 ], [ [ 3, 3, 3, 3, 3, 3, 3, 3 ], 64 ] ]
946|384|[ 384, 588 ]|[ [ [ 1, 1, 1, 1, 1, 1, 1, 1, 1, 1, 1, 1, 1, 1, 1, 1, 1, 1, 1, 1, 1, 1, 1, 1 ], 1 ], [ [ 1, 1, 1, 1, 1, 1, 1, 1, 1, 1, 1, 1, 1, 1, 1, 1, 2, 2, 2, 2 ], 3 ], [ [ 1, 1, 1, 1, 1, 1, 1, 1, 2, 2, 2, 2, 2, 2, 2, 2 ], 3 ], [ [ 1, 1, 1, 1, 1, 1, 1, 1, 8, 8 ], 3 ], [ [ 1, 1, 1, 1, 1, 1, 1, 1, 8, 8 ], 3 ], [ [ 1, 1, 1, 1, 1, 1, 1, 1, 8, 8 ], 3 ], [ [ 1, 1, 1, 1, 1, 1, 1, 1, 8, 8 ], 3 ], [ [ 1, 1, 1, 1, 1, 1, 1, 1, 4, 4, 4, 4 ], 3 ], [ [ 1, 1, 1, 1, 1, 1, 1, 1, 4, 4, 4, 4 ], 3 ], [ [ 1, 1, 1, 1, 1, 1, 1, 1, 4, 4, 4, 4 ], 3 ], [ [ 1, 1, 1, 1, 1, 1, 1, 1, 4, 4, 4, 4 ], 3 ], [ [ 1, 1, 1, 1, 1, 1, 1, 1, 8, 8 ], 3 ], [ [ 1, 1, 1, 1, 1, 1, 1, 1, 8, 8 ], 3 ], [ [ 1, 1, 1, 1, 1, 1, 1, 1, 8, 8 ], 3 ], [ [ 1, 1, 1, 1, 1, 1, 1, 1, 8, 8 ], 3 ], [ [ 2, 2, 2, 2, 2, 2, 2, 2, 2, 2, 2, 2 ], 1 ], [ [ 2, 2, 2, 2, 8, 8 ], 3 ], [ [ 2, 2, 2, 2, 8, 8 ], 3 ], [ [ 2, 2, 2, 2, 8, 8 ], 3 ], [ [ 2, 2, 2, 2, 8, 8 ], 3 ], [ [ 2, 2, 2, 2, 4, 4, 4, 4 ], 3 ], [ [ 2, 2, 2, 2, 4, 4, 4, 4 ], 3 ], [ [ 2, 2, 2, 2, 4, 4, 4, 4 ], 3 ], [ [ 2, 2, 2, 2, 4, 4, 4, 4 ], 3 ], [ [ 2, 2, 2, 2, 8, 8 ], 3 ], [ [ 2, 2, 2, 2, 8, 8 ], 3 ], [ [ 2, 2, 2, 2, 8, 8 ], 3 ], [ [ 2, 2, 2, 2, 8, 8 ], 3 ], [ [ 4, 4, 8, 8 ], 3 ], [ [ 4, 4, 8, 8 ], 3 ], [ [ 4, 4, 8, 8 ], 3 ], [ [ 4, 4, 8, 8 ], 3 ], [ [ 4, 4, 8, 8 ], 3 ], [ [ 4, 4, 8, 8 ], 3 ], [ [ 4, 4, 8, 8 ], 3 ], [ [ 4, 4, 8, 8 ], 3 ], [ [ 4, 4, 8, 8 ], 3 ], [ [ 4, 4, 8, 8 ], 3 ], [ [ 4, 4, 8, 8 ], 3 ], [ [ 4, 4, 8, 8 ], 3 ], [ [ 4, 4, 8, 8 ], 3 ], [ [ 4, 4, 8, 8 ], 3 ], [ [ 4, 4, 8, 8 ], 3 ], [ [ 4, 4, 8, 8 ], 3 ], [ [ 3, 3, 3, 3, 3, 3, 3, 3 ], 64 ], [ [ 6, 6, 6, 6 ], 64 ], [ [ 3, 3, 3, 3, 3, 3, 3, 3 ], 64 ], [ [ 6, 6, 6, 6 ], 64 ] ]
947|384|[ 384, 5865 ]|[ [ [ 1, 1, 1, 1, 1, 1, 1, 1, 1, 1, 1, 1, 1, 1, 1, 1, 1, 1, 1, 1, 1, 1, 1, 1 ], 1 ], [ [ 1, 1, 1, 1, 1, 1, 1, 1, 1, 1, 1, 1, 1, 1, 1, 1, 2, 2, 2, 2 ], 3 ], [ [ 1, 1, 1, 1, 1, 1, 1, 1, 2, 2, 2, 2, 2, 2, 2, 2 ], 3 ], [ [ 1, 1, 1, 1, 1, 1, 1, 1, 4, 4, 4, 4 ], 12 ], [ [ 1, 1, 1, 1, 2, 2, 2, 2, 2, 2, 4, 4 ], 24 ], [ [ 1, 1, 1, 1, 2, 2, 4, 4, 4, 4 ], 12 ], [ [ 1, 1, 1, 1, 2, 2, 4, 4, 4, 4 ], 12 ], [ [ 2, 2, 2, 2, 2, 2, 2, 2, 2, 2, 2, 2 ], 1 ], [ [ 2, 2, 2, 2, 4, 4, 4, 4 ], 12 ], [ [ 2, 2, 2, 2, 2, 2, 2, 2, 4, 4 ], 24 ], [ [ 2, 2, 2, 2, 4, 4, 4, 4 ], 12 ], [ [ 2, 2, 2, 2, 4, 4, 4, 4 ], 12 ], [ [ 3, 3, 3, 3, 3, 3, 3, 3 ], 64 ], [ [ 6, 6, 6, 6 ], 64 ], [ [ 6, 6, 6, 6 ], 64 ], [ [ 3, 3, 3, 3, 3, 3, 3, 3 ], 64 ] ]
948|384|[ 384, 5860 ]|[ [ [ 1, 1, 1, 1, 1, 1, 1, 1, 1, 1, 1, 1, 1, 1, 1, 1, 1, 1, 1, 1, 1, 1, 1, 1 ], 1 ], [ [ 1, 1, 1, 1, 1, 1, 1, 1, 1, 1, 1, 1, 1, 1, 1, 1, 2, 2, 2, 2 ], 3 ], [ [ 1, 1, 1, 1, 1, 1, 1, 1, 2, 2, 2, 2, 2, 2, 2, 2 ], 3 ], [ [ 1, 1, 1, 1, 1, 1, 1, 1, 4, 4, 4, 4 ], 3 ], [ [ 1, 1, 1, 1, 1, 1, 1, 1, 4, 4, 4, 4 ], 3 ], [ [ 1, 1, 1, 1, 1, 1, 1, 1, 4, 4, 4, 4 ], 3 ], [ [ 1, 1, 1, 1, 1, 1, 1, 1, 4, 4, 4, 4 ], 3 ], [ [ 1, 1, 1, 1, 2, 2, 2, 2, 2, 2, 4, 4 ], 6 ], [ [ 1, 1, 1, 1, 2, 2, 2, 2, 2, 2, 4, 4 ], 6 ], [ [ 1, 1, 1, 1, 2, 2, 2, 2, 2, 2, 4, 4 ], 6 ], [ [ 1, 1, 1, 1, 2, 2, 2, 2, 2, 2, 4, 4 ], 6 ], [ [ 1, 1, 1, 1, 2, 2, 2, 2, 2, 2, 4, 4 ], 6 ], [ [ 1, 1, 1, 1, 2, 2, 2, 2, 2, 2, 4, 4 ], 6 ], [ [ 1, 1, 1, 1, 2, 2, 2, 2, 2, 2, 4, 4 ], 6 ], [ [ 1, 1, 1, 1, 2, 2, 2, 2, 2, 2, 4, 4 ], 6 ], [ [ 2, 2, 2, 2, 2, 2, 2, 2, 2, 2, 2, 2 ], 1 ], [ [ 2, 2, 2, 2, 4, 4, 4, 4 ], 3 ], [ [ 2, 2, 2, 2, 4, 4, 4, 4 ], 3 ], [ [ 2, 2, 2, 2, 4, 4, 4, 4 ], 3 ], [ [ 2, 2, 2, 2, 4, 4, 4, 4 ], 3 ], [ [ 2, 2, 2, 2, 2, 2, 2, 2, 4, 4 ], 6 ], [ [ 2, 2, 2, 2, 2, 2, 2, 2, 4, 4 ], 6 ], [ [ 2, 2, 2, 2, 2, 2, 2, 2, 4, 4 ], 6 ], [ [ 2, 2, 2, 2, 2, 2, 2, 2, 4, 4 ], 6 ], [ [ 4, 4, 4, 4, 4, 4 ], 6 ], [ [ 4, 4, 4, 4, 4, 4 ], 6 ], [ [ 4, 4, 4, 4, 4, 4 ], 6 ], [ [ 4, 4, 4, 4, 4, 4 ], 6 ], [ [ 3, 3, 3, 3, 3, 3, 3, 3 ], 64 ], [ [ 6, 6, 6, 6 ], 64 ], [ [ 3, 3, 3, 3, 3, 3, 3, 3 ], 64 ], [ [ 6, 6, 6, 6 ], 64 ] ]
949|384|[ 384, 5865 ]|[ [ [ 1, 1, 1, 1, 1, 1, 1, 1, 1, 1, 1, 1, 1, 1, 1, 1, 1, 1, 1, 1, 1, 1, 1, 1 ], 1 ], [ [ 1, 1, 1, 1, 1, 1, 1, 1, 1, 1, 1, 1, 1, 1, 1, 1, 2, 2, 2, 2 ], 3 ], [ [ 1, 1, 1, 1, 1, 1, 1, 1, 2, 2, 2, 2, 2, 2, 2, 2 ], 3 ], [ [ 1, 1, 1, 1, 1, 1, 1, 1, 4, 4, 4, 4 ], 12 ], [ [ 1, 1, 1, 1, 2, 2, 2, 2, 2, 2, 4, 4 ], 24 ], [ [ 1, 1, 1, 1, 2, 2, 2, 2, 2, 2, 4, 4 ], 24 ], [ [ 2, 2, 2, 2, 2, 2, 2, 2, 2, 2, 2, 2 ], 1 ], [ [ 2, 2, 2, 2, 4, 4, 4, 4 ], 12 ], [ [ 2, 2, 2, 2, 4, 4, 4, 4 ], 12 ], [ [ 2, 2, 2, 2, 4, 4, 4, 4 ], 12 ], [ [ 2, 2, 2, 2, 4, 4, 4, 4 ], 12 ], [ [ 2, 2, 2, 2, 4, 4, 4, 4 ], 12 ], [ [ 3, 3, 3, 3, 3, 3, 3, 3 ], 64 ], [ [ 6, 6, 6, 6 ], 64 ], [ [ 3, 3, 3, 3, 3, 3, 3, 3 ], 64 ], [ [ 6, 6, 6, 6 ], 64 ] ]
950|384|[ 384, 5866 ]|[ [ [ 1, 1, 1, 1, 1, 1, 1, 1, 1, 1, 1, 1, 1, 1, 1, 1, 1, 1, 1, 1, 1, 1, 1, 1 ], 1 ], [ [ 1, 1, 1, 1, 1, 1, 1, 1, 1, 1, 1, 1, 1, 1, 1, 1, 2, 2, 2, 2 ], 3 ], [ [ 1, 1, 1, 1, 1, 1, 1, 1, 2, 2, 2, 2, 2, 2, 2, 2 ], 3 ], [ [ 1, 1, 1, 1, 1, 1, 1, 1, 4, 4, 4, 4 ], 12 ], [ [ 1, 1, 1, 1, 1, 1, 1, 1, 4, 4, 4, 4 ], 12 ], [ [ 1, 1, 1, 1, 1, 1, 1, 1, 4, 4, 4, 4 ], 12 ], [ [ 2, 2, 2, 2, 2, 2, 2, 2, 2, 2, 2, 2 ], 1 ], [ [ 2, 2, 2, 2, 4, 4, 4, 4 ], 12 ], [ [ 2, 2, 2, 2, 4, 4, 4, 4 ], 12 ], [ [ 2, 2, 2, 2, 4, 4, 4, 4 ], 12 ], [ [ 4, 4, 4, 4, 4, 4 ], 24 ], [ [ 4, 4, 4, 4, 4, 4 ], 24 ], [ [ 3, 3, 3, 3, 3, 3, 3, 3 ], 64 ], [ [ 6, 6, 6, 6 ], 64 ], [ [ 3, 3, 3, 3, 3, 3, 3, 3 ], 64 ], [ [ 6, 6, 6, 6 ], 64 ] ]
951|384|[ 384, 5864 ]|[ [ [ 1, 1, 1, 1, 1, 1, 1, 1, 1, 1, 1, 1, 1, 1, 1, 1, 1, 1, 1, 1, 1, 1, 1, 1 ], 1 ], [ [ 1, 1, 1, 1, 1, 1, 1, 1, 1, 1, 1, 1, 1, 1, 1, 1, 2, 2, 2, 2 ], 3 ], [ [ 1, 1, 1, 1, 1, 1, 1, 1, 2, 2, 2, 2, 2, 2, 2, 2 ], 3 ], [ [ 1, 1, 1, 1, 1, 1, 1, 1, 2, 2, 2, 2, 2, 2, 2, 2 ], 12 ], [ [ 1, 1, 1, 1, 2, 2, 4, 4, 4, 4 ], 12 ], [ [ 1, 1, 1, 1, 2, 2, 4, 4, 4, 4 ], 12 ], [ [ 1, 1, 1, 1, 2, 2, 2, 2, 2, 2, 4, 4 ], 24 ], [ [ 2, 2, 2, 2, 2, 2, 2, 2, 2, 2, 2, 2 ], 1 ], [ [ 2, 2, 2, 2, 2, 2, 2, 2, 2, 2, 2, 2 ], 12 ], [ [ 2, 2, 2, 2, 4, 4, 4, 4 ], 12 ], [ [ 2, 2, 2, 2, 4, 4, 4, 4 ], 12 ], [ [ 4, 4, 4, 4, 4, 4 ], 24 ], [ [ 3, 3, 3, 3, 3, 3, 3, 3 ], 64 ], [ [ 6, 6, 6, 6 ], 64 ], [ [ 3, 3, 3, 3, 3, 3, 3, 3 ], 64 ], [ [ 6, 6, 6, 6 ], 64 ] ]
952|384|[ 384, 18231 ]|[ [ [ 1, 1, 1, 1, 1, 1, 1, 1, 1, 1, 1, 1, 1, 1, 1, 1, 1, 1, 1, 1, 1, 1, 1, 1 ], 1 ], [ [ 1, 1, 1, 1, 1, 1, 1, 1, 1, 1, 1, 1, 1, 1, 1, 1, 2, 2, 2, 2 ], 3 ], [ [ 1, 1, 1, 1, 1, 1, 1, 1, 2, 2, 2, 2, 2, 2, 2, 2 ], 3 ], [ [ 1, 1, 1, 1, 2, 2, 2, 2, 2, 2, 2, 2, 2, 2 ], 12 ], [ [ 1, 1, 1, 1, 2, 2, 2, 2, 2, 2, 2, 2, 2, 2 ], 12 ], [ [ 1, 1, 1, 1, 2, 2, 2, 2, 2, 2, 2, 2, 2, 2 ], 12 ], [ [ 1, 1, 1, 1, 2, 2, 2, 2, 2, 2, 2, 2, 2, 2 ], 12 ], [ [ 1, 1, 1, 1, 2, 2, 4, 4, 4, 4 ], 12 ], [ [ 1, 1, 1, 1, 2, 2, 4, 4, 4, 4 ], 12 ], [ [ 2, 2, 2, 2, 2, 2, 2, 2, 2, 2, 2, 2 ], 1 ], [ [ 2, 2, 2, 2, 4, 4, 4, 4 ], 12 ], [ [ 2, 2, 2, 2, 4, 4, 4, 4 ], 12 ], [ [ 2, 2, 2, 2, 4, 4, 4, 4 ], 12 ], [ [ 2, 2, 2, 2, 4, 4, 4, 4 ], 12 ], [ [ 3, 3, 3, 3, 3, 3, 3, 3 ], 64 ], [ [ 6, 6, 6, 6 ], 64 ], [ [ 3, 3, 3, 3, 3, 3, 3, 3 ], 64 ], [ [ 6, 6, 6, 6 ], 64 ] ]
953|384|[ 384, 5871 ]|[ [ [ 1, 1, 1, 1, 1, 1, 1, 1, 1, 1, 1, 1, 1, 1, 1, 1, 1, 1, 1, 1, 1, 1, 1, 1 ], 1 ], [ [ 1, 1, 1, 1, 1, 1, 1, 1, 1, 1, 1, 1, 1, 1, 1, 1, 2, 2, 2, 2 ], 3 ], [ [ 1, 1, 1, 1, 1, 1, 1, 1, 2, 2, 2, 2, 2, 2, 2, 2 ], 3 ], [ [ 1, 1, 1, 1, 2, 2, 4, 4, 4, 4 ], 12 ], [ [ 1, 1, 1, 1, 2, 2, 4, 4, 4, 4 ], 12 ], [ [ 1, 1, 1, 1, 2, 2, 2, 2, 2, 2, 4, 4 ], 24 ], [ [ 1, 1, 1, 1, 2, 2, 2, 2, 2, 2, 4, 4 ], 24 ], [ [ 2, 2, 2, 2, 2, 2, 2, 2, 2, 2, 2, 2 ], 1 ], [ [ 2, 2, 2, 2, 2, 2, 2, 2, 4, 4 ], 24 ], [ [ 2, 2, 2, 2, 2, 2, 2, 2, 4, 4 ], 24 ], [ [ 6, 6, 6, 6 ], 64 ], [ [ 3, 3, 3, 3, 3, 3, 3, 3 ], 64 ], [ [ 3, 3, 3, 3, 3, 3, 3, 3 ], 64 ], [ [ 6, 6, 6, 6 ], 64 ] ]
954|384|[ 384, 18231 ]|[ [ [ 1, 1, 1, 1, 1, 1, 1, 1, 1, 1, 1, 1, 1, 1, 1, 1, 1, 1, 1, 1, 1, 1, 1, 1 ], 1 ], [ [ 1, 1, 1, 1, 1, 1, 1, 1, 1, 1, 1, 1, 1, 1, 1, 1, 2, 2, 2, 2 ], 3 ], [ [ 1, 1, 1, 1, 1, 1, 1, 1, 2, 2, 2, 2, 2, 2, 2, 2 ], 3 ], [ [ 1, 1, 1, 1, 2, 2, 4, 4, 4, 4 ], 12 ], [ [ 1, 1, 1, 1, 2, 2, 4, 4, 4, 4 ], 12 ], [ [ 1, 1, 1, 1, 2, 2, 4, 4, 4, 4 ], 12 ], [ [ 1, 1, 1, 1, 2, 2, 4, 4, 4, 4 ], 12 ], [ [ 1, 1, 1, 1, 2, 2, 4, 4, 4, 4 ], 12 ], [ [ 1, 1, 1, 1, 2, 2, 4, 4, 4, 4 ], 12 ], [ [ 2, 2, 2, 2, 2, 2, 2, 2, 2, 2, 2, 2 ], 1 ], [ [ 2, 2, 2, 2, 2, 2, 2, 2, 2, 2, 2, 2 ], 12 ], [ [ 2, 2, 2, 2, 2, 2, 2, 2, 2, 2, 2, 2 ], 12 ], [ [ 2, 2, 2, 2, 2, 2, 2, 2, 2, 2, 2, 2 ], 12 ], [ [ 2, 2, 2, 2, 2, 2, 2, 2, 2, 2, 2, 2 ], 12 ], [ [ 3, 3, 3, 3, 3, 3, 3, 3 ], 64 ], [ [ 6, 6, 6, 6 ], 64 ], [ [ 6, 6, 6, 6 ], 64 ], [ [ 3, 3, 3, 3, 3, 3, 3, 3 ], 64 ] ]
955|384|[ 384, 5861 ]|[ [ [ 1, 1, 1, 1, 1, 1, 1, 1, 1, 1, 1, 1, 1, 1, 1, 1, 1, 1, 1, 1, 1, 1, 1, 1 ], 1 ], [ [ 1, 1, 1, 1, 1, 1, 1, 1, 1, 1, 1, 1, 1, 1, 1, 1, 2, 2, 2, 2 ], 3 ], [ [ 1, 1, 1, 1, 1, 1, 1, 1, 2, 2, 2, 2, 2, 2, 2, 2 ], 3 ], [ [ 1, 1, 1, 1, 2, 2, 4, 4, 4, 4 ], 6 ], [ [ 1, 1, 1, 1, 2, 2, 4, 4, 4, 4 ], 6 ], [ [ 1, 1, 1, 1, 2, 2, 4, 4, 4, 4 ], 6 ], [ [ 1, 1, 1, 1, 2, 2, 4, 4, 4, 4 ], 6 ], [ [ 1, 1, 1, 1, 2, 2, 4, 4, 4, 4 ], 6 ], [ [ 1, 1, 1, 1, 2, 2, 4, 4, 4, 4 ], 6 ], [ [ 1, 1, 1, 1, 2, 2, 4, 4, 4, 4 ], 6 ], [ [ 1, 1, 1, 1, 2, 2, 4, 4, 4, 4 ], 6 ], [ [ 1, 1, 1, 1, 2, 2, 2, 2, 2, 2, 2, 2, 2, 2 ], 6 ], [ [ 1, 1, 1, 1, 2, 2, 2, 2, 2, 2, 2, 2, 2, 2 ], 6 ], [ [ 1, 1, 1, 1, 2, 2, 2, 2, 2, 2, 2, 2, 2, 2 ], 6 ], [ [ 1, 1, 1, 1, 2, 2, 2, 2, 2, 2, 2, 2, 2, 2 ], 6 ], [ [ 2, 2, 2, 2, 2, 2, 2, 2, 2, 2, 2, 2 ], 1 ], [ [ 2, 2, 2, 2, 2, 2, 2, 2, 4, 4 ], 6 ], [ [ 2, 2, 2, 2, 2, 2, 2, 2, 4, 4 ], 6 ], [ [ 2, 2, 2, 2, 2, 2, 2, 2, 4, 4 ], 6 ], [ [ 2, 2, 2, 2, 2, 2, 2, 2, 4, 4 ], 6 ], [ [ 2, 2, 2, 2, 2, 2, 2, 2, 4, 4 ], 6 ], [ [ 2, 2, 2, 2, 2, 2, 2, 2, 4, 4 ], 6 ], [ [ 2, 2, 2, 2, 2, 2, 2, 2, 4, 4 ], 6 ], [ [ 2, 2, 2, 2, 2, 2, 2, 2, 4, 4 ], 6 ], [ [ 3, 3, 3, 3, 3, 3, 3, 3 ], 64 ], [ [ 6, 6, 6, 6 ], 64 ], [ [ 3, 3, 3, 3, 3, 3, 3, 3 ], 64 ], [ [ 6, 6, 6, 6 ], 64 ] ]
956|384|[ 384, 5861 ]|[ [ [ 1, 1, 1, 1, 1, 1, 1, 1, 1, 1, 1, 1, 1, 1, 1, 1, 1, 1, 1, 1, 1, 1, 1, 1 ], 1 ], [ [ 1, 1, 1, 1, 1, 1, 1, 1, 1, 1, 1, 1, 1, 1, 1, 1, 2, 2, 2, 2 ], 3 ], [ [ 1, 1, 1, 1, 1, 1, 1, 1, 2, 2, 2, 2, 2, 2, 2, 2 ], 3 ], [ [ 1, 1, 1, 1, 2, 2, 2, 2, 2, 2, 4, 4 ], 6 ], [ [ 1, 1, 1, 1, 2, 2, 2, 2, 2, 2, 4, 4 ], 6 ], [ [ 1, 1, 1, 1, 2, 2, 2, 2, 2, 2, 4, 4 ], 6 ], [ [ 1, 1, 1, 1, 2, 2, 2, 2, 2, 2, 4, 4 ], 6 ], [ [ 1, 1, 1, 1, 2, 2, 2, 2, 2, 2, 4, 4 ], 6 ], [ [ 1, 1, 1, 1, 2, 2, 2, 2, 2, 2, 4, 4 ], 6 ], [ [ 1, 1, 1, 1, 2, 2, 2, 2, 2, 2, 4, 4 ], 6 ], [ [ 1, 1, 1, 1, 2, 2, 2, 2, 2, 2, 4, 4 ], 6 ], [ [ 1, 1, 1, 1, 2, 2, 4, 4, 4, 4 ], 6 ], [ [ 1, 1, 1, 1, 2, 2, 4, 4, 4, 4 ], 6 ], [ [ 1, 1, 1, 1, 2, 2, 4, 4, 4, 4 ], 6 ], [ [ 1, 1, 1, 1, 2, 2, 4, 4, 4, 4 ], 6 ], [ [ 2, 2, 2, 2, 2, 2, 2, 2, 2, 2, 2, 2 ], 1 ], [ [ 2, 2, 2, 2, 2, 2, 2, 2, 2, 2, 2, 2 ], 6 ], [ [ 2, 2, 2, 2, 2, 2, 2, 2, 2, 2, 2, 2 ], 6 ], [ [ 2, 2, 2, 2, 2, 2, 2, 2, 2, 2, 2, 2 ], 6 ], [ [ 2, 2, 2, 2, 2, 2, 2, 2, 2, 2, 2, 2 ], 6 ], [ [ 2, 2, 2, 2, 4, 4, 4, 4 ], 6 ], [ [ 2, 2, 2, 2, 4, 4, 4, 4 ], 6 ], [ [ 2, 2, 2, 2, 4, 4, 4, 4 ], 6 ], [ [ 2, 2, 2, 2, 4, 4, 4, 4 ], 6 ], [ [ 6, 6, 6, 6 ], 64 ], [ [ 3, 3, 3, 3, 3, 3, 3, 3 ], 64 ], [ [ 6, 6, 6, 6 ], 64 ], [ [ 3, 3, 3, 3, 3, 3, 3, 3 ], 64 ] ]
957|384|[ 384, 5868 ]|[ [ [ 1, 1, 1, 1, 1, 1, 1, 1, 1, 1, 1, 1, 1, 1, 1, 1, 1, 1, 1, 1, 1, 1, 1, 1 ], 1 ], [ [ 1, 1, 1, 1, 1, 1, 1, 1, 1, 1, 1, 1, 1, 1, 1, 1, 2, 2, 2, 2 ], 3 ], [ [ 1, 1, 1, 1, 1, 1, 1, 1, 2, 2, 2, 2, 2, 2, 2, 2 ], 3 ], [ [ 1, 1, 1, 1, 2, 2, 2, 2, 2, 2, 4, 4 ], 24 ], [ [ 1, 1, 1, 1, 2, 2, 2, 2, 2, 2, 4, 4 ], 24 ], [ [ 1, 1, 1, 1, 2, 2, 2, 2, 2, 2, 2, 2, 2, 2 ], 12 ], [ [ 1, 1, 1, 1, 2, 2, 2, 2, 2, 2, 2, 2, 2, 2 ], 12 ], [ [ 2, 2, 2, 2, 2, 2, 2, 2, 2, 2, 2, 2 ], 1 ], [ [ 2, 2, 2, 2, 2, 2, 2, 2, 4, 4 ], 24 ], [ [ 4, 4, 4, 4, 4, 4 ], 24 ], [ [ 3, 3, 3, 3, 3, 3, 3, 3 ], 64 ], [ [ 6, 6, 6, 6 ], 64 ], [ [ 3, 3, 3, 3, 3, 3, 3, 3 ], 64 ], [ [ 6, 6, 6, 6 ], 64 ] ]
958|384|[ 384, 20126 ]|[ [ [ 1, 1, 1, 1, 1, 1, 1, 1, 1, 1, 1, 1, 1, 1, 1, 1, 1, 1, 1, 1, 1, 1, 1, 1 ], 1 ], [ [ 1, 1, 1, 1, 1, 1, 1, 1, 1, 1, 1, 1, 1, 1, 1, 1, 2, 2, 2, 2 ], 3 ], [ [ 1, 1, 1, 1, 1, 1, 1, 1, 2, 2, 2, 2, 2, 2, 2, 2 ], 3 ], [ [ 1, 1, 1, 1, 2, 2, 2, 2, 2, 2, 2, 2, 2, 2 ], 6 ], [ [ 1, 1, 1, 1, 2, 2, 2, 2, 2, 2, 2, 2, 2, 2 ], 6 ], [ [ 1, 1, 1, 1, 2, 2, 2, 2, 2, 2, 2, 2, 2, 2 ], 6 ], [ [ 1, 1, 1, 1, 2, 2, 2, 2, 2, 2, 2, 2, 2, 2 ], 6 ], [ [ 1, 1, 1, 1, 2, 2, 2, 2, 2, 2, 2, 2, 2, 2 ], 6 ], [ [ 1, 1, 1, 1, 2, 2, 2, 2, 2, 2, 2, 2, 2, 2 ], 6 ], [ [ 1, 1, 1, 1, 2, 2, 2, 2, 2, 2, 2, 2, 2, 2 ], 6 ], [ [ 1, 1, 1, 1, 2, 2, 2, 2, 2, 2, 2, 2, 2, 2 ], 6 ], [ [ 1, 1, 1, 1, 2, 2, 2, 2, 2, 2, 2, 2, 2, 2 ], 6 ], [ [ 1, 1, 1, 1, 2, 2, 2, 2, 2, 2, 2, 2, 2, 2 ], 6 ], [ [ 1, 1, 1, 1, 2, 2, 2, 2, 2, 2, 2, 2, 2, 2 ], 6 ], [ [ 1, 1, 1, 1, 2, 2, 2, 2, 2, 2, 2, 2, 2, 2 ], 6 ], [ [ 2, 2, 2, 2, 2, 2, 2, 2, 2, 2, 2, 2 ], 1 ], [ [ 4, 4, 4, 4, 4, 4 ], 6 ], [ [ 4, 4, 4, 4, 4, 4 ], 6 ], [ [ 4, 4, 4, 4, 4, 4 ], 6 ], [ [ 4, 4, 4, 4, 4, 4 ], 6 ], [ [ 4, 4, 4, 4, 4, 4 ], 6 ], [ [ 4, 4, 4, 4, 4, 4 ], 6 ], [ [ 4, 4, 4, 4, 4, 4 ], 6 ], [ [ 4, 4, 4, 4, 4, 4 ], 6 ], [ [ 3, 3, 3, 3, 3, 3, 3, 3 ], 64 ], [ [ 6, 6, 6, 6 ], 64 ], [ [ 3, 3, 3, 3, 3, 3, 3, 3 ], 64 ], [ [ 6, 6, 6, 6 ], 64 ] ]
959|384|[ 384, 5861 ]|[ [ [ 1, 1, 1, 1, 1, 1, 1, 1, 1, 1, 1, 1, 1, 1, 1, 1, 1, 1, 1, 1, 1, 1, 1, 1 ], 1 ], [ [ 1, 1, 1, 1, 1, 1, 1, 1, 1, 1, 1, 1, 1, 1, 1, 1, 2, 2, 2, 2 ], 3 ], [ [ 1, 1, 1, 1, 1, 1, 1, 1, 2, 2, 2, 2, 2, 2, 2, 2 ], 3 ], [ [ 1, 1, 1, 1, 2, 2, 2, 2, 2, 2, 4, 4 ], 6 ], [ [ 1, 1, 1, 1, 2, 2, 2, 2, 2, 2, 4, 4 ], 6 ], [ [ 1, 1, 1, 1, 2, 2, 2, 2, 2, 2, 4, 4 ], 6 ], [ [ 1, 1, 1, 1, 2, 2, 2, 2, 2, 2, 4, 4 ], 6 ], [ [ 1, 1, 1, 1, 2, 2, 2, 2, 2, 2, 2, 2, 2, 2 ], 6 ], [ [ 1, 1, 1, 1, 2, 2, 2, 2, 2, 2, 2, 2, 2, 2 ], 6 ], [ [ 1, 1, 1, 1, 2, 2, 2, 2, 2, 2, 2, 2, 2, 2 ], 6 ], [ [ 1, 1, 1, 1, 2, 2, 2, 2, 2, 2, 2, 2, 2, 2 ], 6 ], [ [ 1, 1, 1, 1, 2, 2, 2, 2, 2, 2, 4, 4 ], 6 ], [ [ 1, 1, 1, 1, 2, 2, 2, 2, 2, 2, 4, 4 ], 6 ], [ [ 1, 1, 1, 1, 2, 2, 2, 2, 2, 2, 4, 4 ], 6 ], [ [ 1, 1, 1, 1, 2, 2, 2, 2, 2, 2, 4, 4 ], 6 ], [ [ 2, 2, 2, 2, 2, 2, 2, 2, 2, 2, 2, 2 ], 1 ], [ [ 2, 2, 2, 2, 4, 4, 4, 4 ], 6 ], [ [ 2, 2, 2, 2, 4, 4, 4, 4 ], 6 ], [ [ 2, 2, 2, 2, 4, 4, 4, 4 ], 6 ], [ [ 2, 2, 2, 2, 4, 4, 4, 4 ], 6 ], [ [ 2, 2, 2, 2, 4, 4, 4, 4 ], 6 ], [ [ 2, 2, 2, 2, 4, 4, 4, 4 ], 6 ], [ [ 2, 2, 2, 2, 4, 4, 4, 4 ], 6 ], [ [ 2, 2, 2, 2, 4, 4, 4, 4 ], 6 ], [ [ 3, 3, 3, 3, 3, 3, 3, 3 ], 64 ], [ [ 6, 6, 6, 6 ], 64 ], [ [ 3, 3, 3, 3, 3, 3, 3, 3 ], 64 ], [ [ 6, 6, 6, 6 ], 64 ] ]
960|384|[ 384, 5871 ]|[ [ [ 1, 1, 1, 1, 1, 1, 1, 1, 1, 1, 1, 1, 1, 1, 1, 1, 1, 1, 1, 1, 1, 1, 1, 1 ], 1 ], [ [ 1, 1, 1, 1, 1, 1, 1, 1, 1, 1, 1, 1, 1, 1, 1, 1, 2, 2, 2, 2 ], 3 ], [ [ 1, 1, 1, 1, 1, 1, 1, 1, 2, 2, 2, 2, 2, 2, 2, 2 ], 3 ], [ [ 1, 1, 1, 1, 2, 2, 2, 2, 2, 2, 4, 4 ], 24 ], [ [ 1, 1, 1, 1, 2, 2, 2, 2, 2, 2, 4, 4 ], 24 ], [ [ 1, 1, 1, 1, 2, 2, 2, 2, 2, 2, 4, 4 ], 24 ], [ [ 2, 2, 2, 2, 2, 2, 2, 2, 2, 2, 2, 2 ], 1 ], [ [ 2, 2, 2, 2, 2, 2, 2, 2, 4, 4 ], 24 ], [ [ 2, 2, 2, 2, 4, 4, 4, 4 ], 12 ], [ [ 2, 2, 2, 2, 4, 4, 4, 4 ], 12 ], [ [ 3, 3, 3, 3, 3, 3, 3, 3 ], 64 ], [ [ 6, 6, 6, 6 ], 64 ], [ [ 3, 3, 3, 3, 3, 3, 3, 3 ], 64 ], [ [ 6, 6, 6, 6 ], 64 ] ]
961|384|[ 384, 5868 ]|[ [ [ 1, 1, 1, 1, 1, 1, 1, 1, 1, 1, 1, 1, 1, 1, 1, 1, 1, 1, 1, 1, 1, 1, 1, 1 ], 1 ], [ [ 1, 1, 1, 1, 1, 1, 1, 1, 1, 1, 1, 1, 1, 1, 1, 1, 2, 2, 2, 2 ], 3 ], [ [ 1, 1, 1, 1, 1, 1, 1, 1, 2, 2, 2, 2, 2, 2, 2, 2 ], 3 ], [ [ 1, 1, 1, 1, 2, 2, 2, 2, 2, 2, 4, 4 ], 24 ], [ [ 1, 1, 1, 1, 2, 2, 2, 2, 2, 2, 4, 4 ], 24 ], [ [ 1, 1, 1, 1, 2, 2, 2, 2, 2, 2, 4, 4 ], 24 ], [ [ 2, 2, 2, 2, 2, 2, 2, 2, 2, 2, 2, 2 ], 1 ], [ [ 2, 2, 2, 2, 2, 2, 2, 2, 2, 2, 2, 2 ], 12 ], [ [ 2, 2, 2, 2, 2, 2, 2, 2, 2, 2, 2, 2 ], 12 ], [ [ 4, 4, 4, 4, 4, 4 ], 24 ], [ [ 3, 3, 3, 3, 3, 3, 3, 3 ], 64 ], [ [ 6, 6, 6, 6 ], 64 ], [ [ 3, 3, 3, 3, 3, 3, 3, 3 ], 64 ], [ [ 6, 6, 6, 6 ], 64 ] ]
962|384|[ 384, 3560 ]|[ [ [ 1, 1, 1, 1, 1, 1, 1, 1, 1, 1, 1, 1, 1, 1, 1, 1, 1, 1, 1, 1, 1, 1, 1, 1 ], 1 ], [ [ 1, 1, 1, 1, 1, 1, 1, 1, 1, 1, 1, 1, 2, 2, 2, 2, 2, 2 ], 4 ], [ [ 1, 1, 1, 1, 1, 1, 1, 1, 1, 1, 1, 1, 2, 2, 2, 2, 2, 2 ], 2 ], [ [ 1, 1, 1, 1, 1, 1, 1, 1, 1, 1, 1, 1, 4, 4, 4 ], 4 ], [ [ 1, 1, 1, 1, 1, 1, 2, 2, 2, 2, 2, 2, 2, 2, 2 ], 8 ], [ [ 1, 1, 1, 1, 1, 1, 2, 2, 2, 2, 2, 2, 2, 2, 2 ], 12 ], [ [ 1, 1, 2, 2, 2, 2, 2, 2, 2, 2, 2, 2, 2 ], 12 ], [ [ 1, 1, 1, 1, 2, 2, 2, 2, 2, 2, 2, 2, 2, 2 ], 12 ], [ [ 1, 1, 2, 2, 2, 2, 2, 4, 4, 4 ], 24 ], [ [ 2, 2, 2, 2, 2, 2, 2, 2, 2, 2, 2, 2 ], 1 ], [ [ 2, 2, 2, 2, 2, 2, 4, 4, 4 ], 4 ], [ [ 2, 2, 2, 2, 2, 2, 2, 2, 2, 2, 2, 2 ], 12 ], [ [ 3, 3, 3, 3, 6, 6 ], 4 ], [ [ 3, 3, 3, 3, 6, 6 ], 8 ], [ [ 3, 3, 3, 3, 3, 3, 3, 3 ], 2 ], [ [ 3, 3, 3, 3, 12 ], 8 ], [ [ 3, 3, 6, 6, 6 ], 16 ], [ [ 6, 6, 6, 6 ], 2 ], [ [ 6, 6, 12 ], 8 ], [ [ 2, 2, 2, 2, 2, 2, 2, 2, 2, 2, 2, 2 ], 8 ], [ [ 4, 4, 4, 4, 4, 4 ], 8 ], [ [ 8, 8, 8 ], 16 ], [ [ 2, 2, 2, 2, 2, 2, 4, 4, 4 ], 48 ], [ [ 4, 4, 4, 4, 4, 4 ], 48 ], [ [ 12, 12 ], 8 ], [ [ 12, 12 ], 8 ], [ [ 6, 6, 6, 6 ], 8 ], [ [ 6, 6, 6, 6 ], 8 ], [ [ 24 ], 16 ], [ [ 24 ], 16 ], [ [ 6, 6, 6, 6 ], 8 ], [ [ 12, 12 ], 4 ], [ [ 12, 12 ], 4 ], [ [ 2, 2, 2, 2, 2, 2, 4, 4, 4 ], 24 ], [ [ 4, 4, 4, 4, 4, 4 ], 4 ], [ [ 2, 2, 2, 2, 2, 2, 2, 2, 2, 2, 2, 2 ], 4 ] ]
963|384|[ 384, 12852 ]|[ [ [ 1, 1, 1, 1, 1, 1, 1, 1, 1, 1, 1, 1, 1, 1, 1, 1, 1, 1, 1, 1, 1, 1, 1, 1 ], 1 ], [ [ 1, 1, 1, 1, 1, 1, 1, 1, 1, 1, 1, 1, 2, 2, 2, 2, 2, 2 ], 4 ], [ [ 1, 1, 1, 1, 1, 1, 1, 1, 1, 1, 1, 1, 2, 2, 2, 2, 2, 2 ], 2 ], [ [ 1, 1, 1, 1, 1, 1, 1, 1, 1, 1, 1, 1, 4, 4, 4 ], 4 ], [ [ 1, 1, 1, 1, 1, 1, 2, 2, 2, 2, 2, 2, 2, 2, 2 ], 8 ], [ [ 1, 1, 1, 1, 1, 1, 1, 1, 2, 2, 2, 2, 2, 2, 2, 2 ], 3 ], [ [ 1, 1, 1, 1, 2, 2, 2, 2, 2, 2, 2, 2, 2, 2 ], 12 ], [ [ 1, 1, 1, 1, 2, 2, 2, 2, 2, 2, 2, 2, 2, 2 ], 6 ], [ [ 1, 1, 1, 1, 2, 2, 2, 2, 4, 4, 4 ], 12 ], [ [ 1, 1, 2, 2, 2, 2, 2, 2, 2, 2, 2, 2, 2 ], 24 ], [ [ 2, 2, 2, 2, 2, 2, 2, 2, 2, 2, 2, 2 ], 1 ], [ [ 2, 2, 2, 2, 2, 2, 4, 4, 4 ], 4 ], [ [ 2, 2, 2, 2, 2, 2, 2, 2, 2, 2, 2, 2 ], 3 ], [ [ 2, 2, 2, 2, 2, 2, 4, 4, 4 ], 12 ], [ [ 3, 3, 3, 3, 6, 6 ], 4 ], [ [ 3, 3, 3, 3, 6, 6 ], 8 ], [ [ 3, 3, 3, 3, 3, 3, 3, 3 ], 2 ], [ [ 3, 3, 3, 3, 12 ], 8 ], [ [ 3, 3, 6, 6, 6 ], 16 ], [ [ 6, 6, 6, 6 ], 2 ], [ [ 6, 6, 12 ], 8 ], [ [ 2, 2, 2, 2, 2, 2, 2, 2, 2, 2, 2, 2 ], 4 ], [ [ 2, 2, 2, 2, 2, 2, 2, 2, 2, 2, 2, 2 ], 4 ], [ [ 4, 4, 4, 4, 4, 4 ], 4 ], [ [ 4, 4, 4, 4, 4, 4 ], 4 ], [ [ 8, 8, 8 ], 8 ], [ [ 8, 8, 8 ], 8 ], [ [ 2, 2, 2, 2, 2, 2, 2, 2, 2, 2, 2, 2 ], 12 ], [ [ 2, 2, 2, 2, 2, 2, 2, 2, 2, 2, 2, 2 ], 12 ], [ [ 4, 4, 4, 4, 4, 4 ], 12 ], [ [ 4, 4, 4, 4, 4, 4 ], 12 ], [ [ 8, 8, 8 ], 24 ], [ [ 8, 8, 8 ], 24 ], [ [ 12, 12 ], 8 ], [ [ 12, 12 ], 8 ], [ [ 6, 6, 6, 6 ], 8 ], [ [ 6, 6, 6, 6 ], 8 ], [ [ 24 ], 16 ], [ [ 24 ], 16 ], [ [ 6, 6, 6, 6 ], 8 ], [ [ 12, 12 ], 4 ], [ [ 12, 12 ], 4 ], [ [ 2, 2, 2, 2, 2, 2, 2, 2, 2, 2, 2, 2 ], 12 ], [ [ 4, 4, 4, 4, 4, 4 ], 6 ], [ [ 4, 4, 4, 4, 4, 4 ], 6 ], [ [ 4, 4, 4, 4, 4, 4 ], 2 ], [ [ 2, 2, 2, 2, 2, 2, 2, 2, 2, 2, 2, 2 ], 4 ], [ [ 4, 4, 4, 4, 4, 4 ], 2 ] ]
964|384|[ 384, 1706 ]|[ [ [ 1, 1, 1, 1, 1, 1, 1, 1, 1, 1, 1, 1, 1, 1, 1, 1, 1, 1, 1, 1, 1, 1, 1, 1 ], 1 ], [ [ 1, 1, 1, 1, 1, 1, 1, 1, 1, 1, 1, 1, 2, 2, 2, 2, 2, 2 ], 4 ], [ [ 1, 1, 1, 1, 1, 1, 1, 1, 1, 1, 1, 1, 2, 2, 2, 2, 2, 2 ], 2 ], [ [ 1, 1, 1, 1, 1, 1, 1, 1, 1, 1, 1, 1, 2, 2, 2, 2, 2, 2 ], 4 ], [ [ 1, 1, 1, 1, 1, 1, 2, 2, 2, 4, 4, 4 ], 8 ], [ [ 1, 1, 1, 1, 1, 1, 2, 2, 2, 2, 2, 2, 2, 2, 2 ], 12 ], [ [ 1, 1, 2, 2, 2, 2, 2, 2, 2, 2, 2, 2, 2 ], 12 ], [ [ 1, 1, 1, 1, 2, 2, 2, 2, 4, 4, 4 ], 12 ], [ [ 1, 1, 2, 2, 2, 2, 2, 2, 2, 2, 2, 2, 2 ], 24 ], [ [ 2, 2, 2, 2, 2, 2, 2, 2, 2, 2, 2, 2 ], 1 ], [ [ 2, 2, 2, 2, 2, 2, 2, 2, 2, 2, 2, 2 ], 4 ], [ [ 2, 2, 2, 2, 2, 2, 4, 4, 4 ], 12 ], [ [ 3, 3, 3, 3, 6, 6 ], 4 ], [ [ 3, 3, 3, 3, 6, 6 ], 8 ], [ [ 3, 3, 3, 3, 3, 3, 3, 3 ], 2 ], [ [ 3, 3, 3, 3, 6, 6 ], 8 ], [ [ 3, 3, 6, 12 ], 16 ], [ [ 6, 6, 6, 6 ], 2 ], [ [ 6, 6, 6, 6 ], 8 ], [ [ 2, 2, 2, 2, 2, 2, 4, 4, 4 ], 16 ], [ [ 8, 8, 8 ], 16 ], [ [ 2, 2, 2, 2, 2, 2, 2, 2, 2, 2, 2, 2 ], 24 ], [ [ 4, 4, 4, 4, 4, 4 ], 24 ], [ [ 4, 4, 4, 4, 4, 4 ], 48 ], [ [ 6, 6, 12 ], 16 ], [ [ 6, 6, 12 ], 16 ], [ [ 24 ], 16 ], [ [ 24 ], 16 ], [ [ 6, 6, 6, 6 ], 8 ], [ [ 12, 12 ], 8 ], [ [ 2, 2, 2, 2, 2, 2, 4, 4, 4 ], 24 ], [ [ 4, 4, 4, 4, 4, 4 ], 4 ], [ [ 2, 2, 2, 2, 2, 2, 2, 2, 2, 2, 2, 2 ], 4 ] ]
965|384|[ 384, 1710 ]|[ [ [ 1, 1, 1, 1, 1, 1, 1, 1, 1, 1, 1, 1, 1, 1, 1, 1, 1, 1, 1, 1, 1, 1, 1, 1 ], 1 ], [ [ 1, 1, 1, 1, 1, 1, 1, 1, 1, 1, 1, 1, 2, 2, 2, 2, 2, 2 ], 4 ], [ [ 1, 1, 1, 1, 1, 1, 1, 1, 1, 1, 1, 1, 2, 2, 2, 2, 2, 2 ], 2 ], [ [ 1, 1, 1, 1, 1, 1, 1, 1, 1, 1, 1, 1, 2, 2, 2, 2, 2, 2 ], 4 ], [ [ 1, 1, 1, 1, 1, 1, 2, 2, 2, 4, 4, 4 ], 8 ], [ [ 1, 1, 1, 1, 1, 1, 1, 1, 2, 2, 2, 2, 2, 2, 2, 2 ], 3 ], [ [ 1, 1, 1, 1, 2, 2, 2, 2, 2, 2, 2, 2, 2, 2 ], 12 ], [ [ 1, 1, 1, 1, 2, 2, 2, 2, 2, 2, 2, 2, 2, 2 ], 6 ], [ [ 1, 1, 1, 1, 2, 2, 2, 2, 2, 2, 2, 2, 2, 2 ], 12 ], [ [ 1, 1, 2, 2, 2, 2, 2, 4, 4, 4 ], 24 ], [ [ 2, 2, 2, 2, 2, 2, 2, 2, 2, 2, 2, 2 ], 1 ], [ [ 2, 2, 2, 2, 2, 2, 2, 2, 2, 2, 2, 2 ], 4 ], [ [ 2, 2, 2, 2, 2, 2, 2, 2, 2, 2, 2, 2 ], 3 ], [ [ 2, 2, 2, 2, 2, 2, 2, 2, 2, 2, 2, 2 ], 12 ], [ [ 3, 3, 3, 3, 6, 6 ], 4 ], [ [ 3, 3, 3, 3, 6, 6 ], 8 ], [ [ 3, 3, 3, 3, 3, 3, 3, 3 ], 2 ], [ [ 3, 3, 3, 3, 6, 6 ], 8 ], [ [ 3, 3, 6, 12 ], 16 ], [ [ 6, 6, 6, 6 ], 2 ], [ [ 6, 6, 6, 6 ], 8 ], [ [ 2, 2, 2, 2, 2, 2, 4, 4, 4 ], 8 ], [ [ 2, 2, 2, 2, 2, 2, 4, 4, 4 ], 8 ], [ [ 8, 8, 8 ], 8 ], [ [ 8, 8, 8 ], 8 ], [ [ 2, 2, 2, 2, 2, 2, 4, 4, 4 ], 24 ], [ [ 2, 2, 2, 2, 2, 2, 4, 4, 4 ], 24 ], [ [ 8, 8, 8 ], 24 ], [ [ 8, 8, 8 ], 24 ], [ [ 6, 6, 12 ], 16 ], [ [ 6, 6, 12 ], 16 ], [ [ 24 ], 16 ], [ [ 24 ], 16 ], [ [ 6, 6, 6, 6 ], 8 ], [ [ 12, 12 ], 8 ], [ [ 2, 2, 2, 2, 2, 2, 2, 2, 2, 2, 2, 2 ], 12 ], [ [ 4, 4, 4, 4, 4, 4 ], 12 ], [ [ 4, 4, 4, 4, 4, 4 ], 4 ], [ [ 2, 2, 2, 2, 2, 2, 2, 2, 2, 2, 2, 2 ], 4 ] ]
966|384|[ 384, 3572 ]|[ [ [ 1, 1, 1, 1, 1, 1, 1, 1, 1, 1, 1, 1, 1, 1, 1, 1, 1, 1, 1, 1, 1, 1, 1, 1 ], 1 ], [ [ 1, 1, 1, 1, 1, 1, 1, 1, 1, 1, 1, 1, 2, 2, 2, 2, 2, 2 ], 4 ], [ [ 1, 1, 1, 1, 1, 1, 1, 1, 1, 1, 1, 1, 2, 2, 2, 2, 2, 2 ], 2 ], [ [ 1, 1, 1, 1, 1, 1, 1, 1, 1, 1, 1, 1, 2, 2, 2, 2, 2, 2 ], 4 ], [ [ 1, 1, 1, 1, 1, 1, 2, 2, 2, 4, 4, 4 ], 8 ], [ [ 1, 1, 1, 1, 1, 1, 2, 2, 2, 2, 2, 2, 2, 2, 2 ], 12 ], [ [ 1, 1, 2, 2, 2, 2, 2, 2, 2, 2, 2, 2, 2 ], 12 ], [ [ 1, 1, 1, 1, 2, 2, 2, 2, 4, 4, 4 ], 12 ], [ [ 1, 1, 2, 2, 2, 2, 2, 2, 2, 2, 2, 2, 2 ], 24 ], [ [ 2, 2, 2, 2, 2, 2, 2, 2, 2, 2, 2, 2 ], 1 ], [ [ 2, 2, 2, 2, 2, 2, 2, 2, 2, 2, 2, 2 ], 4 ], [ [ 2, 2, 2, 2, 2, 2, 4, 4, 4 ], 12 ], [ [ 3, 3, 3, 3, 3, 3, 3, 3 ], 2 ], [ [ 3, 3, 3, 3, 6, 6 ], 8 ], [ [ 3, 3, 3, 3, 6, 6 ], 4 ], [ [ 3, 3, 3, 3, 6, 6 ], 8 ], [ [ 3, 3, 6, 12 ], 16 ], [ [ 6, 6, 6, 6 ], 2 ], [ [ 6, 6, 6, 6 ], 8 ], [ [ 2, 2, 2, 2, 2, 2, 2, 2, 2, 2, 2, 2 ], 8 ], [ [ 4, 4, 4, 4, 4, 4 ], 8 ], [ [ 4, 4, 4, 4, 4, 4 ], 16 ], [ [ 2, 2, 2, 2, 2, 2, 4, 4, 4 ], 48 ], [ [ 8, 8, 8 ], 48 ], [ [ 6, 6, 6, 6 ], 8 ], [ [ 6, 6, 6, 6 ], 8 ], [ [ 12, 12 ], 8 ], [ [ 12, 12 ], 8 ], [ [ 12, 12 ], 16 ], [ [ 12, 12 ], 16 ], [ [ 6, 6, 6, 6 ], 4 ], [ [ 12, 12 ], 8 ], [ [ 6, 6, 6, 6 ], 4 ], [ [ 2, 2, 2, 2, 2, 2, 4, 4, 4 ], 24 ], [ [ 4, 4, 4, 4, 4, 4 ], 4 ], [ [ 2, 2, 2, 2, 2, 2, 2, 2, 2, 2, 2, 2 ], 4 ] ]
967|384|[ 384, 12882 ]|[ [ [ 1, 1, 1, 1, 1, 1, 1, 1, 1, 1, 1, 1, 1, 1, 1, 1, 1, 1, 1, 1, 1, 1, 1, 1 ], 1 ], [ [ 1, 1, 1, 1, 1, 1, 1, 1, 1, 1, 1, 1, 2, 2, 2, 2, 2, 2 ], 4 ], [ [ 1, 1, 1, 1, 1, 1, 1, 1, 1, 1, 1, 1, 2, 2, 2, 2, 2, 2 ], 2 ], [ [ 1, 1, 1, 1, 1, 1, 1, 1, 1, 1, 1, 1, 2, 2, 2, 2, 2, 2 ], 4 ], [ [ 1, 1, 1, 1, 1, 1, 2, 2, 2, 4, 4, 4 ], 8 ], [ [ 1, 1, 1, 1, 1, 1, 1, 1, 2, 2, 2, 2, 2, 2, 2, 2 ], 3 ], [ [ 1, 1, 1, 1, 2, 2, 2, 2, 2, 2, 2, 2, 2, 2 ], 12 ], [ [ 1, 1, 1, 1, 2, 2, 2, 2, 2, 2, 2, 2, 2, 2 ], 6 ], [ [ 1, 1, 1, 1, 2, 2, 2, 2, 2, 2, 2, 2, 2, 2 ], 12 ], [ [ 1, 1, 2, 2, 2, 2, 2, 4, 4, 4 ], 24 ], [ [ 2, 2, 2, 2, 2, 2, 2, 2, 2, 2, 2, 2 ], 1 ], [ [ 2, 2, 2, 2, 2, 2, 2, 2, 2, 2, 2, 2 ], 4 ], [ [ 2, 2, 2, 2, 2, 2, 2, 2, 2, 2, 2, 2 ], 3 ], [ [ 2, 2, 2, 2, 2, 2, 2, 2, 2, 2, 2, 2 ], 12 ], [ [ 3, 3, 3, 3, 3, 3, 3, 3 ], 2 ], [ [ 3, 3, 3, 3, 6, 6 ], 8 ], [ [ 3, 3, 3, 3, 6, 6 ], 4 ], [ [ 3, 3, 3, 3, 6, 6 ], 8 ], [ [ 3, 3, 6, 12 ], 16 ], [ [ 6, 6, 6, 6 ], 2 ], [ [ 6, 6, 6, 6 ], 8 ], [ [ 2, 2, 2, 2, 2, 2, 2, 2, 2, 2, 2, 2 ], 4 ], [ [ 2, 2, 2, 2, 2, 2, 2, 2, 2, 2, 2, 2 ], 4 ], [ [ 4, 4, 4, 4, 4, 4 ], 4 ], [ [ 4, 4, 4, 4, 4, 4 ], 4 ], [ [ 4, 4, 4, 4, 4, 4 ], 8 ], [ [ 4, 4, 4, 4, 4, 4 ], 8 ], [ [ 2, 2, 2, 2, 2, 2, 2, 2, 2, 2, 2, 2 ], 12 ], [ [ 2, 2, 2, 2, 2, 2, 2, 2, 2, 2, 2, 2 ], 12 ], [ [ 4, 4, 4, 4, 4, 4 ], 12 ], [ [ 4, 4, 4, 4, 4, 4 ], 12 ], [ [ 4, 4, 4, 4, 4, 4 ], 24 ], [ [ 4, 4, 4, 4, 4, 4 ], 24 ], [ [ 6, 6, 6, 6 ], 8 ], [ [ 6, 6, 6, 6 ], 8 ], [ [ 12, 12 ], 8 ], [ [ 12, 12 ], 8 ], [ [ 12, 12 ], 16 ], [ [ 12, 12 ], 16 ], [ [ 6, 6, 6, 6 ], 4 ], [ [ 12, 12 ], 8 ], [ [ 6, 6, 6, 6 ], 4 ], [ [ 2, 2, 2, 2, 2, 2, 2, 2, 2, 2, 2, 2 ], 6 ], [ [ 4, 4, 4, 4, 4, 4 ], 12 ], [ [ 2, 2, 2, 2, 2, 2, 2, 2, 2, 2, 2, 2 ], 6 ], [ [ 4, 4, 4, 4, 4, 4 ], 4 ], [ [ 2, 2, 2, 2, 2, 2, 2, 2, 2, 2, 2, 2 ], 2 ], [ [ 2, 2, 2, 2, 2, 2, 2, 2, 2, 2, 2, 2 ], 2 ] ]
968|384|[ 384, 1722 ]|[ [ [ 1, 1, 1, 1, 1, 1, 1, 1, 1, 1, 1, 1, 1, 1, 1, 1, 1, 1, 1, 1, 1, 1, 1, 1 ], 1 ], [ [ 1, 1, 1, 1, 1, 1, 1, 1, 1, 1, 1, 1, 2, 2, 2, 2, 2, 2 ], 4 ], [ [ 1, 1, 1, 1, 1, 1, 1, 1, 1, 1, 1, 1, 2, 2, 2, 2, 2, 2 ], 2 ], [ [ 1, 1, 1, 1, 1, 1, 1, 1, 1, 1, 1, 1, 4, 4, 4 ], 4 ], [ [ 1, 1, 1, 1, 1, 1, 2, 2, 2, 2, 2, 2, 2, 2, 2 ], 8 ], [ [ 1, 1, 1, 1, 1, 1, 2, 2, 2, 2, 2, 2, 2, 2, 2 ], 12 ], [ [ 1, 1, 2, 2, 2, 2, 2, 2, 2, 2, 2, 2, 2 ], 12 ], [ [ 1, 1, 1, 1, 2, 2, 2, 2, 2, 2, 2, 2, 2, 2 ], 12 ], [ [ 1, 1, 2, 2, 2, 2, 2, 4, 4, 4 ], 24 ], [ [ 2, 2, 2, 2, 2, 2, 2, 2, 2, 2, 2, 2 ], 1 ], [ [ 2, 2, 2, 2, 2, 2, 4, 4, 4 ], 4 ], [ [ 2, 2, 2, 2, 2, 2, 2, 2, 2, 2, 2, 2 ], 12 ], [ [ 3, 3, 3, 3, 3, 3, 3, 3 ], 2 ], [ [ 3, 3, 3, 3, 6, 6 ], 8 ], [ [ 3, 3, 3, 3, 6, 6 ], 4 ], [ [ 3, 3, 3, 3, 12 ], 8 ], [ [ 3, 3, 6, 6, 6 ], 16 ], [ [ 6, 6, 6, 6 ], 2 ], [ [ 6, 6, 12 ], 8 ], [ [ 2, 2, 2, 2, 2, 2, 4, 4, 4 ], 16 ], [ [ 4, 4, 4, 4, 4, 4 ], 16 ], [ [ 2, 2, 2, 2, 2, 2, 2, 2, 2, 2, 2, 2 ], 24 ], [ [ 4, 4, 4, 4, 4, 4 ], 24 ], [ [ 8, 8, 8 ], 48 ], [ [ 6, 6, 12 ], 16 ], [ [ 6, 6, 12 ], 16 ], [ [ 12, 12 ], 16 ], [ [ 12, 12 ], 16 ], [ [ 6, 6, 6, 6 ], 8 ], [ [ 12, 12 ], 8 ], [ [ 2, 2, 2, 2, 2, 2, 4, 4, 4 ], 24 ], [ [ 4, 4, 4, 4, 4, 4 ], 4 ], [ [ 2, 2, 2, 2, 2, 2, 2, 2, 2, 2, 2, 2 ], 4 ] ]
969|384|[ 384, 1725 ]|[ [ [ 1, 1, 1, 1, 1, 1, 1, 1, 1, 1, 1, 1, 1, 1, 1, 1, 1, 1, 1, 1, 1, 1, 1, 1 ], 1 ], [ [ 1, 1, 1, 1, 1, 1, 1, 1, 1, 1, 1, 1, 2, 2, 2, 2, 2, 2 ], 4 ], [ [ 1, 1, 1, 1, 1, 1, 1, 1, 1, 1, 1, 1, 2, 2, 2, 2, 2, 2 ], 2 ], [ [ 1, 1, 1, 1, 1, 1, 1, 1, 1, 1, 1, 1, 4, 4, 4 ], 4 ], [ [ 1, 1, 1, 1, 1, 1, 2, 2, 2, 2, 2, 2, 2, 2, 2 ], 8 ], [ [ 1, 1, 1, 1, 1, 1, 1, 1, 2, 2, 2, 2, 2, 2, 2, 2 ], 3 ], [ [ 1, 1, 1, 1, 2, 2, 2, 2, 2, 2, 2, 2, 2, 2 ], 12 ], [ [ 1, 1, 1, 1, 2, 2, 2, 2, 2, 2, 2, 2, 2, 2 ], 6 ], [ [ 1, 1, 1, 1, 2, 2, 2, 2, 4, 4, 4 ], 12 ], [ [ 1, 1, 2, 2, 2, 2, 2, 2, 2, 2, 2, 2, 2 ], 24 ], [ [ 2, 2, 2, 2, 2, 2, 2, 2, 2, 2, 2, 2 ], 1 ], [ [ 2, 2, 2, 2, 2, 2, 4, 4, 4 ], 4 ], [ [ 2, 2, 2, 2, 2, 2, 2, 2, 2, 2, 2, 2 ], 3 ], [ [ 2, 2, 2, 2, 2, 2, 4, 4, 4 ], 12 ], [ [ 3, 3, 3, 3, 3, 3, 3, 3 ], 2 ], [ [ 3, 3, 3, 3, 6, 6 ], 8 ], [ [ 3, 3, 3, 3, 6, 6 ], 4 ], [ [ 3, 3, 3, 3, 12 ], 8 ], [ [ 3, 3, 6, 6, 6 ], 16 ], [ [ 6, 6, 6, 6 ], 2 ], [ [ 6, 6, 12 ], 8 ], [ [ 2, 2, 2, 2, 2, 2, 4, 4, 4 ], 8 ], [ [ 2, 2, 2, 2, 2, 2, 4, 4, 4 ], 8 ], [ [ 4, 4, 4, 4, 4, 4 ], 8 ], [ [ 4, 4, 4, 4, 4, 4 ], 8 ], [ [ 2, 2, 2, 2, 2, 2, 4, 4, 4 ], 24 ], [ [ 2, 2, 2, 2, 2, 2, 4, 4, 4 ], 24 ], [ [ 4, 4, 4, 4, 4, 4 ], 24 ], [ [ 4, 4, 4, 4, 4, 4 ], 24 ], [ [ 6, 6, 12 ], 16 ], [ [ 6, 6, 12 ], 16 ], [ [ 12, 12 ], 16 ], [ [ 12, 12 ], 16 ], [ [ 6, 6, 6, 6 ], 8 ], [ [ 12, 12 ], 8 ], [ [ 2, 2, 2, 2, 2, 2, 2, 2, 2, 2, 2, 2 ], 12 ], [ [ 4, 4, 4, 4, 4, 4 ], 12 ], [ [ 4, 4, 4, 4, 4, 4 ], 4 ], [ [ 2, 2, 2, 2, 2, 2, 2, 2, 2, 2, 2, 2 ], 4 ] ]
970|384|[ 384, 20053 ]|[ [ [ 1, 1, 1, 1, 1, 1, 1, 1, 1, 1, 1, 1, 1, 1, 1, 1, 1, 1, 1, 1, 1, 1, 1, 1 ], 1 ], [ [ 1, 1, 1, 1, 1, 1, 1, 1, 1, 1, 1, 1, 2, 2, 2, 2, 2, 2 ], 2 ], [ [ 1, 1, 1, 1, 1, 1, 1, 1, 2, 2, 2, 2, 2, 2, 2, 2 ], 6 ], [ [ 1, 1, 1, 1, 1, 1, 1, 1, 2, 2, 2, 2, 2, 2, 2, 2 ], 6 ], [ [ 1, 1, 1, 1, 2, 2, 2, 2, 2, 2, 2, 2, 2, 2 ], 12 ], [ [ 1, 1, 1, 1, 2, 2, 2, 2, 2, 2, 2, 2, 2, 2 ], 12 ], [ [ 1, 1, 1, 1, 2, 2, 4, 4, 4, 4 ], 12 ], [ [ 1, 1, 1, 1, 2, 2, 4, 4, 4, 4 ], 12 ], [ [ 1, 1, 1, 1, 1, 1, 1, 1, 2, 2, 2, 2, 2, 2, 2, 2 ], 3 ], [ [ 1, 1, 1, 1, 2, 2, 2, 2, 2, 2, 2, 2, 2, 2 ], 6 ], [ [ 2, 2, 2, 2, 2, 2, 2, 2, 2, 2, 2, 2 ], 1 ], [ [ 2, 2, 2, 2, 2, 2, 2, 2, 2, 2, 2, 2 ], 3 ], [ [ 4, 4, 4, 4, 4, 4 ], 12 ], [ [ 4, 4, 4, 4, 4, 4 ], 12 ], [ [ 3, 3, 3, 3, 6, 6 ], 16 ], [ [ 3, 3, 3, 3, 3, 3, 3, 3 ], 8 ], [ [ 6, 6, 6, 6 ], 8 ], [ [ 6, 6, 6, 6 ], 16 ], [ [ 4, 4, 4, 4, 4, 4 ], 12 ], [ [ 4, 4, 4, 4, 4, 4 ], 12 ], [ [ 6, 6, 6, 6 ], 8 ], [ [ 6, 6, 6, 6 ], 8 ], [ [ 2, 2, 2, 2, 2, 2, 2, 2, 2, 2, 2, 2 ], 2 ], [ [ 2, 2, 2, 2, 2, 2, 2, 2, 2, 2, 2, 2 ], 2 ], [ [ 12, 12 ], 16 ], [ [ 6, 6, 6, 6 ], 16 ], [ [ 6, 6, 6, 6 ], 16 ], [ [ 12, 12 ], 16 ], [ [ 4, 4, 4, 4, 4, 4 ], 12 ], [ [ 2, 2, 2, 2, 4, 4, 4, 4 ], 12 ], [ [ 4, 4, 4, 4, 4, 4 ], 12 ], [ [ 2, 2, 2, 2, 4, 4, 4, 4 ], 12 ], [ [ 2, 2, 2, 2, 2, 2, 2, 2, 2, 2, 2, 2 ], 12 ], [ [ 4, 4, 4, 4, 4, 4 ], 12 ], [ [ 2, 2, 2, 2, 2, 2, 2, 2, 2, 2, 2, 2 ], 12 ], [ [ 4, 4, 4, 4, 4, 4 ], 12 ], [ [ 2, 2, 2, 2, 2, 2, 2, 2, 2, 2, 2, 2 ], 6 ], [ [ 4, 4, 4, 4, 4, 4 ], 6 ], [ [ 4, 4, 4, 4, 4, 4 ], 6 ], [ [ 2, 2, 2, 2, 2, 2, 2, 2, 2, 2, 2, 2 ], 6 ], [ [ 4, 4, 4, 4, 4, 4 ], 2 ], [ [ 2, 2, 2, 2, 2, 2, 2, 2, 2, 2, 2, 2 ], 2 ], [ [ 4, 4, 4, 4, 4, 4 ], 2 ], [ [ 2, 2, 2, 2, 2, 2, 2, 2, 2, 2, 2, 2 ], 2 ] ]
971|384|[ 384, 18122 ]|[ [ [ 1, 1, 1, 1, 1, 1, 1, 1, 1, 1, 1, 1, 1, 1, 1, 1, 1, 1, 1, 1, 1, 1, 1, 1 ], 1 ], [ [ 1, 1, 1, 1, 1, 1, 1, 1, 1, 1, 1, 1, 2, 2, 2, 2, 2, 2 ], 2 ], [ [ 1, 1, 1, 1, 1, 1, 1, 1, 1, 1, 1, 1, 2, 2, 2, 2, 2, 2 ], 2 ], [ [ 1, 1, 1, 1, 1, 1, 1, 1, 1, 1, 1, 1, 2, 2, 2, 2, 2, 2 ], 2 ], [ [ 1, 1, 1, 1, 1, 1, 1, 1, 1, 1, 1, 1, 2, 2, 2, 2, 2, 2 ], 6 ], [ [ 1, 1, 1, 1, 1, 1, 1, 1, 2, 2, 2, 2, 2, 2, 2, 2 ], 6 ], [ [ 1, 1, 1, 1, 1, 1, 1, 1, 1, 1, 1, 1, 1, 1, 1, 1, 2, 2, 2, 2 ], 3 ], [ [ 1, 1, 1, 1, 1, 1, 1, 1, 2, 2, 2, 2, 2, 2, 2, 2 ], 6 ], [ [ 1, 1, 1, 1, 2, 2, 2, 2, 2, 2, 2, 2, 2, 2 ], 6 ], [ [ 1, 1, 1, 1, 1, 1, 1, 1, 2, 2, 2, 2, 2, 2, 2, 2 ], 3 ], [ [ 1, 1, 1, 1, 2, 2, 2, 2, 2, 2, 2, 2, 2, 2 ], 6 ], [ [ 2, 2, 2, 2, 2, 2, 2, 2, 2, 2, 2, 2 ], 1 ], [ [ 2, 2, 2, 2, 2, 2, 2, 2, 2, 2, 2, 2 ], 2 ], [ [ 2, 2, 2, 2, 2, 2, 2, 2, 2, 2, 2, 2 ], 2 ], [ [ 2, 2, 2, 2, 2, 2, 2, 2, 2, 2, 2, 2 ], 6 ], [ [ 2, 2, 2, 2, 2, 2, 2, 2, 2, 2, 2, 2 ], 3 ], [ [ 2, 2, 2, 2, 2, 2, 2, 2, 2, 2, 2, 2 ], 3 ], [ [ 6, 6, 6, 6 ], 8 ], [ [ 6, 6, 6, 6 ], 8 ], [ [ 6, 6, 6, 6 ], 8 ], [ [ 3, 3, 3, 3, 6, 6 ], 8 ], [ [ 6, 6, 6, 6 ], 8 ], [ [ 6, 6, 6, 6 ], 8 ], [ [ 6, 6, 6, 6 ], 8 ], [ [ 3, 3, 3, 3, 6, 6 ], 8 ], [ [ 3, 3, 3, 3, 6, 6 ], 8 ], [ [ 3, 3, 3, 3, 6, 6 ], 8 ], [ [ 3, 3, 3, 3, 6, 6 ], 8 ], [ [ 3, 3, 3, 3, 3, 3, 3, 3 ], 8 ], [ [ 6, 6, 6, 6 ], 8 ], [ [ 6, 6, 6, 6 ], 8 ], [ [ 6, 6, 6, 6 ], 8 ], [ [ 3, 3, 3, 3, 6, 6 ], 8 ], [ [ 2, 2, 2, 2, 2, 2, 2, 2, 2, 2, 2, 2 ], 2 ], [ [ 2, 2, 2, 2, 2, 2, 2, 2, 2, 2, 2, 2 ], 1 ], [ [ 2, 2, 2, 2, 2, 2, 2, 2, 2, 2, 2, 2 ], 1 ], [ [ 2, 2, 2, 2, 2, 2, 2, 2, 4, 4 ], 24 ], [ [ 4, 4, 4, 4, 4, 4 ], 24 ], [ [ 4, 4, 4, 4, 4, 4 ], 24 ], [ [ 2, 2, 2, 2, 4, 4, 4, 4 ], 24 ], [ [ 2, 2, 2, 2, 2, 2, 2, 2, 2, 2, 2, 2 ], 24 ], [ [ 4, 4, 4, 4, 4, 4 ], 24 ], [ [ 4, 4, 4, 4, 4, 4 ], 24 ], [ [ 4, 4, 4, 4, 4, 4 ], 24 ] ]
972|384|[ 384, 18122 ]|[ [ [ 1, 1, 1, 1, 1, 1, 1, 1, 1, 1, 1, 1, 1, 1, 1, 1, 1, 1, 1, 1, 1, 1, 1, 1 ], 1 ], [ [ 1, 1, 1, 1, 1, 1, 1, 1, 1, 1, 1, 1, 2, 2, 2, 2, 2, 2 ], 2 ], [ [ 1, 1, 1, 1, 1, 1, 1, 1, 1, 1, 1, 1, 2, 2, 2, 2, 2, 2 ], 2 ], [ [ 1, 1, 1, 1, 1, 1, 1, 1, 1, 1, 1, 1, 2, 2, 2, 2, 2, 2 ], 2 ], [ [ 1, 1, 1, 1, 1, 1, 1, 1, 2, 2, 2, 2, 2, 2, 2, 2 ], 6 ], [ [ 1, 1, 1, 1, 2, 2, 2, 2, 2, 2, 2, 2, 2, 2 ], 6 ], [ [ 1, 1, 1, 1, 1, 1, 1, 1, 2, 2, 2, 2, 2, 2, 2, 2 ], 6 ], [ [ 1, 1, 1, 1, 1, 1, 1, 1, 2, 2, 2, 2, 2, 2, 2, 2 ], 3 ], [ [ 1, 1, 1, 1, 1, 1, 1, 1, 2, 2, 2, 2, 2, 2, 2, 2 ], 6 ], [ [ 1, 1, 1, 1, 2, 2, 2, 2, 2, 2, 2, 2, 2, 2 ], 6 ], [ [ 1, 1, 1, 1, 1, 1, 1, 1, 2, 2, 2, 2, 2, 2, 2, 2 ], 3 ], [ [ 1, 1, 1, 1, 1, 1, 1, 1, 2, 2, 2, 2, 2, 2, 2, 2 ], 3 ], [ [ 1, 1, 1, 1, 2, 2, 2, 2, 2, 2, 2, 2, 2, 2 ], 6 ], [ [ 2, 2, 2, 2, 2, 2, 2, 2, 2, 2, 2, 2 ], 1 ], [ [ 2, 2, 2, 2, 2, 2, 2, 2, 2, 2, 2, 2 ], 2 ], [ [ 2, 2, 2, 2, 2, 2, 2, 2, 2, 2, 2, 2 ], 2 ], [ [ 2, 2, 2, 2, 2, 2, 2, 2, 2, 2, 2, 2 ], 3 ], [ [ 6, 6, 6, 6 ], 8 ], [ [ 6, 6, 6, 6 ], 8 ], [ [ 3, 3, 3, 3, 6, 6 ], 8 ], [ [ 6, 6, 6, 6 ], 8 ], [ [ 6, 6, 6, 6 ], 8 ], [ [ 6, 6, 6, 6 ], 8 ], [ [ 6, 6, 6, 6 ], 8 ], [ [ 3, 3, 3, 3, 6, 6 ], 8 ], [ [ 6, 6, 6, 6 ], 8 ], [ [ 3, 3, 3, 3, 6, 6 ], 8 ], [ [ 6, 6, 6, 6 ], 8 ], [ [ 6, 6, 6, 6 ], 8 ], [ [ 3, 3, 3, 3, 3, 3, 3, 3 ], 8 ], [ [ 3, 3, 3, 3, 6, 6 ], 8 ], [ [ 3, 3, 3, 3, 6, 6 ], 8 ], [ [ 3, 3, 3, 3, 6, 6 ], 8 ], [ [ 2, 2, 2, 2, 2, 2, 2, 2, 2, 2, 2, 2 ], 2 ], [ [ 2, 2, 2, 2, 2, 2, 2, 2, 2, 2, 2, 2 ], 1 ], [ [ 2, 2, 2, 2, 2, 2, 2, 2, 2, 2, 2, 2 ], 1 ], [ [ 2, 2, 2, 2, 2, 2, 2, 2, 2, 2, 2, 2 ], 24 ], [ [ 4, 4, 4, 4, 4, 4 ], 24 ], [ [ 4, 4, 4, 4, 4, 4 ], 24 ], [ [ 4, 4, 4, 4, 4, 4 ], 24 ], [ [ 2, 2, 2, 2, 4, 4, 4, 4 ], 24 ], [ [ 2, 2, 2, 2, 4, 4, 4, 4 ], 24 ], [ [ 4, 4, 4, 4, 4, 4 ], 24 ], [ [ 2, 2, 2, 2, 4, 4, 4, 4 ], 24 ] ]
973|384|[ 384, 18159 ]|[ [ [ 1, 1, 1, 1, 1, 1, 1, 1, 1, 1, 1, 1, 1, 1, 1, 1, 1, 1, 1, 1, 1, 1, 1, 1 ], 1 ], [ [ 1, 1, 1, 1, 1, 1, 1, 1, 1, 1, 1, 1, 2, 2, 2, 2, 2, 2 ], 2 ], [ [ 1, 1, 1, 1, 1, 1, 1, 1, 1, 1, 1, 1, 2, 2, 2, 2, 2, 2 ], 2 ], [ [ 1, 1, 1, 1, 1, 1, 1, 1, 1, 1, 1, 1, 2, 2, 2, 2, 2, 2 ], 2 ], [ [ 1, 1, 1, 1, 1, 1, 1, 1, 1, 1, 1, 1, 2, 2, 2, 2, 2, 2 ], 6 ], [ [ 1, 1, 1, 1, 1, 1, 1, 1, 2, 2, 2, 2, 2, 2, 2, 2 ], 6 ], [ [ 1, 1, 1, 1, 1, 1, 1, 1, 1, 1, 1, 1, 1, 1, 1, 1, 2, 2, 2, 2 ], 3 ], [ [ 1, 1, 1, 1, 1, 1, 1, 1, 2, 2, 2, 2, 2, 2, 2, 2 ], 6 ], [ [ 1, 1, 1, 1, 2, 2, 2, 2, 2, 2, 2, 2, 2, 2 ], 6 ], [ [ 1, 1, 1, 1, 1, 1, 1, 1, 2, 2, 2, 2, 2, 2, 2, 2 ], 3 ], [ [ 1, 1, 1, 1, 2, 2, 2, 2, 2, 2, 2, 2, 2, 2 ], 6 ], [ [ 2, 2, 2, 2, 2, 2, 2, 2, 2, 2, 2, 2 ], 1 ], [ [ 2, 2, 2, 2, 2, 2, 2, 2, 2, 2, 2, 2 ], 2 ], [ [ 2, 2, 2, 2, 2, 2, 2, 2, 2, 2, 2, 2 ], 2 ], [ [ 2, 2, 2, 2, 2, 2, 2, 2, 2, 2, 2, 2 ], 6 ], [ [ 2, 2, 2, 2, 2, 2, 2, 2, 2, 2, 2, 2 ], 3 ], [ [ 2, 2, 2, 2, 2, 2, 2, 2, 2, 2, 2, 2 ], 3 ], [ [ 6, 6, 6, 6 ], 8 ], [ [ 6, 6, 6, 6 ], 8 ], [ [ 6, 6, 6, 6 ], 4 ], [ [ 3, 3, 3, 3, 6, 6 ], 8 ], [ [ 6, 6, 6, 6 ], 4 ], [ [ 6, 6, 6, 6 ], 8 ], [ [ 3, 3, 3, 3, 6, 6 ], 8 ], [ [ 3, 3, 3, 3, 6, 6 ], 8 ], [ [ 3, 3, 3, 3, 3, 3, 3, 3 ], 4 ], [ [ 6, 6, 6, 6 ], 4 ], [ [ 6, 6, 6, 6 ], 8 ], [ [ 6, 6, 6, 6 ], 8 ], [ [ 3, 3, 3, 3, 6, 6 ], 8 ], [ [ 6, 6, 6, 6 ], 4 ], [ [ 6, 6, 6, 6 ], 4 ], [ [ 6, 6, 6, 6 ], 8 ], [ [ 3, 3, 3, 3, 6, 6 ], 8 ], [ [ 3, 3, 3, 3, 6, 6 ], 8 ], [ [ 3, 3, 3, 3, 3, 3, 3, 3 ], 4 ], [ [ 6, 6, 6, 6 ], 4 ], [ [ 2, 2, 2, 2, 2, 2, 2, 2, 2, 2, 2, 2 ], 2 ], [ [ 2, 2, 2, 2, 2, 2, 2, 2, 2, 2, 2, 2 ], 1 ], [ [ 2, 2, 2, 2, 2, 2, 2, 2, 2, 2, 2, 2 ], 1 ], [ [ 12, 12 ], 16 ], [ [ 12, 12 ], 16 ], [ [ 6, 6, 6, 6 ], 16 ], [ [ 12, 12 ], 16 ], [ [ 2, 2, 2, 2, 2, 2, 2, 2, 2, 2, 2, 2 ], 12 ], [ [ 4, 4, 4, 4, 4, 4 ], 12 ], [ [ 4, 4, 4, 4, 4, 4 ], 12 ], [ [ 4, 4, 4, 4, 4, 4 ], 12 ], [ [ 4, 4, 4, 4, 4, 4 ], 4 ], [ [ 4, 4, 4, 4, 4, 4 ], 4 ], [ [ 2, 2, 2, 2, 2, 2, 2, 2, 2, 2, 2, 2 ], 4 ], [ [ 4, 4, 4, 4, 4, 4 ], 4 ], [ [ 12, 12 ], 16 ], [ [ 12, 12 ], 16 ], [ [ 6, 6, 6, 6 ], 16 ], [ [ 12, 12 ], 16 ] ]
974|384|[ 384, 18159 ]|[ [ [ 1, 1, 1, 1, 1, 1, 1, 1, 1, 1, 1, 1, 1, 1, 1, 1, 1, 1, 1, 1, 1, 1, 1, 1 ], 1 ], [ [ 1, 1, 1, 1, 1, 1, 1, 1, 1, 1, 1, 1, 2, 2, 2, 2, 2, 2 ], 2 ], [ [ 1, 1, 1, 1, 1, 1, 1, 1, 1, 1, 1, 1, 2, 2, 2, 2, 2, 2 ], 2 ], [ [ 1, 1, 1, 1, 1, 1, 1, 1, 1, 1, 1, 1, 2, 2, 2, 2, 2, 2 ], 2 ], [ [ 1, 1, 1, 1, 1, 1, 1, 1, 2, 2, 2, 2, 2, 2, 2, 2 ], 6 ], [ [ 1, 1, 1, 1, 2, 2, 2, 2, 2, 2, 2, 2, 2, 2 ], 6 ], [ [ 1, 1, 1, 1, 1, 1, 1, 1, 2, 2, 2, 2, 2, 2, 2, 2 ], 3 ], [ [ 1, 1, 1, 1, 1, 1, 1, 1, 2, 2, 2, 2, 2, 2, 2, 2 ], 6 ], [ [ 1, 1, 1, 1, 1, 1, 1, 1, 2, 2, 2, 2, 2, 2, 2, 2 ], 3 ], [ [ 1, 1, 1, 1, 1, 1, 1, 1, 2, 2, 2, 2, 2, 2, 2, 2 ], 6 ], [ [ 1, 1, 1, 1, 2, 2, 2, 2, 2, 2, 2, 2, 2, 2 ], 6 ], [ [ 1, 1, 1, 1, 2, 2, 2, 2, 2, 2, 2, 2, 2, 2 ], 6 ], [ [ 1, 1, 1, 1, 1, 1, 1, 1, 2, 2, 2, 2, 2, 2, 2, 2 ], 3 ], [ [ 2, 2, 2, 2, 2, 2, 2, 2, 2, 2, 2, 2 ], 1 ], [ [ 2, 2, 2, 2, 2, 2, 2, 2, 2, 2, 2, 2 ], 2 ], [ [ 2, 2, 2, 2, 2, 2, 2, 2, 2, 2, 2, 2 ], 2 ], [ [ 2, 2, 2, 2, 2, 2, 2, 2, 2, 2, 2, 2 ], 3 ], [ [ 3, 3, 3, 3, 6, 6 ], 8 ], [ [ 3, 3, 3, 3, 6, 6 ], 8 ], [ [ 3, 3, 3, 3, 3, 3, 3, 3 ], 4 ], [ [ 3, 3, 3, 3, 6, 6 ], 8 ], [ [ 6, 6, 6, 6 ], 4 ], [ [ 6, 6, 6, 6 ], 8 ], [ [ 6, 6, 6, 6 ], 8 ], [ [ 6, 6, 6, 6 ], 4 ], [ [ 6, 6, 6, 6 ], 8 ], [ [ 6, 6, 6, 6 ], 4 ], [ [ 3, 3, 3, 3, 6, 6 ], 8 ], [ [ 3, 3, 3, 3, 6, 6 ], 8 ], [ [ 3, 3, 3, 3, 3, 3, 3, 3 ], 4 ], [ [ 3, 3, 3, 3, 6, 6 ], 8 ], [ [ 6, 6, 6, 6 ], 8 ], [ [ 6, 6, 6, 6 ], 4 ], [ [ 6, 6, 6, 6 ], 8 ], [ [ 6, 6, 6, 6 ], 8 ], [ [ 6, 6, 6, 6 ], 4 ], [ [ 6, 6, 6, 6 ], 4 ], [ [ 2, 2, 2, 2, 2, 2, 2, 2, 2, 2, 2, 2 ], 2 ], [ [ 2, 2, 2, 2, 2, 2, 2, 2, 2, 2, 2, 2 ], 1 ], [ [ 2, 2, 2, 2, 2, 2, 2, 2, 2, 2, 2, 2 ], 1 ], [ [ 12, 12 ], 16 ], [ [ 12, 12 ], 16 ], [ [ 6, 6, 6, 6 ], 16 ], [ [ 12, 12 ], 16 ], [ [ 2, 2, 2, 2, 2, 2, 2, 2, 2, 2, 2, 2 ], 12 ], [ [ 4, 4, 4, 4, 4, 4 ], 12 ], [ [ 4, 4, 4, 4, 4, 4 ], 12 ], [ [ 4, 4, 4, 4, 4, 4 ], 12 ], [ [ 4, 4, 4, 4, 4, 4 ], 4 ], [ [ 4, 4, 4, 4, 4, 4 ], 4 ], [ [ 2, 2, 2, 2, 2, 2, 2, 2, 2, 2, 2, 2 ], 4 ], [ [ 4, 4, 4, 4, 4, 4 ], 4 ], [ [ 12, 12 ], 16 ], [ [ 12, 12 ], 16 ], [ [ 12, 12 ], 16 ], [ [ 6, 6, 6, 6 ], 16 ] ]
975|384|[ 384, 5721 ]|[ [ [ 1, 1, 1, 1, 1, 1, 1, 1, 1, 1, 1, 1, 1, 1, 1, 1, 1, 1, 1, 1, 1, 1, 1, 1 ], 1 ], [ [ 1, 1, 1, 1, 1, 1, 1, 1, 1, 1, 1, 1, 2, 2, 2, 2, 2, 2 ], 2 ], [ [ 1, 1, 1, 1, 1, 1, 1, 1, 2, 2, 2, 2, 2, 2, 2, 2 ], 6 ], [ [ 1, 1, 1, 1, 1, 1, 1, 1, 2, 2, 2, 2, 2, 2, 2, 2 ], 6 ], [ [ 1, 1, 2, 4, 4, 4, 4, 4 ], 24 ], [ [ 1, 1, 2, 4, 4, 4, 4, 4 ], 24 ], [ [ 1, 1, 2, 2, 2, 2, 2, 4, 4, 4 ], 24 ], [ [ 1, 1, 2, 2, 2, 2, 2, 4, 4, 4 ], 24 ], [ [ 1, 1, 1, 1, 2, 2, 2, 2, 2, 2, 2, 2, 2, 2 ], 6 ], [ [ 1, 1, 1, 1, 1, 1, 1, 1, 2, 2, 2, 2, 2, 2, 2, 2 ], 3 ], [ [ 2, 2, 2, 2, 2, 2, 2, 2, 2, 2, 2, 2 ], 1 ], [ [ 2, 2, 2, 2, 2, 2, 2, 2, 2, 2, 2, 2 ], 3 ], [ [ 3, 3, 3, 3, 6, 6 ], 16 ], [ [ 6, 6, 6, 6 ], 8 ], [ [ 6, 6, 6, 6 ], 8 ], [ [ 6, 6, 6, 6 ], 16 ], [ [ 3, 3, 3, 3, 3, 3, 3, 3 ], 8 ], [ [ 6, 6, 6, 6 ], 8 ], [ [ 2, 2, 2, 2, 2, 2, 2, 2, 2, 2, 2, 2 ], 2 ], [ [ 2, 2, 2, 2, 2, 2, 2, 2, 2, 2, 2, 2 ], 2 ], [ [ 6, 6, 6, 6 ], 16 ], [ [ 12, 12 ], 16 ], [ [ 6, 6, 6, 6 ], 16 ], [ [ 12, 12 ], 16 ], [ [ 4, 4, 4, 4, 4, 4 ], 24 ], [ [ 4, 4, 4, 4, 4, 4 ], 24 ], [ [ 2, 2, 2, 2, 4, 4, 4, 4 ], 24 ], [ [ 2, 2, 2, 2, 4, 4, 4, 4 ], 24 ], [ [ 4, 4, 4, 4, 4, 4 ], 12 ], [ [ 2, 2, 2, 2, 2, 2, 2, 2, 2, 2, 2, 2 ], 12 ], [ [ 4, 4, 4, 4, 4, 4 ], 4 ], [ [ 2, 2, 2, 2, 2, 2, 2, 2, 2, 2, 2, 2 ], 4 ] ]
976|384|[ 384, 5625 ]|[ [ [ 1, 1, 1, 1, 1, 1, 1, 1, 1, 1, 1, 1, 1, 1, 1, 1, 1, 1, 1, 1, 1, 1, 1, 1 ], 1 ], [ [ 1, 1, 1, 1, 1, 1, 1, 1, 1, 1, 1, 1, 2, 2, 2, 2, 2, 2 ], 2 ], [ [ 1, 1, 1, 1, 1, 1, 1, 1, 2, 2, 2, 2, 2, 2, 2, 2 ], 6 ], [ [ 1, 1, 1, 1, 1, 1, 1, 1, 2, 2, 2, 2, 2, 2, 2, 2 ], 6 ], [ [ 1, 1, 1, 1, 2, 2, 4, 4, 4, 4 ], 24 ], [ [ 1, 1, 1, 1, 2, 2, 2, 2, 2, 2, 2, 2, 2, 2 ], 24 ], [ [ 1, 1, 1, 1, 2, 2, 2, 2, 2, 2, 2, 2, 2, 2 ], 6 ], [ [ 1, 1, 1, 1, 1, 1, 1, 1, 2, 2, 2, 2, 2, 2, 2, 2 ], 3 ], [ [ 2, 2, 2, 2, 2, 2, 2, 2, 2, 2, 2, 2 ], 1 ], [ [ 2, 2, 2, 2, 2, 2, 2, 2, 2, 2, 2, 2 ], 3 ], [ [ 4, 4, 4, 4, 4, 4 ], 24 ], [ [ 3, 3, 3, 3, 6, 6 ], 16 ], [ [ 6, 6, 6, 6 ], 8 ], [ [ 6, 6, 6, 6 ], 8 ], [ [ 6, 6, 6, 6 ], 16 ], [ [ 4, 4, 4, 4, 4, 4 ], 24 ], [ [ 3, 3, 3, 3, 3, 3, 3, 3 ], 8 ], [ [ 6, 6, 6, 6 ], 8 ], [ [ 2, 2, 2, 2, 2, 2, 2, 2, 2, 2, 2, 2 ], 2 ], [ [ 2, 2, 2, 2, 2, 2, 2, 2, 2, 2, 2, 2 ], 2 ], [ [ 12, 12 ], 16 ], [ [ 12, 12 ], 16 ], [ [ 12, 12 ], 16 ], [ [ 12, 12 ], 16 ], [ [ 4, 4, 4, 4, 4, 4 ], 24 ], [ [ 2, 2, 2, 2, 4, 4, 4, 4 ], 24 ], [ [ 4, 4, 4, 4, 4, 4 ], 24 ], [ [ 2, 2, 2, 2, 4, 4, 4, 4 ], 24 ], [ [ 4, 4, 4, 4, 4, 4 ], 12 ], [ [ 4, 4, 4, 4, 4, 4 ], 4 ], [ [ 4, 4, 4, 4, 4, 4 ], 12 ], [ [ 4, 4, 4, 4, 4, 4 ], 4 ] ]
977|384|[ 384, 5625 ]|[ [ [ 1, 1, 1, 1, 1, 1, 1, 1, 1, 1, 1, 1, 1, 1, 1, 1, 1, 1, 1, 1, 1, 1, 1, 1 ], 1 ], [ [ 1, 1, 1, 1, 1, 1, 1, 1, 1, 1, 1, 1, 2, 2, 2, 2, 2, 2 ], 2 ], [ [ 1, 1, 1, 1, 1, 1, 1, 1, 2, 2, 2, 2, 2, 2, 2, 2 ], 6 ], [ [ 1, 1, 1, 1, 1, 1, 1, 1, 2, 2, 2, 2, 2, 2, 2, 2 ], 6 ], [ [ 1, 1, 1, 1, 1, 1, 1, 1, 2, 2, 2, 2, 2, 2, 2, 2 ], 3 ], [ [ 1, 1, 1, 1, 2, 2, 2, 2, 2, 2, 2, 2, 2, 2 ], 6 ], [ [ 1, 1, 2, 2, 2, 2, 2, 4, 4, 4 ], 24 ], [ [ 1, 1, 2, 2, 2, 2, 2, 4, 4, 4 ], 24 ], [ [ 1, 1, 2, 4, 4, 4, 4, 4 ], 24 ], [ [ 1, 1, 2, 4, 4, 4, 4, 4 ], 24 ], [ [ 2, 2, 2, 2, 2, 2, 2, 2, 2, 2, 2, 2 ], 1 ], [ [ 2, 2, 2, 2, 2, 2, 2, 2, 2, 2, 2, 2 ], 3 ], [ [ 6, 6, 6, 6 ], 16 ], [ [ 6, 6, 6, 6 ], 8 ], [ [ 3, 3, 3, 3, 6, 6 ], 16 ], [ [ 6, 6, 6, 6 ], 8 ], [ [ 6, 6, 6, 6 ], 8 ], [ [ 3, 3, 3, 3, 3, 3, 3, 3 ], 8 ], [ [ 2, 2, 2, 2, 2, 2, 2, 2, 2, 2, 2, 2 ], 2 ], [ [ 2, 2, 2, 2, 2, 2, 2, 2, 2, 2, 2, 2 ], 2 ], [ [ 4, 4, 4, 4, 4, 4 ], 12 ], [ [ 4, 4, 4, 4, 4, 4 ], 12 ], [ [ 4, 4, 4, 4, 4, 4 ], 4 ], [ [ 4, 4, 4, 4, 4, 4 ], 4 ], [ [ 2, 2, 2, 2, 2, 2, 2, 2, 2, 2, 2, 2 ], 24 ], [ [ 4, 4, 4, 4, 4, 4 ], 24 ], [ [ 2, 2, 2, 2, 4, 4, 4, 4 ], 24 ], [ [ 4, 4, 4, 4, 4, 4 ], 24 ], [ [ 12, 12 ], 16 ], [ [ 12, 12 ], 16 ], [ [ 12, 12 ], 16 ], [ [ 12, 12 ], 16 ] ]
978|384|[ 384, 5677 ]|[ [ [ 1, 1, 1, 1, 1, 1, 1, 1, 1, 1, 1, 1, 1, 1, 1, 1, 1, 1, 1, 1, 1, 1, 1, 1 ], 1 ], [ [ 1, 1, 1, 1, 1, 1, 1, 1, 2, 2, 2, 2, 2, 2, 2, 2 ], 3 ], [ [ 1, 1, 1, 1, 1, 1, 1, 1, 1, 1, 1, 1, 2, 2, 2, 2, 2, 2 ], 8 ], [ [ 1, 1, 1, 1, 1, 1, 1, 1, 1, 1, 1, 1, 2, 2, 2, 2, 2, 2 ], 4 ], [ [ 1, 1, 1, 1, 2, 2, 2, 2, 2, 2, 2, 2, 2, 2 ], 24 ], [ [ 1, 1, 2, 2, 2, 2, 2, 4, 4, 4 ], 48 ], [ [ 2, 2, 2, 2, 4, 4, 4, 4 ], 24 ], [ [ 2, 2, 2, 2, 2, 2, 2, 2, 2, 2, 2, 2 ], 12 ], [ [ 2, 2, 2, 2, 4, 4, 4, 4 ], 24 ], [ [ 2, 2, 2, 2, 4, 4, 4, 4 ], 12 ], [ [ 4, 4, 8, 8 ], 48 ], [ [ 4, 4, 4, 4, 4, 4 ], 48 ], [ [ 3, 3, 3, 3, 6, 6 ], 32 ], [ [ 3, 3, 3, 3, 3, 3, 3, 3 ], 32 ], [ [ 3, 3, 3, 3, 6, 6 ], 32 ], [ [ 3, 3, 3, 3, 6, 6 ], 32 ] ]
979|384|[ 384, 5678 ]|[ [ [ 1, 1, 1, 1, 1, 1, 1, 1, 1, 1, 1, 1, 1, 1, 1, 1, 1, 1, 1, 1, 1, 1, 1, 1 ], 1 ], [ [ 1, 1, 1, 1, 1, 1, 1, 1, 2, 2, 2, 2, 2, 2, 2, 2 ], 3 ], [ [ 1, 1, 1, 1, 1, 1, 1, 1, 1, 1, 1, 1, 2, 2, 2, 2, 2, 2 ], 8 ], [ [ 1, 1, 1, 1, 1, 1, 1, 1, 1, 1, 1, 1, 2, 2, 2, 2, 2, 2 ], 4 ], [ [ 1, 1, 1, 1, 2, 2, 4, 4, 4, 4 ], 24 ], [ [ 1, 1, 2, 2, 2, 2, 2, 4, 4, 4 ], 48 ], [ [ 2, 2, 2, 2, 2, 2, 2, 2, 2, 2, 2, 2 ], 24 ], [ [ 2, 2, 2, 2, 2, 2, 2, 2, 2, 2, 2, 2 ], 12 ], [ [ 2, 2, 2, 2, 4, 4, 4, 4 ], 24 ], [ [ 2, 2, 2, 2, 4, 4, 4, 4 ], 12 ], [ [ 4, 4, 4, 4, 4, 4 ], 48 ], [ [ 4, 4, 8, 8 ], 48 ], [ [ 3, 3, 3, 3, 6, 6 ], 32 ], [ [ 3, 3, 3, 3, 6, 6 ], 32 ], [ [ 3, 3, 3, 3, 6, 6 ], 32 ], [ [ 3, 3, 3, 3, 3, 3, 3, 3 ], 32 ] ]
980|384|[ 384, 18236 ]|[ [ [ 1, 1, 1, 1, 1, 1, 1, 1, 1, 1, 1, 1, 1, 1, 1, 1, 1, 1, 1, 1, 1, 1, 1, 1 ], 1 ], [ [ 1, 1, 1, 1, 1, 1, 1, 1, 2, 2, 2, 2, 2, 2, 2, 2 ], 3 ], [ [ 1, 1, 1, 1, 1, 1, 1, 1, 4, 4, 4, 4 ], 6 ], [ [ 1, 1, 1, 1, 1, 1, 1, 1, 1, 1, 1, 1, 2, 2, 2, 2, 2, 2 ], 12 ], [ [ 1, 1, 1, 1, 2, 2, 2, 2, 2, 2, 2, 2, 2, 2 ], 12 ], [ [ 1, 1, 1, 1, 2, 2, 2, 2, 2, 2, 2, 2, 2, 2 ], 12 ], [ [ 1, 1, 1, 1, 2, 2, 4, 4, 4, 4 ], 12 ], [ [ 2, 2, 2, 2, 4, 4, 4, 4 ], 6 ], [ [ 2, 2, 2, 2, 4, 4, 4, 4 ], 12 ], [ [ 2, 2, 2, 2, 2, 2, 2, 2, 2, 2, 2, 2 ], 12 ], [ [ 2, 2, 2, 2, 4, 4, 4, 4 ], 12 ], [ [ 2, 2, 2, 2, 4, 4, 4, 4 ], 12 ], [ [ 2, 2, 2, 2, 2, 2, 2, 2, 2, 2, 2, 2 ], 4 ], [ [ 2, 2, 2, 2, 4, 4, 4, 4 ], 12 ], [ [ 3, 3, 3, 3, 3, 3, 3, 3 ], 64 ], [ [ 6, 6, 6, 6 ], 64 ], [ [ 3, 3, 3, 3, 3, 3, 3, 3 ], 64 ], [ [ 6, 6, 6, 6 ], 64 ] ]
981|384|[ 384, 18135 ]|[ [ [ 1, 1, 1, 1, 1, 1, 1, 1, 1, 1, 1, 1, 1, 1, 1, 1, 1, 1, 1, 1, 1, 1, 1, 1 ], 1 ], [ [ 1, 1, 1, 1, 1, 1, 1, 1, 2, 2, 2, 2, 2, 2, 2, 2 ], 3 ], [ [ 1, 1, 1, 1, 1, 1, 1, 1, 1, 1, 1, 1, 2, 2, 2, 2, 2, 2 ], 12 ], [ [ 1, 1, 1, 1, 2, 2, 2, 2, 2, 2, 2, 2, 2, 2 ], 24 ], [ [ 1, 1, 2, 2, 2, 2, 2, 4, 4, 4 ], 48 ], [ [ 2, 2, 2, 2, 4, 4, 4, 4 ], 24 ], [ [ 2, 2, 2, 2, 4, 4, 4, 4 ], 12 ], [ [ 2, 2, 2, 2, 2, 2, 2, 2, 2, 2, 2, 2 ], 12 ], [ [ 2, 2, 2, 2, 4, 4, 4, 4 ], 24 ], [ [ 4, 4, 8, 8 ], 48 ], [ [ 4, 4, 4, 4, 4, 4 ], 48 ], [ [ 3, 3, 3, 3, 3, 3, 3, 3 ], 128 ] ]
982|384|[ 384, 5677 ]|[ [ [ 1, 1, 1, 1, 1, 1, 1, 1, 1, 1, 1, 1, 1, 1, 1, 1, 1, 1, 1, 1, 1, 1, 1, 1 ], 1 ], [ [ 1, 1, 1, 1, 1, 1, 1, 1, 2, 2, 2, 2, 2, 2, 2, 2 ], 3 ], [ [ 1, 1, 1, 1, 1, 1, 1, 1, 1, 1, 1, 1, 2, 2, 2, 2, 2, 2 ], 8 ], [ [ 1, 1, 1, 1, 1, 1, 1, 1, 1, 1, 1, 1, 2, 2, 2, 2, 2, 2 ], 4 ], [ [ 1, 1, 1, 1, 2, 2, 4, 4, 4, 4 ], 24 ], [ [ 1, 1, 2, 2, 2, 2, 2, 4, 4, 4 ], 48 ], [ [ 2, 2, 2, 2, 2, 2, 2, 2, 2, 2, 2, 2 ], 24 ], [ [ 2, 2, 2, 2, 2, 2, 2, 2, 2, 2, 2, 2 ], 12 ], [ [ 2, 2, 2, 2, 4, 4, 4, 4 ], 24 ], [ [ 2, 2, 2, 2, 4, 4, 4, 4 ], 12 ], [ [ 4, 4, 8, 8 ], 48 ], [ [ 4, 4, 4, 4, 4, 4 ], 48 ], [ [ 3, 3, 3, 3, 6, 6 ], 32 ], [ [ 3, 3, 3, 3, 3, 3, 3, 3 ], 32 ], [ [ 3, 3, 3, 3, 6, 6 ], 32 ], [ [ 3, 3, 3, 3, 6, 6 ], 32 ] ]
983|384|[ 384, 18235 ]|[ [ [ 1, 1, 1, 1, 1, 1, 1, 1, 1, 1, 1, 1, 1, 1, 1, 1, 1, 1, 1, 1, 1, 1, 1, 1 ], 1 ], [ [ 1, 1, 1, 1, 1, 1, 1, 1, 2, 2, 2, 2, 2, 2, 2, 2 ], 3 ], [ [ 1, 1, 1, 1, 1, 1, 1, 1, 2, 2, 2, 2, 2, 2, 2, 2 ], 6 ], [ [ 1, 1, 1, 1, 1, 1, 1, 1, 1, 1, 1, 1, 2, 2, 2, 2, 2, 2 ], 12 ], [ [ 1, 1, 1, 1, 2, 2, 4, 4, 4, 4 ], 12 ], [ [ 1, 1, 1, 1, 2, 2, 4, 4, 4, 4 ], 12 ], [ [ 1, 1, 1, 1, 2, 2, 2, 2, 2, 2, 2, 2, 2, 2 ], 12 ], [ [ 2, 2, 2, 2, 2, 2, 2, 2, 2, 2, 2, 2 ], 6 ], [ [ 2, 2, 2, 2, 4, 4, 4, 4 ], 12 ], [ [ 2, 2, 2, 2, 2, 2, 2, 2, 2, 2, 2, 2 ], 12 ], [ [ 2, 2, 2, 2, 4, 4, 4, 4 ], 12 ], [ [ 2, 2, 2, 2, 4, 4, 4, 4 ], 12 ], [ [ 2, 2, 2, 2, 4, 4, 4, 4 ], 12 ], [ [ 2, 2, 2, 2, 2, 2, 2, 2, 2, 2, 2, 2 ], 4 ], [ [ 3, 3, 3, 3, 3, 3, 3, 3 ], 64 ], [ [ 6, 6, 6, 6 ], 64 ], [ [ 3, 3, 3, 3, 3, 3, 3, 3 ], 64 ], [ [ 6, 6, 6, 6 ], 64 ] ]
984|384|[ 384, 5678 ]|[ [ [ 1, 1, 1, 1, 1, 1, 1, 1, 1, 1, 1, 1, 1, 1, 1, 1, 1, 1, 1, 1, 1, 1, 1, 1 ], 1 ], [ [ 1, 1, 1, 1, 1, 1, 1, 1, 2, 2, 2, 2, 2, 2, 2, 2 ], 3 ], [ [ 1, 1, 1, 1, 1, 1, 1, 1, 1, 1, 1, 1, 2, 2, 2, 2, 2, 2 ], 12 ], [ [ 1, 1, 1, 1, 2, 2, 4, 4, 4, 4 ], 24 ], [ [ 1, 1, 2, 2, 2, 2, 2, 4, 4, 4 ], 48 ], [ [ 2, 2, 2, 2, 2, 2, 2, 2, 2, 2, 2, 2 ], 24 ], [ [ 2, 2, 2, 2, 2, 2, 2, 2, 2, 2, 2, 2 ], 4 ], [ [ 2, 2, 2, 2, 4, 4, 4, 4 ], 12 ], [ [ 2, 2, 2, 2, 2, 2, 2, 2, 2, 2, 2, 2 ], 8 ], [ [ 2, 2, 2, 2, 4, 4, 4, 4 ], 24 ], [ [ 4, 4, 4, 4, 4, 4 ], 48 ], [ [ 4, 4, 8, 8 ], 48 ], [ [ 6, 6, 6, 6 ], 32 ], [ [ 3, 3, 3, 3, 3, 3, 3, 3 ], 32 ], [ [ 6, 6, 6, 6 ], 32 ], [ [ 6, 6, 6, 6 ], 32 ] ]
985|384|[ 384, 18135 ]|[ [ [ 1, 1, 1, 1, 1, 1, 1, 1, 1, 1, 1, 1, 1, 1, 1, 1, 1, 1, 1, 1, 1, 1, 1, 1 ], 1 ], [ [ 1, 1, 1, 1, 1, 1, 1, 1, 2, 2, 2, 2, 2, 2, 2, 2 ], 3 ], [ [ 1, 1, 1, 1, 1, 1, 1, 1, 1, 1, 1, 1, 2, 2, 2, 2, 2, 2 ], 12 ], [ [ 1, 1, 1, 1, 2, 2, 4, 4, 4, 4 ], 24 ], [ [ 1, 1, 2, 2, 2, 2, 2, 4, 4, 4 ], 48 ], [ [ 2, 2, 2, 2, 2, 2, 2, 2, 2, 2, 2, 2 ], 24 ], [ [ 2, 2, 2, 2, 4, 4, 4, 4 ], 12 ], [ [ 2, 2, 2, 2, 2, 2, 2, 2, 2, 2, 2, 2 ], 12 ], [ [ 2, 2, 2, 2, 4, 4, 4, 4 ], 24 ], [ [ 4, 4, 8, 8 ], 48 ], [ [ 4, 4, 4, 4, 4, 4 ], 48 ], [ [ 3, 3, 3, 3, 3, 3, 3, 3 ], 128 ] ]
986|384|[ 384, 5678 ]|[ [ [ 1, 1, 1, 1, 1, 1, 1, 1, 1, 1, 1, 1, 1, 1, 1, 1, 1, 1, 1, 1, 1, 1, 1, 1 ], 1 ], [ [ 1, 1, 1, 1, 1, 1, 1, 1, 2, 2, 2, 2, 2, 2, 2, 2 ], 3 ], [ [ 1, 1, 1, 1, 1, 1, 1, 1, 1, 1, 1, 1, 2, 2, 2, 2, 2, 2 ], 8 ], [ [ 1, 1, 1, 1, 1, 1, 1, 1, 1, 1, 1, 1, 2, 2, 2, 2, 2, 2 ], 4 ], [ [ 1, 1, 1, 1, 2, 2, 2, 2, 2, 2, 2, 2, 2, 2 ], 24 ], [ [ 1, 1, 2, 2, 2, 2, 2, 4, 4, 4 ], 48 ], [ [ 2, 2, 2, 2, 4, 4, 4, 4 ], 24 ], [ [ 2, 2, 2, 2, 2, 2, 2, 2, 2, 2, 2, 2 ], 12 ], [ [ 2, 2, 2, 2, 4, 4, 4, 4 ], 24 ], [ [ 2, 2, 2, 2, 4, 4, 4, 4 ], 12 ], [ [ 4, 4, 4, 4, 4, 4 ], 48 ], [ [ 4, 4, 8, 8 ], 48 ], [ [ 3, 3, 3, 3, 6, 6 ], 32 ], [ [ 3, 3, 3, 3, 6, 6 ], 32 ], [ [ 3, 3, 3, 3, 6, 6 ], 32 ], [ [ 3, 3, 3, 3, 3, 3, 3, 3 ], 32 ] ]
987|384|[ 384, 5678 ]|[ [ [ 1, 1, 1, 1, 1, 1, 1, 1, 1, 1, 1, 1, 1, 1, 1, 1, 1, 1, 1, 1, 1, 1, 1, 1 ], 1 ], [ [ 1, 1, 1, 1, 1, 1, 1, 1, 2, 2, 2, 2, 2, 2, 2, 2 ], 3 ], [ [ 1, 1, 1, 1, 1, 1, 1, 1, 1, 1, 1, 1, 2, 2, 2, 2, 2, 2 ], 12 ], [ [ 1, 1, 1, 1, 2, 2, 2, 2, 2, 2, 2, 2, 2, 2 ], 24 ], [ [ 1, 1, 2, 2, 2, 2, 2, 4, 4, 4 ], 48 ], [ [ 2, 2, 2, 2, 4, 4, 4, 4 ], 24 ], [ [ 2, 2, 2, 2, 2, 2, 2, 2, 2, 2, 2, 2 ], 4 ], [ [ 2, 2, 2, 2, 4, 4, 4, 4 ], 12 ], [ [ 2, 2, 2, 2, 2, 2, 2, 2, 2, 2, 2, 2 ], 8 ], [ [ 2, 2, 2, 2, 4, 4, 4, 4 ], 24 ], [ [ 4, 4, 4, 4, 4, 4 ], 48 ], [ [ 4, 4, 8, 8 ], 48 ], [ [ 6, 6, 6, 6 ], 32 ], [ [ 3, 3, 3, 3, 3, 3, 3, 3 ], 32 ], [ [ 6, 6, 6, 6 ], 32 ], [ [ 6, 6, 6, 6 ], 32 ] ]
988|384|[ 384, 5678 ]|[ [ [ 1, 1, 1, 1, 1, 1, 1, 1, 1, 1, 1, 1, 1, 1, 1, 1, 1, 1, 1, 1, 1, 1, 1, 1 ], 1 ], [ [ 1, 1, 1, 1, 1, 1, 1, 1, 2, 2, 2, 2, 2, 2, 2, 2 ], 3 ], [ [ 1, 1, 1, 1, 1, 1, 2, 2, 2, 2, 2, 2, 2, 2, 2 ], 24 ], [ [ 1, 1, 1, 1, 1, 1, 1, 1, 1, 1, 1, 1, 2, 2, 2, 2, 2, 2 ], 4 ], [ [ 1, 1, 1, 1, 2, 2, 2, 2, 2, 2, 2, 2, 2, 2 ], 12 ], [ [ 1, 1, 1, 1, 2, 2, 4, 4, 4, 4 ], 12 ], [ [ 1, 1, 2, 2, 2, 4, 4, 4, 4 ], 24 ], [ [ 2, 2, 2, 2, 2, 2, 2, 2, 2, 2, 2, 2 ], 8 ], [ [ 2, 2, 2, 2, 2, 2, 4, 4, 4 ], 48 ], [ [ 2, 2, 2, 2, 4, 4, 4, 4 ], 24 ], [ [ 2, 2, 4, 4, 4, 4, 4 ], 48 ], [ [ 2, 2, 4, 8, 8 ], 48 ], [ [ 3, 3, 3, 3, 3, 3, 3, 3 ], 32 ], [ [ 3, 3, 3, 3, 6, 6 ], 32 ], [ [ 6, 6, 6, 6 ], 32 ], [ [ 6, 6, 6, 6 ], 32 ] ]
989|384|[ 384, 5677 ]|[ [ [ 1, 1, 1, 1, 1, 1, 1, 1, 1, 1, 1, 1, 1, 1, 1, 1, 1, 1, 1, 1, 1, 1, 1, 1 ], 1 ], [ [ 1, 1, 1, 1, 1, 1, 1, 1, 2, 2, 2, 2, 2, 2, 2, 2 ], 3 ], [ [ 1, 1, 1, 1, 1, 1, 2, 2, 2, 2, 2, 2, 2, 2, 2 ], 24 ], [ [ 1, 1, 1, 1, 1, 1, 1, 1, 1, 1, 1, 1, 2, 2, 2, 2, 2, 2 ], 4 ], [ [ 1, 1, 1, 1, 2, 2, 4, 4, 4, 4 ], 12 ], [ [ 1, 1, 1, 1, 2, 2, 2, 2, 2, 2, 2, 2, 2, 2 ], 12 ], [ [ 1, 1, 2, 2, 2, 4, 4, 4, 4 ], 24 ], [ [ 2, 2, 2, 2, 2, 2, 2, 2, 2, 2, 2, 2 ], 8 ], [ [ 2, 2, 2, 2, 2, 2, 4, 4, 4 ], 48 ], [ [ 2, 2, 2, 2, 4, 4, 4, 4 ], 24 ], [ [ 2, 2, 4, 8, 8 ], 48 ], [ [ 2, 2, 4, 4, 4, 4, 4 ], 48 ], [ [ 3, 3, 3, 3, 6, 6 ], 32 ], [ [ 3, 3, 3, 3, 3, 3, 3, 3 ], 32 ], [ [ 6, 6, 6, 6 ], 32 ], [ [ 6, 6, 6, 6 ], 32 ] ]
990|384|[ 384, 5677 ]|[ [ [ 1, 1, 1, 1, 1, 1, 1, 1, 1, 1, 1, 1, 1, 1, 1, 1, 1, 1, 1, 1, 1, 1, 1, 1 ], 1 ], [ [ 1, 1, 1, 1, 1, 1, 1, 1, 2, 2, 2, 2, 2, 2, 2, 2 ], 3 ], [ [ 1, 1, 1, 1, 1, 1, 2, 4, 4, 4, 4 ], 24 ], [ [ 1, 1, 1, 1, 1, 1, 1, 1, 1, 1, 1, 1, 2, 2, 2, 2, 2, 2 ], 4 ], [ [ 1, 1, 1, 1, 2, 2, 4, 4, 4, 4 ], 12 ], [ [ 1, 1, 1, 1, 2, 2, 2, 2, 2, 2, 2, 2, 2, 2 ], 12 ], [ [ 1, 1, 2, 2, 2, 2, 2, 2, 2, 2, 2, 2, 2 ], 24 ], [ [ 2, 2, 2, 2, 2, 2, 2, 2, 2, 2, 2, 2 ], 8 ], [ [ 2, 2, 2, 2, 2, 2, 4, 4, 4 ], 48 ], [ [ 2, 2, 2, 2, 4, 4, 4, 4 ], 24 ], [ [ 2, 2, 4, 8, 8 ], 48 ], [ [ 2, 2, 4, 4, 4, 4, 4 ], 48 ], [ [ 3, 3, 3, 3, 3, 3, 3, 3 ], 32 ], [ [ 3, 3, 3, 3, 6, 6 ], 32 ], [ [ 6, 6, 6, 6 ], 32 ], [ [ 6, 6, 6, 6 ], 32 ] ]
991|384|[ 384, 5678 ]|[ [ [ 1, 1, 1, 1, 1, 1, 1, 1, 1, 1, 1, 1, 1, 1, 1, 1, 1, 1, 1, 1, 1, 1, 1, 1 ], 1 ], [ [ 1, 1, 1, 1, 1, 1, 1, 1, 2, 2, 2, 2, 2, 2, 2, 2 ], 3 ], [ [ 1, 1, 1, 1, 1, 1, 2, 4, 4, 4, 4 ], 24 ], [ [ 1, 1, 1, 1, 1, 1, 1, 1, 1, 1, 1, 1, 2, 2, 2, 2, 2, 2 ], 4 ], [ [ 1, 1, 1, 1, 2, 2, 2, 2, 2, 2, 2, 2, 2, 2 ], 12 ], [ [ 1, 1, 1, 1, 2, 2, 4, 4, 4, 4 ], 12 ], [ [ 1, 1, 2, 2, 2, 2, 2, 2, 2, 2, 2, 2, 2 ], 24 ], [ [ 2, 2, 2, 2, 2, 2, 2, 2, 2, 2, 2, 2 ], 8 ], [ [ 2, 2, 2, 2, 2, 2, 4, 4, 4 ], 48 ], [ [ 2, 2, 2, 2, 4, 4, 4, 4 ], 24 ], [ [ 2, 2, 4, 4, 4, 4, 4 ], 48 ], [ [ 2, 2, 4, 8, 8 ], 48 ], [ [ 3, 3, 3, 3, 6, 6 ], 32 ], [ [ 3, 3, 3, 3, 3, 3, 3, 3 ], 32 ], [ [ 6, 6, 6, 6 ], 32 ], [ [ 6, 6, 6, 6 ], 32 ] ]
992|384|[ 384, 6 ]|[ [ [ 1, 1, 1, 1, 1, 1, 1, 1, 1, 1, 1, 1, 1, 1, 1, 1, 1, 1, 1, 1, 1, 1, 1, 1 ], 1 ], [ [ 1, 1, 1, 1, 1, 1, 1, 1, 2, 2, 2, 2, 2, 2, 2, 2 ], 3 ], [ [ 1, 1, 1, 1, 1, 1, 1, 1, 4, 4, 4, 4 ], 6 ], [ [ 1, 1, 1, 1, 1, 1, 1, 1, 1, 1, 1, 1, 2, 2, 2, 2, 2, 2 ], 4 ], [ [ 1, 1, 1, 1, 2, 2, 4, 4, 4, 4 ], 12 ], [ [ 1, 1, 1, 1, 2, 2, 8, 8 ], 24 ], [ [ 1, 1, 1, 1, 2, 2, 8, 8 ], 24 ], [ [ 2, 2, 2, 2, 4, 4, 4, 4 ], 6 ], [ [ 2, 2, 2, 2, 8, 8 ], 24 ], [ [ 2, 2, 2, 2, 8, 8 ], 24 ], [ [ 3, 3, 3, 3, 3, 3, 3, 3 ], 64 ], [ [ 3, 3, 3, 3, 6, 6 ], 64 ], [ [ 3, 3, 3, 3, 6, 6 ], 64 ], [ [ 3, 3, 3, 3, 3, 3, 3, 3 ], 64 ] ]
993|384|[ 384, 590 ]|[ [ [ 1, 1, 1, 1, 1, 1, 1, 1, 1, 1, 1, 1, 1, 1, 1, 1, 1, 1, 1, 1, 1, 1, 1, 1 ], 1 ], [ [ 1, 1, 1, 1, 1, 1, 1, 1, 2, 2, 2, 2, 2, 2, 2, 2 ], 3 ], [ [ 1, 1, 1, 1, 1, 1, 1, 1, 4, 4, 4, 4 ], 3 ], [ [ 1, 1, 1, 1, 1, 1, 1, 1, 4, 4, 4, 4 ], 3 ], [ [ 1, 1, 1, 1, 1, 1, 1, 1, 8, 8 ], 6 ], [ [ 1, 1, 1, 1, 1, 1, 1, 1, 8, 8 ], 6 ], [ [ 1, 1, 1, 1, 1, 1, 1, 1, 1, 1, 1, 1, 2, 2, 2, 2, 2, 2 ], 4 ], [ [ 1, 1, 1, 1, 2, 2, 4, 4, 4, 4 ], 12 ], [ [ 1, 1, 1, 1, 2, 2, 8, 8 ], 12 ], [ [ 1, 1, 1, 1, 2, 2, 8, 8 ], 12 ], [ [ 2, 2, 2, 2, 4, 4, 4, 4 ], 3 ], [ [ 2, 2, 2, 2, 4, 4, 4, 4 ], 3 ], [ [ 2, 2, 2, 2, 8, 8 ], 6 ], [ [ 2, 2, 2, 2, 8, 8 ], 6 ], [ [ 4, 4, 8, 8 ], 6 ], [ [ 4, 4, 8, 8 ], 6 ], [ [ 4, 4, 8, 8 ], 12 ], [ [ 4, 4, 8, 8 ], 12 ], [ [ 4, 4, 8, 8 ], 6 ], [ [ 4, 4, 8, 8 ], 6 ], [ [ 3, 3, 3, 3, 3, 3, 3, 3 ], 64 ], [ [ 3, 3, 3, 3, 6, 6 ], 64 ], [ [ 3, 3, 3, 3, 6, 6 ], 64 ], [ [ 3, 3, 3, 3, 3, 3, 3, 3 ], 64 ] ]
994|384|[ 384, 18236 ]|[ [ [ 1, 1, 1, 1, 1, 1, 1, 1, 1, 1, 1, 1, 1, 1, 1, 1, 1, 1, 1, 1, 1, 1, 1, 1 ], 1 ], [ [ 1, 1, 1, 1, 1, 1, 1, 1, 2, 2, 2, 2, 2, 2, 2, 2 ], 3 ], [ [ 1, 1, 1, 1, 1, 1, 1, 1, 4, 4, 4, 4 ], 6 ], [ [ 1, 1, 1, 1, 1, 1, 1, 1, 1, 1, 1, 1, 2, 2, 2, 2, 2, 2 ], 4 ], [ [ 1, 1, 1, 1, 2, 2, 4, 4, 4, 4 ], 12 ], [ [ 1, 1, 1, 1, 2, 2, 2, 2, 2, 2, 2, 2, 2, 2 ], 12 ], [ [ 1, 1, 1, 1, 2, 2, 4, 4, 4, 4 ], 12 ], [ [ 1, 1, 1, 1, 2, 2, 4, 4, 4, 4 ], 12 ], [ [ 1, 1, 1, 1, 2, 2, 2, 2, 2, 2, 2, 2, 2, 2 ], 12 ], [ [ 2, 2, 2, 2, 4, 4, 4, 4 ], 6 ], [ [ 2, 2, 2, 2, 2, 2, 2, 2, 2, 2, 2, 2 ], 12 ], [ [ 2, 2, 2, 2, 4, 4, 4, 4 ], 12 ], [ [ 2, 2, 2, 2, 4, 4, 4, 4 ], 12 ], [ [ 2, 2, 2, 2, 2, 2, 2, 2, 2, 2, 2, 2 ], 12 ], [ [ 3, 3, 3, 3, 3, 3, 3, 3 ], 64 ], [ [ 3, 3, 3, 3, 6, 6 ], 64 ], [ [ 3, 3, 3, 3, 3, 3, 3, 3 ], 64 ], [ [ 3, 3, 3, 3, 6, 6 ], 64 ] ]
995|384|[ 384, 18224 ]|[ [ [ 1, 1, 1, 1, 1, 1, 1, 1, 1, 1, 1, 1, 1, 1, 1, 1, 1, 1, 1, 1, 1, 1, 1, 1 ], 1 ], [ [ 1, 1, 1, 1, 1, 1, 1, 1, 2, 2, 2, 2, 2, 2, 2, 2 ], 3 ], [ [ 1, 1, 1, 1, 1, 1, 1, 1, 4, 4, 4, 4 ], 3 ], [ [ 1, 1, 1, 1, 1, 1, 1, 1, 4, 4, 4, 4 ], 3 ], [ [ 1, 1, 1, 1, 1, 1, 1, 1, 2, 2, 2, 2, 2, 2, 2, 2 ], 6 ], [ [ 1, 1, 1, 1, 1, 1, 1, 1, 4, 4, 4, 4 ], 6 ], [ [ 1, 1, 1, 1, 1, 1, 1, 1, 1, 1, 1, 1, 2, 2, 2, 2, 2, 2 ], 4 ], [ [ 1, 1, 1, 1, 2, 2, 4, 4, 4, 4 ], 12 ], [ [ 1, 1, 1, 1, 2, 2, 4, 4, 4, 4 ], 12 ], [ [ 1, 1, 1, 1, 2, 2, 2, 2, 2, 2, 2, 2, 2, 2 ], 12 ], [ [ 2, 2, 2, 2, 4, 4, 4, 4 ], 3 ], [ [ 2, 2, 2, 2, 4, 4, 4, 4 ], 3 ], [ [ 2, 2, 2, 2, 2, 2, 2, 2, 2, 2, 2, 2 ], 6 ], [ [ 2, 2, 2, 2, 4, 4, 4, 4 ], 6 ], [ [ 2, 2, 2, 2, 4, 4, 4, 4 ], 12 ], [ [ 2, 2, 2, 2, 4, 4, 4, 4 ], 12 ], [ [ 2, 2, 2, 2, 4, 4, 4, 4 ], 6 ], [ [ 2, 2, 2, 2, 4, 4, 4, 4 ], 6 ], [ [ 2, 2, 2, 2, 4, 4, 4, 4 ], 6 ], [ [ 2, 2, 2, 2, 4, 4, 4, 4 ], 6 ], [ [ 3, 3, 3, 3, 3, 3, 3, 3 ], 64 ], [ [ 3, 3, 3, 3, 6, 6 ], 64 ], [ [ 3, 3, 3, 3, 3, 3, 3, 3 ], 64 ], [ [ 3, 3, 3, 3, 6, 6 ], 64 ] ]
996|384|[ 384, 18236 ]|[ [ [ 1, 1, 1, 1, 1, 1, 1, 1, 1, 1, 1, 1, 1, 1, 1, 1, 1, 1, 1, 1, 1, 1, 1, 1 ], 1 ], [ [ 1, 1, 1, 1, 1, 1, 1, 1, 2, 2, 2, 2, 2, 2, 2, 2 ], 3 ], [ [ 1, 1, 1, 1, 1, 1, 1, 1, 4, 4, 4, 4 ], 6 ], [ [ 1, 1, 1, 1, 1, 1, 1, 1, 1, 1, 1, 1, 2, 2, 2, 2, 2, 2 ], 4 ], [ [ 1, 1, 1, 1, 2, 2, 4, 4, 4, 4 ], 12 ], [ [ 1, 1, 1, 1, 2, 2, 4, 4, 4, 4 ], 12 ], [ [ 1, 1, 1, 1, 2, 2, 2, 2, 2, 2, 2, 2, 2, 2 ], 12 ], [ [ 1, 1, 1, 1, 2, 2, 2, 2, 2, 2, 2, 2, 2, 2 ], 12 ], [ [ 1, 1, 1, 1, 2, 2, 4, 4, 4, 4 ], 12 ], [ [ 2, 2, 2, 2, 4, 4, 4, 4 ], 6 ], [ [ 2, 2, 2, 2, 4, 4, 4, 4 ], 12 ], [ [ 2, 2, 2, 2, 2, 2, 2, 2, 2, 2, 2, 2 ], 12 ], [ [ 2, 2, 2, 2, 2, 2, 2, 2, 2, 2, 2, 2 ], 12 ], [ [ 2, 2, 2, 2, 4, 4, 4, 4 ], 12 ], [ [ 3, 3, 3, 3, 6, 6 ], 64 ], [ [ 3, 3, 3, 3, 3, 3, 3, 3 ], 64 ], [ [ 3, 3, 3, 3, 3, 3, 3, 3 ], 64 ], [ [ 3, 3, 3, 3, 6, 6 ], 64 ] ]
997|384|[ 384, 18235 ]|[ [ [ 1, 1, 1, 1, 1, 1, 1, 1, 1, 1, 1, 1, 1, 1, 1, 1, 1, 1, 1, 1, 1, 1, 1, 1 ], 1 ], [ [ 1, 1, 1, 1, 1, 1, 1, 1, 2, 2, 2, 2, 2, 2, 2, 2 ], 3 ], [ [ 1, 1, 1, 1, 1, 1, 1, 1, 2, 2, 2, 2, 2, 2, 2, 2 ], 6 ], [ [ 1, 1, 1, 1, 1, 1, 1, 1, 1, 1, 1, 1, 2, 2, 2, 2, 2, 2 ], 4 ], [ [ 1, 1, 1, 1, 2, 2, 2, 2, 2, 2, 2, 2, 2, 2 ], 12 ], [ [ 1, 1, 1, 1, 2, 2, 4, 4, 4, 4 ], 12 ], [ [ 1, 1, 1, 1, 2, 2, 4, 4, 4, 4 ], 12 ], [ [ 1, 1, 1, 1, 2, 2, 2, 2, 2, 2, 2, 2, 2, 2 ], 12 ], [ [ 1, 1, 1, 1, 2, 2, 2, 2, 2, 2, 2, 2, 2, 2 ], 12 ], [ [ 2, 2, 2, 2, 2, 2, 2, 2, 2, 2, 2, 2 ], 6 ], [ [ 2, 2, 2, 2, 4, 4, 4, 4 ], 12 ], [ [ 2, 2, 2, 2, 4, 4, 4, 4 ], 12 ], [ [ 2, 2, 2, 2, 4, 4, 4, 4 ], 12 ], [ [ 2, 2, 2, 2, 4, 4, 4, 4 ], 12 ], [ [ 3, 3, 3, 3, 6, 6 ], 64 ], [ [ 3, 3, 3, 3, 3, 3, 3, 3 ], 64 ], [ [ 3, 3, 3, 3, 3, 3, 3, 3 ], 64 ], [ [ 3, 3, 3, 3, 6, 6 ], 64 ] ]
998|384|[ 384, 4 ]|[ [ [ 1, 1, 1, 1, 1, 1, 1, 1, 1, 1, 1, 1, 1, 1, 1, 1, 1, 1, 1, 1, 1, 1, 1, 1 ], 1 ], [ [ 1, 1, 1, 1, 1, 1, 1, 1, 2, 2, 2, 2, 2, 2, 2, 2 ], 3 ], [ [ 1, 1, 1, 1, 1, 1, 1, 1, 2, 2, 2, 2, 2, 2, 2, 2 ], 6 ], [ [ 1, 1, 1, 1, 1, 1, 1, 1, 1, 1, 1, 1, 2, 2, 2, 2, 2, 2 ], 4 ], [ [ 1, 1, 1, 1, 2, 2, 2, 2, 2, 2, 2, 2, 2, 2 ], 12 ], [ [ 1, 1, 1, 1, 2, 2, 4, 4, 4, 4 ], 24 ], [ [ 1, 1, 1, 1, 2, 2, 4, 4, 4, 4 ], 24 ], [ [ 2, 2, 2, 2, 2, 2, 2, 2, 2, 2, 2, 2 ], 6 ], [ [ 4, 4, 4, 4, 4, 4 ], 24 ], [ [ 4, 4, 4, 4, 4, 4 ], 24 ], [ [ 3, 3, 3, 3, 3, 3, 3, 3 ], 64 ], [ [ 3, 3, 3, 3, 6, 6 ], 64 ], [ [ 3, 3, 3, 3, 6, 6 ], 64 ], [ [ 3, 3, 3, 3, 3, 3, 3, 3 ], 64 ] ]
999|384|[ 384, 5678 ]|[ [ [ 1, 1, 1, 1, 1, 1, 1, 1, 1, 1, 1, 1, 1, 1, 1, 1, 1, 1, 1, 1, 1, 1, 1, 1 ], 1 ], [ [ 1, 1, 1, 1, 1, 1, 1, 1, 2, 2, 2, 2, 2, 2, 2, 2 ], 3 ], [ [ 1, 1, 1, 1, 2, 2, 4, 4, 4, 4 ], 24 ], [ [ 1, 1, 1, 1, 2, 2, 4, 4, 4, 4 ], 12 ], [ [ 1, 1, 1, 1, 2, 2, 2, 2, 2, 2, 2, 2, 2, 2 ], 24 ], [ [ 1, 1, 2, 4, 8, 8 ], 48 ], [ [ 2, 2, 2, 2, 4, 4, 4, 4 ], 24 ], [ [ 2, 2, 2, 2, 2, 2, 2, 2, 2, 2, 2, 2 ], 8 ], [ [ 2, 2, 2, 2, 2, 2, 2, 2, 2, 2, 2, 2 ], 12 ], [ [ 4, 4, 4, 4, 4, 4 ], 48 ], [ [ 4, 4, 4, 4, 4, 4 ], 48 ], [ [ 2, 2, 2, 2, 2, 2, 2, 2, 2, 2, 2, 2 ], 4 ], [ [ 3, 3, 3, 3, 3, 3, 3, 3 ], 32 ], [ [ 6, 6, 6, 6 ], 32 ], [ [ 6, 6, 6, 6 ], 32 ], [ [ 6, 6, 6, 6 ], 32 ] ]
1000|384|[ 384, 5677 ]|[ [ [ 1, 1, 1, 1, 1, 1, 1, 1, 1, 1, 1, 1, 1, 1, 1, 1, 1, 1, 1, 1, 1, 1, 1, 1 ], 1 ], [ [ 1, 1, 1, 1, 1, 1, 1, 1, 2, 2, 2, 2, 2, 2, 2, 2 ], 3 ], [ [ 1, 1, 1, 1, 2, 2, 4, 4, 4, 4 ], 24 ], [ [ 1, 1, 1, 1, 2, 2, 2, 2, 2, 2, 2, 2, 2, 2 ], 12 ], [ [ 1, 1, 1, 1, 2, 2, 2, 2, 2, 2, 2, 2, 2, 2 ], 24 ], [ [ 1, 1, 2, 4, 4, 4, 4, 4 ], 48 ], [ [ 2, 2, 2, 2, 4, 4, 4, 4 ], 24 ], [ [ 2, 2, 2, 2, 2, 2, 2, 2, 2, 2, 2, 2 ], 8 ], [ [ 2, 2, 2, 2, 4, 4, 4, 4 ], 12 ], [ [ 4, 4, 4, 4, 4, 4 ], 48 ], [ [ 4, 4, 8, 8 ], 48 ], [ [ 2, 2, 2, 2, 2, 2, 2, 2, 2, 2, 2, 2 ], 4 ], [ [ 6, 6, 6, 6 ], 32 ], [ [ 6, 6, 6, 6 ], 32 ], [ [ 6, 6, 6, 6 ], 32 ], [ [ 3, 3, 3, 3, 3, 3, 3, 3 ], 32 ] ]
1001|384|[ 384, 5677 ]|[ [ [ 1, 1, 1, 1, 1, 1, 1, 1, 1, 1, 1, 1, 1, 1, 1, 1, 1, 1, 1, 1, 1, 1, 1, 1 ], 1 ], [ [ 1, 1, 1, 1, 1, 1, 1, 1, 2, 2, 2, 2, 2, 2, 2, 2 ], 3 ], [ [ 1, 1, 1, 1, 2, 2, 4, 4, 4, 4 ], 24 ], [ [ 1, 1, 1, 1, 2, 2, 2, 2, 2, 2, 2, 2, 2, 2 ], 12 ], [ [ 1, 1, 1, 1, 2, 2, 4, 4, 4, 4 ], 24 ], [ [ 1, 1, 2, 4, 4, 4, 4, 4 ], 48 ], [ [ 2, 2, 2, 2, 2, 2, 2, 2, 2, 2, 2, 2 ], 24 ], [ [ 2, 2, 2, 2, 2, 2, 2, 2, 2, 2, 2, 2 ], 8 ], [ [ 2, 2, 2, 2, 4, 4, 4, 4 ], 12 ], [ [ 4, 4, 4, 4, 4, 4 ], 48 ], [ [ 4, 4, 8, 8 ], 48 ], [ [ 2, 2, 2, 2, 2, 2, 2, 2, 2, 2, 2, 2 ], 4 ], [ [ 6, 6, 6, 6 ], 32 ], [ [ 6, 6, 6, 6 ], 32 ], [ [ 6, 6, 6, 6 ], 32 ], [ [ 3, 3, 3, 3, 3, 3, 3, 3 ], 32 ] ]
1002|384|[ 384, 5678 ]|[ [ [ 1, 1, 1, 1, 1, 1, 1, 1, 1, 1, 1, 1, 1, 1, 1, 1, 1, 1, 1, 1, 1, 1, 1, 1 ], 1 ], [ [ 1, 1, 1, 1, 1, 1, 1, 1, 2, 2, 2, 2, 2, 2, 2, 2 ], 3 ], [ [ 1, 1, 1, 1, 2, 2, 4, 4, 4, 4 ], 24 ], [ [ 1, 1, 1, 1, 2, 2, 4, 4, 4, 4 ], 12 ], [ [ 1, 1, 1, 1, 2, 2, 4, 4, 4, 4 ], 24 ], [ [ 1, 1, 2, 4, 8, 8 ], 48 ], [ [ 2, 2, 2, 2, 2, 2, 2, 2, 2, 2, 2, 2 ], 24 ], [ [ 2, 2, 2, 2, 2, 2, 2, 2, 2, 2, 2, 2 ], 8 ], [ [ 2, 2, 2, 2, 2, 2, 2, 2, 2, 2, 2, 2 ], 12 ], [ [ 4, 4, 4, 4, 4, 4 ], 48 ], [ [ 4, 4, 4, 4, 4, 4 ], 48 ], [ [ 2, 2, 2, 2, 2, 2, 2, 2, 2, 2, 2, 2 ], 4 ], [ [ 3, 3, 3, 3, 3, 3, 3, 3 ], 32 ], [ [ 6, 6, 6, 6 ], 32 ], [ [ 6, 6, 6, 6 ], 32 ], [ [ 6, 6, 6, 6 ], 32 ] ]
1003|384|[ 384, 20100 ]|[ [ [ 1, 1, 1, 1, 1, 1, 1, 1, 1, 1, 1, 1, 1, 1, 1, 1, 1, 1, 1, 1, 1, 1, 1, 1 ], 1 ], [ [ 1, 1, 1, 1, 1, 1, 1, 1, 2, 2, 2, 2, 2, 2, 2, 2 ], 3 ], [ [ 1, 1, 1, 1, 1, 1, 1, 1, 1, 1, 1, 1, 2, 2, 2, 2, 2, 2 ], 6 ], [ [ 1, 1, 1, 1, 1, 1, 1, 1, 2, 2, 2, 2, 2, 2, 2, 2 ], 6 ], [ [ 1, 1, 1, 1, 2, 2, 2, 2, 2, 2, 2, 2, 2, 2 ], 6 ], [ [ 1, 1, 1, 1, 1, 1, 1, 1, 2, 2, 2, 2, 2, 2, 2, 2 ], 6 ], [ [ 1, 1, 1, 1, 2, 2, 2, 2, 2, 2, 2, 2, 2, 2 ], 6 ], [ [ 1, 1, 1, 1, 1, 1, 1, 1, 2, 2, 2, 2, 2, 2, 2, 2 ], 3 ], [ [ 1, 1, 1, 1, 2, 2, 2, 2, 2, 2, 2, 2, 2, 2 ], 6 ], [ [ 1, 1, 1, 1, 1, 1, 1, 1, 2, 2, 2, 2, 2, 2, 2, 2 ], 3 ], [ [ 1, 1, 1, 1, 1, 1, 1, 1, 1, 1, 1, 1, 2, 2, 2, 2, 2, 2 ], 2 ], [ [ 1, 1, 1, 1, 2, 2, 2, 2, 2, 2, 2, 2, 2, 2 ], 6 ], [ [ 2, 2, 2, 2, 2, 2, 2, 2, 2, 2, 2, 2 ], 3 ], [ [ 2, 2, 2, 2, 2, 2, 2, 2, 2, 2, 2, 2 ], 3 ], [ [ 2, 2, 2, 2, 2, 2, 2, 2, 2, 2, 2, 2 ], 24 ], [ [ 2, 2, 2, 2, 4, 4, 4, 4 ], 24 ], [ [ 2, 2, 2, 2, 4, 4, 4, 4 ], 24 ], [ [ 4, 4, 4, 4, 4, 4 ], 24 ], [ [ 4, 4, 4, 4, 4, 4 ], 24 ], [ [ 2, 2, 2, 2, 4, 4, 4, 4 ], 24 ], [ [ 4, 4, 4, 4, 4, 4 ], 24 ], [ [ 4, 4, 4, 4, 4, 4 ], 24 ], [ [ 2, 2, 2, 2, 2, 2, 2, 2, 2, 2, 2, 2 ], 3 ], [ [ 2, 2, 2, 2, 2, 2, 2, 2, 2, 2, 2, 2 ], 1 ], [ [ 3, 3, 3, 3, 6, 6 ], 32 ], [ [ 3, 3, 3, 3, 6, 6 ], 32 ], [ [ 6, 6, 6, 6 ], 32 ], [ [ 3, 3, 3, 3, 3, 3, 3, 3 ], 32 ] ]
1004|384|[ 384, 20100 ]|[ [ [ 1, 1, 1, 1, 1, 1, 1, 1, 1, 1, 1, 1, 1, 1, 1, 1, 1, 1, 1, 1, 1, 1, 1, 1 ], 1 ], [ [ 1, 1, 1, 1, 1, 1, 1, 1, 1, 1, 1, 1, 1, 1, 1, 1, 2, 2, 2, 2 ], 3 ], [ [ 1, 1, 1, 1, 1, 1, 1, 1, 2, 2, 2, 2, 2, 2, 2, 2 ], 3 ], [ [ 1, 1, 1, 1, 1, 1, 1, 1, 2, 2, 2, 2, 2, 2, 2, 2 ], 6 ], [ [ 1, 1, 1, 1, 1, 1, 1, 1, 2, 2, 2, 2, 2, 2, 2, 2 ], 3 ], [ [ 1, 1, 1, 1, 1, 1, 1, 1, 2, 2, 2, 2, 2, 2, 2, 2 ], 3 ], [ [ 1, 1, 1, 1, 1, 1, 1, 1, 2, 2, 2, 2, 2, 2, 2, 2 ], 6 ], [ [ 1, 1, 1, 1, 1, 1, 1, 1, 2, 2, 2, 2, 2, 2, 2, 2 ], 6 ], [ [ 1, 1, 1, 1, 1, 1, 1, 1, 2, 2, 2, 2, 2, 2, 2, 2 ], 6 ], [ [ 1, 1, 1, 1, 1, 1, 1, 1, 2, 2, 2, 2, 2, 2, 2, 2 ], 6 ], [ [ 2, 2, 2, 2, 2, 2, 2, 2, 2, 2, 2, 2 ], 3 ], [ [ 2, 2, 2, 2, 2, 2, 2, 2, 2, 2, 2, 2 ], 6 ], [ [ 2, 2, 2, 2, 2, 2, 2, 2, 2, 2, 2, 2 ], 6 ], [ [ 2, 2, 2, 2, 2, 2, 2, 2, 2, 2, 2, 2 ], 2 ], [ [ 2, 2, 2, 2, 2, 2, 2, 2, 2, 2, 2, 2 ], 24 ], [ [ 2, 2, 2, 2, 4, 4, 4, 4 ], 24 ], [ [ 4, 4, 4, 4, 4, 4 ], 24 ], [ [ 4, 4, 4, 4, 4, 4 ], 24 ], [ [ 2, 2, 2, 2, 4, 4, 4, 4 ], 24 ], [ [ 2, 2, 2, 2, 4, 4, 4, 4 ], 24 ], [ [ 2, 2, 2, 2, 2, 2, 2, 2, 4, 4 ], 24 ], [ [ 4, 4, 4, 4, 4, 4 ], 24 ], [ [ 2, 2, 2, 2, 2, 2, 2, 2, 2, 2, 2, 2 ], 3 ], [ [ 2, 2, 2, 2, 2, 2, 2, 2, 2, 2, 2, 2 ], 1 ], [ [ 6, 6, 6, 6 ], 32 ], [ [ 3, 3, 3, 3, 3, 3, 3, 3 ], 32 ], [ [ 6, 6, 6, 6 ], 32 ], [ [ 6, 6, 6, 6 ], 32 ] ]
1005|384|[ 384, 20100 ]|[ [ [ 1, 1, 1, 1, 1, 1, 1, 1, 1, 1, 1, 1, 1, 1, 1, 1, 1, 1, 1, 1, 1, 1, 1, 1 ], 1 ], [ [ 1, 1, 1, 1, 1, 1, 1, 1, 1, 1, 1, 1, 1, 1, 1, 1, 2, 2, 2, 2 ], 3 ], [ [ 1, 1, 1, 1, 1, 1, 1, 1, 2, 2, 2, 2, 2, 2, 2, 2 ], 3 ], [ [ 1, 1, 1, 1, 1, 1, 1, 1, 2, 2, 2, 2, 2, 2, 2, 2 ], 6 ], [ [ 1, 1, 1, 1, 1, 1, 1, 1, 2, 2, 2, 2, 2, 2, 2, 2 ], 3 ], [ [ 1, 1, 1, 1, 1, 1, 1, 1, 2, 2, 2, 2, 2, 2, 2, 2 ], 3 ], [ [ 1, 1, 1, 1, 1, 1, 1, 1, 1, 1, 1, 1, 2, 2, 2, 2, 2, 2 ], 6 ], [ [ 1, 1, 1, 1, 1, 1, 1, 1, 1, 1, 1, 1, 2, 2, 2, 2, 2, 2 ], 2 ], [ [ 1, 1, 1, 1, 2, 2, 2, 2, 2, 2, 2, 2, 2, 2 ], 6 ], [ [ 1, 1, 1, 1, 2, 2, 2, 2, 2, 2, 2, 2, 2, 2 ], 6 ], [ [ 1, 1, 1, 1, 2, 2, 2, 2, 2, 2, 2, 2, 2, 2 ], 6 ], [ [ 1, 1, 1, 1, 2, 2, 2, 2, 2, 2, 2, 2, 2, 2 ], 6 ], [ [ 2, 2, 2, 2, 2, 2, 2, 2, 2, 2, 2, 2 ], 3 ], [ [ 2, 2, 2, 2, 2, 2, 2, 2, 2, 2, 2, 2 ], 6 ], [ [ 2, 2, 2, 2, 4, 4, 4, 4 ], 24 ], [ [ 2, 2, 2, 2, 4, 4, 4, 4 ], 24 ], [ [ 4, 4, 4, 4, 4, 4 ], 24 ], [ [ 4, 4, 4, 4, 4, 4 ], 24 ], [ [ 2, 2, 2, 2, 2, 2, 2, 2, 2, 2, 2, 2 ], 24 ], [ [ 2, 2, 2, 2, 4, 4, 4, 4 ], 24 ], [ [ 2, 2, 2, 2, 2, 2, 2, 2, 4, 4 ], 24 ], [ [ 4, 4, 4, 4, 4, 4 ], 24 ], [ [ 2, 2, 2, 2, 2, 2, 2, 2, 2, 2, 2, 2 ], 3 ], [ [ 2, 2, 2, 2, 2, 2, 2, 2, 2, 2, 2, 2 ], 1 ], [ [ 6, 6, 6, 6 ], 32 ], [ [ 3, 3, 3, 3, 3, 3, 3, 3 ], 32 ], [ [ 3, 3, 3, 3, 6, 6 ], 32 ], [ [ 3, 3, 3, 3, 6, 6 ], 32 ] ]
1006|384|[ 384, 20115 ]|[ [ [ 1, 1, 1, 1, 1, 1, 1, 1, 1, 1, 1, 1, 1, 1, 1, 1, 1, 1, 1, 1, 1, 1, 1, 1 ], 1 ], [ [ 1, 1, 1, 1, 1, 1, 1, 1, 1, 1, 1, 1, 1, 1, 1, 1, 2, 2, 2, 2 ], 3 ], [ [ 1, 1, 1, 1, 1, 1, 1, 1, 2, 2, 2, 2, 2, 2, 2, 2 ], 3 ], [ [ 1, 1, 1, 1, 1, 1, 1, 1, 2, 2, 2, 2, 2, 2, 2, 2 ], 3 ], [ [ 1, 1, 1, 1, 1, 1, 1, 1, 2, 2, 2, 2, 2, 2, 2, 2 ], 3 ], [ [ 1, 1, 1, 1, 1, 1, 1, 1, 2, 2, 2, 2, 2, 2, 2, 2 ], 3 ], [ [ 1, 1, 1, 1, 1, 1, 1, 1, 2, 2, 2, 2, 2, 2, 2, 2 ], 3 ], [ [ 1, 1, 1, 1, 1, 1, 1, 1, 2, 2, 2, 2, 2, 2, 2, 2 ], 6 ], [ [ 1, 1, 1, 1, 1, 1, 1, 1, 2, 2, 2, 2, 2, 2, 2, 2 ], 6 ], [ [ 1, 1, 1, 1, 1, 1, 1, 1, 2, 2, 2, 2, 2, 2, 2, 2 ], 6 ], [ [ 1, 1, 1, 1, 1, 1, 1, 1, 2, 2, 2, 2, 2, 2, 2, 2 ], 6 ], [ [ 2, 2, 2, 2, 2, 2, 2, 2, 2, 2, 2, 2 ], 3 ], [ [ 2, 2, 2, 2, 2, 2, 2, 2, 2, 2, 2, 2 ], 3 ], [ [ 2, 2, 2, 2, 2, 2, 2, 2, 2, 2, 2, 2 ], 3 ], [ [ 2, 2, 2, 2, 2, 2, 2, 2, 2, 2, 2, 2 ], 6 ], [ [ 2, 2, 2, 2, 2, 2, 2, 2, 2, 2, 2, 2 ], 2 ], [ [ 2, 2, 2, 2, 2, 2, 2, 2, 2, 2, 2, 2 ], 6 ], [ [ 2, 2, 2, 2, 2, 2, 2, 2, 2, 2, 2, 2 ], 2 ], [ [ 2, 2, 2, 2, 2, 2, 2, 2, 2, 2, 2, 2 ], 6 ], [ [ 2, 2, 2, 2, 2, 2, 2, 2, 2, 2, 2, 2 ], 6 ], [ [ 2, 2, 2, 2, 2, 2, 2, 2, 2, 2, 2, 2 ], 6 ], [ [ 2, 2, 2, 2, 2, 2, 2, 2, 2, 2, 2, 2 ], 6 ], [ [ 4, 4, 4, 4, 4, 4 ], 6 ], [ [ 4, 4, 4, 4, 4, 4 ], 6 ], [ [ 4, 4, 4, 4, 4, 4 ], 6 ], [ [ 4, 4, 4, 4, 4, 4 ], 6 ], [ [ 4, 4, 4, 4, 4, 4 ], 2 ], [ [ 4, 4, 4, 4, 4, 4 ], 6 ], [ [ 2, 2, 2, 2, 2, 2, 2, 2, 2, 2, 2, 2 ], 3 ], [ [ 2, 2, 2, 2, 2, 2, 2, 2, 2, 2, 2, 2 ], 1 ], [ [ 6, 6, 6, 6 ], 16 ], [ [ 3, 3, 3, 3, 3, 3, 3, 3 ], 16 ], [ [ 6, 6, 6, 6 ], 32 ], [ [ 6, 6, 6, 6 ], 32 ], [ [ 12, 12 ], 32 ], [ [ 12, 12 ], 32 ], [ [ 6, 6, 6, 6 ], 32 ], [ [ 6, 6, 6, 6 ], 32 ], [ [ 6, 6, 6, 6 ], 16 ], [ [ 3, 3, 3, 3, 3, 3, 3, 3 ], 16 ] ]
1007|384|[ 384, 20115 ]|[ [ [ 1, 1, 1, 1, 1, 1, 1, 1, 1, 1, 1, 1, 1, 1, 1, 1, 1, 1, 1, 1, 1, 1, 1, 1 ], 1 ], [ [ 1, 1, 1, 1, 1, 1, 1, 1, 1, 1, 1, 1, 1, 1, 1, 1, 2, 2, 2, 2 ], 3 ], [ [ 1, 1, 1, 1, 1, 1, 1, 1, 2, 2, 2, 2, 2, 2, 2, 2 ], 3 ], [ [ 1, 1, 1, 1, 1, 1, 1, 1, 2, 2, 2, 2, 2, 2, 2, 2 ], 3 ], [ [ 1, 1, 1, 1, 1, 1, 1, 1, 2, 2, 2, 2, 2, 2, 2, 2 ], 3 ], [ [ 1, 1, 1, 1, 1, 1, 1, 1, 2, 2, 2, 2, 2, 2, 2, 2 ], 3 ], [ [ 1, 1, 1, 1, 1, 1, 1, 1, 2, 2, 2, 2, 2, 2, 2, 2 ], 3 ], [ [ 1, 1, 1, 1, 1, 1, 1, 1, 1, 1, 1, 1, 2, 2, 2, 2, 2, 2 ], 6 ], [ [ 1, 1, 1, 1, 1, 1, 1, 1, 1, 1, 1, 1, 2, 2, 2, 2, 2, 2 ], 2 ], [ [ 1, 1, 1, 1, 2, 2, 2, 2, 2, 2, 2, 2, 2, 2 ], 6 ], [ [ 1, 1, 1, 1, 2, 2, 2, 2, 2, 2, 2, 2, 2, 2 ], 6 ], [ [ 1, 1, 1, 1, 2, 2, 2, 2, 2, 2, 2, 2, 2, 2 ], 6 ], [ [ 1, 1, 1, 1, 2, 2, 2, 2, 2, 2, 2, 2, 2, 2 ], 6 ], [ [ 2, 2, 2, 2, 2, 2, 2, 2, 2, 2, 2, 2 ], 3 ], [ [ 2, 2, 2, 2, 2, 2, 2, 2, 2, 2, 2, 2 ], 3 ], [ [ 2, 2, 2, 2, 2, 2, 2, 2, 2, 2, 2, 2 ], 3 ], [ [ 2, 2, 2, 2, 2, 2, 2, 2, 2, 2, 2, 2 ], 6 ], [ [ 2, 2, 2, 2, 2, 2, 2, 2, 2, 2, 2, 2 ], 2 ], [ [ 2, 2, 2, 2, 2, 2, 2, 2, 2, 2, 2, 2 ], 6 ], [ [ 2, 2, 2, 2, 2, 2, 2, 2, 2, 2, 2, 2 ], 6 ], [ [ 2, 2, 2, 2, 2, 2, 2, 2, 2, 2, 2, 2 ], 6 ], [ [ 2, 2, 2, 2, 2, 2, 2, 2, 2, 2, 2, 2 ], 6 ], [ [ 4, 4, 4, 4, 4, 4 ], 2 ], [ [ 4, 4, 4, 4, 4, 4 ], 6 ], [ [ 4, 4, 4, 4, 4, 4 ], 6 ], [ [ 4, 4, 4, 4, 4, 4 ], 6 ], [ [ 4, 4, 4, 4, 4, 4 ], 6 ], [ [ 4, 4, 4, 4, 4, 4 ], 6 ], [ [ 2, 2, 2, 2, 2, 2, 2, 2, 2, 2, 2, 2 ], 3 ], [ [ 2, 2, 2, 2, 2, 2, 2, 2, 2, 2, 2, 2 ], 1 ], [ [ 6, 6, 6, 6 ], 16 ], [ [ 3, 3, 3, 3, 3, 3, 3, 3 ], 16 ], [ [ 3, 3, 3, 3, 6, 6 ], 32 ], [ [ 6, 6, 6, 6 ], 32 ], [ [ 12, 12 ], 32 ], [ [ 12, 12 ], 32 ], [ [ 6, 6, 6, 6 ], 32 ], [ [ 3, 3, 3, 3, 6, 6 ], 32 ], [ [ 6, 6, 6, 6 ], 16 ], [ [ 3, 3, 3, 3, 3, 3, 3, 3 ], 16 ] ]
1008|384|[ 384, 20100 ]|[ [ [ 1, 1, 1, 1, 1, 1, 1, 1, 1, 1, 1, 1, 1, 1, 1, 1, 1, 1, 1, 1, 1, 1, 1, 1 ], 1 ], [ [ 1, 1, 1, 1, 1, 1, 1, 1, 1, 1, 1, 1, 1, 1, 1, 1, 2, 2, 2, 2 ], 3 ], [ [ 1, 1, 1, 1, 1, 1, 1, 1, 2, 2, 2, 2, 2, 2, 2, 2 ], 3 ], [ [ 1, 1, 1, 1, 1, 1, 1, 1, 2, 2, 2, 2, 2, 2, 2, 2 ], 6 ], [ [ 1, 1, 1, 1, 1, 1, 1, 1, 2, 2, 2, 2, 2, 2, 2, 2 ], 3 ], [ [ 1, 1, 1, 1, 1, 1, 1, 1, 2, 2, 2, 2, 2, 2, 2, 2 ], 3 ], [ [ 1, 1, 1, 1, 2, 2, 2, 2, 2, 2, 2, 2, 2, 2 ], 24 ], [ [ 1, 1, 1, 1, 2, 2, 4, 4, 4, 4 ], 24 ], [ [ 2, 2, 2, 2, 2, 2, 2, 2, 2, 2, 2, 2 ], 3 ], [ [ 2, 2, 2, 2, 2, 2, 2, 2, 2, 2, 2, 2 ], 6 ], [ [ 2, 2, 2, 2, 4, 4, 4, 4 ], 24 ], [ [ 2, 2, 2, 2, 4, 4, 4, 4 ], 24 ], [ [ 2, 2, 2, 2, 2, 2, 2, 2, 2, 2, 2, 2 ], 6 ], [ [ 2, 2, 2, 2, 2, 2, 2, 2, 2, 2, 2, 2 ], 6 ], [ [ 2, 2, 2, 2, 2, 2, 2, 2, 2, 2, 2, 2 ], 6 ], [ [ 2, 2, 2, 2, 2, 2, 2, 2, 2, 2, 2, 2 ], 2 ], [ [ 2, 2, 2, 2, 2, 2, 2, 2, 2, 2, 2, 2 ], 6 ], [ [ 2, 2, 2, 2, 2, 2, 2, 2, 2, 2, 2, 2 ], 6 ], [ [ 2, 2, 2, 2, 2, 2, 2, 2, 4, 4 ], 24 ], [ [ 4, 4, 4, 4, 4, 4 ], 24 ], [ [ 4, 4, 4, 4, 4, 4 ], 24 ], [ [ 4, 4, 4, 4, 4, 4 ], 24 ], [ [ 2, 2, 2, 2, 2, 2, 2, 2, 2, 2, 2, 2 ], 3 ], [ [ 2, 2, 2, 2, 2, 2, 2, 2, 2, 2, 2, 2 ], 1 ], [ [ 6, 6, 6, 6 ], 32 ], [ [ 3, 3, 3, 3, 3, 3, 3, 3 ], 32 ], [ [ 6, 6, 6, 6 ], 32 ], [ [ 6, 6, 6, 6 ], 32 ] ]
1009|384|[ 384, 5677 ]|[ [ [ 1, 1, 1, 1, 1, 1, 1, 1, 1, 1, 1, 1, 1, 1, 1, 1, 1, 1, 1, 1, 1, 1, 1, 1 ], 1 ], [ [ 1, 1, 1, 1, 1, 1, 1, 1, 2, 2, 2, 2, 2, 2, 2, 2 ], 3 ], [ [ 1, 1, 1, 1, 1, 1, 1, 1, 2, 2, 2, 2, 2, 2, 2, 2 ], 12 ], [ [ 1, 1, 1, 1, 2, 2, 4, 4, 4, 4 ], 12 ], [ [ 1, 1, 1, 1, 2, 2, 2, 2, 2, 2, 2, 2, 2, 2 ], 24 ], [ [ 1, 1, 2, 4, 8, 8 ], 48 ], [ [ 2, 2, 2, 2, 4, 4, 4, 4 ], 24 ], [ [ 2, 2, 2, 2, 2, 2, 2, 2, 2, 2, 2, 2 ], 8 ], [ [ 2, 2, 2, 2, 4, 4, 4, 4 ], 24 ], [ [ 4, 4, 4, 4, 4, 4 ], 48 ], [ [ 2, 2, 2, 2, 4, 4, 4, 4 ], 48 ], [ [ 2, 2, 2, 2, 2, 2, 2, 2, 2, 2, 2, 2 ], 4 ], [ [ 6, 6, 6, 6 ], 32 ], [ [ 3, 3, 3, 3, 3, 3, 3, 3 ], 32 ], [ [ 6, 6, 6, 6 ], 32 ], [ [ 6, 6, 6, 6 ], 32 ] ]
1010|384|[ 384, 20100 ]|[ [ [ 1, 1, 1, 1, 1, 1, 1, 1, 1, 1, 1, 1, 1, 1, 1, 1, 1, 1, 1, 1, 1, 1, 1, 1 ], 1 ], [ [ 1, 1, 1, 1, 1, 1, 1, 1, 1, 1, 1, 1, 1, 1, 1, 1, 2, 2, 2, 2 ], 3 ], [ [ 1, 1, 1, 1, 1, 1, 1, 1, 2, 2, 2, 2, 2, 2, 2, 2 ], 3 ], [ [ 1, 1, 1, 1, 1, 1, 1, 1, 2, 2, 2, 2, 2, 2, 2, 2 ], 6 ], [ [ 1, 1, 1, 1, 1, 1, 1, 1, 2, 2, 2, 2, 2, 2, 2, 2 ], 3 ], [ [ 1, 1, 1, 1, 1, 1, 1, 1, 2, 2, 2, 2, 2, 2, 2, 2 ], 3 ], [ [ 1, 1, 1, 1, 2, 2, 4, 4, 4, 4 ], 24 ], [ [ 1, 1, 1, 1, 2, 2, 4, 4, 4, 4 ], 24 ], [ [ 2, 2, 2, 2, 2, 2, 2, 2, 2, 2, 2, 2 ], 3 ], [ [ 2, 2, 2, 2, 2, 2, 2, 2, 2, 2, 2, 2 ], 6 ], [ [ 2, 2, 2, 2, 2, 2, 2, 2, 2, 2, 2, 2 ], 24 ], [ [ 2, 2, 2, 2, 4, 4, 4, 4 ], 24 ], [ [ 2, 2, 2, 2, 2, 2, 2, 2, 2, 2, 2, 2 ], 6 ], [ [ 2, 2, 2, 2, 2, 2, 2, 2, 2, 2, 2, 2 ], 6 ], [ [ 2, 2, 2, 2, 2, 2, 2, 2, 2, 2, 2, 2 ], 6 ], [ [ 2, 2, 2, 2, 2, 2, 2, 2, 2, 2, 2, 2 ], 6 ], [ [ 2, 2, 2, 2, 2, 2, 2, 2, 4, 4 ], 24 ], [ [ 4, 4, 4, 4, 4, 4 ], 24 ], [ [ 2, 2, 2, 2, 2, 2, 2, 2, 2, 2, 2, 2 ], 6 ], [ [ 2, 2, 2, 2, 2, 2, 2, 2, 2, 2, 2, 2 ], 2 ], [ [ 4, 4, 4, 4, 4, 4 ], 24 ], [ [ 4, 4, 4, 4, 4, 4 ], 24 ], [ [ 2, 2, 2, 2, 2, 2, 2, 2, 2, 2, 2, 2 ], 3 ], [ [ 2, 2, 2, 2, 2, 2, 2, 2, 2, 2, 2, 2 ], 1 ], [ [ 6, 6, 6, 6 ], 32 ], [ [ 3, 3, 3, 3, 3, 3, 3, 3 ], 32 ], [ [ 6, 6, 6, 6 ], 32 ], [ [ 6, 6, 6, 6 ], 32 ] ]
1011|384|[ 384, 5677 ]|[ [ [ 1, 1, 1, 1, 1, 1, 1, 1, 1, 1, 1, 1, 1, 1, 1, 1, 1, 1, 1, 1, 1, 1, 1, 1 ], 1 ], [ [ 1, 1, 1, 1, 1, 1, 1, 1, 2, 2, 2, 2, 2, 2, 2, 2 ], 3 ], [ [ 1, 1, 1, 1, 1, 1, 1, 1, 2, 2, 2, 2, 2, 2, 2, 2 ], 12 ], [ [ 1, 1, 1, 1, 2, 2, 4, 4, 4, 4 ], 12 ], [ [ 1, 1, 1, 1, 2, 2, 4, 4, 4, 4 ], 24 ], [ [ 1, 1, 2, 4, 8, 8 ], 48 ], [ [ 2, 2, 2, 2, 2, 2, 2, 2, 2, 2, 2, 2 ], 24 ], [ [ 2, 2, 2, 2, 2, 2, 2, 2, 2, 2, 2, 2 ], 8 ], [ [ 2, 2, 2, 2, 4, 4, 4, 4 ], 24 ], [ [ 4, 4, 4, 4, 4, 4 ], 48 ], [ [ 2, 2, 2, 2, 4, 4, 4, 4 ], 48 ], [ [ 2, 2, 2, 2, 2, 2, 2, 2, 2, 2, 2, 2 ], 4 ], [ [ 6, 6, 6, 6 ], 32 ], [ [ 3, 3, 3, 3, 3, 3, 3, 3 ], 32 ], [ [ 6, 6, 6, 6 ], 32 ], [ [ 6, 6, 6, 6 ], 32 ] ]
1012|384|[ 384, 20079 ]|[ [ [ 1, 1, 1, 1, 1, 1, 1, 1, 1, 1, 1, 1, 1, 1, 1, 1, 1, 1, 1, 1, 1, 1, 1, 1 ], 1 ], [ [ 1, 1, 1, 1, 1, 1, 1, 1, 1, 1, 1, 1, 1, 1, 1, 1, 2, 2, 2, 2 ], 3 ], [ [ 1, 1, 1, 1, 1, 1, 1, 1, 2, 2, 2, 2, 2, 2, 2, 2 ], 3 ], [ [ 1, 1, 1, 1, 1, 1, 1, 1, 2, 2, 2, 2, 2, 2, 2, 2 ], 6 ], [ [ 1, 1, 1, 1, 1, 1, 1, 1, 2, 2, 2, 2, 2, 2, 2, 2 ], 3 ], [ [ 1, 1, 1, 1, 1, 1, 1, 1, 2, 2, 2, 2, 2, 2, 2, 2 ], 3 ], [ [ 1, 1, 1, 1, 1, 1, 1, 1, 4, 4, 4, 4 ], 12 ], [ [ 1, 1, 1, 1, 1, 1, 1, 1, 4, 4, 4, 4 ], 12 ], [ [ 2, 2, 2, 2, 2, 2, 2, 2, 2, 2, 2, 2 ], 3 ], [ [ 2, 2, 2, 2, 2, 2, 2, 2, 2, 2, 2, 2 ], 6 ], [ [ 2, 2, 2, 2, 4, 4, 4, 4 ], 12 ], [ [ 2, 2, 2, 2, 2, 2, 2, 2, 2, 2, 2, 2 ], 12 ], [ [ 4, 4, 4, 4, 4, 4 ], 3 ], [ [ 4, 4, 4, 4, 4, 4 ], 6 ], [ [ 4, 4, 4, 4, 4, 4 ], 1 ], [ [ 4, 4, 4, 4, 4, 4 ], 3 ], [ [ 4, 4, 4, 4, 4, 4 ], 3 ], [ [ 4, 4, 4, 4, 4, 4 ], 3 ], [ [ 4, 4, 4, 4, 4, 4 ], 12 ], [ [ 4, 4, 4, 4, 4, 4 ], 12 ], [ [ 4, 4, 4, 4, 4, 4 ], 3 ], [ [ 4, 4, 4, 4, 4, 4 ], 6 ], [ [ 2, 2, 2, 2, 2, 2, 2, 2, 4, 4 ], 12 ], [ [ 4, 4, 4, 4, 4, 4 ], 12 ], [ [ 2, 2, 2, 2, 2, 2, 2, 2, 2, 2, 2, 2 ], 3 ], [ [ 2, 2, 2, 2, 2, 2, 2, 2, 2, 2, 2, 2 ], 1 ], [ [ 2, 2, 2, 2, 4, 4, 4, 4 ], 12 ], [ [ 2, 2, 2, 2, 4, 4, 4, 4 ], 12 ], [ [ 2, 2, 2, 2, 4, 4, 4, 4 ], 12 ], [ [ 2, 2, 2, 2, 2, 2, 2, 2, 2, 2, 2, 2 ], 12 ], [ [ 4, 4, 4, 4, 4, 4 ], 1 ], [ [ 4, 4, 4, 4, 4, 4 ], 3 ], [ [ 4, 4, 4, 4, 4, 4 ], 12 ], [ [ 4, 4, 4, 4, 4, 4 ], 12 ], [ [ 2, 2, 2, 2, 2, 2, 2, 2, 4, 4 ], 12 ], [ [ 4, 4, 4, 4, 4, 4 ], 12 ], [ [ 6, 6, 6, 6 ], 32 ], [ [ 3, 3, 3, 3, 3, 3, 3, 3 ], 32 ], [ [ 12, 12 ], 32 ], [ [ 12, 12 ], 32 ] ]
1013|384|[ 384, 20079 ]|[ [ [ 1, 1, 1, 1, 1, 1, 1, 1, 1, 1, 1, 1, 1, 1, 1, 1, 1, 1, 1, 1, 1, 1, 1, 1 ], 1 ], [ [ 1, 1, 1, 1, 1, 1, 1, 1, 1, 1, 1, 1, 1, 1, 1, 1, 2, 2, 2, 2 ], 3 ], [ [ 1, 1, 1, 1, 1, 1, 1, 1, 2, 2, 2, 2, 2, 2, 2, 2 ], 3 ], [ [ 1, 1, 1, 1, 1, 1, 1, 1, 2, 2, 2, 2, 2, 2, 2, 2 ], 6 ], [ [ 1, 1, 1, 1, 1, 1, 1, 1, 2, 2, 2, 2, 2, 2, 2, 2 ], 3 ], [ [ 1, 1, 1, 1, 1, 1, 1, 1, 2, 2, 2, 2, 2, 2, 2, 2 ], 3 ], [ [ 1, 1, 1, 1, 1, 1, 1, 1, 4, 4, 4, 4 ], 12 ], [ [ 1, 1, 1, 1, 1, 1, 1, 1, 2, 2, 2, 2, 2, 2, 2, 2 ], 12 ], [ [ 2, 2, 2, 2, 2, 2, 2, 2, 2, 2, 2, 2 ], 3 ], [ [ 2, 2, 2, 2, 2, 2, 2, 2, 2, 2, 2, 2 ], 6 ], [ [ 2, 2, 2, 2, 4, 4, 4, 4 ], 12 ], [ [ 2, 2, 2, 2, 4, 4, 4, 4 ], 12 ], [ [ 4, 4, 4, 4, 4, 4 ], 3 ], [ [ 4, 4, 4, 4, 4, 4 ], 6 ], [ [ 4, 4, 4, 4, 4, 4 ], 1 ], [ [ 4, 4, 4, 4, 4, 4 ], 3 ], [ [ 4, 4, 4, 4, 4, 4 ], 3 ], [ [ 4, 4, 4, 4, 4, 4 ], 3 ], [ [ 2, 2, 2, 2, 2, 2, 2, 2, 4, 4 ], 12 ], [ [ 4, 4, 4, 4, 4, 4 ], 12 ], [ [ 4, 4, 4, 4, 4, 4 ], 3 ], [ [ 4, 4, 4, 4, 4, 4 ], 6 ], [ [ 4, 4, 4, 4, 4, 4 ], 12 ], [ [ 4, 4, 4, 4, 4, 4 ], 12 ], [ [ 2, 2, 2, 2, 2, 2, 2, 2, 2, 2, 2, 2 ], 3 ], [ [ 2, 2, 2, 2, 2, 2, 2, 2, 2, 2, 2, 2 ], 1 ], [ [ 2, 2, 2, 2, 4, 4, 4, 4 ], 12 ], [ [ 2, 2, 2, 2, 2, 2, 2, 2, 2, 2, 2, 2 ], 12 ], [ [ 2, 2, 2, 2, 4, 4, 4, 4 ], 12 ], [ [ 2, 2, 2, 2, 4, 4, 4, 4 ], 12 ], [ [ 4, 4, 4, 4, 4, 4 ], 1 ], [ [ 4, 4, 4, 4, 4, 4 ], 3 ], [ [ 2, 2, 2, 2, 2, 2, 2, 2, 4, 4 ], 12 ], [ [ 4, 4, 4, 4, 4, 4 ], 12 ], [ [ 4, 4, 4, 4, 4, 4 ], 12 ], [ [ 4, 4, 4, 4, 4, 4 ], 12 ], [ [ 6, 6, 6, 6 ], 32 ], [ [ 3, 3, 3, 3, 3, 3, 3, 3 ], 32 ], [ [ 12, 12 ], 32 ], [ [ 12, 12 ], 32 ] ]
1014|384|[ 384, 20080 ]|[ [ [ 1, 1, 1, 1, 1, 1, 1, 1, 1, 1, 1, 1, 1, 1, 1, 1, 1, 1, 1, 1, 1, 1, 1, 1 ], 1 ], [ [ 1, 1, 1, 1, 1, 1, 1, 1, 1, 1, 1, 1, 1, 1, 1, 1, 2, 2, 2, 2 ], 3 ], [ [ 1, 1, 1, 1, 1, 1, 1, 1, 2, 2, 2, 2, 2, 2, 2, 2 ], 3 ], [ [ 1, 1, 1, 1, 1, 1, 1, 1, 2, 2, 2, 2, 2, 2, 2, 2 ], 6 ], [ [ 1, 1, 1, 1, 1, 1, 1, 1, 2, 2, 2, 2, 2, 2, 2, 2 ], 3 ], [ [ 1, 1, 1, 1, 1, 1, 1, 1, 2, 2, 2, 2, 2, 2, 2, 2 ], 3 ], [ [ 1, 1, 1, 1, 2, 2, 2, 2, 2, 2, 2, 2, 2, 2 ], 24 ], [ [ 1, 1, 1, 1, 2, 2, 4, 4, 4, 4 ], 24 ], [ [ 2, 2, 2, 2, 2, 2, 2, 2, 2, 2, 2, 2 ], 3 ], [ [ 2, 2, 2, 2, 2, 2, 2, 2, 2, 2, 2, 2 ], 6 ], [ [ 2, 2, 2, 2, 4, 4, 4, 4 ], 24 ], [ [ 2, 2, 2, 2, 4, 4, 4, 4 ], 24 ], [ [ 2, 2, 2, 2, 4, 4, 4, 4 ], 24 ], [ [ 2, 2, 2, 2, 4, 4, 4, 4 ], 24 ], [ [ 4, 4, 4, 4, 4, 4 ], 6 ], [ [ 4, 4, 4, 4, 4, 4 ], 6 ], [ [ 4, 4, 4, 4, 4, 4 ], 6 ], [ [ 4, 4, 4, 4, 4, 4 ], 6 ], [ [ 2, 2, 2, 2, 2, 2, 2, 2, 2, 2, 2, 2 ], 24 ], [ [ 2, 2, 2, 2, 4, 4, 4, 4 ], 24 ], [ [ 4, 4, 4, 4, 4, 4 ], 6 ], [ [ 4, 4, 4, 4, 4, 4 ], 2 ], [ [ 2, 2, 2, 2, 2, 2, 2, 2, 2, 2, 2, 2 ], 1 ], [ [ 2, 2, 2, 2, 2, 2, 2, 2, 2, 2, 2, 2 ], 3 ], [ [ 3, 3, 3, 3, 3, 3, 3, 3 ], 32 ], [ [ 6, 6, 6, 6 ], 32 ], [ [ 12, 12 ], 32 ], [ [ 12, 12 ], 32 ] ]
1015|384|[ 384, 20080 ]|[ [ [ 1, 1, 1, 1, 1, 1, 1, 1, 1, 1, 1, 1, 1, 1, 1, 1, 1, 1, 1, 1, 1, 1, 1, 1 ], 1 ], [ [ 1, 1, 1, 1, 1, 1, 1, 1, 1, 1, 1, 1, 1, 1, 1, 1, 2, 2, 2, 2 ], 3 ], [ [ 1, 1, 1, 1, 1, 1, 1, 1, 2, 2, 2, 2, 2, 2, 2, 2 ], 3 ], [ [ 1, 1, 1, 1, 1, 1, 1, 1, 2, 2, 2, 2, 2, 2, 2, 2 ], 6 ], [ [ 1, 1, 1, 1, 1, 1, 1, 1, 2, 2, 2, 2, 2, 2, 2, 2 ], 3 ], [ [ 1, 1, 1, 1, 1, 1, 1, 1, 2, 2, 2, 2, 2, 2, 2, 2 ], 3 ], [ [ 1, 1, 1, 1, 2, 2, 4, 4, 4, 4 ], 24 ], [ [ 1, 1, 1, 1, 2, 2, 4, 4, 4, 4 ], 24 ], [ [ 2, 2, 2, 2, 2, 2, 2, 2, 2, 2, 2, 2 ], 3 ], [ [ 2, 2, 2, 2, 2, 2, 2, 2, 2, 2, 2, 2 ], 6 ], [ [ 2, 2, 2, 2, 2, 2, 2, 2, 2, 2, 2, 2 ], 24 ], [ [ 2, 2, 2, 2, 4, 4, 4, 4 ], 24 ], [ [ 2, 2, 2, 2, 4, 4, 4, 4 ], 24 ], [ [ 2, 2, 2, 2, 4, 4, 4, 4 ], 24 ], [ [ 4, 4, 4, 4, 4, 4 ], 6 ], [ [ 4, 4, 4, 4, 4, 4 ], 6 ], [ [ 4, 4, 4, 4, 4, 4 ], 6 ], [ [ 4, 4, 4, 4, 4, 4 ], 2 ], [ [ 4, 4, 4, 4, 4, 4 ], 6 ], [ [ 4, 4, 4, 4, 4, 4 ], 6 ], [ [ 2, 2, 2, 2, 2, 2, 2, 2, 2, 2, 2, 2 ], 24 ], [ [ 2, 2, 2, 2, 4, 4, 4, 4 ], 24 ], [ [ 2, 2, 2, 2, 2, 2, 2, 2, 2, 2, 2, 2 ], 1 ], [ [ 2, 2, 2, 2, 2, 2, 2, 2, 2, 2, 2, 2 ], 3 ], [ [ 3, 3, 3, 3, 3, 3, 3, 3 ], 32 ], [ [ 6, 6, 6, 6 ], 32 ], [ [ 12, 12 ], 32 ], [ [ 12, 12 ], 32 ] ]
1016|384|[ 384, 18218 ]|[ [ [ 1, 1, 1, 1, 1, 1, 1, 1, 1, 1, 1, 1, 1, 1, 1, 1, 1, 1, 1, 1, 1, 1, 1, 1 ], 1 ], [ [ 1, 1, 1, 1, 1, 1, 1, 1, 1, 1, 1, 1, 1, 1, 1, 1, 2, 2, 2, 2 ], 3 ], [ [ 1, 1, 1, 1, 1, 1, 1, 1, 2, 2, 2, 2, 2, 2, 2, 2 ], 3 ], [ [ 1, 1, 1, 1, 1, 1, 1, 1, 2, 2, 2, 2, 2, 2, 2, 2 ], 3 ], [ [ 1, 1, 1, 1, 1, 1, 1, 1, 4, 4, 4, 4 ], 3 ], [ [ 1, 1, 1, 1, 1, 1, 1, 1, 4, 4, 4, 4 ], 3 ], [ [ 1, 1, 1, 1, 1, 1, 1, 1, 4, 4, 4, 4 ], 3 ], [ [ 1, 1, 1, 1, 1, 1, 1, 1, 4, 4, 4, 4 ], 3 ], [ [ 1, 1, 1, 1, 1, 1, 1, 1, 2, 2, 2, 2, 2, 2, 2, 2 ], 3 ], [ [ 1, 1, 1, 1, 1, 1, 1, 1, 2, 2, 2, 2, 2, 2, 2, 2 ], 3 ], [ [ 1, 1, 1, 1, 1, 1, 1, 1, 2, 2, 2, 2, 2, 2, 2, 2 ], 3 ], [ [ 1, 1, 1, 1, 1, 1, 1, 1, 4, 4, 4, 4 ], 3 ], [ [ 1, 1, 1, 1, 1, 1, 1, 1, 4, 4, 4, 4 ], 3 ], [ [ 1, 1, 1, 1, 1, 1, 1, 1, 4, 4, 4, 4 ], 3 ], [ [ 1, 1, 1, 1, 1, 1, 1, 1, 4, 4, 4, 4 ], 3 ], [ [ 2, 2, 2, 2, 2, 2, 2, 2, 2, 2, 2, 2 ], 3 ], [ [ 2, 2, 2, 2, 4, 4, 4, 4 ], 3 ], [ [ 2, 2, 2, 2, 4, 4, 4, 4 ], 3 ], [ [ 2, 2, 2, 2, 4, 4, 4, 4 ], 3 ], [ [ 2, 2, 2, 2, 4, 4, 4, 4 ], 3 ], [ [ 2, 2, 2, 2, 2, 2, 2, 2, 2, 2, 2, 2 ], 3 ], [ [ 2, 2, 2, 2, 2, 2, 2, 2, 2, 2, 2, 2 ], 3 ], [ [ 2, 2, 2, 2, 4, 4, 4, 4 ], 3 ], [ [ 2, 2, 2, 2, 4, 4, 4, 4 ], 3 ], [ [ 2, 2, 2, 2, 4, 4, 4, 4 ], 3 ], [ [ 2, 2, 2, 2, 4, 4, 4, 4 ], 3 ], [ [ 2, 2, 2, 2, 4, 4, 4, 4 ], 3 ], [ [ 2, 2, 2, 2, 4, 4, 4, 4 ], 3 ], [ [ 2, 2, 2, 2, 4, 4, 4, 4 ], 3 ], [ [ 2, 2, 2, 2, 4, 4, 4, 4 ], 3 ], [ [ 2, 2, 2, 2, 4, 4, 4, 4 ], 3 ], [ [ 2, 2, 2, 2, 4, 4, 4, 4 ], 3 ], [ [ 2, 2, 2, 2, 4, 4, 4, 4 ], 3 ], [ [ 2, 2, 2, 2, 4, 4, 4, 4 ], 3 ], [ [ 2, 2, 2, 2, 4, 4, 4, 4 ], 3 ], [ [ 2, 2, 2, 2, 4, 4, 4, 4 ], 3 ], [ [ 2, 2, 2, 2, 4, 4, 4, 4 ], 3 ], [ [ 2, 2, 2, 2, 4, 4, 4, 4 ], 3 ], [ [ 2, 2, 2, 2, 2, 2, 2, 2, 2, 2, 2, 2 ], 3 ], [ [ 2, 2, 2, 2, 4, 4, 4, 4 ], 3 ], [ [ 2, 2, 2, 2, 4, 4, 4, 4 ], 3 ], [ [ 2, 2, 2, 2, 2, 2, 2, 2, 2, 2, 2, 2 ], 1 ], [ [ 2, 2, 2, 2, 4, 4, 4, 4 ], 3 ], [ [ 2, 2, 2, 2, 4, 4, 4, 4 ], 3 ], [ [ 3, 3, 3, 3, 3, 3, 3, 3 ], 64 ], [ [ 6, 6, 6, 6 ], 64 ], [ [ 3, 3, 3, 3, 3, 3, 3, 3 ], 64 ], [ [ 6, 6, 6, 6 ], 64 ] ]
1017|384|[ 384, 18218 ]|[ [ [ 1, 1, 1, 1, 1, 1, 1, 1, 1, 1, 1, 1, 1, 1, 1, 1, 1, 1, 1, 1, 1, 1, 1, 1 ], 1 ], [ [ 1, 1, 1, 1, 1, 1, 1, 1, 1, 1, 1, 1, 1, 1, 1, 1, 2, 2, 2, 2 ], 3 ], [ [ 1, 1, 1, 1, 1, 1, 1, 1, 2, 2, 2, 2, 2, 2, 2, 2 ], 3 ], [ [ 1, 1, 1, 1, 1, 1, 1, 1, 2, 2, 2, 2, 2, 2, 2, 2 ], 3 ], [ [ 1, 1, 1, 1, 1, 1, 1, 1, 4, 4, 4, 4 ], 3 ], [ [ 1, 1, 1, 1, 1, 1, 1, 1, 4, 4, 4, 4 ], 3 ], [ [ 1, 1, 1, 1, 1, 1, 1, 1, 4, 4, 4, 4 ], 3 ], [ [ 1, 1, 1, 1, 1, 1, 1, 1, 4, 4, 4, 4 ], 3 ], [ [ 1, 1, 1, 1, 1, 1, 1, 1, 2, 2, 2, 2, 2, 2, 2, 2 ], 3 ], [ [ 1, 1, 1, 1, 1, 1, 1, 1, 2, 2, 2, 2, 2, 2, 2, 2 ], 3 ], [ [ 1, 1, 1, 1, 1, 1, 1, 1, 2, 2, 2, 2, 2, 2, 2, 2 ], 3 ], [ [ 1, 1, 1, 1, 1, 1, 1, 1, 4, 4, 4, 4 ], 3 ], [ [ 1, 1, 1, 1, 1, 1, 1, 1, 4, 4, 4, 4 ], 3 ], [ [ 1, 1, 1, 1, 1, 1, 1, 1, 4, 4, 4, 4 ], 3 ], [ [ 1, 1, 1, 1, 1, 1, 1, 1, 4, 4, 4, 4 ], 3 ], [ [ 2, 2, 2, 2, 2, 2, 2, 2, 2, 2, 2, 2 ], 3 ], [ [ 2, 2, 2, 2, 4, 4, 4, 4 ], 3 ], [ [ 2, 2, 2, 2, 4, 4, 4, 4 ], 3 ], [ [ 2, 2, 2, 2, 4, 4, 4, 4 ], 3 ], [ [ 2, 2, 2, 2, 4, 4, 4, 4 ], 3 ], [ [ 2, 2, 2, 2, 2, 2, 2, 2, 2, 2, 2, 2 ], 3 ], [ [ 2, 2, 2, 2, 2, 2, 2, 2, 2, 2, 2, 2 ], 3 ], [ [ 2, 2, 2, 2, 4, 4, 4, 4 ], 3 ], [ [ 2, 2, 2, 2, 4, 4, 4, 4 ], 3 ], [ [ 2, 2, 2, 2, 4, 4, 4, 4 ], 3 ], [ [ 2, 2, 2, 2, 4, 4, 4, 4 ], 3 ], [ [ 2, 2, 2, 2, 4, 4, 4, 4 ], 3 ], [ [ 2, 2, 2, 2, 4, 4, 4, 4 ], 3 ], [ [ 2, 2, 2, 2, 4, 4, 4, 4 ], 3 ], [ [ 2, 2, 2, 2, 4, 4, 4, 4 ], 3 ], [ [ 2, 2, 2, 2, 4, 4, 4, 4 ], 3 ], [ [ 2, 2, 2, 2, 4, 4, 4, 4 ], 3 ], [ [ 2, 2, 2, 2, 4, 4, 4, 4 ], 3 ], [ [ 2, 2, 2, 2, 4, 4, 4, 4 ], 3 ], [ [ 2, 2, 2, 2, 4, 4, 4, 4 ], 3 ], [ [ 2, 2, 2, 2, 4, 4, 4, 4 ], 3 ], [ [ 2, 2, 2, 2, 4, 4, 4, 4 ], 3 ], [ [ 2, 2, 2, 2, 4, 4, 4, 4 ], 3 ], [ [ 2, 2, 2, 2, 2, 2, 2, 2, 2, 2, 2, 2 ], 3 ], [ [ 2, 2, 2, 2, 2, 2, 2, 2, 2, 2, 2, 2 ], 1 ], [ [ 2, 2, 2, 2, 4, 4, 4, 4 ], 3 ], [ [ 2, 2, 2, 2, 4, 4, 4, 4 ], 3 ], [ [ 2, 2, 2, 2, 4, 4, 4, 4 ], 3 ], [ [ 2, 2, 2, 2, 4, 4, 4, 4 ], 3 ], [ [ 3, 3, 3, 3, 3, 3, 3, 3 ], 64 ], [ [ 6, 6, 6, 6 ], 64 ], [ [ 3, 3, 3, 3, 3, 3, 3, 3 ], 64 ], [ [ 6, 6, 6, 6 ], 64 ] ]
1018|384|[ 384, 584 ]|[ [ [ 1, 1, 1, 1, 1, 1, 1, 1, 1, 1, 1, 1, 1, 1, 1, 1, 1, 1, 1, 1, 1, 1, 1, 1 ], 1 ], [ [ 1, 1, 1, 1, 1, 1, 1, 1, 2, 2, 2, 2, 2, 2, 2, 2 ], 3 ], [ [ 1, 1, 1, 1, 1, 1, 1, 1, 4, 4, 4, 4 ], 6 ], [ [ 1, 1, 1, 1, 1, 1, 1, 1, 2, 2, 2, 2, 2, 2, 2, 2 ], 3 ], [ [ 1, 1, 1, 1, 1, 1, 1, 1, 2, 2, 2, 2, 2, 2, 2, 2 ], 3 ], [ [ 1, 1, 1, 1, 1, 1, 1, 1, 4, 4, 4, 4 ], 6 ], [ [ 1, 1, 1, 1, 1, 1, 1, 1, 2, 2, 2, 2, 2, 2, 2, 2 ], 12 ], [ [ 1, 1, 1, 1, 2, 2, 4, 4, 4, 4 ], 12 ], [ [ 1, 1, 1, 1, 2, 2, 4, 4, 4, 4 ], 12 ], [ [ 2, 2, 2, 2, 4, 4, 4, 4 ], 6 ], [ [ 2, 2, 2, 2, 2, 2, 2, 2, 2, 2, 2, 2 ], 3 ], [ [ 2, 2, 2, 2, 2, 2, 2, 2, 2, 2, 2, 2 ], 3 ], [ [ 2, 2, 2, 2, 4, 4, 4, 4 ], 6 ], [ [ 2, 2, 2, 2, 4, 4, 4, 4 ], 6 ], [ [ 2, 2, 2, 2, 4, 4, 4, 4 ], 6 ], [ [ 2, 2, 2, 2, 4, 4, 4, 4 ], 12 ], [ [ 2, 2, 2, 2, 4, 4, 4, 4 ], 12 ], [ [ 2, 2, 2, 2, 2, 2, 2, 2, 2, 2, 2, 2 ], 4 ], [ [ 2, 2, 2, 2, 4, 4, 4, 4 ], 6 ], [ [ 2, 2, 2, 2, 4, 4, 4, 4 ], 6 ], [ [ 6, 6, 6, 6 ], 64 ], [ [ 3, 3, 3, 3, 3, 3, 3, 3 ], 64 ], [ [ 3, 3, 3, 3, 3, 3, 3, 3 ], 64 ], [ [ 6, 6, 6, 6 ], 64 ] ]
1019|384|[ 384, 18224 ]|[ [ [ 1, 1, 1, 1, 1, 1, 1, 1, 1, 1, 1, 1, 1, 1, 1, 1, 1, 1, 1, 1, 1, 1, 1, 1 ], 1 ], [ [ 1, 1, 1, 1, 1, 1, 1, 1, 2, 2, 2, 2, 2, 2, 2, 2 ], 3 ], [ [ 1, 1, 1, 1, 1, 1, 1, 1, 2, 2, 2, 2, 2, 2, 2, 2 ], 6 ], [ [ 1, 1, 1, 1, 1, 1, 1, 1, 4, 4, 4, 4 ], 6 ], [ [ 1, 1, 1, 1, 1, 1, 1, 1, 4, 4, 4, 4 ], 3 ], [ [ 1, 1, 1, 1, 1, 1, 1, 1, 4, 4, 4, 4 ], 3 ], [ [ 1, 1, 1, 1, 1, 1, 1, 1, 2, 2, 2, 2, 2, 2, 2, 2 ], 12 ], [ [ 1, 1, 1, 1, 2, 2, 4, 4, 4, 4 ], 12 ], [ [ 1, 1, 1, 1, 2, 2, 4, 4, 4, 4 ], 12 ], [ [ 2, 2, 2, 2, 2, 2, 2, 2, 2, 2, 2, 2 ], 6 ], [ [ 2, 2, 2, 2, 4, 4, 4, 4 ], 6 ], [ [ 2, 2, 2, 2, 4, 4, 4, 4 ], 3 ], [ [ 2, 2, 2, 2, 4, 4, 4, 4 ], 3 ], [ [ 2, 2, 2, 2, 4, 4, 4, 4 ], 6 ], [ [ 2, 2, 2, 2, 4, 4, 4, 4 ], 6 ], [ [ 2, 2, 2, 2, 4, 4, 4, 4 ], 6 ], [ [ 2, 2, 2, 2, 4, 4, 4, 4 ], 6 ], [ [ 2, 2, 2, 2, 4, 4, 4, 4 ], 12 ], [ [ 2, 2, 2, 2, 2, 2, 2, 2, 2, 2, 2, 2 ], 4 ], [ [ 2, 2, 2, 2, 4, 4, 4, 4 ], 12 ], [ [ 3, 3, 3, 3, 3, 3, 3, 3 ], 64 ], [ [ 6, 6, 6, 6 ], 64 ], [ [ 3, 3, 3, 3, 3, 3, 3, 3 ], 64 ], [ [ 6, 6, 6, 6 ], 64 ] ]
1020|384|[ 384, 18223 ]|[ [ [ 1, 1, 1, 1, 1, 1, 1, 1, 1, 1, 1, 1, 1, 1, 1, 1, 1, 1, 1, 1, 1, 1, 1, 1 ], 1 ], [ [ 1, 1, 1, 1, 1, 1, 1, 1, 2, 2, 2, 2, 2, 2, 2, 2 ], 3 ], [ [ 1, 1, 1, 1, 1, 1, 1, 1, 4, 4, 4, 4 ], 6 ], [ [ 1, 1, 1, 1, 1, 1, 1, 1, 2, 2, 2, 2, 2, 2, 2, 2 ], 3 ], [ [ 1, 1, 1, 1, 1, 1, 1, 1, 2, 2, 2, 2, 2, 2, 2, 2 ], 3 ], [ [ 1, 1, 1, 1, 1, 1, 1, 1, 4, 4, 4, 4 ], 6 ], [ [ 1, 1, 1, 1, 1, 1, 1, 1, 2, 2, 2, 2, 2, 2, 2, 2 ], 12 ], [ [ 1, 1, 1, 1, 2, 2, 2, 2, 2, 2, 2, 2, 2, 2 ], 12 ], [ [ 1, 1, 1, 1, 2, 2, 2, 2, 2, 2, 2, 2, 2, 2 ], 12 ], [ [ 2, 2, 2, 2, 4, 4, 4, 4 ], 6 ], [ [ 2, 2, 2, 2, 2, 2, 2, 2, 2, 2, 2, 2 ], 3 ], [ [ 2, 2, 2, 2, 2, 2, 2, 2, 2, 2, 2, 2 ], 3 ], [ [ 2, 2, 2, 2, 4, 4, 4, 4 ], 6 ], [ [ 2, 2, 2, 2, 2, 2, 2, 2, 2, 2, 2, 2 ], 12 ], [ [ 2, 2, 2, 2, 4, 4, 4, 4 ], 6 ], [ [ 2, 2, 2, 2, 4, 4, 4, 4 ], 6 ], [ [ 2, 2, 2, 2, 4, 4, 4, 4 ], 6 ], [ [ 2, 2, 2, 2, 4, 4, 4, 4 ], 6 ], [ [ 2, 2, 2, 2, 2, 2, 2, 2, 2, 2, 2, 2 ], 4 ], [ [ 2, 2, 2, 2, 2, 2, 2, 2, 2, 2, 2, 2 ], 12 ], [ [ 6, 6, 6, 6 ], 64 ], [ [ 3, 3, 3, 3, 3, 3, 3, 3 ], 64 ], [ [ 6, 6, 6, 6 ], 64 ], [ [ 3, 3, 3, 3, 3, 3, 3, 3 ], 64 ] ]
1021|384|[ 384, 18223 ]|[ [ [ 1, 1, 1, 1, 1, 1, 1, 1, 1, 1, 1, 1, 1, 1, 1, 1, 1, 1, 1, 1, 1, 1, 1, 1 ], 1 ], [ [ 1, 1, 1, 1, 1, 1, 1, 1, 2, 2, 2, 2, 2, 2, 2, 2 ], 3 ], [ [ 1, 1, 1, 1, 1, 1, 1, 1, 2, 2, 2, 2, 2, 2, 2, 2 ], 3 ], [ [ 1, 1, 1, 1, 1, 1, 1, 1, 2, 2, 2, 2, 2, 2, 2, 2 ], 3 ], [ [ 1, 1, 1, 1, 1, 1, 1, 1, 4, 4, 4, 4 ], 6 ], [ [ 1, 1, 1, 1, 1, 1, 1, 1, 4, 4, 4, 4 ], 6 ], [ [ 1, 1, 1, 1, 1, 1, 1, 1, 2, 2, 2, 2, 2, 2, 2, 2 ], 12 ], [ [ 1, 1, 1, 1, 2, 2, 2, 2, 2, 2, 2, 2, 2, 2 ], 12 ], [ [ 1, 1, 1, 1, 2, 2, 2, 2, 2, 2, 2, 2, 2, 2 ], 12 ], [ [ 2, 2, 2, 2, 2, 2, 2, 2, 2, 2, 2, 2 ], 3 ], [ [ 2, 2, 2, 2, 2, 2, 2, 2, 2, 2, 2, 2 ], 3 ], [ [ 2, 2, 2, 2, 4, 4, 4, 4 ], 6 ], [ [ 2, 2, 2, 2, 4, 4, 4, 4 ], 6 ], [ [ 2, 2, 2, 2, 2, 2, 2, 2, 2, 2, 2, 2 ], 12 ], [ [ 2, 2, 2, 2, 4, 4, 4, 4 ], 6 ], [ [ 2, 2, 2, 2, 4, 4, 4, 4 ], 6 ], [ [ 2, 2, 2, 2, 4, 4, 4, 4 ], 6 ], [ [ 2, 2, 2, 2, 4, 4, 4, 4 ], 6 ], [ [ 2, 2, 2, 2, 2, 2, 2, 2, 2, 2, 2, 2 ], 4 ], [ [ 2, 2, 2, 2, 2, 2, 2, 2, 2, 2, 2, 2 ], 12 ], [ [ 3, 3, 3, 3, 3, 3, 3, 3 ], 64 ], [ [ 6, 6, 6, 6 ], 64 ], [ [ 6, 6, 6, 6 ], 64 ], [ [ 3, 3, 3, 3, 3, 3, 3, 3 ], 64 ] ]
1022|384|[ 384, 20165 ]|[ [ [ 1, 1, 1, 1, 1, 1, 1, 1, 1, 1, 1, 1, 1, 1, 1, 1, 1, 1, 1, 1, 1, 1, 1, 1 ], 1 ], [ [ 1, 1, 1, 1, 1, 1, 1, 1, 1, 1, 1, 1, 1, 1, 1, 1, 2, 2, 2, 2 ], 3 ], [ [ 1, 1, 1, 1, 1, 1, 1, 1, 2, 2, 2, 2, 2, 2, 2, 2 ], 3 ], [ [ 1, 1, 1, 1, 1, 1, 1, 1, 2, 2, 2, 2, 2, 2, 2, 2 ], 3 ], [ [ 1, 1, 1, 1, 1, 1, 1, 1, 2, 2, 2, 2, 2, 2, 2, 2 ], 3 ], [ [ 1, 1, 1, 1, 1, 1, 1, 1, 2, 2, 2, 2, 2, 2, 2, 2 ], 3 ], [ [ 1, 1, 1, 1, 1, 1, 1, 1, 2, 2, 2, 2, 2, 2, 2, 2 ], 3 ], [ [ 1, 1, 1, 1, 1, 1, 1, 1, 2, 2, 2, 2, 2, 2, 2, 2 ], 3 ], [ [ 1, 1, 1, 1, 1, 1, 1, 1, 2, 2, 2, 2, 2, 2, 2, 2 ], 3 ], [ [ 1, 1, 1, 1, 1, 1, 1, 1, 2, 2, 2, 2, 2, 2, 2, 2 ], 3 ], [ [ 1, 1, 1, 1, 1, 1, 1, 1, 2, 2, 2, 2, 2, 2, 2, 2 ], 3 ], [ [ 1, 1, 1, 1, 1, 1, 1, 1, 2, 2, 2, 2, 2, 2, 2, 2 ], 3 ], [ [ 1, 1, 1, 1, 1, 1, 1, 1, 2, 2, 2, 2, 2, 2, 2, 2 ], 3 ], [ [ 1, 1, 1, 1, 1, 1, 1, 1, 2, 2, 2, 2, 2, 2, 2, 2 ], 3 ], [ [ 1, 1, 1, 1, 1, 1, 1, 1, 2, 2, 2, 2, 2, 2, 2, 2 ], 3 ], [ [ 2, 2, 2, 2, 2, 2, 2, 2, 2, 2, 2, 2 ], 3 ], [ [ 2, 2, 2, 2, 2, 2, 2, 2, 2, 2, 2, 2 ], 3 ], [ [ 2, 2, 2, 2, 2, 2, 2, 2, 2, 2, 2, 2 ], 3 ], [ [ 2, 2, 2, 2, 2, 2, 2, 2, 2, 2, 2, 2 ], 3 ], [ [ 2, 2, 2, 2, 2, 2, 2, 2, 2, 2, 2, 2 ], 3 ], [ [ 2, 2, 2, 2, 2, 2, 2, 2, 2, 2, 2, 2 ], 3 ], [ [ 2, 2, 2, 2, 2, 2, 2, 2, 2, 2, 2, 2 ], 3 ], [ [ 2, 2, 2, 2, 2, 2, 2, 2, 2, 2, 2, 2 ], 3 ], [ [ 2, 2, 2, 2, 2, 2, 2, 2, 2, 2, 2, 2 ], 3 ], [ [ 2, 2, 2, 2, 2, 2, 2, 2, 2, 2, 2, 2 ], 3 ], [ [ 2, 2, 2, 2, 2, 2, 2, 2, 2, 2, 2, 2 ], 3 ], [ [ 2, 2, 2, 2, 2, 2, 2, 2, 2, 2, 2, 2 ], 3 ], [ [ 2, 2, 2, 2, 2, 2, 2, 2, 2, 2, 2, 2 ], 3 ], [ [ 2, 2, 2, 2, 2, 2, 2, 2, 2, 2, 2, 2 ], 3 ], [ [ 2, 2, 2, 2, 2, 2, 2, 2, 2, 2, 2, 2 ], 3 ], [ [ 2, 2, 2, 2, 2, 2, 2, 2, 2, 2, 2, 2 ], 3 ], [ [ 2, 2, 2, 2, 2, 2, 2, 2, 2, 2, 2, 2 ], 3 ], [ [ 2, 2, 2, 2, 2, 2, 2, 2, 2, 2, 2, 2 ], 3 ], [ [ 2, 2, 2, 2, 2, 2, 2, 2, 2, 2, 2, 2 ], 3 ], [ [ 2, 2, 2, 2, 2, 2, 2, 2, 2, 2, 2, 2 ], 3 ], [ [ 2, 2, 2, 2, 2, 2, 2, 2, 2, 2, 2, 2 ], 3 ], [ [ 2, 2, 2, 2, 2, 2, 2, 2, 2, 2, 2, 2 ], 3 ], [ [ 2, 2, 2, 2, 2, 2, 2, 2, 2, 2, 2, 2 ], 3 ], [ [ 2, 2, 2, 2, 2, 2, 2, 2, 2, 2, 2, 2 ], 3 ], [ [ 2, 2, 2, 2, 2, 2, 2, 2, 2, 2, 2, 2 ], 1 ], [ [ 2, 2, 2, 2, 2, 2, 2, 2, 2, 2, 2, 2 ], 3 ], [ [ 2, 2, 2, 2, 2, 2, 2, 2, 2, 2, 2, 2 ], 3 ], [ [ 2, 2, 2, 2, 2, 2, 2, 2, 2, 2, 2, 2 ], 3 ], [ [ 2, 2, 2, 2, 2, 2, 2, 2, 2, 2, 2, 2 ], 3 ], [ [ 3, 3, 3, 3, 3, 3, 3, 3 ], 64 ], [ [ 6, 6, 6, 6 ], 64 ], [ [ 3, 3, 3, 3, 3, 3, 3, 3 ], 64 ], [ [ 6, 6, 6, 6 ], 64 ] ]
1023|384|[ 384, 18221 ]|[ [ [ 1, 1, 1, 1, 1, 1, 1, 1, 1, 1, 1, 1, 1, 1, 1, 1, 1, 1, 1, 1, 1, 1, 1, 1 ], 1 ], [ [ 1, 1, 1, 1, 1, 1, 1, 1, 2, 2, 2, 2, 2, 2, 2, 2 ], 3 ], [ [ 1, 1, 1, 1, 1, 1, 1, 1, 2, 2, 2, 2, 2, 2, 2, 2 ], 6 ], [ [ 1, 1, 1, 1, 1, 1, 1, 1, 2, 2, 2, 2, 2, 2, 2, 2 ], 3 ], [ [ 1, 1, 1, 1, 1, 1, 1, 1, 2, 2, 2, 2, 2, 2, 2, 2 ], 3 ], [ [ 1, 1, 1, 1, 1, 1, 1, 1, 2, 2, 2, 2, 2, 2, 2, 2 ], 6 ], [ [ 1, 1, 1, 1, 1, 1, 1, 1, 2, 2, 2, 2, 2, 2, 2, 2 ], 12 ], [ [ 1, 1, 1, 1, 2, 2, 4, 4, 4, 4 ], 12 ], [ [ 1, 1, 1, 1, 2, 2, 4, 4, 4, 4 ], 12 ], [ [ 2, 2, 2, 2, 2, 2, 2, 2, 2, 2, 2, 2 ], 6 ], [ [ 2, 2, 2, 2, 2, 2, 2, 2, 2, 2, 2, 2 ], 3 ], [ [ 2, 2, 2, 2, 2, 2, 2, 2, 2, 2, 2, 2 ], 3 ], [ [ 2, 2, 2, 2, 2, 2, 2, 2, 2, 2, 2, 2 ], 6 ], [ [ 2, 2, 2, 2, 2, 2, 2, 2, 2, 2, 2, 2 ], 6 ], [ [ 2, 2, 2, 2, 2, 2, 2, 2, 2, 2, 2, 2 ], 6 ], [ [ 2, 2, 2, 2, 2, 2, 2, 2, 2, 2, 2, 2 ], 6 ], [ [ 2, 2, 2, 2, 2, 2, 2, 2, 2, 2, 2, 2 ], 6 ], [ [ 2, 2, 2, 2, 4, 4, 4, 4 ], 12 ], [ [ 2, 2, 2, 2, 2, 2, 2, 2, 2, 2, 2, 2 ], 4 ], [ [ 2, 2, 2, 2, 4, 4, 4, 4 ], 12 ], [ [ 3, 3, 3, 3, 3, 3, 3, 3 ], 64 ], [ [ 6, 6, 6, 6 ], 64 ], [ [ 3, 3, 3, 3, 3, 3, 3, 3 ], 64 ], [ [ 6, 6, 6, 6 ], 64 ] ]
1024|384|[ 384, 18235 ]|[ [ [ 1, 1, 1, 1, 1, 1, 1, 1, 1, 1, 1, 1, 1, 1, 1, 1, 1, 1, 1, 1, 1, 1, 1, 1 ], 1 ], [ [ 1, 1, 1, 1, 1, 1, 1, 1, 2, 2, 2, 2, 2, 2, 2, 2 ], 3 ], [ [ 1, 1, 1, 1, 1, 1, 1, 1, 1, 1, 1, 1, 2, 2, 2, 2, 2, 2 ], 6 ], [ [ 1, 1, 1, 1, 2, 2, 4, 4, 4, 4 ], 12 ], [ [ 1, 1, 1, 1, 2, 2, 2, 2, 2, 2, 2, 2, 2, 2 ], 12 ], [ [ 1, 1, 1, 1, 2, 2, 2, 2, 2, 2, 2, 2, 2, 2 ], 6 ], [ [ 1, 1, 1, 1, 2, 2, 2, 2, 2, 2, 2, 2, 2, 2 ], 12 ], [ [ 1, 1, 1, 1, 2, 2, 4, 4, 4, 4 ], 12 ], [ [ 1, 1, 1, 1, 2, 2, 2, 2, 2, 2, 2, 2, 2, 2 ], 12 ], [ [ 2, 2, 2, 2, 4, 4, 4, 4 ], 12 ], [ [ 2, 2, 2, 2, 4, 4, 4, 4 ], 12 ], [ [ 2, 2, 2, 2, 4, 4, 4, 4 ], 12 ], [ [ 2, 2, 2, 2, 2, 2, 2, 2, 2, 2, 2, 2 ], 4 ], [ [ 2, 2, 2, 2, 4, 4, 4, 4 ], 12 ], [ [ 3, 3, 3, 3, 3, 3, 3, 3 ], 64 ], [ [ 6, 6, 6, 6 ], 64 ], [ [ 3, 3, 3, 3, 3, 3, 3, 3 ], 64 ], [ [ 6, 6, 6, 6 ], 64 ] ]
1025|384|[ 384, 18235 ]|[ [ [ 1, 1, 1, 1, 1, 1, 1, 1, 1, 1, 1, 1, 1, 1, 1, 1, 1, 1, 1, 1, 1, 1, 1, 1 ], 1 ], [ [ 1, 1, 1, 1, 1, 1, 1, 1, 2, 2, 2, 2, 2, 2, 2, 2 ], 3 ], [ [ 1, 1, 1, 1, 1, 1, 1, 1, 2, 2, 2, 2, 2, 2, 2, 2 ], 6 ], [ [ 1, 1, 1, 1, 1, 1, 1, 1, 2, 2, 2, 2, 2, 2, 2, 2 ], 12 ], [ [ 1, 1, 1, 1, 2, 2, 4, 4, 4, 4 ], 12 ], [ [ 1, 1, 1, 1, 2, 2, 4, 4, 4, 4 ], 12 ], [ [ 1, 1, 1, 1, 2, 2, 4, 4, 4, 4 ], 12 ], [ [ 1, 1, 1, 1, 2, 2, 4, 4, 4, 4 ], 12 ], [ [ 2, 2, 2, 2, 2, 2, 2, 2, 2, 2, 2, 2 ], 6 ], [ [ 2, 2, 2, 2, 4, 4, 4, 4 ], 12 ], [ [ 2, 2, 2, 2, 2, 2, 2, 2, 2, 2, 2, 2 ], 12 ], [ [ 2, 2, 2, 2, 2, 2, 2, 2, 2, 2, 2, 2 ], 12 ], [ [ 2, 2, 2, 2, 2, 2, 2, 2, 2, 2, 2, 2 ], 4 ], [ [ 2, 2, 2, 2, 4, 4, 4, 4 ], 12 ], [ [ 6, 6, 6, 6 ], 64 ], [ [ 3, 3, 3, 3, 3, 3, 3, 3 ], 64 ], [ [ 3, 3, 3, 3, 3, 3, 3, 3 ], 64 ], [ [ 6, 6, 6, 6 ], 64 ] ]
1026|384|[ 384, 18236 ]|[ [ [ 1, 1, 1, 1, 1, 1, 1, 1, 1, 1, 1, 1, 1, 1, 1, 1, 1, 1, 1, 1, 1, 1, 1, 1 ], 1 ], [ [ 1, 1, 1, 1, 1, 1, 1, 1, 2, 2, 2, 2, 2, 2, 2, 2 ], 3 ], [ [ 1, 1, 1, 1, 1, 1, 1, 1, 4, 4, 4, 4 ], 6 ], [ [ 1, 1, 1, 1, 1, 1, 1, 1, 2, 2, 2, 2, 2, 2, 2, 2 ], 12 ], [ [ 1, 1, 1, 1, 2, 2, 2, 2, 2, 2, 2, 2, 2, 2 ], 12 ], [ [ 1, 1, 1, 1, 2, 2, 4, 4, 4, 4 ], 12 ], [ [ 1, 1, 1, 1, 2, 2, 2, 2, 2, 2, 2, 2, 2, 2 ], 12 ], [ [ 1, 1, 1, 1, 2, 2, 2, 2, 2, 2, 2, 2, 2, 2 ], 12 ], [ [ 2, 2, 2, 2, 4, 4, 4, 4 ], 6 ], [ [ 2, 2, 2, 2, 4, 4, 4, 4 ], 12 ], [ [ 2, 2, 2, 2, 4, 4, 4, 4 ], 12 ], [ [ 2, 2, 2, 2, 4, 4, 4, 4 ], 12 ], [ [ 2, 2, 2, 2, 2, 2, 2, 2, 2, 2, 2, 2 ], 4 ], [ [ 2, 2, 2, 2, 4, 4, 4, 4 ], 12 ], [ [ 3, 3, 3, 3, 3, 3, 3, 3 ], 64 ], [ [ 6, 6, 6, 6 ], 64 ], [ [ 3, 3, 3, 3, 3, 3, 3, 3 ], 64 ], [ [ 6, 6, 6, 6 ], 64 ] ]
1027|384|[ 384, 4 ]|[ [ [ 1, 1, 1, 1, 1, 1, 1, 1, 1, 1, 1, 1, 1, 1, 1, 1, 1, 1, 1, 1, 1, 1, 1, 1 ], 1 ], [ [ 1, 1, 1, 1, 1, 1, 1, 1, 2, 2, 2, 2, 2, 2, 2, 2 ], 3 ], [ [ 1, 1, 1, 1, 1, 1, 1, 1, 1, 1, 1, 1, 2, 2, 2, 2, 2, 2 ], 6 ], [ [ 1, 1, 1, 1, 2, 2, 2, 2, 2, 2, 2, 2, 2, 2 ], 6 ], [ [ 1, 1, 1, 1, 2, 2, 2, 2, 2, 2, 2, 2, 2, 2 ], 12 ], [ [ 1, 1, 2, 4, 4, 4, 4, 4 ], 24 ], [ [ 1, 1, 2, 2, 2, 2, 2, 4, 4, 4 ], 24 ], [ [ 1, 1, 2, 4, 4, 4, 4, 4 ], 24 ], [ [ 1, 1, 2, 2, 2, 2, 2, 4, 4, 4 ], 24 ], [ [ 2, 2, 2, 2, 2, 2, 2, 2, 2, 2, 2, 2 ], 4 ], [ [ 6, 6, 6, 6 ], 64 ], [ [ 3, 3, 3, 3, 3, 3, 3, 3 ], 64 ], [ [ 6, 6, 6, 6 ], 64 ], [ [ 3, 3, 3, 3, 3, 3, 3, 3 ], 64 ] ]
1028|384|[ 384, 5859 ]|[ [ [ 1, 1, 1, 1, 1, 1, 1, 1, 1, 1, 1, 1, 1, 1, 1, 1, 1, 1, 1, 1, 1, 1, 1, 1 ], 1 ], [ [ 1, 1, 1, 1, 1, 1, 1, 1, 1, 1, 1, 1, 1, 1, 1, 1, 2, 2, 2, 2 ], 3 ], [ [ 1, 1, 1, 1, 1, 1, 1, 1, 2, 2, 2, 2, 2, 2, 2, 2 ], 3 ], [ [ 1, 1, 1, 1, 1, 1, 1, 1, 2, 2, 2, 2, 2, 2, 2, 2 ], 3 ], [ [ 1, 1, 1, 1, 1, 1, 1, 1, 2, 2, 2, 2, 2, 2, 2, 2 ], 3 ], [ [ 1, 1, 1, 1, 1, 1, 1, 1, 2, 2, 2, 2, 2, 2, 2, 2 ], 3 ], [ [ 1, 1, 1, 1, 1, 1, 1, 1, 2, 2, 2, 2, 2, 2, 2, 2 ], 3 ], [ [ 1, 1, 1, 1, 2, 2, 2, 2, 2, 2, 4, 4 ], 6 ], [ [ 1, 1, 1, 1, 2, 2, 2, 2, 2, 2, 4, 4 ], 6 ], [ [ 1, 1, 1, 1, 2, 2, 2, 2, 2, 2, 4, 4 ], 6 ], [ [ 1, 1, 1, 1, 2, 2, 2, 2, 2, 2, 4, 4 ], 6 ], [ [ 1, 1, 1, 1, 2, 2, 2, 2, 2, 2, 4, 4 ], 6 ], [ [ 1, 1, 1, 1, 2, 2, 2, 2, 2, 2, 4, 4 ], 6 ], [ [ 1, 1, 1, 1, 2, 2, 2, 2, 2, 2, 4, 4 ], 6 ], [ [ 1, 1, 1, 1, 2, 2, 2, 2, 2, 2, 4, 4 ], 6 ], [ [ 2, 2, 2, 2, 2, 2, 2, 2, 2, 2, 2, 2 ], 3 ], [ [ 2, 2, 2, 2, 2, 2, 2, 2, 2, 2, 2, 2 ], 3 ], [ [ 2, 2, 2, 2, 2, 2, 2, 2, 2, 2, 2, 2 ], 3 ], [ [ 2, 2, 2, 2, 2, 2, 2, 2, 4, 4 ], 6 ], [ [ 2, 2, 2, 2, 2, 2, 2, 2, 4, 4 ], 6 ], [ [ 2, 2, 2, 2, 2, 2, 2, 2, 4, 4 ], 6 ], [ [ 2, 2, 2, 2, 2, 2, 2, 2, 4, 4 ], 6 ], [ [ 2, 2, 2, 2, 2, 2, 2, 2, 4, 4 ], 6 ], [ [ 2, 2, 2, 2, 2, 2, 2, 2, 4, 4 ], 6 ], [ [ 2, 2, 2, 2, 2, 2, 2, 2, 4, 4 ], 6 ], [ [ 2, 2, 2, 2, 2, 2, 2, 2, 4, 4 ], 6 ], [ [ 2, 2, 2, 2, 2, 2, 2, 2, 2, 2, 2, 2 ], 3 ], [ [ 2, 2, 2, 2, 2, 2, 2, 2, 2, 2, 2, 2 ], 1 ], [ [ 3, 3, 3, 3, 3, 3, 3, 3 ], 64 ], [ [ 6, 6, 6, 6 ], 64 ], [ [ 6, 6, 6, 6 ], 64 ], [ [ 3, 3, 3, 3, 3, 3, 3, 3 ], 64 ] ]
1029|384|[ 384, 5859 ]|[ [ [ 1, 1, 1, 1, 1, 1, 1, 1, 1, 1, 1, 1, 1, 1, 1, 1, 1, 1, 1, 1, 1, 1, 1, 1 ], 1 ], [ [ 1, 1, 1, 1, 1, 1, 1, 1, 1, 1, 1, 1, 1, 1, 1, 1, 2, 2, 2, 2 ], 3 ], [ [ 1, 1, 1, 1, 1, 1, 1, 1, 2, 2, 2, 2, 2, 2, 2, 2 ], 3 ], [ [ 1, 1, 1, 1, 1, 1, 1, 1, 2, 2, 2, 2, 2, 2, 2, 2 ], 3 ], [ [ 1, 1, 1, 1, 1, 1, 1, 1, 2, 2, 2, 2, 2, 2, 2, 2 ], 3 ], [ [ 1, 1, 1, 1, 1, 1, 1, 1, 2, 2, 2, 2, 2, 2, 2, 2 ], 3 ], [ [ 1, 1, 1, 1, 1, 1, 1, 1, 2, 2, 2, 2, 2, 2, 2, 2 ], 3 ], [ [ 1, 1, 1, 1, 2, 2, 4, 4, 4, 4 ], 6 ], [ [ 1, 1, 1, 1, 2, 2, 4, 4, 4, 4 ], 6 ], [ [ 1, 1, 1, 1, 2, 2, 4, 4, 4, 4 ], 6 ], [ [ 1, 1, 1, 1, 2, 2, 4, 4, 4, 4 ], 6 ], [ [ 1, 1, 1, 1, 2, 2, 4, 4, 4, 4 ], 6 ], [ [ 1, 1, 1, 1, 2, 2, 4, 4, 4, 4 ], 6 ], [ [ 1, 1, 1, 1, 2, 2, 4, 4, 4, 4 ], 6 ], [ [ 1, 1, 1, 1, 2, 2, 4, 4, 4, 4 ], 6 ], [ [ 2, 2, 2, 2, 2, 2, 2, 2, 2, 2, 2, 2 ], 3 ], [ [ 2, 2, 2, 2, 2, 2, 2, 2, 2, 2, 2, 2 ], 3 ], [ [ 2, 2, 2, 2, 2, 2, 2, 2, 2, 2, 2, 2 ], 3 ], [ [ 2, 2, 2, 2, 4, 4, 4, 4 ], 6 ], [ [ 2, 2, 2, 2, 4, 4, 4, 4 ], 6 ], [ [ 2, 2, 2, 2, 4, 4, 4, 4 ], 6 ], [ [ 2, 2, 2, 2, 4, 4, 4, 4 ], 6 ], [ [ 2, 2, 2, 2, 4, 4, 4, 4 ], 6 ], [ [ 2, 2, 2, 2, 4, 4, 4, 4 ], 6 ], [ [ 2, 2, 2, 2, 4, 4, 4, 4 ], 6 ], [ [ 2, 2, 2, 2, 4, 4, 4, 4 ], 6 ], [ [ 2, 2, 2, 2, 2, 2, 2, 2, 2, 2, 2, 2 ], 3 ], [ [ 2, 2, 2, 2, 2, 2, 2, 2, 2, 2, 2, 2 ], 1 ], [ [ 3, 3, 3, 3, 3, 3, 3, 3 ], 64 ], [ [ 6, 6, 6, 6 ], 64 ], [ [ 6, 6, 6, 6 ], 64 ], [ [ 3, 3, 3, 3, 3, 3, 3, 3 ], 64 ] ]
1030|384|[ 384, 18221 ]|[ [ [ 1, 1, 1, 1, 1, 1, 1, 1, 1, 1, 1, 1, 1, 1, 1, 1, 1, 1, 1, 1, 1, 1, 1, 1 ], 1 ], [ [ 1, 1, 1, 1, 1, 1, 1, 1, 2, 2, 2, 2, 2, 2, 2, 2 ], 3 ], [ [ 1, 1, 1, 1, 1, 1, 1, 1, 2, 2, 2, 2, 2, 2, 2, 2 ], 3 ], [ [ 1, 1, 1, 1, 1, 1, 1, 1, 2, 2, 2, 2, 2, 2, 2, 2 ], 3 ], [ [ 1, 1, 1, 1, 1, 1, 1, 1, 2, 2, 2, 2, 2, 2, 2, 2 ], 6 ], [ [ 1, 1, 1, 1, 1, 1, 1, 1, 2, 2, 2, 2, 2, 2, 2, 2 ], 6 ], [ [ 1, 1, 1, 1, 2, 2, 2, 2, 2, 2, 2, 2, 2, 2 ], 6 ], [ [ 1, 1, 1, 1, 1, 1, 1, 1, 1, 1, 1, 1, 2, 2, 2, 2, 2, 2 ], 6 ], [ [ 1, 1, 1, 1, 1, 1, 1, 1, 2, 2, 2, 2, 2, 2, 2, 2 ], 6 ], [ [ 1, 1, 1, 1, 2, 2, 2, 2, 2, 2, 2, 2, 2, 2 ], 6 ], [ [ 1, 1, 1, 1, 2, 2, 2, 2, 2, 2, 2, 2, 2, 2 ], 6 ], [ [ 2, 2, 2, 2, 2, 2, 2, 2, 2, 2, 2, 2 ], 3 ], [ [ 2, 2, 2, 2, 2, 2, 2, 2, 2, 2, 2, 2 ], 3 ], [ [ 2, 2, 2, 2, 2, 2, 2, 2, 2, 2, 2, 2 ], 6 ], [ [ 2, 2, 2, 2, 2, 2, 2, 2, 2, 2, 2, 2 ], 12 ], [ [ 2, 2, 2, 2, 2, 2, 2, 2, 2, 2, 2, 2 ], 4 ], [ [ 4, 4, 4, 4, 4, 4 ], 12 ], [ [ 4, 4, 4, 4, 4, 4 ], 12 ], [ [ 4, 4, 4, 4, 4, 4 ], 12 ], [ [ 4, 4, 4, 4, 4, 4 ], 12 ], [ [ 6, 6, 6, 6 ], 64 ], [ [ 3, 3, 3, 3, 3, 3, 3, 3 ], 64 ], [ [ 3, 3, 3, 3, 3, 3, 3, 3 ], 64 ], [ [ 6, 6, 6, 6 ], 64 ] ]
1031|384|[ 384, 18221 ]|[ [ [ 1, 1, 1, 1, 1, 1, 1, 1, 1, 1, 1, 1, 1, 1, 1, 1, 1, 1, 1, 1, 1, 1, 1, 1 ], 1 ], [ [ 1, 1, 1, 1, 1, 1, 1, 1, 1, 1, 1, 1, 1, 1, 1, 1, 2, 2, 2, 2 ], 6 ], [ [ 1, 1, 1, 1, 1, 1, 1, 1, 2, 2, 2, 2, 2, 2, 2, 2 ], 3 ], [ [ 1, 1, 1, 1, 1, 1, 1, 1, 2, 2, 2, 2, 2, 2, 2, 2 ], 6 ], [ [ 1, 1, 1, 1, 1, 1, 1, 1, 2, 2, 2, 2, 2, 2, 2, 2 ], 3 ], [ [ 1, 1, 1, 1, 1, 1, 1, 1, 2, 2, 2, 2, 2, 2, 2, 2 ], 3 ], [ [ 1, 1, 1, 1, 1, 1, 1, 1, 2, 2, 2, 2, 2, 2, 2, 2 ], 6 ], [ [ 1, 1, 1, 1, 2, 2, 2, 2, 2, 2, 2, 2, 2, 2 ], 6 ], [ [ 1, 1, 1, 1, 2, 2, 2, 2, 2, 2, 2, 2, 2, 2 ], 6 ], [ [ 1, 1, 1, 1, 2, 2, 2, 2, 2, 2, 2, 2, 2, 2 ], 6 ], [ [ 1, 1, 1, 1, 2, 2, 2, 2, 2, 2, 2, 2, 2, 2 ], 6 ], [ [ 2, 2, 2, 2, 2, 2, 2, 2, 2, 2, 2, 2 ], 3 ], [ [ 2, 2, 2, 2, 2, 2, 2, 2, 2, 2, 2, 2 ], 3 ], [ [ 2, 2, 2, 2, 2, 2, 2, 2, 2, 2, 2, 2 ], 6 ], [ [ 2, 2, 2, 2, 2, 2, 2, 2, 2, 2, 2, 2 ], 12 ], [ [ 2, 2, 2, 2, 4, 4, 4, 4 ], 12 ], [ [ 2, 2, 2, 2, 4, 4, 4, 4 ], 12 ], [ [ 2, 2, 2, 2, 4, 4, 4, 4 ], 12 ], [ [ 2, 2, 2, 2, 2, 2, 2, 2, 2, 2, 2, 2 ], 4 ], [ [ 2, 2, 2, 2, 4, 4, 4, 4 ], 12 ], [ [ 6, 6, 6, 6 ], 64 ], [ [ 3, 3, 3, 3, 3, 3, 3, 3 ], 64 ], [ [ 3, 3, 3, 3, 3, 3, 3, 3 ], 64 ], [ [ 6, 6, 6, 6 ], 64 ] ]
1032|384|[ 384, 591 ]|[ [ [ 1, 1, 1, 1, 1, 1, 1, 1, 1, 1, 1, 1, 1, 1, 1, 1, 1, 1, 1, 1, 1, 1, 1, 1 ], 1 ], [ [ 1, 1, 1, 1, 1, 1, 1, 1, 2, 2, 2, 2, 2, 2, 2, 2 ], 3 ], [ [ 1, 1, 1, 1, 2, 2, 2, 2, 2, 2, 2, 2, 2, 2 ], 24 ], [ [ 1, 1, 1, 1, 2, 2, 4, 4, 4, 4 ], 12 ], [ [ 1, 1, 1, 1, 1, 1, 2, 2, 2, 2, 2, 2, 2, 2, 2 ], 16 ], [ [ 1, 1, 1, 1, 4, 8, 8 ], 24 ], [ [ 2, 2, 4, 8, 8 ], 24 ], [ [ 2, 2, 2, 2, 4, 4, 4, 4 ], 24 ], [ [ 3, 3, 6, 6, 6 ], 64 ], [ [ 3, 3, 3, 3, 3, 3, 3, 3 ], 64 ], [ [ 3, 3, 6, 6, 6 ], 64 ], [ [ 3, 3, 3, 3, 3, 3, 3, 3 ], 64 ] ]
1033|384|[ 384, 591 ]|[ [ [ 1, 1, 1, 1, 1, 1, 1, 1, 1, 1, 1, 1, 1, 1, 1, 1, 1, 1, 1, 1, 1, 1, 1, 1 ], 1 ], [ [ 1, 1, 1, 1, 1, 1, 1, 1, 2, 2, 2, 2, 2, 2, 2, 2 ], 3 ], [ [ 1, 1, 1, 1, 2, 2, 4, 4, 4, 4 ], 24 ], [ [ 1, 1, 1, 1, 2, 2, 4, 4, 4, 4 ], 12 ], [ [ 1, 1, 1, 1, 1, 1, 2, 2, 2, 2, 2, 2, 2, 2, 2 ], 16 ], [ [ 1, 1, 1, 1, 4, 8, 8 ], 24 ], [ [ 2, 2, 4, 8, 8 ], 24 ], [ [ 2, 2, 2, 2, 2, 2, 2, 2, 2, 2, 2, 2 ], 24 ], [ [ 3, 3, 6, 6, 6 ], 64 ], [ [ 3, 3, 3, 3, 3, 3, 3, 3 ], 64 ], [ [ 3, 3, 6, 6, 6 ], 64 ], [ [ 3, 3, 3, 3, 3, 3, 3, 3 ], 64 ] ]
1034|384|[ 384, 18221 ]|[ [ [ 1, 1, 1, 1, 1, 1, 1, 1, 1, 1, 1, 1, 1, 1, 1, 1, 1, 1, 1, 1, 1, 1, 1, 1 ], 1 ], [ [ 1, 1, 1, 1, 1, 1, 1, 1, 2, 2, 2, 2, 2, 2, 2, 2 ], 3 ], [ [ 1, 1, 1, 1, 1, 1, 1, 1, 2, 2, 2, 2, 2, 2, 2, 2 ], 3 ], [ [ 1, 1, 1, 1, 1, 1, 1, 1, 2, 2, 2, 2, 2, 2, 2, 2 ], 3 ], [ [ 1, 1, 1, 1, 1, 1, 1, 1, 2, 2, 2, 2, 2, 2, 2, 2 ], 6 ], [ [ 1, 1, 1, 1, 1, 1, 1, 1, 2, 2, 2, 2, 2, 2, 2, 2 ], 6 ], [ [ 1, 1, 1, 1, 1, 1, 1, 1, 1, 1, 1, 1, 2, 2, 2, 2, 2, 2 ], 4 ], [ [ 1, 1, 1, 1, 2, 2, 2, 2, 2, 2, 2, 2, 2, 2 ], 12 ], [ [ 1, 1, 1, 1, 2, 2, 4, 4, 4, 4 ], 12 ], [ [ 1, 1, 1, 1, 2, 2, 4, 4, 4, 4 ], 12 ], [ [ 2, 2, 2, 2, 2, 2, 2, 2, 2, 2, 2, 2 ], 3 ], [ [ 2, 2, 2, 2, 2, 2, 2, 2, 2, 2, 2, 2 ], 3 ], [ [ 2, 2, 2, 2, 2, 2, 2, 2, 2, 2, 2, 2 ], 6 ], [ [ 2, 2, 2, 2, 2, 2, 2, 2, 2, 2, 2, 2 ], 6 ], [ [ 2, 2, 2, 2, 4, 4, 4, 4 ], 12 ], [ [ 2, 2, 2, 2, 4, 4, 4, 4 ], 12 ], [ [ 2, 2, 2, 2, 2, 2, 2, 2, 2, 2, 2, 2 ], 6 ], [ [ 2, 2, 2, 2, 2, 2, 2, 2, 2, 2, 2, 2 ], 6 ], [ [ 2, 2, 2, 2, 2, 2, 2, 2, 2, 2, 2, 2 ], 6 ], [ [ 2, 2, 2, 2, 2, 2, 2, 2, 2, 2, 2, 2 ], 6 ], [ [ 3, 3, 3, 3, 6, 6 ], 64 ], [ [ 3, 3, 3, 3, 3, 3, 3, 3 ], 64 ], [ [ 3, 3, 3, 3, 6, 6 ], 64 ], [ [ 3, 3, 3, 3, 3, 3, 3, 3 ], 64 ] ]
1035|384|[ 384, 584 ]|[ [ [ 1, 1, 1, 1, 1, 1, 1, 1, 1, 1, 1, 1, 1, 1, 1, 1, 1, 1, 1, 1, 1, 1, 1, 1 ], 1 ], [ [ 1, 1, 1, 1, 1, 1, 1, 1, 2, 2, 2, 2, 2, 2, 2, 2 ], 3 ], [ [ 1, 1, 1, 1, 1, 1, 1, 1, 2, 2, 2, 2, 2, 2, 2, 2 ], 3 ], [ [ 1, 1, 1, 1, 1, 1, 1, 1, 2, 2, 2, 2, 2, 2, 2, 2 ], 3 ], [ [ 1, 1, 1, 1, 1, 1, 1, 1, 4, 4, 4, 4 ], 6 ], [ [ 1, 1, 1, 1, 1, 1, 1, 1, 4, 4, 4, 4 ], 6 ], [ [ 1, 1, 1, 1, 1, 1, 1, 1, 1, 1, 1, 1, 2, 2, 2, 2, 2, 2 ], 4 ], [ [ 1, 1, 1, 1, 2, 2, 2, 2, 2, 2, 2, 2, 2, 2 ], 12 ], [ [ 1, 1, 1, 1, 2, 2, 4, 4, 4, 4 ], 12 ], [ [ 1, 1, 1, 1, 2, 2, 4, 4, 4, 4 ], 12 ], [ [ 2, 2, 2, 2, 2, 2, 2, 2, 2, 2, 2, 2 ], 3 ], [ [ 2, 2, 2, 2, 2, 2, 2, 2, 2, 2, 2, 2 ], 3 ], [ [ 2, 2, 2, 2, 4, 4, 4, 4 ], 6 ], [ [ 2, 2, 2, 2, 4, 4, 4, 4 ], 6 ], [ [ 2, 2, 2, 2, 4, 4, 4, 4 ], 12 ], [ [ 2, 2, 2, 2, 4, 4, 4, 4 ], 12 ], [ [ 2, 2, 2, 2, 4, 4, 4, 4 ], 6 ], [ [ 2, 2, 2, 2, 4, 4, 4, 4 ], 6 ], [ [ 2, 2, 2, 2, 4, 4, 4, 4 ], 6 ], [ [ 2, 2, 2, 2, 4, 4, 4, 4 ], 6 ], [ [ 3, 3, 3, 3, 6, 6 ], 64 ], [ [ 3, 3, 3, 3, 3, 3, 3, 3 ], 64 ], [ [ 3, 3, 3, 3, 6, 6 ], 64 ], [ [ 3, 3, 3, 3, 3, 3, 3, 3 ], 64 ] ]
1036|384|[ 384, 595 ]|[ [ [ 1, 1, 1, 1, 1, 1, 1, 1, 1, 1, 1, 1, 1, 1, 1, 1, 1, 1, 1, 1, 1, 1, 1, 1 ], 1 ], [ [ 1, 1, 1, 1, 1, 1, 1, 1, 2, 2, 2, 2, 2, 2, 2, 2 ], 3 ], [ [ 1, 1, 1, 1, 1, 1, 1, 1, 4, 4, 4, 4 ], 6 ], [ [ 1, 1, 1, 1, 1, 1, 1, 1, 8, 8 ], 6 ], [ [ 1, 1, 1, 1, 1, 1, 1, 1, 8, 8 ], 6 ], [ [ 1, 1, 1, 1, 2, 2, 2, 2, 2, 2, 2, 2, 2, 2 ], 48 ], [ [ 2, 2, 2, 2, 4, 4, 4, 4 ], 6 ], [ [ 2, 2, 2, 2, 8, 8 ], 6 ], [ [ 2, 2, 2, 2, 8, 8 ], 6 ], [ [ 2, 2, 2, 2, 2, 2, 2, 2, 2, 2, 2, 2 ], 16 ], [ [ 4, 4, 8, 8 ], 6 ], [ [ 4, 4, 8, 8 ], 6 ], [ [ 4, 4, 8, 8 ], 6 ], [ [ 4, 4, 8, 8 ], 6 ], [ [ 6, 6, 6, 6 ], 64 ], [ [ 3, 3, 3, 3, 3, 3, 3, 3 ], 64 ], [ [ 3, 3, 3, 3, 3, 3, 3, 3 ], 64 ], [ [ 6, 6, 6, 6 ], 64 ] ]
1037|384|[ 384, 595 ]|[ [ [ 1, 1, 1, 1, 1, 1, 1, 1, 1, 1, 1, 1, 1, 1, 1, 1, 1, 1, 1, 1, 1, 1, 1, 1 ], 1 ], [ [ 1, 1, 1, 1, 1, 1, 1, 1, 2, 2, 2, 2, 2, 2, 2, 2 ], 3 ], [ [ 1, 1, 1, 1, 1, 1, 1, 1, 4, 4, 4, 4 ], 6 ], [ [ 1, 1, 1, 1, 1, 1, 1, 1, 8, 8 ], 6 ], [ [ 1, 1, 1, 1, 1, 1, 1, 1, 8, 8 ], 6 ], [ [ 1, 1, 1, 1, 1, 1, 2, 2, 2, 2, 2, 2, 2, 2, 2 ], 16 ], [ [ 1, 1, 2, 2, 2, 2, 2, 2, 2, 2, 2, 2, 2 ], 48 ], [ [ 2, 2, 2, 2, 4, 4, 4, 4 ], 6 ], [ [ 2, 2, 2, 2, 8, 8 ], 6 ], [ [ 2, 2, 2, 2, 8, 8 ], 6 ], [ [ 4, 4, 8, 8 ], 6 ], [ [ 4, 4, 8, 8 ], 6 ], [ [ 4, 4, 8, 8 ], 6 ], [ [ 4, 4, 8, 8 ], 6 ], [ [ 3, 3, 3, 3, 3, 3, 3, 3 ], 64 ], [ [ 3, 3, 6, 6, 6 ], 64 ], [ [ 3, 3, 6, 6, 6 ], 64 ], [ [ 3, 3, 3, 3, 3, 3, 3, 3 ], 64 ] ]
1038|384|[ 384, 593 ]|[ [ [ 1, 1, 1, 1, 1, 1, 1, 1, 1, 1, 1, 1, 1, 1, 1, 1, 1, 1, 1, 1, 1, 1, 1, 1 ], 1 ], [ [ 1, 1, 1, 1, 1, 1, 1, 1, 2, 2, 2, 2, 2, 2, 2, 2 ], 3 ], [ [ 1, 1, 1, 1, 1, 1, 1, 1, 4, 4, 4, 4 ], 6 ], [ [ 1, 1, 1, 1, 1, 1, 1, 1, 8, 8 ], 6 ], [ [ 1, 1, 1, 1, 1, 1, 1, 1, 8, 8 ], 6 ], [ [ 1, 1, 1, 1, 1, 1, 2, 2, 2, 2, 2, 2, 2, 2, 2 ], 16 ], [ [ 1, 1, 2, 2, 2, 4, 4, 4, 4 ], 48 ], [ [ 2, 2, 2, 2, 4, 4, 4, 4 ], 6 ], [ [ 2, 2, 2, 2, 8, 8 ], 6 ], [ [ 2, 2, 2, 2, 8, 8 ], 6 ], [ [ 4, 4, 8, 8 ], 6 ], [ [ 4, 4, 8, 8 ], 6 ], [ [ 4, 4, 8, 8 ], 6 ], [ [ 4, 4, 8, 8 ], 6 ], [ [ 3, 3, 3, 3, 3, 3, 3, 3 ], 64 ], [ [ 3, 3, 6, 6, 6 ], 64 ], [ [ 3, 3, 6, 6, 6 ], 64 ], [ [ 3, 3, 3, 3, 3, 3, 3, 3 ], 64 ] ]
1039|384|[ 384, 18223 ]|[ [ [ 1, 1, 1, 1, 1, 1, 1, 1, 1, 1, 1, 1, 1, 1, 1, 1, 1, 1, 1, 1, 1, 1, 1, 1 ], 1 ], [ [ 1, 1, 1, 1, 1, 1, 1, 1, 2, 2, 2, 2, 2, 2, 2, 2 ], 3 ], [ [ 1, 1, 1, 1, 1, 1, 1, 1, 2, 2, 2, 2, 2, 2, 2, 2 ], 3 ], [ [ 1, 1, 1, 1, 1, 1, 1, 1, 2, 2, 2, 2, 2, 2, 2, 2 ], 3 ], [ [ 1, 1, 1, 1, 1, 1, 1, 1, 4, 4, 4, 4 ], 6 ], [ [ 1, 1, 1, 1, 1, 1, 1, 1, 4, 4, 4, 4 ], 6 ], [ [ 1, 1, 1, 1, 1, 1, 1, 1, 1, 1, 1, 1, 2, 2, 2, 2, 2, 2 ], 4 ], [ [ 1, 1, 1, 1, 2, 2, 2, 2, 2, 2, 2, 2, 2, 2 ], 12 ], [ [ 1, 1, 1, 1, 2, 2, 2, 2, 2, 2, 2, 2, 2, 2 ], 12 ], [ [ 1, 1, 1, 1, 2, 2, 2, 2, 2, 2, 2, 2, 2, 2 ], 12 ], [ [ 2, 2, 2, 2, 2, 2, 2, 2, 2, 2, 2, 2 ], 3 ], [ [ 2, 2, 2, 2, 2, 2, 2, 2, 2, 2, 2, 2 ], 3 ], [ [ 2, 2, 2, 2, 4, 4, 4, 4 ], 6 ], [ [ 2, 2, 2, 2, 4, 4, 4, 4 ], 6 ], [ [ 2, 2, 2, 2, 2, 2, 2, 2, 2, 2, 2, 2 ], 12 ], [ [ 2, 2, 2, 2, 2, 2, 2, 2, 2, 2, 2, 2 ], 12 ], [ [ 2, 2, 2, 2, 4, 4, 4, 4 ], 6 ], [ [ 2, 2, 2, 2, 4, 4, 4, 4 ], 6 ], [ [ 2, 2, 2, 2, 4, 4, 4, 4 ], 6 ], [ [ 2, 2, 2, 2, 4, 4, 4, 4 ], 6 ], [ [ 3, 3, 3, 3, 3, 3, 3, 3 ], 64 ], [ [ 3, 3, 3, 3, 6, 6 ], 64 ], [ [ 3, 3, 3, 3, 6, 6 ], 64 ], [ [ 3, 3, 3, 3, 3, 3, 3, 3 ], 64 ] ]
1040|384|[ 384, 18123 ]|[ [ [ 1, 1, 1, 1, 1, 1, 1, 1, 1, 1, 1, 1, 1, 1, 1, 1, 1, 1, 1, 1, 1, 1, 1, 1 ], 1 ], [ [ 1, 1, 1, 1, 1, 1, 1, 1, 2, 2, 2, 2, 2, 2, 2, 2 ], 3 ], [ [ 1, 1, 1, 1, 1, 1, 1, 1, 4, 4, 4, 4 ], 6 ], [ [ 1, 1, 1, 1, 1, 1, 1, 1, 4, 4, 4, 4 ], 6 ], [ [ 1, 1, 1, 1, 1, 1, 1, 1, 2, 2, 2, 2, 2, 2, 2, 2 ], 3 ], [ [ 1, 1, 1, 1, 1, 1, 1, 1, 2, 2, 2, 2, 2, 2, 2, 2 ], 3 ], [ [ 1, 1, 1, 1, 2, 2, 4, 4, 4, 4 ], 24 ], [ [ 1, 1, 1, 1, 2, 2, 2, 2, 2, 2, 2, 2, 2, 2 ], 24 ], [ [ 2, 2, 2, 2, 4, 4, 4, 4 ], 6 ], [ [ 2, 2, 2, 2, 4, 4, 4, 4 ], 6 ], [ [ 2, 2, 2, 2, 2, 2, 2, 2, 2, 2, 2, 2 ], 6 ], [ [ 4, 4, 8, 8 ], 24 ], [ [ 4, 4, 8, 8 ], 24 ], [ [ 2, 2, 2, 2, 4, 4, 4, 4 ], 3 ], [ [ 2, 2, 2, 2, 4, 4, 4, 4 ], 6 ], [ [ 2, 2, 2, 2, 4, 4, 4, 4 ], 3 ], [ [ 2, 2, 2, 2, 4, 4, 4, 4 ], 24 ], [ [ 2, 2, 2, 2, 4, 4, 4, 4 ], 24 ], [ [ 2, 2, 2, 2, 4, 4, 4, 4 ], 3 ], [ [ 2, 2, 2, 2, 4, 4, 4, 4 ], 3 ], [ [ 2, 2, 2, 2, 4, 4, 4, 4 ], 6 ], [ [ 4, 4, 8, 8 ], 24 ], [ [ 4, 4, 8, 8 ], 24 ], [ [ 3, 3, 3, 3, 3, 3, 3, 3 ], 128 ] ]
1041|384|[ 384, 568 ]|[ [ [ 1, 1, 1, 1, 1, 1, 1, 1, 1, 1, 1, 1, 1, 1, 1, 1, 1, 1, 1, 1, 1, 1, 1, 1 ], 1 ], [ [ 1, 1, 1, 1, 1, 1, 1, 1, 2, 2, 2, 2, 2, 2, 2, 2 ], 3 ], [ [ 1, 1, 1, 1, 1, 1, 1, 1, 8, 8 ], 6 ], [ [ 1, 1, 1, 1, 1, 1, 1, 1, 8, 8 ], 6 ], [ [ 1, 1, 1, 1, 1, 1, 1, 1, 4, 4, 4, 4 ], 6 ], [ [ 1, 1, 1, 1, 2, 2, 2, 2, 2, 2, 2, 2, 2, 2 ], 24 ], [ [ 1, 1, 1, 1, 2, 2, 4, 4, 4, 4 ], 24 ], [ [ 2, 2, 2, 2, 8, 8 ], 6 ], [ [ 2, 2, 2, 2, 8, 8 ], 6 ], [ [ 2, 2, 2, 2, 4, 4, 4, 4 ], 3 ], [ [ 2, 2, 2, 2, 4, 4, 4, 4 ], 3 ], [ [ 4, 4, 8, 8 ], 3 ], [ [ 4, 4, 8, 8 ], 6 ], [ [ 4, 4, 8, 8 ], 3 ], [ [ 8, 16 ], 24 ], [ [ 8, 16 ], 24 ], [ [ 4, 4, 8, 8 ], 24 ], [ [ 4, 4, 8, 8 ], 24 ], [ [ 4, 4, 8, 8 ], 6 ], [ [ 4, 4, 8, 8 ], 3 ], [ [ 4, 4, 8, 8 ], 3 ], [ [ 8, 16 ], 24 ], [ [ 8, 16 ], 24 ], [ [ 3, 3, 3, 3, 3, 3, 3, 3 ], 128 ] ]
1042|384|[ 384, 18123 ]|[ [ [ 1, 1, 1, 1, 1, 1, 1, 1, 1, 1, 1, 1, 1, 1, 1, 1, 1, 1, 1, 1, 1, 1, 1, 1 ], 1 ], [ [ 1, 1, 1, 1, 1, 1, 1, 1, 2, 2, 2, 2, 2, 2, 2, 2 ], 3 ], [ [ 1, 1, 1, 1, 1, 1, 1, 1, 4, 4, 4, 4 ], 6 ], [ [ 1, 1, 1, 1, 1, 1, 1, 1, 4, 4, 4, 4 ], 6 ], [ [ 1, 1, 1, 1, 1, 1, 1, 1, 2, 2, 2, 2, 2, 2, 2, 2 ], 3 ], [ [ 1, 1, 1, 1, 1, 1, 1, 1, 2, 2, 2, 2, 2, 2, 2, 2 ], 3 ], [ [ 1, 1, 1, 1, 1, 1, 1, 1, 2, 2, 2, 2, 2, 2, 2, 2 ], 24 ], [ [ 2, 2, 2, 2, 4, 4, 4, 4 ], 6 ], [ [ 2, 2, 2, 2, 4, 4, 4, 4 ], 6 ], [ [ 2, 2, 2, 2, 2, 2, 2, 2, 2, 2, 2, 2 ], 6 ], [ [ 2, 2, 2, 2, 4, 4, 4, 4 ], 24 ], [ [ 2, 2, 2, 2, 4, 4, 4, 4 ], 6 ], [ [ 2, 2, 2, 2, 4, 4, 4, 4 ], 3 ], [ [ 4, 4, 8, 8 ], 24 ], [ [ 2, 2, 2, 2, 4, 4, 4, 4 ], 3 ], [ [ 4, 4, 8, 8 ], 24 ], [ [ 2, 2, 2, 2, 4, 4, 4, 4 ], 6 ], [ [ 2, 2, 2, 2, 4, 4, 4, 4 ], 24 ], [ [ 2, 2, 2, 2, 4, 4, 4, 4 ], 3 ], [ [ 2, 2, 2, 2, 4, 4, 4, 4 ], 3 ], [ [ 2, 2, 2, 2, 4, 4, 4, 4 ], 24 ], [ [ 4, 4, 8, 8 ], 24 ], [ [ 4, 4, 8, 8 ], 24 ], [ [ 3, 3, 3, 3, 3, 3, 3, 3 ], 128 ] ]
1043|384|[ 384, 568 ]|[ [ [ 1, 1, 1, 1, 1, 1, 1, 1, 1, 1, 1, 1, 1, 1, 1, 1, 1, 1, 1, 1, 1, 1, 1, 1 ], 1 ], [ [ 1, 1, 1, 1, 1, 1, 1, 1, 2, 2, 2, 2, 2, 2, 2, 2 ], 3 ], [ [ 1, 1, 1, 1, 1, 1, 1, 1, 8, 8 ], 6 ], [ [ 1, 1, 1, 1, 1, 1, 1, 1, 8, 8 ], 6 ], [ [ 1, 1, 1, 1, 1, 1, 1, 1, 4, 4, 4, 4 ], 6 ], [ [ 1, 1, 1, 1, 1, 1, 1, 1, 2, 2, 2, 2, 2, 2, 2, 2 ], 24 ], [ [ 2, 2, 2, 2, 8, 8 ], 6 ], [ [ 2, 2, 2, 2, 8, 8 ], 6 ], [ [ 2, 2, 2, 2, 4, 4, 4, 4 ], 3 ], [ [ 2, 2, 2, 2, 4, 4, 4, 4 ], 3 ], [ [ 2, 2, 2, 2, 4, 4, 4, 4 ], 24 ], [ [ 4, 4, 8, 8 ], 6 ], [ [ 4, 4, 8, 8 ], 3 ], [ [ 8, 16 ], 24 ], [ [ 4, 4, 8, 8 ], 3 ], [ [ 8, 16 ], 24 ], [ [ 4, 4, 8, 8 ], 3 ], [ [ 4, 4, 8, 8 ], 3 ], [ [ 4, 4, 8, 8 ], 24 ], [ [ 4, 4, 8, 8 ], 6 ], [ [ 4, 4, 8, 8 ], 24 ], [ [ 8, 16 ], 24 ], [ [ 8, 16 ], 24 ], [ [ 3, 3, 3, 3, 3, 3, 3, 3 ], 128 ] ]
1044|384|[ 384, 18123 ]|[ [ [ 1, 1, 1, 1, 1, 1, 1, 1, 1, 1, 1, 1, 1, 1, 1, 1, 1, 1, 1, 1, 1, 1, 1, 1 ], 1 ], [ [ 1, 1, 1, 1, 1, 1, 1, 1, 2, 2, 2, 2, 2, 2, 2, 2 ], 3 ], [ [ 1, 1, 1, 1, 1, 1, 1, 1, 4, 4, 4, 4 ], 6 ], [ [ 1, 1, 1, 1, 1, 1, 1, 1, 4, 4, 4, 4 ], 6 ], [ [ 1, 1, 1, 1, 1, 1, 1, 1, 2, 2, 2, 2, 2, 2, 2, 2 ], 3 ], [ [ 1, 1, 1, 1, 1, 1, 1, 1, 2, 2, 2, 2, 2, 2, 2, 2 ], 3 ], [ [ 1, 1, 1, 1, 1, 1, 1, 1, 4, 4, 4, 4 ], 24 ], [ [ 2, 2, 2, 2, 4, 4, 4, 4 ], 6 ], [ [ 2, 2, 2, 2, 4, 4, 4, 4 ], 6 ], [ [ 2, 2, 2, 2, 2, 2, 2, 2, 2, 2, 2, 2 ], 6 ], [ [ 2, 2, 2, 2, 2, 2, 2, 2, 2, 2, 2, 2 ], 24 ], [ [ 2, 2, 2, 2, 4, 4, 4, 4 ], 6 ], [ [ 2, 2, 2, 2, 4, 4, 4, 4 ], 3 ], [ [ 4, 4, 8, 8 ], 24 ], [ [ 2, 2, 2, 2, 4, 4, 4, 4 ], 3 ], [ [ 4, 4, 8, 8 ], 24 ], [ [ 2, 2, 2, 2, 4, 4, 4, 4 ], 6 ], [ [ 2, 2, 2, 2, 4, 4, 4, 4 ], 24 ], [ [ 2, 2, 2, 2, 4, 4, 4, 4 ], 3 ], [ [ 2, 2, 2, 2, 4, 4, 4, 4 ], 3 ], [ [ 2, 2, 2, 2, 4, 4, 4, 4 ], 24 ], [ [ 4, 4, 8, 8 ], 24 ], [ [ 4, 4, 8, 8 ], 24 ], [ [ 3, 3, 3, 3, 3, 3, 3, 3 ], 128 ] ]
1045|384|[ 384, 568 ]|[ [ [ 1, 1, 1, 1, 1, 1, 1, 1, 1, 1, 1, 1, 1, 1, 1, 1, 1, 1, 1, 1, 1, 1, 1, 1 ], 1 ], [ [ 1, 1, 1, 1, 1, 1, 1, 1, 2, 2, 2, 2, 2, 2, 2, 2 ], 3 ], [ [ 1, 1, 1, 1, 1, 1, 1, 1, 8, 8 ], 6 ], [ [ 1, 1, 1, 1, 1, 1, 1, 1, 8, 8 ], 6 ], [ [ 1, 1, 1, 1, 1, 1, 1, 1, 4, 4, 4, 4 ], 6 ], [ [ 1, 1, 1, 1, 1, 1, 1, 1, 4, 4, 4, 4 ], 24 ], [ [ 2, 2, 2, 2, 8, 8 ], 6 ], [ [ 2, 2, 2, 2, 8, 8 ], 6 ], [ [ 2, 2, 2, 2, 4, 4, 4, 4 ], 3 ], [ [ 2, 2, 2, 2, 4, 4, 4, 4 ], 3 ], [ [ 2, 2, 2, 2, 2, 2, 2, 2, 2, 2, 2, 2 ], 24 ], [ [ 4, 4, 8, 8 ], 6 ], [ [ 4, 4, 8, 8 ], 3 ], [ [ 8, 16 ], 24 ], [ [ 4, 4, 8, 8 ], 3 ], [ [ 8, 16 ], 24 ], [ [ 4, 4, 8, 8 ], 3 ], [ [ 4, 4, 8, 8 ], 3 ], [ [ 4, 4, 8, 8 ], 24 ], [ [ 4, 4, 8, 8 ], 6 ], [ [ 4, 4, 8, 8 ], 24 ], [ [ 8, 16 ], 24 ], [ [ 8, 16 ], 24 ], [ [ 3, 3, 3, 3, 3, 3, 3, 3 ], 128 ] ]
1046|384|[ 384, 18123 ]|[ [ [ 1, 1, 1, 1, 1, 1, 1, 1, 1, 1, 1, 1, 1, 1, 1, 1, 1, 1, 1, 1, 1, 1, 1, 1 ], 1 ], [ [ 1, 1, 1, 1, 1, 1, 1, 1, 2, 2, 2, 2, 2, 2, 2, 2 ], 3 ], [ [ 1, 1, 1, 1, 1, 1, 1, 1, 2, 2, 2, 2, 2, 2, 2, 2 ], 3 ], [ [ 1, 1, 1, 1, 1, 1, 1, 1, 2, 2, 2, 2, 2, 2, 2, 2 ], 3 ], [ [ 1, 1, 1, 1, 1, 1, 1, 1, 4, 4, 4, 4 ], 6 ], [ [ 1, 1, 1, 1, 1, 1, 1, 1, 4, 4, 4, 4 ], 6 ], [ [ 1, 1, 1, 1, 1, 1, 1, 1, 4, 4, 4, 4 ], 24 ], [ [ 2, 2, 2, 2, 2, 2, 2, 2, 2, 2, 2, 2 ], 6 ], [ [ 2, 2, 2, 2, 4, 4, 4, 4 ], 6 ], [ [ 2, 2, 2, 2, 4, 4, 4, 4 ], 6 ], [ [ 2, 2, 2, 2, 4, 4, 4, 4 ], 24 ], [ [ 2, 2, 2, 2, 4, 4, 4, 4 ], 3 ], [ [ 2, 2, 2, 2, 4, 4, 4, 4 ], 6 ], [ [ 4, 4, 8, 8 ], 24 ], [ [ 2, 2, 2, 2, 4, 4, 4, 4 ], 3 ], [ [ 4, 4, 8, 8 ], 24 ], [ [ 2, 2, 2, 2, 4, 4, 4, 4 ], 3 ], [ [ 2, 2, 2, 2, 4, 4, 4, 4 ], 6 ], [ [ 4, 4, 8, 8 ], 24 ], [ [ 2, 2, 2, 2, 4, 4, 4, 4 ], 3 ], [ [ 4, 4, 8, 8 ], 24 ], [ [ 2, 2, 2, 2, 4, 4, 4, 4 ], 24 ], [ [ 2, 2, 2, 2, 2, 2, 2, 2, 2, 2, 2, 2 ], 24 ], [ [ 3, 3, 3, 3, 3, 3, 3, 3 ], 128 ] ]
1047|384|[ 384, 18123 ]|[ [ [ 1, 1, 1, 1, 1, 1, 1, 1, 1, 1, 1, 1, 1, 1, 1, 1, 1, 1, 1, 1, 1, 1, 1, 1 ], 1 ], [ [ 1, 1, 1, 1, 1, 1, 1, 1, 2, 2, 2, 2, 2, 2, 2, 2 ], 3 ], [ [ 1, 1, 1, 1, 1, 1, 1, 1, 2, 2, 2, 2, 2, 2, 2, 2 ], 3 ], [ [ 1, 1, 1, 1, 1, 1, 1, 1, 2, 2, 2, 2, 2, 2, 2, 2 ], 3 ], [ [ 1, 1, 1, 1, 1, 1, 1, 1, 4, 4, 4, 4 ], 6 ], [ [ 1, 1, 1, 1, 1, 1, 1, 1, 4, 4, 4, 4 ], 6 ], [ [ 1, 1, 1, 1, 2, 2, 4, 4, 4, 4 ], 24 ], [ [ 1, 1, 1, 1, 2, 2, 4, 4, 4, 4 ], 24 ], [ [ 2, 2, 2, 2, 2, 2, 2, 2, 2, 2, 2, 2 ], 6 ], [ [ 2, 2, 2, 2, 4, 4, 4, 4 ], 6 ], [ [ 2, 2, 2, 2, 4, 4, 4, 4 ], 6 ], [ [ 2, 2, 2, 2, 4, 4, 4, 4 ], 3 ], [ [ 2, 2, 2, 2, 4, 4, 4, 4 ], 6 ], [ [ 2, 2, 2, 2, 4, 4, 4, 4 ], 3 ], [ [ 4, 4, 8, 8 ], 24 ], [ [ 4, 4, 8, 8 ], 24 ], [ [ 2, 2, 2, 2, 4, 4, 4, 4 ], 3 ], [ [ 2, 2, 2, 2, 4, 4, 4, 4 ], 6 ], [ [ 2, 2, 2, 2, 4, 4, 4, 4 ], 3 ], [ [ 4, 4, 8, 8 ], 24 ], [ [ 4, 4, 8, 8 ], 24 ], [ [ 2, 2, 2, 2, 4, 4, 4, 4 ], 24 ], [ [ 2, 2, 2, 2, 2, 2, 2, 2, 2, 2, 2, 2 ], 24 ], [ [ 3, 3, 3, 3, 3, 3, 3, 3 ], 128 ] ]
1048|384|[ 384, 568 ]|[ [ [ 1, 1, 1, 1, 1, 1, 1, 1, 1, 1, 1, 1, 1, 1, 1, 1, 1, 1, 1, 1, 1, 1, 1, 1 ], 1 ], [ [ 1, 1, 1, 1, 1, 1, 1, 1, 2, 2, 2, 2, 2, 2, 2, 2 ], 3 ], [ [ 1, 1, 1, 1, 1, 1, 1, 1, 4, 4, 4, 4 ], 3 ], [ [ 1, 1, 1, 1, 1, 1, 1, 1, 4, 4, 4, 4 ], 3 ], [ [ 1, 1, 1, 1, 1, 1, 1, 1, 8, 8 ], 3 ], [ [ 1, 1, 1, 1, 1, 1, 1, 1, 8, 8 ], 3 ], [ [ 1, 1, 1, 1, 1, 1, 1, 1, 8, 8 ], 3 ], [ [ 1, 1, 1, 1, 1, 1, 1, 1, 8, 8 ], 3 ], [ [ 1, 1, 2, 2, 2, 8, 8 ], 24 ], [ [ 1, 1, 2, 2, 2, 8, 8 ], 24 ], [ [ 1, 1, 2, 2, 2, 4, 4, 4, 4 ], 24 ], [ [ 1, 1, 2, 2, 2, 2, 2, 2, 2, 2, 2, 2, 2 ], 24 ], [ [ 2, 2, 2, 2, 4, 4, 4, 4 ], 6 ], [ [ 2, 2, 2, 2, 8, 8 ], 6 ], [ [ 2, 2, 2, 2, 8, 8 ], 6 ], [ [ 2, 2, 2, 2, 16 ], 24 ], [ [ 2, 2, 2, 2, 16 ], 24 ], [ [ 2, 2, 2, 2, 16 ], 24 ], [ [ 2, 2, 2, 2, 16 ], 24 ], [ [ 4, 4, 8, 8 ], 6 ], [ [ 4, 4, 8, 8 ], 6 ], [ [ 4, 4, 8, 8 ], 6 ], [ [ 4, 4, 8, 8 ], 6 ], [ [ 3, 3, 3, 3, 3, 3, 3, 3 ], 128 ] ]
1049|384|[ 384, 568 ]|[ [ [ 1, 1, 1, 1, 1, 1, 1, 1, 1, 1, 1, 1, 1, 1, 1, 1, 1, 1, 1, 1, 1, 1, 1, 1 ], 1 ], [ [ 1, 1, 1, 1, 1, 1, 1, 1, 2, 2, 2, 2, 2, 2, 2, 2 ], 3 ], [ [ 1, 1, 1, 1, 1, 1, 1, 1, 4, 4, 4, 4 ], 3 ], [ [ 1, 1, 1, 1, 1, 1, 1, 1, 4, 4, 4, 4 ], 3 ], [ [ 1, 1, 1, 1, 1, 1, 1, 1, 8, 8 ], 6 ], [ [ 1, 1, 1, 1, 1, 1, 1, 1, 8, 8 ], 6 ], [ [ 1, 1, 2, 2, 2, 8, 8 ], 24 ], [ [ 1, 1, 2, 2, 2, 8, 8 ], 24 ], [ [ 1, 1, 2, 2, 2, 4, 4, 4, 4 ], 24 ], [ [ 1, 1, 2, 2, 2, 2, 2, 2, 2, 2, 2, 2, 2 ], 24 ], [ [ 2, 2, 2, 2, 4, 4, 4, 4 ], 6 ], [ [ 2, 2, 2, 2, 8, 8 ], 3 ], [ [ 2, 2, 2, 2, 8, 8 ], 3 ], [ [ 2, 2, 2, 2, 8, 8 ], 3 ], [ [ 2, 2, 2, 2, 8, 8 ], 3 ], [ [ 4, 4, 16 ], 24 ], [ [ 4, 4, 16 ], 24 ], [ [ 4, 4, 16 ], 24 ], [ [ 4, 4, 16 ], 24 ], [ [ 4, 4, 8, 8 ], 6 ], [ [ 4, 4, 8, 8 ], 6 ], [ [ 4, 4, 8, 8 ], 6 ], [ [ 4, 4, 8, 8 ], 6 ], [ [ 3, 3, 3, 3, 3, 3, 3, 3 ], 128 ] ]
1050|384|[ 384, 18123 ]|[ [ [ 1, 1, 1, 1, 1, 1, 1, 1, 1, 1, 1, 1, 1, 1, 1, 1, 1, 1, 1, 1, 1, 1, 1, 1 ], 1 ], [ [ 1, 1, 1, 1, 1, 1, 1, 1, 2, 2, 2, 2, 2, 2, 2, 2 ], 3 ], [ [ 1, 1, 1, 1, 1, 1, 1, 1, 2, 2, 2, 2, 2, 2, 2, 2 ], 3 ], [ [ 1, 1, 1, 1, 1, 1, 1, 1, 2, 2, 2, 2, 2, 2, 2, 2 ], 3 ], [ [ 1, 1, 1, 1, 1, 1, 1, 1, 4, 4, 4, 4 ], 3 ], [ [ 1, 1, 1, 1, 1, 1, 1, 1, 4, 4, 4, 4 ], 3 ], [ [ 1, 1, 1, 1, 1, 1, 1, 1, 4, 4, 4, 4 ], 3 ], [ [ 1, 1, 1, 1, 1, 1, 1, 1, 4, 4, 4, 4 ], 3 ], [ [ 1, 1, 1, 1, 2, 2, 4, 4, 4, 4 ], 24 ], [ [ 1, 1, 1, 1, 2, 2, 4, 4, 4, 4 ], 24 ], [ [ 2, 2, 2, 2, 2, 2, 2, 2, 2, 2, 2, 2 ], 6 ], [ [ 2, 2, 2, 2, 4, 4, 4, 4 ], 6 ], [ [ 2, 2, 2, 2, 4, 4, 4, 4 ], 6 ], [ [ 2, 2, 2, 2, 4, 4, 4, 4 ], 24 ], [ [ 2, 2, 2, 2, 2, 2, 2, 2, 2, 2, 2, 2 ], 24 ], [ [ 2, 2, 2, 2, 8, 8 ], 24 ], [ [ 2, 2, 2, 2, 8, 8 ], 24 ], [ [ 2, 2, 2, 2, 4, 4, 4, 4 ], 6 ], [ [ 2, 2, 2, 2, 4, 4, 4, 4 ], 6 ], [ [ 2, 2, 2, 2, 4, 4, 4, 4 ], 6 ], [ [ 2, 2, 2, 2, 8, 8 ], 24 ], [ [ 2, 2, 2, 2, 8, 8 ], 24 ], [ [ 2, 2, 2, 2, 4, 4, 4, 4 ], 6 ], [ [ 3, 3, 3, 3, 3, 3, 3, 3 ], 128 ] ]
1051|384|[ 384, 18123 ]|[ [ [ 1, 1, 1, 1, 1, 1, 1, 1, 1, 1, 1, 1, 1, 1, 1, 1, 1, 1, 1, 1, 1, 1, 1, 1 ], 1 ], [ [ 1, 1, 1, 1, 1, 1, 1, 1, 2, 2, 2, 2, 2, 2, 2, 2 ], 3 ], [ [ 1, 1, 1, 1, 1, 1, 1, 1, 2, 2, 2, 2, 2, 2, 2, 2 ], 3 ], [ [ 1, 1, 1, 1, 1, 1, 1, 1, 2, 2, 2, 2, 2, 2, 2, 2 ], 3 ], [ [ 1, 1, 1, 1, 1, 1, 1, 1, 4, 4, 4, 4 ], 3 ], [ [ 1, 1, 1, 1, 1, 1, 1, 1, 4, 4, 4, 4 ], 3 ], [ [ 1, 1, 1, 1, 1, 1, 1, 1, 4, 4, 4, 4 ], 3 ], [ [ 1, 1, 1, 1, 1, 1, 1, 1, 4, 4, 4, 4 ], 3 ], [ [ 1, 1, 1, 1, 2, 2, 4, 4, 4, 4 ], 24 ], [ [ 1, 1, 1, 1, 2, 2, 2, 2, 2, 2, 2, 2, 2, 2 ], 24 ], [ [ 2, 2, 2, 2, 2, 2, 2, 2, 2, 2, 2, 2 ], 6 ], [ [ 2, 2, 2, 2, 4, 4, 4, 4 ], 6 ], [ [ 2, 2, 2, 2, 4, 4, 4, 4 ], 6 ], [ [ 2, 2, 2, 2, 4, 4, 4, 4 ], 24 ], [ [ 2, 2, 2, 2, 4, 4, 4, 4 ], 24 ], [ [ 2, 2, 2, 2, 8, 8 ], 24 ], [ [ 2, 2, 2, 2, 8, 8 ], 24 ], [ [ 2, 2, 2, 2, 4, 4, 4, 4 ], 6 ], [ [ 2, 2, 2, 2, 4, 4, 4, 4 ], 6 ], [ [ 2, 2, 2, 2, 4, 4, 4, 4 ], 6 ], [ [ 2, 2, 2, 2, 8, 8 ], 24 ], [ [ 2, 2, 2, 2, 8, 8 ], 24 ], [ [ 2, 2, 2, 2, 4, 4, 4, 4 ], 6 ], [ [ 3, 3, 3, 3, 3, 3, 3, 3 ], 128 ] ]
1052|384|[ 384, 568 ]|[ [ [ 1, 1, 1, 1, 1, 1, 1, 1, 1, 1, 1, 1, 1, 1, 1, 1, 1, 1, 1, 1, 1, 1, 1, 1 ], 1 ], [ [ 1, 1, 1, 1, 1, 1, 1, 1, 2, 2, 2, 2, 2, 2, 2, 2 ], 3 ], [ [ 1, 1, 1, 1, 1, 1, 1, 1, 4, 4, 4, 4 ], 3 ], [ [ 1, 1, 1, 1, 1, 1, 1, 1, 4, 4, 4, 4 ], 3 ], [ [ 1, 1, 1, 1, 1, 1, 1, 1, 8, 8 ], 3 ], [ [ 1, 1, 1, 1, 1, 1, 1, 1, 8, 8 ], 3 ], [ [ 1, 1, 1, 1, 1, 1, 1, 1, 8, 8 ], 3 ], [ [ 1, 1, 1, 1, 1, 1, 1, 1, 8, 8 ], 3 ], [ [ 1, 1, 2, 2, 2, 16 ], 24 ], [ [ 1, 1, 2, 2, 2, 16 ], 24 ], [ [ 1, 1, 2, 2, 2, 16 ], 24 ], [ [ 1, 1, 2, 2, 2, 16 ], 24 ], [ [ 2, 2, 2, 2, 4, 4, 4, 4 ], 6 ], [ [ 2, 2, 2, 2, 8, 8 ], 6 ], [ [ 2, 2, 2, 2, 8, 8 ], 6 ], [ [ 2, 2, 2, 2, 8, 8 ], 24 ], [ [ 2, 2, 2, 2, 8, 8 ], 24 ], [ [ 2, 2, 2, 2, 4, 4, 4, 4 ], 24 ], [ [ 2, 2, 2, 2, 2, 2, 2, 2, 2, 2, 2, 2 ], 24 ], [ [ 4, 4, 8, 8 ], 6 ], [ [ 4, 4, 8, 8 ], 6 ], [ [ 4, 4, 8, 8 ], 6 ], [ [ 4, 4, 8, 8 ], 6 ], [ [ 3, 3, 3, 3, 3, 3, 3, 3 ], 128 ] ]
1053|384|[ 384, 18123 ]|[ [ [ 1, 1, 1, 1, 1, 1, 1, 1, 1, 1, 1, 1, 1, 1, 1, 1, 1, 1, 1, 1, 1, 1, 1, 1 ], 1 ], [ [ 1, 1, 1, 1, 1, 1, 1, 1, 2, 2, 2, 2, 2, 2, 2, 2 ], 3 ], [ [ 1, 1, 1, 1, 1, 1, 1, 1, 2, 2, 2, 2, 2, 2, 2, 2 ], 3 ], [ [ 1, 1, 1, 1, 1, 1, 1, 1, 2, 2, 2, 2, 2, 2, 2, 2 ], 3 ], [ [ 1, 1, 1, 1, 1, 1, 1, 1, 4, 4, 4, 4 ], 3 ], [ [ 1, 1, 1, 1, 1, 1, 1, 1, 4, 4, 4, 4 ], 3 ], [ [ 1, 1, 1, 1, 1, 1, 1, 1, 4, 4, 4, 4 ], 3 ], [ [ 1, 1, 1, 1, 1, 1, 1, 1, 4, 4, 4, 4 ], 3 ], [ [ 1, 1, 1, 1, 2, 2, 8, 8 ], 24 ], [ [ 1, 1, 1, 1, 2, 2, 8, 8 ], 24 ], [ [ 2, 2, 2, 2, 2, 2, 2, 2, 2, 2, 2, 2 ], 6 ], [ [ 2, 2, 2, 2, 4, 4, 4, 4 ], 6 ], [ [ 2, 2, 2, 2, 4, 4, 4, 4 ], 6 ], [ [ 2, 2, 2, 2, 8, 8 ], 24 ], [ [ 2, 2, 2, 2, 8, 8 ], 24 ], [ [ 2, 2, 2, 2, 4, 4, 4, 4 ], 24 ], [ [ 2, 2, 2, 2, 2, 2, 2, 2, 2, 2, 2, 2 ], 24 ], [ [ 2, 2, 2, 2, 4, 4, 4, 4 ], 6 ], [ [ 2, 2, 2, 2, 4, 4, 4, 4 ], 6 ], [ [ 2, 2, 2, 2, 4, 4, 4, 4 ], 6 ], [ [ 2, 2, 2, 2, 4, 4, 4, 4 ], 24 ], [ [ 2, 2, 2, 2, 4, 4, 4, 4 ], 24 ], [ [ 2, 2, 2, 2, 4, 4, 4, 4 ], 6 ], [ [ 3, 3, 3, 3, 3, 3, 3, 3 ], 128 ] ]
1054|384|[ 384, 18134 ]|[ [ [ 1, 1, 1, 1, 1, 1, 1, 1, 1, 1, 1, 1, 1, 1, 1, 1, 1, 1, 1, 1, 1, 1, 1, 1 ], 1 ], [ [ 1, 1, 1, 1, 1, 1, 1, 1, 2, 2, 2, 2, 2, 2, 2, 2 ], 3 ], [ [ 1, 1, 1, 1, 2, 2, 2, 2, 2, 2, 2, 2, 2, 2 ], 24 ], [ [ 1, 1, 1, 1, 2, 2, 4, 4, 4, 4 ], 12 ], [ [ 1, 1, 1, 1, 2, 2, 4, 4, 4, 4 ], 24 ], [ [ 1, 1, 2, 4, 8, 8 ], 48 ], [ [ 2, 2, 2, 2, 2, 2, 2, 2, 2, 2, 2, 2 ], 24 ], [ [ 2, 2, 2, 2, 4, 4, 4, 4 ], 12 ], [ [ 2, 2, 2, 2, 4, 4, 4, 4 ], 12 ], [ [ 4, 4, 8, 8 ], 48 ], [ [ 4, 4, 8, 8 ], 48 ], [ [ 3, 3, 3, 3, 3, 3, 3, 3 ], 128 ] ]
1055|384|[ 384, 18135 ]|[ [ [ 1, 1, 1, 1, 1, 1, 1, 1, 1, 1, 1, 1, 1, 1, 1, 1, 1, 1, 1, 1, 1, 1, 1, 1 ], 1 ], [ [ 1, 1, 1, 1, 1, 1, 1, 1, 2, 2, 2, 2, 2, 2, 2, 2 ], 3 ], [ [ 1, 1, 1, 1, 2, 2, 4, 4, 4, 4 ], 24 ], [ [ 1, 1, 1, 1, 2, 2, 4, 4, 4, 4 ], 12 ], [ [ 1, 1, 1, 1, 2, 2, 4, 4, 4, 4 ], 24 ], [ [ 1, 1, 2, 4, 8, 8 ], 48 ], [ [ 2, 2, 2, 2, 2, 2, 2, 2, 2, 2, 2, 2 ], 24 ], [ [ 2, 2, 2, 2, 2, 2, 2, 2, 2, 2, 2, 2 ], 12 ], [ [ 2, 2, 2, 2, 2, 2, 2, 2, 2, 2, 2, 2 ], 12 ], [ [ 4, 4, 4, 4, 4, 4 ], 48 ], [ [ 4, 4, 4, 4, 4, 4 ], 48 ], [ [ 3, 3, 3, 3, 3, 3, 3, 3 ], 128 ] ]
1056|384|[ 384, 20164 ]|[ [ [ 1, 1, 1, 1, 1, 1, 1, 1, 1, 1, 1, 1, 1, 1, 1, 1, 1, 1, 1, 1, 1, 1, 1, 1 ], 1 ], [ [ 1, 1, 1, 1, 1, 1, 1, 1, 2, 2, 2, 2, 2, 2, 2, 2 ], 3 ], [ [ 1, 1, 1, 1, 1, 1, 1, 1, 2, 2, 2, 2, 2, 2, 2, 2 ], 3 ], [ [ 1, 1, 1, 1, 1, 1, 1, 1, 2, 2, 2, 2, 2, 2, 2, 2 ], 3 ], [ [ 1, 1, 1, 1, 1, 1, 1, 1, 2, 2, 2, 2, 2, 2, 2, 2 ], 6 ], [ [ 1, 1, 1, 1, 1, 1, 1, 1, 2, 2, 2, 2, 2, 2, 2, 2 ], 6 ], [ [ 1, 1, 1, 1, 2, 2, 4, 4, 4, 4 ], 24 ], [ [ 1, 1, 1, 1, 2, 2, 4, 4, 4, 4 ], 24 ], [ [ 2, 2, 2, 2, 2, 2, 2, 2, 2, 2, 2, 2 ], 6 ], [ [ 2, 2, 2, 2, 2, 2, 2, 2, 2, 2, 2, 2 ], 6 ], [ [ 2, 2, 2, 2, 2, 2, 2, 2, 2, 2, 2, 2 ], 6 ], [ [ 2, 2, 2, 2, 2, 2, 2, 2, 2, 2, 2, 2 ], 24 ], [ [ 2, 2, 2, 2, 4, 4, 4, 4 ], 24 ], [ [ 2, 2, 2, 2, 2, 2, 2, 2, 2, 2, 2, 2 ], 6 ], [ [ 2, 2, 2, 2, 2, 2, 2, 2, 2, 2, 2, 2 ], 3 ], [ [ 2, 2, 2, 2, 2, 2, 2, 2, 2, 2, 2, 2 ], 3 ], [ [ 2, 2, 2, 2, 2, 2, 2, 2, 2, 2, 2, 2 ], 6 ], [ [ 4, 4, 4, 4, 4, 4 ], 24 ], [ [ 4, 4, 4, 4, 4, 4 ], 24 ], [ [ 2, 2, 2, 2, 2, 2, 2, 2, 2, 2, 2, 2 ], 3 ], [ [ 2, 2, 2, 2, 2, 2, 2, 2, 2, 2, 2, 2 ], 3 ], [ [ 4, 4, 4, 4, 4, 4 ], 24 ], [ [ 4, 4, 4, 4, 4, 4 ], 24 ], [ [ 3, 3, 3, 3, 3, 3, 3, 3 ], 128 ] ]
1057|384|[ 384, 18134 ]|[ [ [ 1, 1, 1, 1, 1, 1, 1, 1, 1, 1, 1, 1, 1, 1, 1, 1, 1, 1, 1, 1, 1, 1, 1, 1 ], 1 ], [ [ 1, 1, 1, 1, 1, 1, 1, 1, 2, 2, 2, 2, 2, 2, 2, 2 ], 3 ], [ [ 1, 1, 1, 1, 2, 2, 2, 2, 2, 2, 2, 2, 2, 2 ], 24 ], [ [ 1, 1, 1, 1, 2, 2, 4, 4, 4, 4 ], 12 ], [ [ 1, 1, 1, 1, 2, 2, 2, 2, 2, 2, 2, 2, 2, 2 ], 24 ], [ [ 1, 1, 2, 4, 8, 8 ], 48 ], [ [ 2, 2, 2, 2, 4, 4, 4, 4 ], 24 ], [ [ 2, 2, 2, 2, 4, 4, 4, 4 ], 12 ], [ [ 2, 2, 2, 2, 4, 4, 4, 4 ], 12 ], [ [ 4, 4, 8, 8 ], 48 ], [ [ 4, 4, 8, 8 ], 48 ], [ [ 3, 3, 3, 3, 3, 3, 3, 3 ], 128 ] ]
1058|384|[ 384, 18135 ]|[ [ [ 1, 1, 1, 1, 1, 1, 1, 1, 1, 1, 1, 1, 1, 1, 1, 1, 1, 1, 1, 1, 1, 1, 1, 1 ], 1 ], [ [ 1, 1, 1, 1, 1, 1, 1, 1, 2, 2, 2, 2, 2, 2, 2, 2 ], 3 ], [ [ 1, 1, 1, 1, 2, 2, 4, 4, 4, 4 ], 24 ], [ [ 1, 1, 1, 1, 2, 2, 4, 4, 4, 4 ], 12 ], [ [ 1, 1, 1, 1, 2, 2, 2, 2, 2, 2, 2, 2, 2, 2 ], 24 ], [ [ 1, 1, 2, 4, 8, 8 ], 48 ], [ [ 2, 2, 2, 2, 4, 4, 4, 4 ], 24 ], [ [ 2, 2, 2, 2, 2, 2, 2, 2, 2, 2, 2, 2 ], 12 ], [ [ 2, 2, 2, 2, 2, 2, 2, 2, 2, 2, 2, 2 ], 12 ], [ [ 4, 4, 4, 4, 4, 4 ], 48 ], [ [ 4, 4, 4, 4, 4, 4 ], 48 ], [ [ 3, 3, 3, 3, 3, 3, 3, 3 ], 128 ] ]
1059|384|[ 384, 20164 ]|[ [ [ 1, 1, 1, 1, 1, 1, 1, 1, 1, 1, 1, 1, 1, 1, 1, 1, 1, 1, 1, 1, 1, 1, 1, 1 ], 1 ], [ [ 1, 1, 1, 1, 1, 1, 1, 1, 2, 2, 2, 2, 2, 2, 2, 2 ], 3 ], [ [ 1, 1, 1, 1, 1, 1, 1, 1, 2, 2, 2, 2, 2, 2, 2, 2 ], 3 ], [ [ 1, 1, 1, 1, 1, 1, 1, 1, 2, 2, 2, 2, 2, 2, 2, 2 ], 3 ], [ [ 1, 1, 1, 1, 1, 1, 1, 1, 2, 2, 2, 2, 2, 2, 2, 2 ], 6 ], [ [ 1, 1, 1, 1, 1, 1, 1, 1, 2, 2, 2, 2, 2, 2, 2, 2 ], 6 ], [ [ 1, 1, 1, 1, 2, 2, 2, 2, 2, 2, 2, 2, 2, 2 ], 24 ], [ [ 1, 1, 1, 1, 2, 2, 4, 4, 4, 4 ], 24 ], [ [ 2, 2, 2, 2, 2, 2, 2, 2, 2, 2, 2, 2 ], 6 ], [ [ 2, 2, 2, 2, 2, 2, 2, 2, 2, 2, 2, 2 ], 6 ], [ [ 2, 2, 2, 2, 2, 2, 2, 2, 2, 2, 2, 2 ], 6 ], [ [ 2, 2, 2, 2, 4, 4, 4, 4 ], 24 ], [ [ 2, 2, 2, 2, 4, 4, 4, 4 ], 24 ], [ [ 2, 2, 2, 2, 2, 2, 2, 2, 2, 2, 2, 2 ], 6 ], [ [ 2, 2, 2, 2, 2, 2, 2, 2, 2, 2, 2, 2 ], 3 ], [ [ 2, 2, 2, 2, 2, 2, 2, 2, 2, 2, 2, 2 ], 3 ], [ [ 2, 2, 2, 2, 2, 2, 2, 2, 2, 2, 2, 2 ], 6 ], [ [ 4, 4, 4, 4, 4, 4 ], 24 ], [ [ 4, 4, 4, 4, 4, 4 ], 24 ], [ [ 2, 2, 2, 2, 2, 2, 2, 2, 2, 2, 2, 2 ], 3 ], [ [ 2, 2, 2, 2, 2, 2, 2, 2, 2, 2, 2, 2 ], 3 ], [ [ 4, 4, 4, 4, 4, 4 ], 24 ], [ [ 4, 4, 4, 4, 4, 4 ], 24 ], [ [ 3, 3, 3, 3, 3, 3, 3, 3 ], 128 ] ]
1060|384|[ 384, 18135 ]|[ [ [ 1, 1, 1, 1, 1, 1, 1, 1, 1, 1, 1, 1, 1, 1, 1, 1, 1, 1, 1, 1, 1, 1, 1, 1 ], 1 ], [ [ 1, 1, 1, 1, 1, 1, 1, 1, 2, 2, 2, 2, 2, 2, 2, 2 ], 3 ], [ [ 1, 1, 1, 1, 1, 1, 2, 2, 2, 2, 2, 2, 2, 2, 2 ], 24 ], [ [ 1, 1, 1, 1, 2, 2, 2, 2, 2, 2, 2, 2, 2, 2 ], 12 ], [ [ 1, 1, 1, 1, 2, 2, 2, 2, 2, 2, 2, 2, 2, 2 ], 12 ], [ [ 1, 1, 1, 1, 2, 2, 4, 4, 4, 4 ], 12 ], [ [ 1, 1, 2, 2, 2, 4, 4, 4, 4 ], 24 ], [ [ 2, 2, 4, 4, 4, 4, 4 ], 48 ], [ [ 2, 2, 2, 2, 4, 4, 4, 4 ], 24 ], [ [ 2, 2, 4, 4, 4, 4, 4 ], 48 ], [ [ 2, 2, 4, 8, 8 ], 48 ], [ [ 3, 3, 3, 3, 3, 3, 3, 3 ], 128 ] ]
1061|384|[ 384, 18134 ]|[ [ [ 1, 1, 1, 1, 1, 1, 1, 1, 1, 1, 1, 1, 1, 1, 1, 1, 1, 1, 1, 1, 1, 1, 1, 1 ], 1 ], [ [ 1, 1, 1, 1, 1, 1, 1, 1, 2, 2, 2, 2, 2, 2, 2, 2 ], 3 ], [ [ 1, 1, 1, 1, 1, 1, 2, 2, 2, 2, 2, 2, 2, 2, 2 ], 24 ], [ [ 1, 1, 1, 1, 2, 2, 4, 4, 4, 4 ], 12 ], [ [ 1, 1, 1, 1, 2, 2, 4, 4, 4, 4 ], 12 ], [ [ 1, 1, 1, 1, 2, 2, 4, 4, 4, 4 ], 12 ], [ [ 1, 1, 2, 2, 2, 4, 4, 4, 4 ], 24 ], [ [ 2, 2, 2, 2, 2, 2, 2, 2, 2, 2, 2, 2 ], 24 ], [ [ 2, 2, 4, 8, 8 ], 48 ], [ [ 2, 2, 4, 8, 8 ], 48 ], [ [ 2, 2, 4, 8, 8 ], 48 ], [ [ 3, 3, 3, 3, 3, 3, 3, 3 ], 128 ] ]
1062|384|[ 384, 18123 ]|[ [ [ 1, 1, 1, 1, 1, 1, 1, 1, 1, 1, 1, 1, 1, 1, 1, 1, 1, 1, 1, 1, 1, 1, 1, 1 ], 1 ], [ [ 1, 1, 1, 1, 1, 1, 1, 1, 2, 2, 2, 2, 2, 2, 2, 2 ], 3 ], [ [ 1, 1, 1, 1, 1, 1, 1, 1, 4, 4, 4, 4 ], 3 ], [ [ 1, 1, 1, 1, 1, 1, 1, 1, 4, 4, 4, 4 ], 3 ], [ [ 1, 1, 1, 1, 1, 1, 1, 1, 4, 4, 4, 4 ], 6 ], [ [ 1, 1, 1, 1, 1, 1, 1, 1, 2, 2, 2, 2, 2, 2, 2, 2 ], 6 ], [ [ 1, 1, 1, 1, 2, 2, 2, 2, 2, 2, 2, 2, 2, 2 ], 24 ], [ [ 1, 1, 1, 1, 2, 2, 4, 4, 4, 4 ], 24 ], [ [ 2, 2, 2, 2, 4, 4, 4, 4 ], 6 ], [ [ 2, 2, 2, 2, 4, 4, 4, 4 ], 3 ], [ [ 2, 2, 2, 2, 4, 4, 4, 4 ], 3 ], [ [ 2, 2, 2, 2, 2, 2, 2, 2, 2, 2, 2, 2 ], 3 ], [ [ 2, 2, 2, 2, 2, 2, 2, 2, 2, 2, 2, 2 ], 3 ], [ [ 2, 2, 2, 2, 8, 8 ], 24 ], [ [ 2, 2, 2, 2, 8, 8 ], 24 ], [ [ 2, 2, 2, 2, 4, 4, 4, 4 ], 6 ], [ [ 2, 2, 2, 2, 4, 4, 4, 4 ], 6 ], [ [ 2, 2, 2, 2, 4, 4, 4, 4 ], 6 ], [ [ 2, 2, 2, 2, 4, 4, 4, 4 ], 6 ], [ [ 4, 4, 8, 8 ], 24 ], [ [ 4, 4, 8, 8 ], 24 ], [ [ 4, 4, 4, 4, 4, 4 ], 24 ], [ [ 4, 4, 4, 4, 4, 4 ], 24 ], [ [ 3, 3, 3, 3, 3, 3, 3, 3 ], 128 ] ]
1063|384|[ 384, 18135 ]|[ [ [ 1, 1, 1, 1, 1, 1, 1, 1, 1, 1, 1, 1, 1, 1, 1, 1, 1, 1, 1, 1, 1, 1, 1, 1 ], 1 ], [ [ 1, 1, 1, 1, 1, 1, 1, 1, 2, 2, 2, 2, 2, 2, 2, 2 ], 3 ], [ [ 1, 1, 1, 1, 1, 1, 2, 4, 4, 4, 4 ], 24 ], [ [ 1, 1, 1, 1, 2, 2, 2, 2, 2, 2, 2, 2, 2, 2 ], 12 ], [ [ 1, 1, 1, 1, 2, 2, 2, 2, 2, 2, 2, 2, 2, 2 ], 12 ], [ [ 1, 1, 1, 1, 2, 2, 4, 4, 4, 4 ], 12 ], [ [ 1, 1, 2, 2, 2, 2, 2, 2, 2, 2, 2, 2, 2 ], 24 ], [ [ 2, 2, 4, 4, 4, 4, 4 ], 48 ], [ [ 2, 2, 2, 2, 4, 4, 4, 4 ], 24 ], [ [ 2, 2, 4, 4, 4, 4, 4 ], 48 ], [ [ 2, 2, 4, 8, 8 ], 48 ], [ [ 3, 3, 3, 3, 3, 3, 3, 3 ], 128 ] ]
1064|384|[ 384, 18134 ]|[ [ [ 1, 1, 1, 1, 1, 1, 1, 1, 1, 1, 1, 1, 1, 1, 1, 1, 1, 1, 1, 1, 1, 1, 1, 1 ], 1 ], [ [ 1, 1, 1, 1, 1, 1, 1, 1, 2, 2, 2, 2, 2, 2, 2, 2 ], 3 ], [ [ 1, 1, 1, 1, 1, 1, 2, 4, 4, 4, 4 ], 24 ], [ [ 1, 1, 1, 1, 2, 2, 4, 4, 4, 4 ], 12 ], [ [ 1, 1, 1, 1, 2, 2, 4, 4, 4, 4 ], 12 ], [ [ 1, 1, 1, 1, 2, 2, 4, 4, 4, 4 ], 12 ], [ [ 1, 1, 2, 2, 2, 2, 2, 2, 2, 2, 2, 2, 2 ], 24 ], [ [ 2, 2, 2, 2, 2, 2, 2, 2, 2, 2, 2, 2 ], 24 ], [ [ 2, 2, 4, 8, 8 ], 48 ], [ [ 2, 2, 4, 8, 8 ], 48 ], [ [ 2, 2, 4, 8, 8 ], 48 ], [ [ 3, 3, 3, 3, 3, 3, 3, 3 ], 128 ] ]
1065|384|[ 384, 20164 ]|[ [ [ 1, 1, 1, 1, 1, 1, 1, 1, 1, 1, 1, 1, 1, 1, 1, 1, 1, 1, 1, 1, 1, 1, 1, 1 ], 1 ], [ [ 1, 1, 1, 1, 1, 1, 1, 1, 2, 2, 2, 2, 2, 2, 2, 2 ], 3 ], [ [ 1, 1, 1, 1, 1, 1, 1, 1, 2, 2, 2, 2, 2, 2, 2, 2 ], 3 ], [ [ 1, 1, 1, 1, 1, 1, 1, 1, 2, 2, 2, 2, 2, 2, 2, 2 ], 3 ], [ [ 1, 1, 1, 1, 1, 1, 1, 1, 2, 2, 2, 2, 2, 2, 2, 2 ], 3 ], [ [ 1, 1, 1, 1, 1, 1, 1, 1, 2, 2, 2, 2, 2, 2, 2, 2 ], 3 ], [ [ 1, 1, 1, 1, 1, 1, 1, 1, 2, 2, 2, 2, 2, 2, 2, 2 ], 3 ], [ [ 1, 1, 1, 1, 1, 1, 1, 1, 2, 2, 2, 2, 2, 2, 2, 2 ], 3 ], [ [ 1, 1, 1, 1, 1, 1, 1, 1, 4, 4, 4, 4 ], 24 ], [ [ 2, 2, 2, 2, 2, 2, 2, 2, 2, 2, 2, 2 ], 6 ], [ [ 2, 2, 2, 2, 2, 2, 2, 2, 2, 2, 2, 2 ], 6 ], [ [ 2, 2, 2, 2, 2, 2, 2, 2, 2, 2, 2, 2 ], 6 ], [ [ 2, 2, 2, 2, 2, 2, 2, 2, 2, 2, 2, 2 ], 24 ], [ [ 2, 2, 2, 2, 2, 2, 2, 2, 2, 2, 2, 2 ], 6 ], [ [ 2, 2, 2, 2, 2, 2, 2, 2, 2, 2, 2, 2 ], 6 ], [ [ 2, 2, 2, 2, 4, 4, 4, 4 ], 24 ], [ [ 2, 2, 2, 2, 2, 2, 2, 2, 2, 2, 2, 2 ], 6 ], [ [ 2, 2, 2, 2, 2, 2, 2, 2, 2, 2, 2, 2 ], 6 ], [ [ 2, 2, 2, 2, 4, 4, 4, 4 ], 24 ], [ [ 2, 2, 2, 2, 4, 4, 4, 4 ], 24 ], [ [ 2, 2, 2, 2, 4, 4, 4, 4 ], 24 ], [ [ 2, 2, 2, 2, 4, 4, 4, 4 ], 24 ], [ [ 2, 2, 2, 2, 4, 4, 4, 4 ], 24 ], [ [ 3, 3, 3, 3, 3, 3, 3, 3 ], 128 ] ]
1066|384|[ 384, 20164 ]|[ [ [ 1, 1, 1, 1, 1, 1, 1, 1, 1, 1, 1, 1, 1, 1, 1, 1, 1, 1, 1, 1, 1, 1, 1, 1 ], 1 ], [ [ 1, 1, 1, 1, 1, 1, 1, 1, 2, 2, 2, 2, 2, 2, 2, 2 ], 3 ], [ [ 1, 1, 1, 1, 1, 1, 1, 1, 2, 2, 2, 2, 2, 2, 2, 2 ], 3 ], [ [ 1, 1, 1, 1, 1, 1, 1, 1, 2, 2, 2, 2, 2, 2, 2, 2 ], 3 ], [ [ 1, 1, 1, 1, 1, 1, 1, 1, 2, 2, 2, 2, 2, 2, 2, 2 ], 3 ], [ [ 1, 1, 1, 1, 1, 1, 1, 1, 2, 2, 2, 2, 2, 2, 2, 2 ], 3 ], [ [ 1, 1, 1, 1, 1, 1, 1, 1, 2, 2, 2, 2, 2, 2, 2, 2 ], 3 ], [ [ 1, 1, 1, 1, 1, 1, 1, 1, 2, 2, 2, 2, 2, 2, 2, 2 ], 3 ], [ [ 1, 1, 1, 1, 1, 1, 1, 1, 2, 2, 2, 2, 2, 2, 2, 2 ], 24 ], [ [ 2, 2, 2, 2, 2, 2, 2, 2, 2, 2, 2, 2 ], 6 ], [ [ 2, 2, 2, 2, 2, 2, 2, 2, 2, 2, 2, 2 ], 6 ], [ [ 2, 2, 2, 2, 2, 2, 2, 2, 2, 2, 2, 2 ], 6 ], [ [ 2, 2, 2, 2, 4, 4, 4, 4 ], 24 ], [ [ 2, 2, 2, 2, 2, 2, 2, 2, 2, 2, 2, 2 ], 6 ], [ [ 2, 2, 2, 2, 2, 2, 2, 2, 2, 2, 2, 2 ], 6 ], [ [ 2, 2, 2, 2, 4, 4, 4, 4 ], 24 ], [ [ 2, 2, 2, 2, 2, 2, 2, 2, 2, 2, 2, 2 ], 6 ], [ [ 2, 2, 2, 2, 2, 2, 2, 2, 2, 2, 2, 2 ], 6 ], [ [ 2, 2, 2, 2, 4, 4, 4, 4 ], 24 ], [ [ 2, 2, 2, 2, 4, 4, 4, 4 ], 24 ], [ [ 2, 2, 2, 2, 4, 4, 4, 4 ], 24 ], [ [ 2, 2, 2, 2, 4, 4, 4, 4 ], 24 ], [ [ 2, 2, 2, 2, 4, 4, 4, 4 ], 24 ], [ [ 3, 3, 3, 3, 3, 3, 3, 3 ], 128 ] ]
1067|384|[ 384, 18123 ]|[ [ [ 1, 1, 1, 1, 1, 1, 1, 1, 1, 1, 1, 1, 1, 1, 1, 1, 1, 1, 1, 1, 1, 1, 1, 1 ], 1 ], [ [ 1, 1, 1, 1, 1, 1, 1, 1, 2, 2, 2, 2, 2, 2, 2, 2 ], 3 ], [ [ 1, 1, 1, 1, 1, 1, 1, 1, 4, 4, 4, 4 ], 6 ], [ [ 1, 1, 1, 1, 1, 1, 1, 1, 4, 4, 4, 4 ], 3 ], [ [ 1, 1, 1, 1, 1, 1, 1, 1, 4, 4, 4, 4 ], 3 ], [ [ 1, 1, 1, 1, 1, 1, 1, 1, 2, 2, 2, 2, 2, 2, 2, 2 ], 6 ], [ [ 1, 1, 1, 1, 2, 2, 8, 8 ], 24 ], [ [ 1, 1, 1, 1, 2, 2, 8, 8 ], 24 ], [ [ 2, 2, 2, 2, 4, 4, 4, 4 ], 3 ], [ [ 2, 2, 2, 2, 4, 4, 4, 4 ], 3 ], [ [ 2, 2, 2, 2, 4, 4, 4, 4 ], 6 ], [ [ 2, 2, 2, 2, 2, 2, 2, 2, 2, 2, 2, 2 ], 3 ], [ [ 2, 2, 2, 2, 2, 2, 2, 2, 2, 2, 2, 2 ], 3 ], [ [ 2, 2, 2, 2, 4, 4, 4, 4 ], 6 ], [ [ 2, 2, 2, 2, 4, 4, 4, 4 ], 6 ], [ [ 2, 2, 2, 2, 4, 4, 4, 4 ], 6 ], [ [ 2, 2, 2, 2, 4, 4, 4, 4 ], 6 ], [ [ 4, 4, 8, 8 ], 24 ], [ [ 4, 4, 8, 8 ], 24 ], [ [ 2, 2, 2, 2, 2, 2, 2, 2, 2, 2, 2, 2 ], 24 ], [ [ 2, 2, 2, 2, 4, 4, 4, 4 ], 24 ], [ [ 4, 4, 4, 4, 4, 4 ], 24 ], [ [ 4, 4, 4, 4, 4, 4 ], 24 ], [ [ 3, 3, 3, 3, 3, 3, 3, 3 ], 128 ] ]
1068|384|[ 384, 20164 ]|[ [ [ 1, 1, 1, 1, 1, 1, 1, 1, 1, 1, 1, 1, 1, 1, 1, 1, 1, 1, 1, 1, 1, 1, 1, 1 ], 1 ], [ [ 1, 1, 1, 1, 1, 1, 1, 1, 1, 1, 1, 1, 1, 1, 1, 1, 2, 2, 2, 2 ], 6 ], [ [ 1, 1, 1, 1, 1, 1, 1, 1, 2, 2, 2, 2, 2, 2, 2, 2 ], 3 ], [ [ 1, 1, 1, 1, 1, 1, 1, 1, 2, 2, 2, 2, 2, 2, 2, 2 ], 6 ], [ [ 1, 1, 1, 1, 1, 1, 1, 1, 2, 2, 2, 2, 2, 2, 2, 2 ], 3 ], [ [ 1, 1, 1, 1, 1, 1, 1, 1, 2, 2, 2, 2, 2, 2, 2, 2 ], 3 ], [ [ 1, 1, 1, 1, 2, 2, 2, 2, 2, 2, 2, 2, 2, 2 ], 6 ], [ [ 1, 1, 1, 1, 2, 2, 2, 2, 2, 2, 2, 2, 2, 2 ], 6 ], [ [ 1, 1, 1, 1, 1, 1, 1, 1, 2, 2, 2, 2, 2, 2, 2, 2 ], 3 ], [ [ 1, 1, 1, 1, 1, 1, 1, 1, 2, 2, 2, 2, 2, 2, 2, 2 ], 3 ], [ [ 1, 1, 1, 1, 2, 2, 2, 2, 2, 2, 2, 2, 2, 2 ], 6 ], [ [ 1, 1, 1, 1, 2, 2, 2, 2, 2, 2, 2, 2, 2, 2 ], 6 ], [ [ 2, 2, 2, 2, 2, 2, 2, 2, 2, 2, 2, 2 ], 6 ], [ [ 2, 2, 2, 2, 2, 2, 2, 2, 2, 2, 2, 2 ], 3 ], [ [ 2, 2, 2, 2, 2, 2, 2, 2, 2, 2, 2, 2 ], 3 ], [ [ 2, 2, 2, 2, 4, 4, 4, 4 ], 24 ], [ [ 2, 2, 2, 2, 2, 2, 2, 2, 2, 2, 2, 2 ], 24 ], [ [ 2, 2, 2, 2, 4, 4, 4, 4 ], 24 ], [ [ 2, 2, 2, 2, 4, 4, 4, 4 ], 24 ], [ [ 2, 2, 2, 2, 4, 4, 4, 4 ], 24 ], [ [ 2, 2, 2, 2, 4, 4, 4, 4 ], 24 ], [ [ 4, 4, 4, 4, 4, 4 ], 24 ], [ [ 4, 4, 4, 4, 4, 4 ], 24 ], [ [ 3, 3, 3, 3, 3, 3, 3, 3 ], 128 ] ]
1069|384|[ 384, 20164 ]|[ [ [ 1, 1, 1, 1, 1, 1, 1, 1, 1, 1, 1, 1, 1, 1, 1, 1, 1, 1, 1, 1, 1, 1, 1, 1 ], 1 ], [ [ 1, 1, 1, 1, 1, 1, 1, 1, 2, 2, 2, 2, 2, 2, 2, 2 ], 3 ], [ [ 1, 1, 1, 1, 1, 1, 1, 1, 2, 2, 2, 2, 2, 2, 2, 2 ], 6 ], [ [ 1, 1, 1, 1, 1, 1, 1, 1, 1, 1, 1, 1, 2, 2, 2, 2, 2, 2 ], 6 ], [ [ 1, 1, 1, 1, 2, 2, 2, 2, 2, 2, 2, 2, 2, 2 ], 6 ], [ [ 1, 1, 1, 1, 1, 1, 1, 1, 2, 2, 2, 2, 2, 2, 2, 2 ], 6 ], [ [ 1, 1, 1, 1, 1, 1, 1, 1, 2, 2, 2, 2, 2, 2, 2, 2 ], 6 ], [ [ 1, 1, 1, 1, 1, 1, 1, 1, 2, 2, 2, 2, 2, 2, 2, 2 ], 3 ], [ [ 1, 1, 1, 1, 2, 2, 2, 2, 2, 2, 2, 2, 2, 2 ], 6 ], [ [ 1, 1, 1, 1, 2, 2, 2, 2, 2, 2, 2, 2, 2, 2 ], 6 ], [ [ 1, 1, 1, 1, 1, 1, 1, 1, 2, 2, 2, 2, 2, 2, 2, 2 ], 3 ], [ [ 2, 2, 2, 2, 2, 2, 2, 2, 2, 2, 2, 2 ], 3 ], [ [ 2, 2, 2, 2, 2, 2, 2, 2, 2, 2, 2, 2 ], 3 ], [ [ 2, 2, 2, 2, 2, 2, 2, 2, 2, 2, 2, 2 ], 3 ], [ [ 2, 2, 2, 2, 2, 2, 2, 2, 2, 2, 2, 2 ], 3 ], [ [ 2, 2, 2, 2, 2, 2, 2, 2, 2, 2, 2, 2 ], 24 ], [ [ 2, 2, 2, 2, 4, 4, 4, 4 ], 24 ], [ [ 4, 4, 4, 4, 4, 4 ], 24 ], [ [ 4, 4, 4, 4, 4, 4 ], 24 ], [ [ 4, 4, 4, 4, 4, 4 ], 24 ], [ [ 2, 2, 2, 2, 4, 4, 4, 4 ], 24 ], [ [ 4, 4, 4, 4, 4, 4 ], 24 ], [ [ 2, 2, 2, 2, 4, 4, 4, 4 ], 24 ], [ [ 3, 3, 3, 3, 3, 3, 3, 3 ], 128 ] ]
1070|384|[ 384, 17871 ]|[ [ [ 1, 1, 1, 1, 1, 1, 1, 1, 1, 1, 1, 1, 1, 1, 1, 1, 1, 1, 1, 1, 1, 1, 1, 1 ], 1 ], [ [ 1, 1, 1, 1, 1, 1, 1, 1, 1, 1, 1, 1, 2, 2, 2, 2, 2, 2 ], 6 ], [ [ 1, 1, 1, 1, 1, 1, 1, 1, 1, 1, 1, 1, 1, 1, 1, 1, 2, 2, 2, 2 ], 3 ], [ [ 1, 1, 1, 1, 1, 1, 1, 1, 4, 4, 4, 4 ], 6 ], [ [ 1, 1, 1, 1, 2, 2, 2, 2, 2, 2, 2, 2, 2, 2 ], 12 ], [ [ 1, 1, 1, 1, 1, 1, 1, 1, 2, 2, 2, 2, 2, 2, 2, 2 ], 6 ], [ [ 1, 1, 1, 1, 2, 2, 4, 4, 4, 4 ], 12 ], [ [ 1, 1, 1, 1, 1, 1, 1, 1, 1, 1, 1, 1, 2, 2, 2, 2, 2, 2 ], 2 ], [ [ 1, 1, 1, 1, 1, 1, 1, 1, 2, 2, 2, 2, 2, 2, 2, 2 ], 3 ], [ [ 2, 2, 2, 2, 2, 2, 2, 2, 2, 2, 2, 2 ], 1 ], [ [ 2, 2, 2, 2, 2, 2, 2, 2, 2, 2, 2, 2 ], 6 ], [ [ 2, 2, 2, 2, 2, 2, 2, 2, 2, 2, 2, 2 ], 3 ], [ [ 2, 2, 2, 2, 4, 4, 4, 4 ], 6 ], [ [ 2, 2, 2, 2, 2, 2, 2, 2, 2, 2, 2, 2 ], 12 ], [ [ 2, 2, 2, 2, 2, 2, 2, 2, 2, 2, 2, 2 ], 6 ], [ [ 2, 2, 2, 2, 4, 4, 4, 4 ], 12 ], [ [ 2, 2, 2, 2, 2, 2, 2, 2, 2, 2, 2, 2 ], 2 ], [ [ 2, 2, 2, 2, 2, 2, 2, 2, 2, 2, 2, 2 ], 3 ], [ [ 4, 4, 4, 4, 4, 4 ], 12 ], [ [ 4, 4, 4, 4, 4, 4 ], 12 ], [ [ 12, 12 ], 16 ], [ [ 12, 12 ], 16 ], [ [ 4, 4, 4, 4, 4, 4 ], 12 ], [ [ 4, 4, 4, 4, 4, 4 ], 12 ], [ [ 4, 4, 4, 4, 4, 4 ], 12 ], [ [ 4, 4, 4, 4, 4, 4 ], 12 ], [ [ 12, 12 ], 16 ], [ [ 12, 12 ], 16 ], [ [ 4, 4, 4, 4, 4, 4 ], 12 ], [ [ 4, 4, 4, 4, 4, 4 ], 12 ], [ [ 6, 6, 6, 6 ], 8 ], [ [ 6, 6, 6, 6 ], 16 ], [ [ 6, 6, 6, 6 ], 8 ], [ [ 2, 2, 2, 2, 2, 2, 2, 2, 2, 2, 2, 2 ], 6 ], [ [ 2, 2, 2, 2, 4, 4, 4, 4 ], 6 ], [ [ 6, 6, 6, 6 ], 8 ], [ [ 3, 3, 3, 3, 6, 6 ], 16 ], [ [ 3, 3, 3, 3, 3, 3, 3, 3 ], 8 ], [ [ 2, 2, 2, 2, 2, 2, 2, 2, 2, 2, 2, 2 ], 6 ], [ [ 2, 2, 2, 2, 4, 4, 4, 4 ], 6 ], [ [ 4, 4, 4, 4, 4, 4 ], 6 ], [ [ 4, 4, 4, 4, 4, 4 ], 2 ], [ [ 4, 4, 4, 4, 4, 4 ], 6 ], [ [ 4, 4, 4, 4, 4, 4 ], 2 ], [ [ 4, 4, 4, 4, 4, 4 ], 6 ], [ [ 4, 4, 4, 4, 4, 4 ], 2 ], [ [ 4, 4, 4, 4, 4, 4 ], 6 ], [ [ 4, 4, 4, 4, 4, 4 ], 2 ], [ [ 2, 2, 2, 2, 2, 2, 2, 2, 2, 2, 2, 2 ], 1 ], [ [ 2, 2, 2, 2, 2, 2, 2, 2, 2, 2, 2, 2 ], 1 ] ]
1071|384|[ 384, 17871 ]|[ [ [ 1, 1, 1, 1, 1, 1, 1, 1, 1, 1, 1, 1, 1, 1, 1, 1, 1, 1, 1, 1, 1, 1, 1, 1 ], 1 ], [ [ 1, 1, 1, 1, 1, 1, 1, 1, 1, 1, 1, 1, 1, 1, 1, 1, 2, 2, 2, 2 ], 3 ], [ [ 1, 1, 1, 1, 1, 1, 1, 1, 2, 2, 2, 2, 2, 2, 2, 2 ], 6 ], [ [ 1, 1, 1, 1, 2, 2, 2, 2, 2, 2, 2, 2, 2, 2 ], 6 ], [ [ 1, 1, 1, 1, 2, 2, 2, 2, 2, 2, 2, 2, 2, 2 ], 12 ], [ [ 1, 1, 1, 1, 2, 2, 4, 4, 4, 4 ], 12 ], [ [ 1, 1, 1, 1, 1, 1, 1, 1, 4, 4, 4, 4 ], 6 ], [ [ 1, 1, 1, 1, 1, 1, 1, 1, 2, 2, 2, 2, 2, 2, 2, 2 ], 6 ], [ [ 1, 1, 1, 1, 1, 1, 1, 1, 1, 1, 1, 1, 2, 2, 2, 2, 2, 2 ], 2 ], [ [ 1, 1, 1, 1, 1, 1, 1, 1, 2, 2, 2, 2, 2, 2, 2, 2 ], 3 ], [ [ 2, 2, 2, 2, 2, 2, 2, 2, 2, 2, 2, 2 ], 1 ], [ [ 2, 2, 2, 2, 2, 2, 2, 2, 2, 2, 2, 2 ], 3 ], [ [ 2, 2, 2, 2, 4, 4, 4, 4 ], 6 ], [ [ 2, 2, 2, 2, 2, 2, 2, 2, 2, 2, 2, 2 ], 6 ], [ [ 2, 2, 2, 2, 2, 2, 2, 2, 2, 2, 2, 2 ], 12 ], [ [ 2, 2, 2, 2, 4, 4, 4, 4 ], 12 ], [ [ 2, 2, 2, 2, 2, 2, 2, 2, 2, 2, 2, 2 ], 3 ], [ [ 2, 2, 2, 2, 2, 2, 2, 2, 2, 2, 2, 2 ], 2 ], [ [ 2, 2, 2, 2, 2, 2, 2, 2, 4, 4 ], 12 ], [ [ 2, 2, 2, 2, 2, 2, 2, 2, 4, 4 ], 12 ], [ [ 4, 4, 4, 4, 4, 4 ], 12 ], [ [ 4, 4, 4, 4, 4, 4 ], 12 ], [ [ 12, 12 ], 16 ], [ [ 12, 12 ], 16 ], [ [ 12, 12 ], 16 ], [ [ 12, 12 ], 16 ], [ [ 4, 4, 4, 4, 4, 4 ], 12 ], [ [ 4, 4, 4, 4, 4, 4 ], 12 ], [ [ 4, 4, 4, 4, 4, 4 ], 12 ], [ [ 4, 4, 4, 4, 4, 4 ], 12 ], [ [ 6, 6, 6, 6 ], 16 ], [ [ 3, 3, 3, 3, 6, 6 ], 16 ], [ [ 6, 6, 6, 6 ], 8 ], [ [ 6, 6, 6, 6 ], 8 ], [ [ 2, 2, 2, 2, 2, 2, 2, 2, 2, 2, 2, 2 ], 6 ], [ [ 2, 2, 2, 2, 4, 4, 4, 4 ], 6 ], [ [ 6, 6, 6, 6 ], 8 ], [ [ 3, 3, 3, 3, 3, 3, 3, 3 ], 8 ], [ [ 2, 2, 2, 2, 2, 2, 2, 2, 2, 2, 2, 2 ], 6 ], [ [ 2, 2, 2, 2, 4, 4, 4, 4 ], 6 ], [ [ 4, 4, 4, 4, 4, 4 ], 2 ], [ [ 4, 4, 4, 4, 4, 4 ], 6 ], [ [ 4, 4, 4, 4, 4, 4 ], 6 ], [ [ 4, 4, 4, 4, 4, 4 ], 6 ], [ [ 4, 4, 4, 4, 4, 4 ], 2 ], [ [ 4, 4, 4, 4, 4, 4 ], 6 ], [ [ 4, 4, 4, 4, 4, 4 ], 2 ], [ [ 4, 4, 4, 4, 4, 4 ], 2 ], [ [ 2, 2, 2, 2, 2, 2, 2, 2, 2, 2, 2, 2 ], 1 ], [ [ 2, 2, 2, 2, 2, 2, 2, 2, 2, 2, 2, 2 ], 1 ] ]
1072|384|[ 384, 18069 ]|[ [ [ 1, 1, 1, 1, 1, 1, 1, 1, 1, 1, 1, 1, 1, 1, 1, 1, 1, 1, 1, 1, 1, 1, 1, 1 ], 1 ], [ [ 1, 1, 1, 1, 1, 1, 1, 1, 1, 1, 1, 1, 2, 2, 2, 2, 2, 2 ], 6 ], [ [ 1, 1, 1, 1, 1, 1, 1, 1, 1, 1, 1, 1, 1, 1, 1, 1, 2, 2, 2, 2 ], 3 ], [ [ 1, 1, 1, 1, 2, 2, 4, 4, 4, 4 ], 12 ], [ [ 1, 1, 1, 1, 2, 2, 2, 2, 2, 2, 2, 2, 2, 2 ], 12 ], [ [ 1, 1, 1, 1, 2, 2, 2, 2, 2, 2, 2, 2, 2, 2 ], 12 ], [ [ 1, 1, 1, 1, 2, 2, 4, 4, 4, 4 ], 12 ], [ [ 1, 1, 1, 1, 1, 1, 1, 1, 1, 1, 1, 1, 2, 2, 2, 2, 2, 2 ], 2 ], [ [ 1, 1, 1, 1, 1, 1, 1, 1, 2, 2, 2, 2, 2, 2, 2, 2 ], 3 ], [ [ 2, 2, 2, 2, 2, 2, 2, 2, 2, 2, 2, 2 ], 1 ], [ [ 2, 2, 2, 2, 2, 2, 2, 2, 2, 2, 2, 2 ], 6 ], [ [ 2, 2, 2, 2, 2, 2, 2, 2, 2, 2, 2, 2 ], 3 ], [ [ 2, 2, 2, 2, 2, 2, 2, 2, 2, 2, 2, 2 ], 12 ], [ [ 2, 2, 2, 2, 4, 4, 4, 4 ], 12 ], [ [ 2, 2, 2, 2, 2, 2, 2, 2, 2, 2, 2, 2 ], 2 ], [ [ 2, 2, 2, 2, 2, 2, 2, 2, 2, 2, 2, 2 ], 3 ], [ [ 4, 4, 4, 4, 4, 4 ], 24 ], [ [ 4, 4, 4, 4, 4, 4 ], 24 ], [ [ 12, 12 ], 16 ], [ [ 6, 6, 6, 6 ], 16 ], [ [ 4, 4, 4, 4, 4, 4 ], 24 ], [ [ 4, 4, 4, 4, 4, 4 ], 24 ], [ [ 12, 12 ], 16 ], [ [ 6, 6, 6, 6 ], 16 ], [ [ 6, 6, 6, 6 ], 8 ], [ [ 6, 6, 6, 6 ], 16 ], [ [ 6, 6, 6, 6 ], 8 ], [ [ 2, 2, 2, 2, 2, 2, 2, 2, 2, 2, 2, 2 ], 12 ], [ [ 2, 2, 2, 2, 4, 4, 4, 4 ], 12 ], [ [ 6, 6, 6, 6 ], 8 ], [ [ 3, 3, 3, 3, 6, 6 ], 16 ], [ [ 3, 3, 3, 3, 3, 3, 3, 3 ], 8 ], [ [ 2, 2, 2, 2, 2, 2, 2, 2, 2, 2, 2, 2 ], 12 ], [ [ 4, 4, 4, 4, 4, 4 ], 4 ], [ [ 4, 4, 4, 4, 4, 4 ], 12 ], [ [ 2, 2, 2, 2, 2, 2, 2, 2, 2, 2, 2, 2 ], 4 ], [ [ 2, 2, 2, 2, 2, 2, 2, 2, 2, 2, 2, 2 ], 1 ], [ [ 2, 2, 2, 2, 2, 2, 2, 2, 2, 2, 2, 2 ], 1 ] ]
1073|384|[ 384, 18069 ]|[ [ [ 1, 1, 1, 1, 1, 1, 1, 1, 1, 1, 1, 1, 1, 1, 1, 1, 1, 1, 1, 1, 1, 1, 1, 1 ], 1 ], [ [ 1, 1, 1, 1, 1, 1, 1, 1, 1, 1, 1, 1, 1, 1, 1, 1, 2, 2, 2, 2 ], 3 ], [ [ 1, 1, 1, 1, 1, 1, 1, 1, 2, 2, 2, 2, 2, 2, 2, 2 ], 6 ], [ [ 1, 1, 1, 1, 2, 2, 2, 2, 2, 2, 2, 2, 2, 2 ], 6 ], [ [ 1, 1, 1, 1, 2, 2, 4, 4, 4, 4 ], 12 ], [ [ 1, 1, 1, 1, 2, 2, 2, 2, 2, 2, 2, 2, 2, 2 ], 12 ], [ [ 1, 1, 1, 1, 2, 2, 2, 2, 2, 2, 2, 2, 2, 2 ], 12 ], [ [ 1, 1, 1, 1, 2, 2, 4, 4, 4, 4 ], 12 ], [ [ 1, 1, 1, 1, 1, 1, 1, 1, 1, 1, 1, 1, 2, 2, 2, 2, 2, 2 ], 2 ], [ [ 1, 1, 1, 1, 1, 1, 1, 1, 2, 2, 2, 2, 2, 2, 2, 2 ], 3 ], [ [ 2, 2, 2, 2, 2, 2, 2, 2, 2, 2, 2, 2 ], 1 ], [ [ 2, 2, 2, 2, 2, 2, 2, 2, 2, 2, 2, 2 ], 3 ], [ [ 2, 2, 2, 2, 2, 2, 2, 2, 2, 2, 2, 2 ], 12 ], [ [ 2, 2, 2, 2, 4, 4, 4, 4 ], 12 ], [ [ 2, 2, 2, 2, 2, 2, 2, 2, 2, 2, 2, 2 ], 3 ], [ [ 2, 2, 2, 2, 2, 2, 2, 2, 2, 2, 2, 2 ], 2 ], [ [ 2, 2, 2, 2, 2, 2, 2, 2, 4, 4 ], 24 ], [ [ 4, 4, 4, 4, 4, 4 ], 24 ], [ [ 12, 12 ], 16 ], [ [ 12, 12 ], 16 ], [ [ 6, 6, 6, 6 ], 16 ], [ [ 6, 6, 6, 6 ], 16 ], [ [ 4, 4, 4, 4, 4, 4 ], 24 ], [ [ 4, 4, 4, 4, 4, 4 ], 24 ], [ [ 6, 6, 6, 6 ], 16 ], [ [ 3, 3, 3, 3, 6, 6 ], 16 ], [ [ 6, 6, 6, 6 ], 8 ], [ [ 6, 6, 6, 6 ], 8 ], [ [ 2, 2, 2, 2, 2, 2, 2, 2, 2, 2, 2, 2 ], 12 ], [ [ 2, 2, 2, 2, 4, 4, 4, 4 ], 12 ], [ [ 6, 6, 6, 6 ], 8 ], [ [ 3, 3, 3, 3, 3, 3, 3, 3 ], 8 ], [ [ 2, 2, 2, 2, 2, 2, 2, 2, 2, 2, 2, 2 ], 12 ], [ [ 4, 4, 4, 4, 4, 4 ], 4 ], [ [ 4, 4, 4, 4, 4, 4 ], 12 ], [ [ 2, 2, 2, 2, 2, 2, 2, 2, 2, 2, 2, 2 ], 4 ], [ [ 2, 2, 2, 2, 2, 2, 2, 2, 2, 2, 2, 2 ], 1 ], [ [ 2, 2, 2, 2, 2, 2, 2, 2, 2, 2, 2, 2 ], 1 ] ]
1074|384|[ 384, 17873 ]|[ [ [ 1, 1, 1, 1, 1, 1, 1, 1, 1, 1, 1, 1, 1, 1, 1, 1, 1, 1, 1, 1, 1, 1, 1, 1 ], 1 ], [ [ 1, 1, 1, 1, 1, 1, 1, 1, 1, 1, 1, 1, 2, 2, 2, 2, 2, 2 ], 6 ], [ [ 1, 1, 1, 1, 1, 1, 1, 1, 1, 1, 1, 1, 1, 1, 1, 1, 2, 2, 2, 2 ], 3 ], [ [ 1, 1, 1, 1, 2, 2, 4, 4, 4, 4 ], 12 ], [ [ 1, 1, 1, 1, 2, 2, 2, 2, 2, 2, 2, 2, 2, 2 ], 12 ], [ [ 1, 1, 1, 1, 2, 2, 2, 2, 2, 2, 2, 2, 2, 2 ], 12 ], [ [ 1, 1, 1, 1, 2, 2, 4, 4, 4, 4 ], 12 ], [ [ 1, 1, 1, 1, 1, 1, 1, 1, 1, 1, 1, 1, 2, 2, 2, 2, 2, 2 ], 2 ], [ [ 1, 1, 1, 1, 1, 1, 1, 1, 2, 2, 2, 2, 2, 2, 2, 2 ], 3 ], [ [ 2, 2, 2, 2, 2, 2, 2, 2, 2, 2, 2, 2 ], 1 ], [ [ 2, 2, 2, 2, 2, 2, 2, 2, 2, 2, 2, 2 ], 6 ], [ [ 2, 2, 2, 2, 2, 2, 2, 2, 2, 2, 2, 2 ], 3 ], [ [ 2, 2, 2, 2, 2, 2, 2, 2, 2, 2, 2, 2 ], 12 ], [ [ 2, 2, 2, 2, 4, 4, 4, 4 ], 12 ], [ [ 2, 2, 2, 2, 2, 2, 2, 2, 2, 2, 2, 2 ], 2 ], [ [ 2, 2, 2, 2, 2, 2, 2, 2, 2, 2, 2, 2 ], 3 ], [ [ 2, 2, 2, 2, 2, 2, 2, 2, 4, 4 ], 24 ], [ [ 2, 2, 2, 2, 2, 2, 2, 2, 2, 2, 2, 2 ], 24 ], [ [ 12, 12 ], 16 ], [ [ 12, 12 ], 16 ], [ [ 4, 4, 4, 4, 4, 4 ], 24 ], [ [ 2, 2, 2, 2, 4, 4, 4, 4 ], 24 ], [ [ 12, 12 ], 16 ], [ [ 12, 12 ], 16 ], [ [ 6, 6, 6, 6 ], 8 ], [ [ 6, 6, 6, 6 ], 16 ], [ [ 6, 6, 6, 6 ], 8 ], [ [ 2, 2, 2, 2, 2, 2, 2, 2, 2, 2, 2, 2 ], 12 ], [ [ 2, 2, 2, 2, 4, 4, 4, 4 ], 12 ], [ [ 6, 6, 6, 6 ], 8 ], [ [ 3, 3, 3, 3, 6, 6 ], 16 ], [ [ 3, 3, 3, 3, 3, 3, 3, 3 ], 8 ], [ [ 4, 4, 4, 4, 4, 4 ], 12 ], [ [ 4, 4, 4, 4, 4, 4 ], 4 ], [ [ 4, 4, 4, 4, 4, 4 ], 12 ], [ [ 4, 4, 4, 4, 4, 4 ], 4 ], [ [ 2, 2, 2, 2, 2, 2, 2, 2, 2, 2, 2, 2 ], 1 ], [ [ 2, 2, 2, 2, 2, 2, 2, 2, 2, 2, 2, 2 ], 1 ] ]
1075|384|[ 384, 17873 ]|[ [ [ 1, 1, 1, 1, 1, 1, 1, 1, 1, 1, 1, 1, 1, 1, 1, 1, 1, 1, 1, 1, 1, 1, 1, 1 ], 1 ], [ [ 1, 1, 1, 1, 1, 1, 1, 1, 1, 1, 1, 1, 1, 1, 1, 1, 2, 2, 2, 2 ], 3 ], [ [ 1, 1, 1, 1, 1, 1, 1, 1, 2, 2, 2, 2, 2, 2, 2, 2 ], 6 ], [ [ 1, 1, 1, 1, 2, 2, 2, 2, 2, 2, 2, 2, 2, 2 ], 6 ], [ [ 1, 1, 1, 1, 2, 2, 4, 4, 4, 4 ], 12 ], [ [ 1, 1, 1, 1, 2, 2, 2, 2, 2, 2, 2, 2, 2, 2 ], 12 ], [ [ 1, 1, 1, 1, 2, 2, 2, 2, 2, 2, 2, 2, 2, 2 ], 12 ], [ [ 1, 1, 1, 1, 2, 2, 4, 4, 4, 4 ], 12 ], [ [ 1, 1, 1, 1, 1, 1, 1, 1, 1, 1, 1, 1, 2, 2, 2, 2, 2, 2 ], 2 ], [ [ 1, 1, 1, 1, 1, 1, 1, 1, 2, 2, 2, 2, 2, 2, 2, 2 ], 3 ], [ [ 2, 2, 2, 2, 2, 2, 2, 2, 2, 2, 2, 2 ], 1 ], [ [ 2, 2, 2, 2, 2, 2, 2, 2, 2, 2, 2, 2 ], 3 ], [ [ 2, 2, 2, 2, 2, 2, 2, 2, 2, 2, 2, 2 ], 12 ], [ [ 2, 2, 2, 2, 4, 4, 4, 4 ], 12 ], [ [ 2, 2, 2, 2, 2, 2, 2, 2, 2, 2, 2, 2 ], 3 ], [ [ 2, 2, 2, 2, 2, 2, 2, 2, 2, 2, 2, 2 ], 2 ], [ [ 2, 2, 2, 2, 2, 2, 2, 2, 2, 2, 2, 2 ], 24 ], [ [ 4, 4, 4, 4, 4, 4 ], 24 ], [ [ 12, 12 ], 16 ], [ [ 12, 12 ], 16 ], [ [ 12, 12 ], 16 ], [ [ 12, 12 ], 16 ], [ [ 4, 4, 4, 4, 4, 4 ], 24 ], [ [ 2, 2, 2, 2, 4, 4, 4, 4 ], 24 ], [ [ 6, 6, 6, 6 ], 16 ], [ [ 3, 3, 3, 3, 6, 6 ], 16 ], [ [ 6, 6, 6, 6 ], 8 ], [ [ 6, 6, 6, 6 ], 8 ], [ [ 2, 2, 2, 2, 2, 2, 2, 2, 2, 2, 2, 2 ], 12 ], [ [ 2, 2, 2, 2, 4, 4, 4, 4 ], 12 ], [ [ 6, 6, 6, 6 ], 8 ], [ [ 3, 3, 3, 3, 3, 3, 3, 3 ], 8 ], [ [ 4, 4, 4, 4, 4, 4 ], 4 ], [ [ 4, 4, 4, 4, 4, 4 ], 12 ], [ [ 4, 4, 4, 4, 4, 4 ], 12 ], [ [ 4, 4, 4, 4, 4, 4 ], 4 ], [ [ 2, 2, 2, 2, 2, 2, 2, 2, 2, 2, 2, 2 ], 1 ], [ [ 2, 2, 2, 2, 2, 2, 2, 2, 2, 2, 2, 2 ], 1 ] ]
1076|384|[ 384, 20051 ]|[ [ [ 1, 1, 1, 1, 1, 1, 1, 1, 1, 1, 1, 1, 1, 1, 1, 1, 1, 1, 1, 1, 1, 1, 1, 1 ], 1 ], [ [ 1, 1, 1, 1, 1, 1, 1, 1, 1, 1, 1, 1, 2, 2, 2, 2, 2, 2 ], 6 ], [ [ 1, 1, 1, 1, 1, 1, 1, 1, 1, 1, 1, 1, 1, 1, 1, 1, 2, 2, 2, 2 ], 3 ], [ [ 1, 1, 1, 1, 1, 1, 1, 1, 4, 4, 4, 4 ], 6 ], [ [ 1, 1, 1, 1, 2, 2, 2, 2, 2, 2, 2, 2, 2, 2 ], 12 ], [ [ 1, 1, 1, 1, 1, 1, 1, 1, 2, 2, 2, 2, 2, 2, 2, 2 ], 6 ], [ [ 1, 1, 1, 1, 2, 2, 4, 4, 4, 4 ], 12 ], [ [ 1, 1, 1, 1, 1, 1, 1, 1, 1, 1, 1, 1, 2, 2, 2, 2, 2, 2 ], 2 ], [ [ 1, 1, 1, 1, 1, 1, 1, 1, 2, 2, 2, 2, 2, 2, 2, 2 ], 3 ], [ [ 2, 2, 2, 2, 2, 2, 2, 2, 2, 2, 2, 2 ], 1 ], [ [ 2, 2, 2, 2, 2, 2, 2, 2, 2, 2, 2, 2 ], 6 ], [ [ 2, 2, 2, 2, 2, 2, 2, 2, 2, 2, 2, 2 ], 3 ], [ [ 2, 2, 2, 2, 4, 4, 4, 4 ], 6 ], [ [ 2, 2, 2, 2, 2, 2, 2, 2, 2, 2, 2, 2 ], 12 ], [ [ 2, 2, 2, 2, 2, 2, 2, 2, 2, 2, 2, 2 ], 6 ], [ [ 2, 2, 2, 2, 4, 4, 4, 4 ], 12 ], [ [ 2, 2, 2, 2, 2, 2, 2, 2, 2, 2, 2, 2 ], 2 ], [ [ 2, 2, 2, 2, 2, 2, 2, 2, 2, 2, 2, 2 ], 3 ], [ [ 2, 2, 2, 2, 2, 2, 2, 2, 4, 4 ], 12 ], [ [ 2, 2, 2, 2, 2, 2, 2, 2, 2, 2, 2, 2 ], 12 ], [ [ 12, 12 ], 16 ], [ [ 6, 6, 6, 6 ], 16 ], [ [ 4, 4, 4, 4, 4, 4 ], 12 ], [ [ 2, 2, 2, 2, 4, 4, 4, 4 ], 12 ], [ [ 2, 2, 2, 2, 2, 2, 2, 2, 4, 4 ], 12 ], [ [ 2, 2, 2, 2, 2, 2, 2, 2, 2, 2, 2, 2 ], 12 ], [ [ 12, 12 ], 16 ], [ [ 6, 6, 6, 6 ], 16 ], [ [ 4, 4, 4, 4, 4, 4 ], 12 ], [ [ 2, 2, 2, 2, 4, 4, 4, 4 ], 12 ], [ [ 6, 6, 6, 6 ], 8 ], [ [ 6, 6, 6, 6 ], 16 ], [ [ 6, 6, 6, 6 ], 8 ], [ [ 2, 2, 2, 2, 2, 2, 2, 2, 2, 2, 2, 2 ], 6 ], [ [ 2, 2, 2, 2, 4, 4, 4, 4 ], 6 ], [ [ 6, 6, 6, 6 ], 8 ], [ [ 3, 3, 3, 3, 6, 6 ], 16 ], [ [ 3, 3, 3, 3, 3, 3, 3, 3 ], 8 ], [ [ 2, 2, 2, 2, 2, 2, 2, 2, 2, 2, 2, 2 ], 6 ], [ [ 2, 2, 2, 2, 4, 4, 4, 4 ], 6 ], [ [ 2, 2, 2, 2, 2, 2, 2, 2, 2, 2, 2, 2 ], 6 ], [ [ 4, 4, 4, 4, 4, 4 ], 2 ], [ [ 4, 4, 4, 4, 4, 4 ], 6 ], [ [ 2, 2, 2, 2, 2, 2, 2, 2, 2, 2, 2, 2 ], 2 ], [ [ 2, 2, 2, 2, 2, 2, 2, 2, 2, 2, 2, 2 ], 6 ], [ [ 4, 4, 4, 4, 4, 4 ], 2 ], [ [ 4, 4, 4, 4, 4, 4 ], 6 ], [ [ 2, 2, 2, 2, 2, 2, 2, 2, 2, 2, 2, 2 ], 2 ], [ [ 2, 2, 2, 2, 2, 2, 2, 2, 2, 2, 2, 2 ], 1 ], [ [ 2, 2, 2, 2, 2, 2, 2, 2, 2, 2, 2, 2 ], 1 ] ]
1077|384|[ 384, 20051 ]|[ [ [ 1, 1, 1, 1, 1, 1, 1, 1, 1, 1, 1, 1, 1, 1, 1, 1, 1, 1, 1, 1, 1, 1, 1, 1 ], 1 ], [ [ 1, 1, 1, 1, 1, 1, 1, 1, 1, 1, 1, 1, 1, 1, 1, 1, 2, 2, 2, 2 ], 3 ], [ [ 1, 1, 1, 1, 1, 1, 1, 1, 2, 2, 2, 2, 2, 2, 2, 2 ], 6 ], [ [ 1, 1, 1, 1, 2, 2, 2, 2, 2, 2, 2, 2, 2, 2 ], 6 ], [ [ 1, 1, 1, 1, 2, 2, 2, 2, 2, 2, 2, 2, 2, 2 ], 12 ], [ [ 1, 1, 1, 1, 2, 2, 4, 4, 4, 4 ], 12 ], [ [ 1, 1, 1, 1, 1, 1, 1, 1, 4, 4, 4, 4 ], 6 ], [ [ 1, 1, 1, 1, 1, 1, 1, 1, 2, 2, 2, 2, 2, 2, 2, 2 ], 6 ], [ [ 1, 1, 1, 1, 1, 1, 1, 1, 1, 1, 1, 1, 2, 2, 2, 2, 2, 2 ], 2 ], [ [ 1, 1, 1, 1, 1, 1, 1, 1, 2, 2, 2, 2, 2, 2, 2, 2 ], 3 ], [ [ 2, 2, 2, 2, 2, 2, 2, 2, 2, 2, 2, 2 ], 1 ], [ [ 2, 2, 2, 2, 2, 2, 2, 2, 2, 2, 2, 2 ], 3 ], [ [ 2, 2, 2, 2, 4, 4, 4, 4 ], 6 ], [ [ 2, 2, 2, 2, 2, 2, 2, 2, 2, 2, 2, 2 ], 6 ], [ [ 2, 2, 2, 2, 2, 2, 2, 2, 2, 2, 2, 2 ], 12 ], [ [ 2, 2, 2, 2, 4, 4, 4, 4 ], 12 ], [ [ 2, 2, 2, 2, 2, 2, 2, 2, 2, 2, 2, 2 ], 3 ], [ [ 2, 2, 2, 2, 2, 2, 2, 2, 2, 2, 2, 2 ], 2 ], [ [ 2, 2, 2, 2, 2, 2, 2, 2, 2, 2, 2, 2 ], 12 ], [ [ 2, 2, 2, 2, 2, 2, 2, 2, 2, 2, 2, 2 ], 12 ], [ [ 4, 4, 4, 4, 4, 4 ], 12 ], [ [ 4, 4, 4, 4, 4, 4 ], 12 ], [ [ 12, 12 ], 16 ], [ [ 12, 12 ], 16 ], [ [ 6, 6, 6, 6 ], 16 ], [ [ 6, 6, 6, 6 ], 16 ], [ [ 4, 4, 4, 4, 4, 4 ], 12 ], [ [ 4, 4, 4, 4, 4, 4 ], 12 ], [ [ 2, 2, 2, 2, 4, 4, 4, 4 ], 12 ], [ [ 2, 2, 2, 2, 4, 4, 4, 4 ], 12 ], [ [ 6, 6, 6, 6 ], 16 ], [ [ 3, 3, 3, 3, 6, 6 ], 16 ], [ [ 6, 6, 6, 6 ], 8 ], [ [ 6, 6, 6, 6 ], 8 ], [ [ 2, 2, 2, 2, 2, 2, 2, 2, 2, 2, 2, 2 ], 6 ], [ [ 2, 2, 2, 2, 4, 4, 4, 4 ], 6 ], [ [ 6, 6, 6, 6 ], 8 ], [ [ 3, 3, 3, 3, 3, 3, 3, 3 ], 8 ], [ [ 2, 2, 2, 2, 2, 2, 2, 2, 2, 2, 2, 2 ], 6 ], [ [ 2, 2, 2, 2, 4, 4, 4, 4 ], 6 ], [ [ 2, 2, 2, 2, 2, 2, 2, 2, 2, 2, 2, 2 ], 6 ], [ [ 2, 2, 2, 2, 2, 2, 2, 2, 2, 2, 2, 2 ], 6 ], [ [ 4, 4, 4, 4, 4, 4 ], 2 ], [ [ 4, 4, 4, 4, 4, 4 ], 6 ], [ [ 4, 4, 4, 4, 4, 4 ], 6 ], [ [ 2, 2, 2, 2, 2, 2, 2, 2, 2, 2, 2, 2 ], 2 ], [ [ 4, 4, 4, 4, 4, 4 ], 2 ], [ [ 2, 2, 2, 2, 2, 2, 2, 2, 2, 2, 2, 2 ], 2 ], [ [ 2, 2, 2, 2, 2, 2, 2, 2, 2, 2, 2, 2 ], 1 ], [ [ 2, 2, 2, 2, 2, 2, 2, 2, 2, 2, 2, 2 ], 1 ] ]
1078|384|[ 384, 18158 ]|[ [ [ 1, 1, 1, 1, 1, 1, 1, 1, 1, 1, 1, 1, 1, 1, 1, 1, 1, 1, 1, 1, 1, 1, 1, 1 ], 1 ], [ [ 1, 1, 1, 1, 1, 1, 1, 1, 1, 1, 1, 1, 1, 1, 1, 1, 2, 2, 2, 2 ], 6 ], [ [ 1, 1, 1, 1, 1, 1, 1, 1, 1, 1, 1, 1, 1, 1, 1, 1, 2, 2, 2, 2 ], 6 ], [ [ 1, 1, 1, 1, 1, 1, 1, 1, 1, 1, 1, 1, 1, 1, 1, 1, 2, 2, 2, 2 ], 3 ], [ [ 1, 1, 1, 1, 1, 1, 1, 1, 2, 2, 2, 2, 2, 2, 2, 2 ], 6 ], [ [ 1, 1, 1, 1, 1, 1, 1, 1, 2, 2, 2, 2, 2, 2, 2, 2 ], 6 ], [ [ 1, 1, 1, 1, 1, 1, 1, 1, 2, 2, 2, 2, 2, 2, 2, 2 ], 3 ], [ [ 2, 2, 2, 2, 2, 2, 2, 2, 2, 2, 2, 2 ], 1 ], [ [ 2, 2, 2, 2, 2, 2, 2, 2, 2, 2, 2, 2 ], 6 ], [ [ 2, 2, 2, 2, 2, 2, 2, 2, 2, 2, 2, 2 ], 6 ], [ [ 2, 2, 2, 2, 2, 2, 2, 2, 2, 2, 2, 2 ], 3 ], [ [ 2, 2, 2, 2, 2, 2, 2, 2, 2, 2, 2, 2 ], 6 ], [ [ 2, 2, 2, 2, 2, 2, 2, 2, 2, 2, 2, 2 ], 6 ], [ [ 2, 2, 2, 2, 2, 2, 2, 2, 2, 2, 2, 2 ], 3 ], [ [ 6, 6, 6, 6 ], 16 ], [ [ 6, 6, 6, 6 ], 16 ], [ [ 6, 6, 6, 6 ], 16 ], [ [ 6, 6, 6, 6 ], 16 ], [ [ 6, 6, 6, 6 ], 16 ], [ [ 6, 6, 6, 6 ], 16 ], [ [ 3, 3, 3, 3, 3, 3, 3, 3 ], 16 ], [ [ 6, 6, 6, 6 ], 16 ], [ [ 2, 2, 2, 2, 2, 2, 2, 2, 2, 2, 2, 2 ], 4 ], [ [ 2, 2, 2, 2, 4, 4, 4, 4 ], 12 ], [ [ 2, 2, 2, 2, 4, 4, 4, 4 ], 12 ], [ [ 2, 2, 2, 2, 2, 2, 2, 2, 2, 2, 2, 2 ], 4 ], [ [ 2, 2, 2, 2, 2, 2, 2, 2, 2, 2, 2, 2 ], 4 ], [ [ 2, 2, 2, 2, 4, 4, 4, 4 ], 12 ], [ [ 2, 2, 2, 2, 4, 4, 4, 4 ], 12 ], [ [ 2, 2, 2, 2, 2, 2, 2, 2, 2, 2, 2, 2 ], 4 ], [ [ 3, 3, 3, 3, 3, 3, 3, 3 ], 16 ], [ [ 6, 6, 6, 6 ], 16 ], [ [ 6, 6, 6, 6 ], 16 ], [ [ 6, 6, 6, 6 ], 16 ], [ [ 6, 6, 6, 6 ], 16 ], [ [ 6, 6, 6, 6 ], 16 ], [ [ 6, 6, 6, 6 ], 16 ], [ [ 6, 6, 6, 6 ], 16 ], [ [ 2, 2, 2, 2, 2, 2, 2, 2, 2, 2, 2, 2 ], 1 ], [ [ 2, 2, 2, 2, 2, 2, 2, 2, 2, 2, 2, 2 ], 1 ] ]
1079|384|[ 384, 5744 ]|[ [ [ 1, 1, 1, 1, 1, 1, 1, 1, 1, 1, 1, 1, 1, 1, 1, 1, 1, 1, 1, 1, 1, 1, 1, 1 ], 1 ], [ [ 1, 1, 1, 1, 1, 1, 1, 1, 1, 1, 1, 1, 1, 1, 1, 1, 2, 2, 2, 2 ], 6 ], [ [ 1, 1, 1, 1, 1, 1, 1, 1, 1, 1, 1, 1, 1, 1, 1, 1, 2, 2, 2, 2 ], 6 ], [ [ 1, 1, 1, 1, 1, 1, 1, 1, 1, 1, 1, 1, 1, 1, 1, 1, 2, 2, 2, 2 ], 3 ], [ [ 1, 1, 1, 1, 1, 1, 1, 1, 2, 2, 2, 2, 2, 2, 2, 2 ], 6 ], [ [ 1, 1, 1, 1, 1, 1, 1, 1, 2, 2, 2, 2, 2, 2, 2, 2 ], 6 ], [ [ 1, 1, 1, 1, 1, 1, 1, 1, 2, 2, 2, 2, 2, 2, 2, 2 ], 3 ], [ [ 2, 2, 2, 2, 2, 2, 2, 2, 2, 2, 2, 2 ], 1 ], [ [ 2, 2, 2, 2, 2, 2, 2, 2, 2, 2, 2, 2 ], 6 ], [ [ 2, 2, 2, 2, 2, 2, 2, 2, 2, 2, 2, 2 ], 6 ], [ [ 2, 2, 2, 2, 2, 2, 2, 2, 2, 2, 2, 2 ], 3 ], [ [ 2, 2, 2, 2, 2, 2, 2, 2, 2, 2, 2, 2 ], 6 ], [ [ 2, 2, 2, 2, 2, 2, 2, 2, 2, 2, 2, 2 ], 6 ], [ [ 2, 2, 2, 2, 2, 2, 2, 2, 2, 2, 2, 2 ], 3 ], [ [ 12, 12 ], 16 ], [ [ 12, 12 ], 16 ], [ [ 12, 12 ], 16 ], [ [ 12, 12 ], 16 ], [ [ 6, 6, 6, 6 ], 16 ], [ [ 6, 6, 6, 6 ], 16 ], [ [ 3, 3, 3, 3, 3, 3, 3, 3 ], 16 ], [ [ 6, 6, 6, 6 ], 16 ], [ [ 4, 4, 4, 4, 4, 4 ], 4 ], [ [ 4, 4, 4, 4, 4, 4 ], 12 ], [ [ 4, 4, 4, 4, 4, 4 ], 12 ], [ [ 4, 4, 4, 4, 4, 4 ], 4 ], [ [ 4, 4, 4, 4, 4, 4 ], 4 ], [ [ 4, 4, 4, 4, 4, 4 ], 12 ], [ [ 4, 4, 4, 4, 4, 4 ], 12 ], [ [ 4, 4, 4, 4, 4, 4 ], 4 ], [ [ 3, 3, 3, 3, 3, 3, 3, 3 ], 16 ], [ [ 6, 6, 6, 6 ], 16 ], [ [ 6, 6, 6, 6 ], 16 ], [ [ 6, 6, 6, 6 ], 16 ], [ [ 12, 12 ], 16 ], [ [ 12, 12 ], 16 ], [ [ 12, 12 ], 16 ], [ [ 12, 12 ], 16 ], [ [ 2, 2, 2, 2, 2, 2, 2, 2, 2, 2, 2, 2 ], 1 ], [ [ 2, 2, 2, 2, 2, 2, 2, 2, 2, 2, 2, 2 ], 1 ] ]
1080|384|[ 384, 18158 ]|[ [ [ 1, 1, 1, 1, 1, 1, 1, 1, 1, 1, 1, 1, 1, 1, 1, 1, 1, 1, 1, 1, 1, 1, 1, 1 ], 1 ], [ [ 1, 1, 1, 1, 1, 1, 1, 1, 2, 2, 2, 2, 2, 2, 2, 2 ], 6 ], [ [ 1, 1, 1, 1, 1, 1, 1, 1, 1, 1, 1, 1, 1, 1, 1, 1, 2, 2, 2, 2 ], 3 ], [ [ 1, 1, 1, 1, 1, 1, 1, 1, 2, 2, 2, 2, 2, 2, 2, 2 ], 6 ], [ [ 1, 1, 1, 1, 1, 1, 1, 1, 2, 2, 2, 2, 2, 2, 2, 2 ], 6 ], [ [ 1, 1, 1, 1, 1, 1, 1, 1, 2, 2, 2, 2, 2, 2, 2, 2 ], 6 ], [ [ 1, 1, 1, 1, 1, 1, 1, 1, 2, 2, 2, 2, 2, 2, 2, 2 ], 6 ], [ [ 1, 1, 1, 1, 1, 1, 1, 1, 2, 2, 2, 2, 2, 2, 2, 2 ], 3 ], [ [ 1, 1, 1, 1, 1, 1, 1, 1, 2, 2, 2, 2, 2, 2, 2, 2 ], 6 ], [ [ 2, 2, 2, 2, 2, 2, 2, 2, 2, 2, 2, 2 ], 1 ], [ [ 2, 2, 2, 2, 2, 2, 2, 2, 2, 2, 2, 2 ], 6 ], [ [ 2, 2, 2, 2, 2, 2, 2, 2, 2, 2, 2, 2 ], 3 ], [ [ 2, 2, 2, 2, 2, 2, 2, 2, 2, 2, 2, 2 ], 6 ], [ [ 2, 2, 2, 2, 2, 2, 2, 2, 2, 2, 2, 2 ], 3 ], [ [ 6, 6, 6, 6 ], 16 ], [ [ 6, 6, 6, 6 ], 16 ], [ [ 6, 6, 6, 6 ], 16 ], [ [ 6, 6, 6, 6 ], 16 ], [ [ 6, 6, 6, 6 ], 16 ], [ [ 6, 6, 6, 6 ], 16 ], [ [ 6, 6, 6, 6 ], 16 ], [ [ 3, 3, 3, 3, 3, 3, 3, 3 ], 16 ], [ [ 2, 2, 2, 2, 2, 2, 2, 2, 2, 2, 2, 2 ], 4 ], [ [ 2, 2, 2, 2, 4, 4, 4, 4 ], 12 ], [ [ 2, 2, 2, 2, 2, 2, 2, 2, 2, 2, 2, 2 ], 4 ], [ [ 2, 2, 2, 2, 4, 4, 4, 4 ], 12 ], [ [ 2, 2, 2, 2, 4, 4, 4, 4 ], 12 ], [ [ 2, 2, 2, 2, 4, 4, 4, 4 ], 12 ], [ [ 2, 2, 2, 2, 2, 2, 2, 2, 2, 2, 2, 2 ], 4 ], [ [ 2, 2, 2, 2, 2, 2, 2, 2, 2, 2, 2, 2 ], 4 ], [ [ 6, 6, 6, 6 ], 16 ], [ [ 6, 6, 6, 6 ], 16 ], [ [ 6, 6, 6, 6 ], 16 ], [ [ 3, 3, 3, 3, 3, 3, 3, 3 ], 16 ], [ [ 6, 6, 6, 6 ], 16 ], [ [ 6, 6, 6, 6 ], 16 ], [ [ 6, 6, 6, 6 ], 16 ], [ [ 6, 6, 6, 6 ], 16 ], [ [ 2, 2, 2, 2, 2, 2, 2, 2, 2, 2, 2, 2 ], 1 ], [ [ 2, 2, 2, 2, 2, 2, 2, 2, 2, 2, 2, 2 ], 1 ] ]
1081|384|[ 384, 5744 ]|[ [ [ 1, 1, 1, 1, 1, 1, 1, 1, 1, 1, 1, 1, 1, 1, 1, 1, 1, 1, 1, 1, 1, 1, 1, 1 ], 1 ], [ [ 1, 1, 1, 1, 1, 1, 1, 1, 2, 2, 2, 2, 2, 2, 2, 2 ], 6 ], [ [ 1, 1, 1, 1, 1, 1, 1, 1, 1, 1, 1, 1, 1, 1, 1, 1, 2, 2, 2, 2 ], 3 ], [ [ 1, 1, 1, 1, 1, 1, 1, 1, 2, 2, 2, 2, 2, 2, 2, 2 ], 6 ], [ [ 1, 1, 1, 1, 1, 1, 1, 1, 2, 2, 2, 2, 2, 2, 2, 2 ], 6 ], [ [ 1, 1, 1, 1, 1, 1, 1, 1, 2, 2, 2, 2, 2, 2, 2, 2 ], 6 ], [ [ 1, 1, 1, 1, 1, 1, 1, 1, 2, 2, 2, 2, 2, 2, 2, 2 ], 6 ], [ [ 1, 1, 1, 1, 1, 1, 1, 1, 2, 2, 2, 2, 2, 2, 2, 2 ], 3 ], [ [ 1, 1, 1, 1, 1, 1, 1, 1, 2, 2, 2, 2, 2, 2, 2, 2 ], 6 ], [ [ 2, 2, 2, 2, 2, 2, 2, 2, 2, 2, 2, 2 ], 1 ], [ [ 2, 2, 2, 2, 2, 2, 2, 2, 2, 2, 2, 2 ], 6 ], [ [ 2, 2, 2, 2, 2, 2, 2, 2, 2, 2, 2, 2 ], 3 ], [ [ 2, 2, 2, 2, 2, 2, 2, 2, 2, 2, 2, 2 ], 6 ], [ [ 2, 2, 2, 2, 2, 2, 2, 2, 2, 2, 2, 2 ], 3 ], [ [ 12, 12 ], 16 ], [ [ 12, 12 ], 16 ], [ [ 12, 12 ], 16 ], [ [ 12, 12 ], 16 ], [ [ 6, 6, 6, 6 ], 16 ], [ [ 6, 6, 6, 6 ], 16 ], [ [ 6, 6, 6, 6 ], 16 ], [ [ 3, 3, 3, 3, 3, 3, 3, 3 ], 16 ], [ [ 4, 4, 4, 4, 4, 4 ], 12 ], [ [ 4, 4, 4, 4, 4, 4 ], 12 ], [ [ 4, 4, 4, 4, 4, 4 ], 12 ], [ [ 4, 4, 4, 4, 4, 4 ], 12 ], [ [ 4, 4, 4, 4, 4, 4 ], 4 ], [ [ 4, 4, 4, 4, 4, 4 ], 4 ], [ [ 4, 4, 4, 4, 4, 4 ], 4 ], [ [ 4, 4, 4, 4, 4, 4 ], 4 ], [ [ 6, 6, 6, 6 ], 16 ], [ [ 6, 6, 6, 6 ], 16 ], [ [ 6, 6, 6, 6 ], 16 ], [ [ 3, 3, 3, 3, 3, 3, 3, 3 ], 16 ], [ [ 12, 12 ], 16 ], [ [ 12, 12 ], 16 ], [ [ 12, 12 ], 16 ], [ [ 12, 12 ], 16 ], [ [ 2, 2, 2, 2, 2, 2, 2, 2, 2, 2, 2, 2 ], 1 ], [ [ 2, 2, 2, 2, 2, 2, 2, 2, 2, 2, 2, 2 ], 1 ] ]
1082|384|[ 384, 18158 ]|[ [ [ 1, 1, 1, 1, 1, 1, 1, 1, 1, 1, 1, 1, 1, 1, 1, 1, 1, 1, 1, 1, 1, 1, 1, 1 ], 1 ], [ [ 1, 1, 1, 1, 1, 1, 1, 1, 1, 1, 1, 1, 2, 2, 2, 2, 2, 2 ], 6 ], [ [ 1, 1, 1, 1, 1, 1, 1, 1, 1, 1, 1, 1, 1, 1, 1, 1, 2, 2, 2, 2 ], 3 ], [ [ 1, 1, 1, 1, 1, 1, 1, 1, 1, 1, 1, 1, 2, 2, 2, 2, 2, 2 ], 6 ], [ [ 1, 1, 1, 1, 2, 2, 2, 2, 2, 2, 2, 2, 2, 2 ], 6 ], [ [ 1, 1, 1, 1, 2, 2, 2, 2, 2, 2, 2, 2, 2, 2 ], 6 ], [ [ 1, 1, 1, 1, 2, 2, 2, 2, 2, 2, 2, 2, 2, 2 ], 6 ], [ [ 1, 1, 1, 1, 1, 1, 1, 1, 2, 2, 2, 2, 2, 2, 2, 2 ], 3 ], [ [ 1, 1, 1, 1, 2, 2, 2, 2, 2, 2, 2, 2, 2, 2 ], 6 ], [ [ 1, 1, 1, 1, 2, 2, 2, 2, 2, 2, 2, 2, 2, 2 ], 6 ], [ [ 1, 1, 1, 1, 2, 2, 2, 2, 2, 2, 2, 2, 2, 2 ], 6 ], [ [ 2, 2, 2, 2, 2, 2, 2, 2, 2, 2, 2, 2 ], 1 ], [ [ 2, 2, 2, 2, 2, 2, 2, 2, 2, 2, 2, 2 ], 3 ], [ [ 2, 2, 2, 2, 2, 2, 2, 2, 2, 2, 2, 2 ], 3 ], [ [ 6, 6, 6, 6 ], 16 ], [ [ 6, 6, 6, 6 ], 16 ], [ [ 6, 6, 6, 6 ], 16 ], [ [ 6, 6, 6, 6 ], 16 ], [ [ 3, 3, 3, 3, 3, 3, 3, 3 ], 16 ], [ [ 6, 6, 6, 6 ], 16 ], [ [ 6, 6, 6, 6 ], 16 ], [ [ 6, 6, 6, 6 ], 16 ], [ [ 2, 2, 2, 2, 2, 2, 2, 2, 2, 2, 2, 2 ], 4 ], [ [ 2, 2, 2, 2, 4, 4, 4, 4 ], 12 ], [ [ 2, 2, 2, 2, 2, 2, 2, 2, 2, 2, 2, 2 ], 4 ], [ [ 2, 2, 2, 2, 4, 4, 4, 4 ], 12 ], [ [ 2, 2, 2, 2, 4, 4, 4, 4 ], 12 ], [ [ 2, 2, 2, 2, 4, 4, 4, 4 ], 12 ], [ [ 2, 2, 2, 2, 2, 2, 2, 2, 2, 2, 2, 2 ], 4 ], [ [ 2, 2, 2, 2, 2, 2, 2, 2, 2, 2, 2, 2 ], 4 ], [ [ 6, 6, 6, 6 ], 16 ], [ [ 6, 6, 6, 6 ], 16 ], [ [ 6, 6, 6, 6 ], 16 ], [ [ 3, 3, 3, 3, 3, 3, 3, 3 ], 16 ], [ [ 6, 6, 6, 6 ], 16 ], [ [ 6, 6, 6, 6 ], 16 ], [ [ 6, 6, 6, 6 ], 16 ], [ [ 6, 6, 6, 6 ], 16 ], [ [ 2, 2, 2, 2, 2, 2, 2, 2, 2, 2, 2, 2 ], 1 ], [ [ 2, 2, 2, 2, 2, 2, 2, 2, 2, 2, 2, 2 ], 1 ] ]
1083|384|[ 384, 5744 ]|[ [ [ 1, 1, 1, 1, 1, 1, 1, 1, 1, 1, 1, 1, 1, 1, 1, 1, 1, 1, 1, 1, 1, 1, 1, 1 ], 1 ], [ [ 1, 1, 1, 1, 1, 1, 1, 1, 1, 1, 1, 1, 2, 2, 2, 2, 2, 2 ], 6 ], [ [ 1, 1, 1, 1, 1, 1, 1, 1, 1, 1, 1, 1, 1, 1, 1, 1, 2, 2, 2, 2 ], 3 ], [ [ 1, 1, 1, 1, 1, 1, 1, 1, 1, 1, 1, 1, 2, 2, 2, 2, 2, 2 ], 6 ], [ [ 1, 1, 1, 1, 2, 2, 2, 2, 2, 2, 2, 2, 2, 2 ], 6 ], [ [ 1, 1, 1, 1, 2, 2, 2, 2, 2, 2, 2, 2, 2, 2 ], 6 ], [ [ 1, 1, 1, 1, 2, 2, 2, 2, 2, 2, 2, 2, 2, 2 ], 6 ], [ [ 1, 1, 1, 1, 1, 1, 1, 1, 2, 2, 2, 2, 2, 2, 2, 2 ], 3 ], [ [ 1, 1, 1, 1, 2, 2, 2, 2, 2, 2, 2, 2, 2, 2 ], 6 ], [ [ 1, 1, 1, 1, 2, 2, 2, 2, 2, 2, 2, 2, 2, 2 ], 6 ], [ [ 1, 1, 1, 1, 2, 2, 2, 2, 2, 2, 2, 2, 2, 2 ], 6 ], [ [ 2, 2, 2, 2, 2, 2, 2, 2, 2, 2, 2, 2 ], 1 ], [ [ 2, 2, 2, 2, 2, 2, 2, 2, 2, 2, 2, 2 ], 3 ], [ [ 2, 2, 2, 2, 2, 2, 2, 2, 2, 2, 2, 2 ], 3 ], [ [ 12, 12 ], 16 ], [ [ 12, 12 ], 16 ], [ [ 12, 12 ], 16 ], [ [ 12, 12 ], 16 ], [ [ 3, 3, 3, 3, 3, 3, 3, 3 ], 16 ], [ [ 6, 6, 6, 6 ], 16 ], [ [ 6, 6, 6, 6 ], 16 ], [ [ 6, 6, 6, 6 ], 16 ], [ [ 4, 4, 4, 4, 4, 4 ], 12 ], [ [ 4, 4, 4, 4, 4, 4 ], 12 ], [ [ 4, 4, 4, 4, 4, 4 ], 12 ], [ [ 4, 4, 4, 4, 4, 4 ], 12 ], [ [ 4, 4, 4, 4, 4, 4 ], 4 ], [ [ 4, 4, 4, 4, 4, 4 ], 4 ], [ [ 4, 4, 4, 4, 4, 4 ], 4 ], [ [ 4, 4, 4, 4, 4, 4 ], 4 ], [ [ 6, 6, 6, 6 ], 16 ], [ [ 6, 6, 6, 6 ], 16 ], [ [ 6, 6, 6, 6 ], 16 ], [ [ 3, 3, 3, 3, 3, 3, 3, 3 ], 16 ], [ [ 12, 12 ], 16 ], [ [ 12, 12 ], 16 ], [ [ 12, 12 ], 16 ], [ [ 12, 12 ], 16 ], [ [ 2, 2, 2, 2, 2, 2, 2, 2, 2, 2, 2, 2 ], 1 ], [ [ 2, 2, 2, 2, 2, 2, 2, 2, 2, 2, 2, 2 ], 1 ] ]
1084|384|[ 384, 18158 ]|[ [ [ 1, 1, 1, 1, 1, 1, 1, 1, 1, 1, 1, 1, 1, 1, 1, 1, 1, 1, 1, 1, 1, 1, 1, 1 ], 1 ], [ [ 1, 1, 1, 1, 1, 1, 1, 1, 1, 1, 1, 1, 2, 2, 2, 2, 2, 2 ], 6 ], [ [ 1, 1, 1, 1, 1, 1, 1, 1, 2, 2, 2, 2, 2, 2, 2, 2 ], 6 ], [ [ 1, 1, 1, 1, 2, 2, 2, 2, 2, 2, 2, 2, 2, 2 ], 6 ], [ [ 1, 1, 1, 1, 1, 1, 1, 1, 2, 2, 2, 2, 2, 2, 2, 2 ], 6 ], [ [ 1, 1, 1, 1, 1, 1, 1, 1, 2, 2, 2, 2, 2, 2, 2, 2 ], 3 ], [ [ 1, 1, 1, 1, 2, 2, 2, 2, 2, 2, 2, 2, 2, 2 ], 6 ], [ [ 1, 1, 1, 1, 1, 1, 1, 1, 2, 2, 2, 2, 2, 2, 2, 2 ], 6 ], [ [ 1, 1, 1, 1, 1, 1, 1, 1, 2, 2, 2, 2, 2, 2, 2, 2 ], 3 ], [ [ 1, 1, 1, 1, 1, 1, 1, 1, 2, 2, 2, 2, 2, 2, 2, 2 ], 3 ], [ [ 1, 1, 1, 1, 2, 2, 2, 2, 2, 2, 2, 2, 2, 2 ], 6 ], [ [ 2, 2, 2, 2, 2, 2, 2, 2, 2, 2, 2, 2 ], 1 ], [ [ 2, 2, 2, 2, 2, 2, 2, 2, 2, 2, 2, 2 ], 6 ], [ [ 2, 2, 2, 2, 2, 2, 2, 2, 2, 2, 2, 2 ], 3 ], [ [ 6, 6, 6, 6 ], 16 ], [ [ 6, 6, 6, 6 ], 16 ], [ [ 6, 6, 6, 6 ], 16 ], [ [ 6, 6, 6, 6 ], 16 ], [ [ 6, 6, 6, 6 ], 16 ], [ [ 6, 6, 6, 6 ], 16 ], [ [ 3, 3, 3, 3, 3, 3, 3, 3 ], 16 ], [ [ 6, 6, 6, 6 ], 16 ], [ [ 2, 2, 2, 2, 2, 2, 2, 2, 2, 2, 2, 2 ], 4 ], [ [ 4, 4, 4, 4, 4, 4 ], 12 ], [ [ 4, 4, 4, 4, 4, 4 ], 12 ], [ [ 4, 4, 4, 4, 4, 4 ], 12 ], [ [ 4, 4, 4, 4, 4, 4 ], 12 ], [ [ 2, 2, 2, 2, 2, 2, 2, 2, 2, 2, 2, 2 ], 4 ], [ [ 2, 2, 2, 2, 2, 2, 2, 2, 2, 2, 2, 2 ], 4 ], [ [ 2, 2, 2, 2, 2, 2, 2, 2, 2, 2, 2, 2 ], 4 ], [ [ 6, 6, 6, 6 ], 16 ], [ [ 3, 3, 3, 3, 3, 3, 3, 3 ], 16 ], [ [ 6, 6, 6, 6 ], 16 ], [ [ 6, 6, 6, 6 ], 16 ], [ [ 6, 6, 6, 6 ], 16 ], [ [ 6, 6, 6, 6 ], 16 ], [ [ 6, 6, 6, 6 ], 16 ], [ [ 6, 6, 6, 6 ], 16 ], [ [ 2, 2, 2, 2, 2, 2, 2, 2, 2, 2, 2, 2 ], 1 ], [ [ 2, 2, 2, 2, 2, 2, 2, 2, 2, 2, 2, 2 ], 1 ] ]
1085|384|[ 384, 5744 ]|[ [ [ 1, 1, 1, 1, 1, 1, 1, 1, 1, 1, 1, 1, 1, 1, 1, 1, 1, 1, 1, 1, 1, 1, 1, 1 ], 1 ], [ [ 1, 1, 1, 1, 1, 1, 1, 1, 1, 1, 1, 1, 2, 2, 2, 2, 2, 2 ], 6 ], [ [ 1, 1, 1, 1, 1, 1, 1, 1, 2, 2, 2, 2, 2, 2, 2, 2 ], 6 ], [ [ 1, 1, 1, 1, 2, 2, 2, 2, 2, 2, 2, 2, 2, 2 ], 6 ], [ [ 1, 1, 1, 1, 1, 1, 1, 1, 2, 2, 2, 2, 2, 2, 2, 2 ], 6 ], [ [ 1, 1, 1, 1, 1, 1, 1, 1, 2, 2, 2, 2, 2, 2, 2, 2 ], 3 ], [ [ 1, 1, 1, 1, 2, 2, 2, 2, 2, 2, 2, 2, 2, 2 ], 6 ], [ [ 1, 1, 1, 1, 1, 1, 1, 1, 2, 2, 2, 2, 2, 2, 2, 2 ], 6 ], [ [ 1, 1, 1, 1, 1, 1, 1, 1, 2, 2, 2, 2, 2, 2, 2, 2 ], 3 ], [ [ 1, 1, 1, 1, 1, 1, 1, 1, 2, 2, 2, 2, 2, 2, 2, 2 ], 3 ], [ [ 1, 1, 1, 1, 2, 2, 2, 2, 2, 2, 2, 2, 2, 2 ], 6 ], [ [ 2, 2, 2, 2, 2, 2, 2, 2, 2, 2, 2, 2 ], 1 ], [ [ 2, 2, 2, 2, 2, 2, 2, 2, 2, 2, 2, 2 ], 6 ], [ [ 2, 2, 2, 2, 2, 2, 2, 2, 2, 2, 2, 2 ], 3 ], [ [ 12, 12 ], 16 ], [ [ 12, 12 ], 16 ], [ [ 12, 12 ], 16 ], [ [ 12, 12 ], 16 ], [ [ 6, 6, 6, 6 ], 16 ], [ [ 6, 6, 6, 6 ], 16 ], [ [ 3, 3, 3, 3, 3, 3, 3, 3 ], 16 ], [ [ 6, 6, 6, 6 ], 16 ], [ [ 2, 2, 2, 2, 4, 4, 4, 4 ], 12 ], [ [ 2, 2, 2, 2, 4, 4, 4, 4 ], 12 ], [ [ 4, 4, 4, 4, 4, 4 ], 4 ], [ [ 4, 4, 4, 4, 4, 4 ], 4 ], [ [ 2, 2, 2, 2, 4, 4, 4, 4 ], 12 ], [ [ 2, 2, 2, 2, 4, 4, 4, 4 ], 12 ], [ [ 4, 4, 4, 4, 4, 4 ], 4 ], [ [ 4, 4, 4, 4, 4, 4 ], 4 ], [ [ 6, 6, 6, 6 ], 16 ], [ [ 3, 3, 3, 3, 3, 3, 3, 3 ], 16 ], [ [ 6, 6, 6, 6 ], 16 ], [ [ 6, 6, 6, 6 ], 16 ], [ [ 12, 12 ], 16 ], [ [ 12, 12 ], 16 ], [ [ 12, 12 ], 16 ], [ [ 12, 12 ], 16 ], [ [ 2, 2, 2, 2, 2, 2, 2, 2, 2, 2, 2, 2 ], 1 ], [ [ 2, 2, 2, 2, 2, 2, 2, 2, 2, 2, 2, 2 ], 1 ] ]
1086|384|[ 384, 18158 ]|[ [ [ 1, 1, 1, 1, 1, 1, 1, 1, 1, 1, 1, 1, 1, 1, 1, 1, 1, 1, 1, 1, 1, 1, 1, 1 ], 1 ], [ [ 1, 1, 1, 1, 1, 1, 1, 1, 2, 2, 2, 2, 2, 2, 2, 2 ], 6 ], [ [ 1, 1, 1, 1, 1, 1, 1, 1, 2, 2, 2, 2, 2, 2, 2, 2 ], 6 ], [ [ 1, 1, 1, 1, 1, 1, 1, 1, 2, 2, 2, 2, 2, 2, 2, 2 ], 6 ], [ [ 1, 1, 1, 1, 1, 1, 1, 1, 1, 1, 1, 1, 2, 2, 2, 2, 2, 2 ], 6 ], [ [ 1, 1, 1, 1, 1, 1, 1, 1, 2, 2, 2, 2, 2, 2, 2, 2 ], 3 ], [ [ 1, 1, 1, 1, 2, 2, 2, 2, 2, 2, 2, 2, 2, 2 ], 6 ], [ [ 1, 1, 1, 1, 2, 2, 2, 2, 2, 2, 2, 2, 2, 2 ], 6 ], [ [ 1, 1, 1, 1, 1, 1, 1, 1, 2, 2, 2, 2, 2, 2, 2, 2 ], 3 ], [ [ 1, 1, 1, 1, 1, 1, 1, 1, 2, 2, 2, 2, 2, 2, 2, 2 ], 3 ], [ [ 1, 1, 1, 1, 2, 2, 2, 2, 2, 2, 2, 2, 2, 2 ], 6 ], [ [ 2, 2, 2, 2, 2, 2, 2, 2, 2, 2, 2, 2 ], 1 ], [ [ 2, 2, 2, 2, 2, 2, 2, 2, 2, 2, 2, 2 ], 6 ], [ [ 2, 2, 2, 2, 2, 2, 2, 2, 2, 2, 2, 2 ], 3 ], [ [ 6, 6, 6, 6 ], 16 ], [ [ 6, 6, 6, 6 ], 16 ], [ [ 6, 6, 6, 6 ], 16 ], [ [ 6, 6, 6, 6 ], 16 ], [ [ 3, 3, 3, 3, 3, 3, 3, 3 ], 16 ], [ [ 6, 6, 6, 6 ], 16 ], [ [ 6, 6, 6, 6 ], 16 ], [ [ 6, 6, 6, 6 ], 16 ], [ [ 4, 4, 4, 4, 4, 4 ], 12 ], [ [ 2, 2, 2, 2, 2, 2, 2, 2, 2, 2, 2, 2 ], 4 ], [ [ 4, 4, 4, 4, 4, 4 ], 12 ], [ [ 4, 4, 4, 4, 4, 4 ], 12 ], [ [ 4, 4, 4, 4, 4, 4 ], 12 ], [ [ 2, 2, 2, 2, 2, 2, 2, 2, 2, 2, 2, 2 ], 4 ], [ [ 2, 2, 2, 2, 2, 2, 2, 2, 2, 2, 2, 2 ], 4 ], [ [ 2, 2, 2, 2, 2, 2, 2, 2, 2, 2, 2, 2 ], 4 ], [ [ 3, 3, 3, 3, 3, 3, 3, 3 ], 16 ], [ [ 6, 6, 6, 6 ], 16 ], [ [ 6, 6, 6, 6 ], 16 ], [ [ 6, 6, 6, 6 ], 16 ], [ [ 6, 6, 6, 6 ], 16 ], [ [ 6, 6, 6, 6 ], 16 ], [ [ 6, 6, 6, 6 ], 16 ], [ [ 6, 6, 6, 6 ], 16 ], [ [ 2, 2, 2, 2, 2, 2, 2, 2, 2, 2, 2, 2 ], 1 ], [ [ 2, 2, 2, 2, 2, 2, 2, 2, 2, 2, 2, 2 ], 1 ] ]
1087|384|[ 384, 5744 ]|[ [ [ 1, 1, 1, 1, 1, 1, 1, 1, 1, 1, 1, 1, 1, 1, 1, 1, 1, 1, 1, 1, 1, 1, 1, 1 ], 1 ], [ [ 1, 1, 1, 1, 1, 1, 1, 1, 2, 2, 2, 2, 2, 2, 2, 2 ], 6 ], [ [ 1, 1, 1, 1, 1, 1, 1, 1, 2, 2, 2, 2, 2, 2, 2, 2 ], 6 ], [ [ 1, 1, 1, 1, 1, 1, 1, 1, 2, 2, 2, 2, 2, 2, 2, 2 ], 6 ], [ [ 1, 1, 1, 1, 1, 1, 1, 1, 1, 1, 1, 1, 2, 2, 2, 2, 2, 2 ], 6 ], [ [ 1, 1, 1, 1, 1, 1, 1, 1, 2, 2, 2, 2, 2, 2, 2, 2 ], 3 ], [ [ 1, 1, 1, 1, 2, 2, 2, 2, 2, 2, 2, 2, 2, 2 ], 6 ], [ [ 1, 1, 1, 1, 2, 2, 2, 2, 2, 2, 2, 2, 2, 2 ], 6 ], [ [ 1, 1, 1, 1, 1, 1, 1, 1, 2, 2, 2, 2, 2, 2, 2, 2 ], 3 ], [ [ 1, 1, 1, 1, 1, 1, 1, 1, 2, 2, 2, 2, 2, 2, 2, 2 ], 3 ], [ [ 1, 1, 1, 1, 2, 2, 2, 2, 2, 2, 2, 2, 2, 2 ], 6 ], [ [ 2, 2, 2, 2, 2, 2, 2, 2, 2, 2, 2, 2 ], 1 ], [ [ 2, 2, 2, 2, 2, 2, 2, 2, 2, 2, 2, 2 ], 6 ], [ [ 2, 2, 2, 2, 2, 2, 2, 2, 2, 2, 2, 2 ], 3 ], [ [ 12, 12 ], 16 ], [ [ 12, 12 ], 16 ], [ [ 12, 12 ], 16 ], [ [ 12, 12 ], 16 ], [ [ 3, 3, 3, 3, 3, 3, 3, 3 ], 16 ], [ [ 6, 6, 6, 6 ], 16 ], [ [ 6, 6, 6, 6 ], 16 ], [ [ 6, 6, 6, 6 ], 16 ], [ [ 2, 2, 2, 2, 4, 4, 4, 4 ], 12 ], [ [ 2, 2, 2, 2, 4, 4, 4, 4 ], 12 ], [ [ 2, 2, 2, 2, 4, 4, 4, 4 ], 12 ], [ [ 4, 4, 4, 4, 4, 4 ], 4 ], [ [ 4, 4, 4, 4, 4, 4 ], 4 ], [ [ 2, 2, 2, 2, 4, 4, 4, 4 ], 12 ], [ [ 4, 4, 4, 4, 4, 4 ], 4 ], [ [ 4, 4, 4, 4, 4, 4 ], 4 ], [ [ 3, 3, 3, 3, 3, 3, 3, 3 ], 16 ], [ [ 6, 6, 6, 6 ], 16 ], [ [ 6, 6, 6, 6 ], 16 ], [ [ 6, 6, 6, 6 ], 16 ], [ [ 12, 12 ], 16 ], [ [ 12, 12 ], 16 ], [ [ 12, 12 ], 16 ], [ [ 12, 12 ], 16 ], [ [ 2, 2, 2, 2, 2, 2, 2, 2, 2, 2, 2, 2 ], 1 ], [ [ 2, 2, 2, 2, 2, 2, 2, 2, 2, 2, 2, 2 ], 1 ] ]
1088|384|[ 384, 5744 ]|[ [ [ 1, 1, 1, 1, 1, 1, 1, 1, 1, 1, 1, 1, 1, 1, 1, 1, 1, 1, 1, 1, 1, 1, 1, 1 ], 1 ], [ [ 1, 1, 1, 1, 1, 1, 1, 1, 1, 1, 1, 1, 2, 2, 2, 2, 2, 2 ], 6 ], [ [ 1, 1, 1, 1, 1, 1, 1, 1, 2, 2, 2, 2, 2, 2, 2, 2 ], 6 ], [ [ 1, 1, 1, 1, 1, 1, 1, 1, 2, 2, 2, 2, 2, 2, 2, 2 ], 6 ], [ [ 1, 1, 1, 1, 1, 1, 1, 1, 2, 2, 2, 2, 2, 2, 2, 2 ], 6 ], [ [ 1, 1, 1, 1, 1, 1, 1, 1, 2, 2, 2, 2, 2, 2, 2, 2 ], 3 ], [ [ 1, 1, 1, 1, 2, 2, 2, 2, 2, 2, 2, 2, 2, 2 ], 6 ], [ [ 1, 1, 1, 1, 1, 1, 1, 1, 2, 2, 2, 2, 2, 2, 2, 2 ], 3 ], [ [ 1, 1, 1, 1, 1, 1, 1, 1, 2, 2, 2, 2, 2, 2, 2, 2 ], 3 ], [ [ 1, 1, 1, 1, 2, 2, 2, 2, 2, 2, 2, 2, 2, 2 ], 6 ], [ [ 1, 1, 1, 1, 2, 2, 2, 2, 2, 2, 2, 2, 2, 2 ], 6 ], [ [ 2, 2, 2, 2, 2, 2, 2, 2, 2, 2, 2, 2 ], 1 ], [ [ 2, 2, 2, 2, 2, 2, 2, 2, 2, 2, 2, 2 ], 6 ], [ [ 2, 2, 2, 2, 2, 2, 2, 2, 2, 2, 2, 2 ], 3 ], [ [ 12, 12 ], 16 ], [ [ 12, 12 ], 16 ], [ [ 12, 12 ], 16 ], [ [ 12, 12 ], 16 ], [ [ 6, 6, 6, 6 ], 16 ], [ [ 3, 3, 3, 3, 3, 3, 3, 3 ], 16 ], [ [ 6, 6, 6, 6 ], 16 ], [ [ 6, 6, 6, 6 ], 16 ], [ [ 2, 2, 2, 2, 4, 4, 4, 4 ], 12 ], [ [ 2, 2, 2, 2, 4, 4, 4, 4 ], 12 ], [ [ 4, 4, 4, 4, 4, 4 ], 4 ], [ [ 4, 4, 4, 4, 4, 4 ], 4 ], [ [ 2, 2, 2, 2, 4, 4, 4, 4 ], 12 ], [ [ 2, 2, 2, 2, 4, 4, 4, 4 ], 12 ], [ [ 4, 4, 4, 4, 4, 4 ], 4 ], [ [ 4, 4, 4, 4, 4, 4 ], 4 ], [ [ 6, 6, 6, 6 ], 16 ], [ [ 3, 3, 3, 3, 3, 3, 3, 3 ], 16 ], [ [ 6, 6, 6, 6 ], 16 ], [ [ 6, 6, 6, 6 ], 16 ], [ [ 12, 12 ], 16 ], [ [ 12, 12 ], 16 ], [ [ 12, 12 ], 16 ], [ [ 12, 12 ], 16 ], [ [ 2, 2, 2, 2, 2, 2, 2, 2, 2, 2, 2, 2 ], 1 ], [ [ 2, 2, 2, 2, 2, 2, 2, 2, 2, 2, 2, 2 ], 1 ] ]
1089|384|[ 384, 18158 ]|[ [ [ 1, 1, 1, 1, 1, 1, 1, 1, 1, 1, 1, 1, 1, 1, 1, 1, 1, 1, 1, 1, 1, 1, 1, 1 ], 1 ], [ [ 1, 1, 1, 1, 1, 1, 1, 1, 1, 1, 1, 1, 2, 2, 2, 2, 2, 2 ], 4 ], [ [ 1, 1, 1, 1, 1, 1, 1, 1, 1, 1, 1, 1, 1, 1, 1, 1, 2, 2, 2, 2 ], 3 ], [ [ 1, 1, 1, 1, 1, 1, 1, 1, 1, 1, 1, 1, 2, 2, 2, 2, 2, 2 ], 4 ], [ [ 1, 1, 1, 1, 1, 1, 1, 1, 2, 2, 2, 2, 2, 2, 2, 2 ], 3 ], [ [ 1, 1, 1, 1, 1, 1, 1, 1, 2, 2, 2, 2, 2, 2, 2, 2 ], 6 ], [ [ 1, 1, 1, 1, 2, 2, 4, 4, 4, 4 ], 12 ], [ [ 1, 1, 1, 1, 1, 1, 1, 1, 2, 2, 2, 2, 2, 2, 2, 2 ], 6 ], [ [ 1, 1, 1, 1, 2, 2, 4, 4, 4, 4 ], 12 ], [ [ 2, 2, 2, 2, 2, 2, 2, 2, 2, 2, 2, 2 ], 1 ], [ [ 2, 2, 2, 2, 2, 2, 2, 2, 2, 2, 2, 2 ], 4 ], [ [ 2, 2, 2, 2, 2, 2, 2, 2, 2, 2, 2, 2 ], 3 ], [ [ 2, 2, 2, 2, 2, 2, 2, 2, 2, 2, 2, 2 ], 4 ], [ [ 2, 2, 2, 2, 2, 2, 2, 2, 2, 2, 2, 2 ], 3 ], [ [ 2, 2, 2, 2, 2, 2, 2, 2, 2, 2, 2, 2 ], 6 ], [ [ 2, 2, 2, 2, 4, 4, 4, 4 ], 12 ], [ [ 2, 2, 2, 2, 2, 2, 2, 2, 2, 2, 2, 2 ], 6 ], [ [ 2, 2, 2, 2, 4, 4, 4, 4 ], 12 ], [ [ 6, 6, 6, 6 ], 16 ], [ [ 6, 6, 6, 6 ], 16 ], [ [ 6, 6, 6, 6 ], 16 ], [ [ 6, 6, 6, 6 ], 16 ], [ [ 3, 3, 3, 3, 6, 6 ], 16 ], [ [ 3, 3, 3, 3, 3, 3, 3, 3 ], 16 ], [ [ 3, 3, 3, 3, 6, 6 ], 16 ], [ [ 6, 6, 6, 6 ], 16 ], [ [ 3, 3, 3, 3, 6, 6 ], 16 ], [ [ 3, 3, 3, 3, 3, 3, 3, 3 ], 16 ], [ [ 3, 3, 3, 3, 6, 6 ], 16 ], [ [ 6, 6, 6, 6 ], 16 ], [ [ 6, 6, 6, 6 ], 16 ], [ [ 6, 6, 6, 6 ], 16 ], [ [ 6, 6, 6, 6 ], 16 ], [ [ 6, 6, 6, 6 ], 16 ], [ [ 2, 2, 2, 2, 2, 2, 2, 2, 2, 2, 2, 2 ], 6 ], [ [ 2, 2, 2, 2, 2, 2, 2, 2, 2, 2, 2, 2 ], 6 ], [ [ 2, 2, 2, 2, 2, 2, 2, 2, 2, 2, 2, 2 ], 6 ], [ [ 2, 2, 2, 2, 2, 2, 2, 2, 2, 2, 2, 2 ], 6 ], [ [ 2, 2, 2, 2, 2, 2, 2, 2, 2, 2, 2, 2 ], 1 ], [ [ 2, 2, 2, 2, 2, 2, 2, 2, 2, 2, 2, 2 ], 1 ] ]
1090|384|[ 384, 18158 ]|[ [ [ 1, 1, 1, 1, 1, 1, 1, 1, 1, 1, 1, 1, 1, 1, 1, 1, 1, 1, 1, 1, 1, 1, 1, 1 ], 1 ], [ [ 1, 1, 1, 1, 1, 1, 1, 1, 1, 1, 1, 1, 2, 2, 2, 2, 2, 2 ], 4 ], [ [ 1, 1, 1, 1, 1, 1, 1, 1, 1, 1, 1, 1, 1, 1, 1, 1, 2, 2, 2, 2 ], 3 ], [ [ 1, 1, 1, 1, 1, 1, 1, 1, 1, 1, 1, 1, 2, 2, 2, 2, 2, 2 ], 4 ], [ [ 1, 1, 1, 1, 1, 1, 1, 1, 2, 2, 2, 2, 2, 2, 2, 2 ], 3 ], [ [ 1, 1, 1, 1, 1, 1, 1, 1, 2, 2, 2, 2, 2, 2, 2, 2 ], 6 ], [ [ 1, 1, 1, 1, 2, 2, 4, 4, 4, 4 ], 12 ], [ [ 1, 1, 1, 1, 1, 1, 1, 1, 2, 2, 2, 2, 2, 2, 2, 2 ], 6 ], [ [ 1, 1, 1, 1, 2, 2, 4, 4, 4, 4 ], 12 ], [ [ 2, 2, 2, 2, 2, 2, 2, 2, 2, 2, 2, 2 ], 1 ], [ [ 2, 2, 2, 2, 2, 2, 2, 2, 2, 2, 2, 2 ], 4 ], [ [ 2, 2, 2, 2, 2, 2, 2, 2, 2, 2, 2, 2 ], 3 ], [ [ 2, 2, 2, 2, 2, 2, 2, 2, 2, 2, 2, 2 ], 4 ], [ [ 2, 2, 2, 2, 2, 2, 2, 2, 2, 2, 2, 2 ], 3 ], [ [ 2, 2, 2, 2, 2, 2, 2, 2, 2, 2, 2, 2 ], 6 ], [ [ 2, 2, 2, 2, 4, 4, 4, 4 ], 12 ], [ [ 2, 2, 2, 2, 2, 2, 2, 2, 2, 2, 2, 2 ], 6 ], [ [ 2, 2, 2, 2, 4, 4, 4, 4 ], 12 ], [ [ 6, 6, 6, 6 ], 16 ], [ [ 6, 6, 6, 6 ], 16 ], [ [ 6, 6, 6, 6 ], 16 ], [ [ 6, 6, 6, 6 ], 16 ], [ [ 3, 3, 3, 3, 6, 6 ], 16 ], [ [ 6, 6, 6, 6 ], 16 ], [ [ 3, 3, 3, 3, 6, 6 ], 16 ], [ [ 3, 3, 3, 3, 3, 3, 3, 3 ], 16 ], [ [ 6, 6, 6, 6 ], 16 ], [ [ 6, 6, 6, 6 ], 16 ], [ [ 6, 6, 6, 6 ], 16 ], [ [ 6, 6, 6, 6 ], 16 ], [ [ 3, 3, 3, 3, 6, 6 ], 16 ], [ [ 6, 6, 6, 6 ], 16 ], [ [ 3, 3, 3, 3, 6, 6 ], 16 ], [ [ 3, 3, 3, 3, 3, 3, 3, 3 ], 16 ], [ [ 2, 2, 2, 2, 2, 2, 2, 2, 2, 2, 2, 2 ], 6 ], [ [ 2, 2, 2, 2, 2, 2, 2, 2, 2, 2, 2, 2 ], 6 ], [ [ 2, 2, 2, 2, 2, 2, 2, 2, 2, 2, 2, 2 ], 6 ], [ [ 2, 2, 2, 2, 2, 2, 2, 2, 2, 2, 2, 2 ], 6 ], [ [ 2, 2, 2, 2, 2, 2, 2, 2, 2, 2, 2, 2 ], 1 ], [ [ 2, 2, 2, 2, 2, 2, 2, 2, 2, 2, 2, 2 ], 1 ] ]
1091|384|[ 384, 18167 ]|[ [ [ 1, 1, 1, 1, 1, 1, 1, 1, 1, 1, 1, 1, 1, 1, 1, 1, 1, 1, 1, 1, 1, 1, 1, 1 ], 1 ], [ [ 1, 1, 1, 1, 1, 1, 1, 1, 1, 1, 1, 1, 1, 1, 1, 1, 2, 2, 2, 2 ], 3 ], [ [ 1, 1, 1, 1, 1, 1, 1, 1, 2, 2, 2, 2, 2, 2, 2, 2 ], 3 ], [ [ 1, 1, 1, 1, 1, 1, 1, 1, 4, 4, 4, 4 ], 6 ], [ [ 1, 1, 1, 1, 1, 1, 1, 1, 4, 4, 4, 4 ], 6 ], [ [ 1, 1, 1, 1, 2, 2, 2, 2, 2, 2, 2, 2, 2, 2 ], 12 ], [ [ 1, 1, 1, 1, 2, 2, 2, 2, 2, 2, 2, 2, 2, 2 ], 12 ], [ [ 1, 1, 1, 1, 2, 2, 2, 2, 2, 2, 2, 2, 2, 2 ], 12 ], [ [ 1, 1, 1, 1, 2, 2, 2, 2, 2, 2, 2, 2, 2, 2 ], 12 ], [ [ 2, 2, 2, 2, 2, 2, 2, 2, 2, 2, 2, 2 ], 1 ], [ [ 2, 2, 2, 2, 2, 2, 2, 2, 2, 2, 2, 2 ], 3 ], [ [ 2, 2, 2, 2, 2, 2, 2, 2, 2, 2, 2, 2 ], 3 ], [ [ 2, 2, 2, 2, 4, 4, 4, 4 ], 6 ], [ [ 2, 2, 2, 2, 4, 4, 4, 4 ], 6 ], [ [ 2, 2, 2, 2, 2, 2, 2, 2, 2, 2, 2, 2 ], 4 ], [ [ 2, 2, 2, 2, 2, 2, 2, 2, 2, 2, 2, 2 ], 4 ], [ [ 2, 2, 2, 2, 4, 4, 4, 4 ], 6 ], [ [ 2, 2, 2, 2, 4, 4, 4, 4 ], 6 ], [ [ 2, 2, 2, 2, 4, 4, 4, 4 ], 6 ], [ [ 2, 2, 2, 2, 4, 4, 4, 4 ], 6 ], [ [ 2, 2, 2, 2, 2, 2, 2, 2, 2, 2, 2, 2 ], 4 ], [ [ 2, 2, 2, 2, 2, 2, 2, 2, 2, 2, 2, 2 ], 4 ], [ [ 6, 6, 6, 6 ], 16 ], [ [ 6, 6, 6, 6 ], 16 ], [ [ 6, 6, 6, 6 ], 16 ], [ [ 6, 6, 6, 6 ], 16 ], [ [ 6, 6, 6, 6 ], 16 ], [ [ 6, 6, 6, 6 ], 16 ], [ [ 3, 3, 3, 3, 3, 3, 3, 3 ], 16 ], [ [ 6, 6, 6, 6 ], 16 ], [ [ 6, 6, 6, 6 ], 16 ], [ [ 6, 6, 6, 6 ], 16 ], [ [ 6, 6, 6, 6 ], 16 ], [ [ 6, 6, 6, 6 ], 16 ], [ [ 6, 6, 6, 6 ], 16 ], [ [ 6, 6, 6, 6 ], 16 ], [ [ 3, 3, 3, 3, 3, 3, 3, 3 ], 16 ], [ [ 6, 6, 6, 6 ], 16 ], [ [ 2, 2, 2, 2, 2, 2, 2, 2, 2, 2, 2, 2 ], 1 ], [ [ 2, 2, 2, 2, 2, 2, 2, 2, 2, 2, 2, 2 ], 1 ] ]
1092|384|[ 384, 18167 ]|[ [ [ 1, 1, 1, 1, 1, 1, 1, 1, 1, 1, 1, 1, 1, 1, 1, 1, 1, 1, 1, 1, 1, 1, 1, 1 ], 1 ], [ [ 1, 1, 1, 1, 1, 1, 1, 1, 1, 1, 1, 1, 1, 1, 1, 1, 2, 2, 2, 2 ], 3 ], [ [ 1, 1, 1, 1, 1, 1, 1, 1, 2, 2, 2, 2, 2, 2, 2, 2 ], 3 ], [ [ 1, 1, 1, 1, 1, 1, 1, 1, 4, 4, 4, 4 ], 6 ], [ [ 1, 1, 1, 1, 1, 1, 1, 1, 4, 4, 4, 4 ], 6 ], [ [ 1, 1, 1, 1, 1, 1, 1, 1, 2, 2, 2, 2, 2, 2, 2, 2 ], 12 ], [ [ 1, 1, 1, 1, 1, 1, 1, 1, 2, 2, 2, 2, 2, 2, 2, 2 ], 12 ], [ [ 2, 2, 2, 2, 2, 2, 2, 2, 2, 2, 2, 2 ], 1 ], [ [ 2, 2, 2, 2, 2, 2, 2, 2, 2, 2, 2, 2 ], 3 ], [ [ 2, 2, 2, 2, 2, 2, 2, 2, 2, 2, 2, 2 ], 3 ], [ [ 2, 2, 2, 2, 4, 4, 4, 4 ], 6 ], [ [ 2, 2, 2, 2, 4, 4, 4, 4 ], 6 ], [ [ 2, 2, 2, 2, 2, 2, 2, 2, 2, 2, 2, 2 ], 12 ], [ [ 2, 2, 2, 2, 2, 2, 2, 2, 2, 2, 2, 2 ], 12 ], [ [ 2, 2, 2, 2, 2, 2, 2, 2, 2, 2, 2, 2 ], 4 ], [ [ 2, 2, 2, 2, 2, 2, 2, 2, 2, 2, 2, 2 ], 4 ], [ [ 2, 2, 2, 2, 4, 4, 4, 4 ], 6 ], [ [ 2, 2, 2, 2, 4, 4, 4, 4 ], 6 ], [ [ 2, 2, 2, 2, 2, 2, 2, 2, 2, 2, 2, 2 ], 4 ], [ [ 2, 2, 2, 2, 2, 2, 2, 2, 2, 2, 2, 2 ], 4 ], [ [ 2, 2, 2, 2, 4, 4, 4, 4 ], 6 ], [ [ 2, 2, 2, 2, 4, 4, 4, 4 ], 6 ], [ [ 6, 6, 6, 6 ], 16 ], [ [ 6, 6, 6, 6 ], 16 ], [ [ 6, 6, 6, 6 ], 16 ], [ [ 6, 6, 6, 6 ], 16 ], [ [ 6, 6, 6, 6 ], 16 ], [ [ 6, 6, 6, 6 ], 16 ], [ [ 3, 3, 3, 3, 3, 3, 3, 3 ], 16 ], [ [ 6, 6, 6, 6 ], 16 ], [ [ 6, 6, 6, 6 ], 16 ], [ [ 6, 6, 6, 6 ], 16 ], [ [ 6, 6, 6, 6 ], 16 ], [ [ 6, 6, 6, 6 ], 16 ], [ [ 6, 6, 6, 6 ], 16 ], [ [ 6, 6, 6, 6 ], 16 ], [ [ 3, 3, 3, 3, 3, 3, 3, 3 ], 16 ], [ [ 6, 6, 6, 6 ], 16 ], [ [ 2, 2, 2, 2, 2, 2, 2, 2, 2, 2, 2, 2 ], 1 ], [ [ 2, 2, 2, 2, 2, 2, 2, 2, 2, 2, 2, 2 ], 1 ] ]
1093|384|[ 384, 5757 ]|[ [ [ 1, 1, 1, 1, 1, 1, 1, 1, 1, 1, 1, 1, 1, 1, 1, 1, 1, 1, 1, 1, 1, 1, 1, 1 ], 1 ], [ [ 1, 1, 1, 1, 1, 1, 1, 1, 2, 2, 2, 2, 2, 2, 2, 2 ], 3 ], [ [ 1, 1, 1, 1, 1, 1, 1, 1, 2, 2, 2, 2, 2, 2, 2, 2 ], 3 ], [ [ 1, 1, 1, 1, 1, 1, 1, 1, 2, 2, 2, 2, 2, 2, 2, 2 ], 3 ], [ [ 1, 1, 1, 1, 2, 2, 4, 4, 4, 4 ], 12 ], [ [ 1, 1, 1, 1, 2, 2, 4, 4, 4, 4 ], 12 ], [ [ 1, 1, 1, 1, 2, 2, 2, 2, 2, 2, 2, 2, 2, 2 ], 12 ], [ [ 1, 1, 1, 1, 1, 1, 1, 1, 2, 2, 2, 2, 2, 2, 2, 2 ], 12 ], [ [ 1, 1, 1, 1, 2, 2, 2, 2, 2, 2, 2, 2, 2, 2 ], 12 ], [ [ 2, 2, 2, 2, 2, 2, 2, 2, 2, 2, 2, 2 ], 1 ], [ [ 2, 2, 2, 2, 2, 2, 2, 2, 2, 2, 2, 2 ], 3 ], [ [ 2, 2, 2, 2, 2, 2, 2, 2, 2, 2, 2, 2 ], 12 ], [ [ 4, 4, 4, 4, 4, 4 ], 4 ], [ [ 4, 4, 4, 4, 4, 4 ], 4 ], [ [ 4, 4, 4, 4, 4, 4 ], 4 ], [ [ 4, 4, 4, 4, 4, 4 ], 4 ], [ [ 2, 2, 2, 2, 4, 4, 4, 4 ], 12 ], [ [ 2, 2, 2, 2, 4, 4, 4, 4 ], 12 ], [ [ 12, 12 ], 16 ], [ [ 12, 12 ], 16 ], [ [ 12, 12 ], 16 ], [ [ 12, 12 ], 16 ], [ [ 6, 6, 6, 6 ], 16 ], [ [ 3, 3, 3, 3, 3, 3, 3, 3 ], 16 ], [ [ 6, 6, 6, 6 ], 16 ], [ [ 6, 6, 6, 6 ], 16 ], [ [ 12, 12 ], 16 ], [ [ 12, 12 ], 16 ], [ [ 12, 12 ], 16 ], [ [ 12, 12 ], 16 ], [ [ 6, 6, 6, 6 ], 16 ], [ [ 6, 6, 6, 6 ], 16 ], [ [ 3, 3, 3, 3, 3, 3, 3, 3 ], 16 ], [ [ 6, 6, 6, 6 ], 16 ], [ [ 2, 2, 2, 2, 2, 2, 2, 2, 2, 2, 2, 2 ], 1 ], [ [ 2, 2, 2, 2, 2, 2, 2, 2, 2, 2, 2, 2 ], 1 ] ]
1094|384|[ 384, 20166 ]|[ [ [ 1, 1, 1, 1, 1, 1, 1, 1, 1, 1, 1, 1, 1, 1, 1, 1, 1, 1, 1, 1, 1, 1, 1, 1 ], 1 ], [ [ 1, 1, 1, 1, 1, 1, 1, 1, 1, 1, 1, 1, 1, 1, 1, 1, 2, 2, 2, 2 ], 3 ], [ [ 1, 1, 1, 1, 1, 1, 1, 1, 2, 2, 2, 2, 2, 2, 2, 2 ], 3 ], [ [ 1, 1, 1, 1, 1, 1, 1, 1, 2, 2, 2, 2, 2, 2, 2, 2 ], 3 ], [ [ 1, 1, 1, 1, 1, 1, 1, 1, 2, 2, 2, 2, 2, 2, 2, 2 ], 3 ], [ [ 1, 1, 1, 1, 1, 1, 1, 1, 2, 2, 2, 2, 2, 2, 2, 2 ], 3 ], [ [ 1, 1, 1, 1, 1, 1, 1, 1, 2, 2, 2, 2, 2, 2, 2, 2 ], 3 ], [ [ 1, 1, 1, 1, 1, 1, 1, 1, 2, 2, 2, 2, 2, 2, 2, 2 ], 3 ], [ [ 1, 1, 1, 1, 1, 1, 1, 1, 2, 2, 2, 2, 2, 2, 2, 2 ], 3 ], [ [ 1, 1, 1, 1, 1, 1, 1, 1, 2, 2, 2, 2, 2, 2, 2, 2 ], 3 ], [ [ 1, 1, 1, 1, 1, 1, 1, 1, 2, 2, 2, 2, 2, 2, 2, 2 ], 3 ], [ [ 1, 1, 1, 1, 1, 1, 1, 1, 2, 2, 2, 2, 2, 2, 2, 2 ], 3 ], [ [ 1, 1, 1, 1, 1, 1, 1, 1, 2, 2, 2, 2, 2, 2, 2, 2 ], 3 ], [ [ 1, 1, 1, 1, 1, 1, 1, 1, 2, 2, 2, 2, 2, 2, 2, 2 ], 3 ], [ [ 1, 1, 1, 1, 1, 1, 1, 1, 2, 2, 2, 2, 2, 2, 2, 2 ], 3 ], [ [ 2, 2, 2, 2, 2, 2, 2, 2, 2, 2, 2, 2 ], 1 ], [ [ 2, 2, 2, 2, 2, 2, 2, 2, 2, 2, 2, 2 ], 3 ], [ [ 2, 2, 2, 2, 2, 2, 2, 2, 2, 2, 2, 2 ], 3 ], [ [ 2, 2, 2, 2, 2, 2, 2, 2, 2, 2, 2, 2 ], 3 ], [ [ 2, 2, 2, 2, 2, 2, 2, 2, 2, 2, 2, 2 ], 3 ], [ [ 2, 2, 2, 2, 2, 2, 2, 2, 2, 2, 2, 2 ], 3 ], [ [ 2, 2, 2, 2, 2, 2, 2, 2, 2, 2, 2, 2 ], 3 ], [ [ 2, 2, 2, 2, 2, 2, 2, 2, 2, 2, 2, 2 ], 3 ], [ [ 2, 2, 2, 2, 2, 2, 2, 2, 2, 2, 2, 2 ], 3 ], [ [ 2, 2, 2, 2, 2, 2, 2, 2, 2, 2, 2, 2 ], 3 ], [ [ 2, 2, 2, 2, 2, 2, 2, 2, 2, 2, 2, 2 ], 3 ], [ [ 3, 3, 3, 3, 3, 3, 3, 3 ], 16 ], [ [ 6, 6, 6, 6 ], 16 ], [ [ 6, 6, 6, 6 ], 16 ], [ [ 6, 6, 6, 6 ], 16 ], [ [ 6, 6, 6, 6 ], 16 ], [ [ 6, 6, 6, 6 ], 16 ], [ [ 6, 6, 6, 6 ], 16 ], [ [ 6, 6, 6, 6 ], 16 ], [ [ 3, 3, 3, 3, 3, 3, 3, 3 ], 16 ], [ [ 6, 6, 6, 6 ], 16 ], [ [ 6, 6, 6, 6 ], 16 ], [ [ 6, 6, 6, 6 ], 16 ], [ [ 6, 6, 6, 6 ], 16 ], [ [ 6, 6, 6, 6 ], 16 ], [ [ 6, 6, 6, 6 ], 16 ], [ [ 6, 6, 6, 6 ], 16 ], [ [ 2, 2, 2, 2, 2, 2, 2, 2, 2, 2, 2, 2 ], 3 ], [ [ 2, 2, 2, 2, 2, 2, 2, 2, 2, 2, 2, 2 ], 3 ], [ [ 2, 2, 2, 2, 2, 2, 2, 2, 2, 2, 2, 2 ], 3 ], [ [ 2, 2, 2, 2, 2, 2, 2, 2, 2, 2, 2, 2 ], 3 ], [ [ 2, 2, 2, 2, 2, 2, 2, 2, 2, 2, 2, 2 ], 3 ], [ [ 2, 2, 2, 2, 2, 2, 2, 2, 2, 2, 2, 2 ], 3 ], [ [ 2, 2, 2, 2, 2, 2, 2, 2, 2, 2, 2, 2 ], 3 ], [ [ 2, 2, 2, 2, 2, 2, 2, 2, 2, 2, 2, 2 ], 3 ], [ [ 2, 2, 2, 2, 2, 2, 2, 2, 2, 2, 2, 2 ], 1 ], [ [ 2, 2, 2, 2, 2, 2, 2, 2, 2, 2, 2, 2 ], 3 ], [ [ 2, 2, 2, 2, 2, 2, 2, 2, 2, 2, 2, 2 ], 3 ], [ [ 2, 2, 2, 2, 2, 2, 2, 2, 2, 2, 2, 2 ], 3 ], [ [ 2, 2, 2, 2, 2, 2, 2, 2, 2, 2, 2, 2 ], 3 ], [ [ 2, 2, 2, 2, 2, 2, 2, 2, 2, 2, 2, 2 ], 1 ], [ [ 2, 2, 2, 2, 2, 2, 2, 2, 2, 2, 2, 2 ], 3 ], [ [ 2, 2, 2, 2, 2, 2, 2, 2, 2, 2, 2, 2 ], 3 ], [ [ 2, 2, 2, 2, 2, 2, 2, 2, 2, 2, 2, 2 ], 1 ], [ [ 2, 2, 2, 2, 2, 2, 2, 2, 2, 2, 2, 2 ], 3 ], [ [ 2, 2, 2, 2, 2, 2, 2, 2, 2, 2, 2, 2 ], 3 ], [ [ 2, 2, 2, 2, 2, 2, 2, 2, 2, 2, 2, 2 ], 1 ], [ [ 2, 2, 2, 2, 2, 2, 2, 2, 2, 2, 2, 2 ], 1 ], [ [ 2, 2, 2, 2, 2, 2, 2, 2, 2, 2, 2, 2 ], 1 ] ]
1095|384|[ 384, 20166 ]|[ [ [ 1, 1, 1, 1, 1, 1, 1, 1, 1, 1, 1, 1, 1, 1, 1, 1, 1, 1, 1, 1, 1, 1, 1, 1 ], 1 ], [ [ 1, 1, 1, 1, 1, 1, 1, 1, 1, 1, 1, 1, 1, 1, 1, 1, 2, 2, 2, 2 ], 3 ], [ [ 1, 1, 1, 1, 1, 1, 1, 1, 1, 1, 1, 1, 1, 1, 1, 1, 2, 2, 2, 2 ], 3 ], [ [ 1, 1, 1, 1, 1, 1, 1, 1, 1, 1, 1, 1, 1, 1, 1, 1, 2, 2, 2, 2 ], 3 ], [ [ 1, 1, 1, 1, 1, 1, 1, 1, 2, 2, 2, 2, 2, 2, 2, 2 ], 3 ], [ [ 1, 1, 1, 1, 1, 1, 1, 1, 2, 2, 2, 2, 2, 2, 2, 2 ], 3 ], [ [ 1, 1, 1, 1, 1, 1, 1, 1, 2, 2, 2, 2, 2, 2, 2, 2 ], 3 ], [ [ 1, 1, 1, 1, 1, 1, 1, 1, 2, 2, 2, 2, 2, 2, 2, 2 ], 3 ], [ [ 1, 1, 1, 1, 1, 1, 1, 1, 2, 2, 2, 2, 2, 2, 2, 2 ], 3 ], [ [ 1, 1, 1, 1, 1, 1, 1, 1, 2, 2, 2, 2, 2, 2, 2, 2 ], 3 ], [ [ 1, 1, 1, 1, 1, 1, 1, 1, 2, 2, 2, 2, 2, 2, 2, 2 ], 3 ], [ [ 1, 1, 1, 1, 1, 1, 1, 1, 2, 2, 2, 2, 2, 2, 2, 2 ], 3 ], [ [ 1, 1, 1, 1, 1, 1, 1, 1, 2, 2, 2, 2, 2, 2, 2, 2 ], 3 ], [ [ 2, 2, 2, 2, 2, 2, 2, 2, 2, 2, 2, 2 ], 1 ], [ [ 2, 2, 2, 2, 2, 2, 2, 2, 2, 2, 2, 2 ], 3 ], [ [ 2, 2, 2, 2, 2, 2, 2, 2, 2, 2, 2, 2 ], 3 ], [ [ 2, 2, 2, 2, 2, 2, 2, 2, 2, 2, 2, 2 ], 3 ], [ [ 2, 2, 2, 2, 2, 2, 2, 2, 2, 2, 2, 2 ], 3 ], [ [ 2, 2, 2, 2, 2, 2, 2, 2, 2, 2, 2, 2 ], 3 ], [ [ 2, 2, 2, 2, 2, 2, 2, 2, 2, 2, 2, 2 ], 3 ], [ [ 2, 2, 2, 2, 2, 2, 2, 2, 2, 2, 2, 2 ], 3 ], [ [ 2, 2, 2, 2, 2, 2, 2, 2, 2, 2, 2, 2 ], 3 ], [ [ 2, 2, 2, 2, 2, 2, 2, 2, 2, 2, 2, 2 ], 3 ], [ [ 2, 2, 2, 2, 2, 2, 2, 2, 2, 2, 2, 2 ], 3 ], [ [ 2, 2, 2, 2, 2, 2, 2, 2, 2, 2, 2, 2 ], 3 ], [ [ 2, 2, 2, 2, 2, 2, 2, 2, 2, 2, 2, 2 ], 3 ], [ [ 6, 6, 6, 6 ], 16 ], [ [ 6, 6, 6, 6 ], 16 ], [ [ 6, 6, 6, 6 ], 16 ], [ [ 6, 6, 6, 6 ], 16 ], [ [ 3, 3, 3, 3, 3, 3, 3, 3 ], 16 ], [ [ 6, 6, 6, 6 ], 16 ], [ [ 6, 6, 6, 6 ], 16 ], [ [ 6, 6, 6, 6 ], 16 ], [ [ 3, 3, 3, 3, 3, 3, 3, 3 ], 16 ], [ [ 6, 6, 6, 6 ], 16 ], [ [ 6, 6, 6, 6 ], 16 ], [ [ 6, 6, 6, 6 ], 16 ], [ [ 6, 6, 6, 6 ], 16 ], [ [ 6, 6, 6, 6 ], 16 ], [ [ 6, 6, 6, 6 ], 16 ], [ [ 6, 6, 6, 6 ], 16 ], [ [ 2, 2, 2, 2, 2, 2, 2, 2, 2, 2, 2, 2 ], 3 ], [ [ 2, 2, 2, 2, 2, 2, 2, 2, 2, 2, 2, 2 ], 3 ], [ [ 2, 2, 2, 2, 2, 2, 2, 2, 2, 2, 2, 2 ], 3 ], [ [ 2, 2, 2, 2, 2, 2, 2, 2, 2, 2, 2, 2 ], 3 ], [ [ 2, 2, 2, 2, 2, 2, 2, 2, 2, 2, 2, 2 ], 3 ], [ [ 2, 2, 2, 2, 2, 2, 2, 2, 2, 2, 2, 2 ], 3 ], [ [ 2, 2, 2, 2, 2, 2, 2, 2, 2, 2, 2, 2 ], 1 ], [ [ 2, 2, 2, 2, 2, 2, 2, 2, 2, 2, 2, 2 ], 3 ], [ [ 2, 2, 2, 2, 2, 2, 2, 2, 2, 2, 2, 2 ], 3 ], [ [ 2, 2, 2, 2, 2, 2, 2, 2, 2, 2, 2, 2 ], 3 ], [ [ 2, 2, 2, 2, 2, 2, 2, 2, 2, 2, 2, 2 ], 3 ], [ [ 2, 2, 2, 2, 2, 2, 2, 2, 2, 2, 2, 2 ], 3 ], [ [ 2, 2, 2, 2, 2, 2, 2, 2, 2, 2, 2, 2 ], 3 ], [ [ 2, 2, 2, 2, 2, 2, 2, 2, 2, 2, 2, 2 ], 1 ], [ [ 2, 2, 2, 2, 2, 2, 2, 2, 2, 2, 2, 2 ], 3 ], [ [ 2, 2, 2, 2, 2, 2, 2, 2, 2, 2, 2, 2 ], 3 ], [ [ 2, 2, 2, 2, 2, 2, 2, 2, 2, 2, 2, 2 ], 1 ], [ [ 2, 2, 2, 2, 2, 2, 2, 2, 2, 2, 2, 2 ], 3 ], [ [ 2, 2, 2, 2, 2, 2, 2, 2, 2, 2, 2, 2 ], 3 ], [ [ 2, 2, 2, 2, 2, 2, 2, 2, 2, 2, 2, 2 ], 1 ], [ [ 2, 2, 2, 2, 2, 2, 2, 2, 2, 2, 2, 2 ], 1 ], [ [ 2, 2, 2, 2, 2, 2, 2, 2, 2, 2, 2, 2 ], 1 ] ]
1096|384|[ 384, 5761 ]|[ [ [ 1, 1, 1, 1, 1, 1, 1, 1, 1, 1, 1, 1, 1, 1, 1, 1, 1, 1, 1, 1, 1, 1, 1, 1 ], 1 ], [ [ 1, 1, 1, 1, 1, 1, 1, 1, 1, 1, 1, 1, 1, 1, 1, 1, 2, 2, 2, 2 ], 3 ], [ [ 1, 1, 1, 1, 1, 1, 1, 1, 2, 2, 2, 2, 4, 4 ], 12 ], [ [ 1, 1, 1, 1, 1, 1, 1, 1, 2, 2, 2, 2, 2, 2, 2, 2 ], 3 ], [ [ 1, 1, 1, 1, 2, 2, 2, 2, 2, 2, 4, 4 ], 12 ], [ [ 1, 1, 1, 1, 2, 2, 2, 2, 2, 2, 4, 4 ], 12 ], [ [ 1, 1, 1, 1, 2, 2, 2, 2, 2, 2, 4, 4 ], 12 ], [ [ 1, 1, 1, 1, 2, 2, 2, 2, 2, 2, 4, 4 ], 12 ], [ [ 2, 2, 2, 2, 2, 2, 2, 2, 2, 2, 2, 2 ], 1 ], [ [ 2, 2, 2, 2, 2, 2, 2, 2, 2, 2, 2, 2 ], 3 ], [ [ 2, 2, 2, 2, 2, 2, 2, 2, 2, 2, 2, 2 ], 3 ], [ [ 2, 2, 2, 2, 2, 2, 2, 2, 4, 4 ], 12 ], [ [ 2, 2, 2, 2, 2, 2, 2, 2, 4, 4 ], 12 ], [ [ 2, 2, 2, 2, 2, 2, 2, 2, 4, 4 ], 12 ], [ [ 2, 2, 2, 2, 2, 2, 2, 2, 2, 2, 2, 2 ], 4 ], [ [ 2, 2, 2, 2, 2, 2, 2, 2, 2, 2, 2, 2 ], 4 ], [ [ 2, 2, 2, 2, 2, 2, 2, 2, 2, 2, 2, 2 ], 4 ], [ [ 2, 2, 2, 2, 2, 2, 2, 2, 2, 2, 2, 2 ], 4 ], [ [ 6, 6, 6, 6 ], 16 ], [ [ 6, 6, 6, 6 ], 16 ], [ [ 6, 6, 6, 6 ], 16 ], [ [ 6, 6, 6, 6 ], 16 ], [ [ 3, 3, 3, 3, 3, 3, 3, 3 ], 16 ], [ [ 6, 6, 6, 6 ], 16 ], [ [ 6, 6, 6, 6 ], 16 ], [ [ 6, 6, 6, 6 ], 16 ], [ [ 6, 6, 6, 6 ], 16 ], [ [ 6, 6, 6, 6 ], 16 ], [ [ 6, 6, 6, 6 ], 16 ], [ [ 6, 6, 6, 6 ], 16 ], [ [ 3, 3, 3, 3, 3, 3, 3, 3 ], 16 ], [ [ 6, 6, 6, 6 ], 16 ], [ [ 6, 6, 6, 6 ], 16 ], [ [ 6, 6, 6, 6 ], 16 ], [ [ 2, 2, 2, 2, 2, 2, 2, 2, 2, 2, 2, 2 ], 1 ], [ [ 2, 2, 2, 2, 2, 2, 2, 2, 2, 2, 2, 2 ], 1 ] ]
1097|384|[ 384, 5761 ]|[ [ [ 1, 1, 1, 1, 1, 1, 1, 1, 1, 1, 1, 1, 1, 1, 1, 1, 1, 1, 1, 1, 1, 1, 1, 1 ], 1 ], [ [ 1, 1, 1, 1, 1, 1, 1, 1, 1, 1, 1, 1, 1, 1, 1, 1, 2, 2, 2, 2 ], 3 ], [ [ 1, 1, 1, 1, 1, 1, 1, 1, 1, 1, 1, 1, 2, 2, 4, 4 ], 12 ], [ [ 1, 1, 1, 1, 1, 1, 1, 1, 2, 2, 2, 2, 2, 2, 2, 2 ], 3 ], [ [ 1, 1, 1, 1, 2, 2, 2, 2, 2, 2, 4, 4 ], 12 ], [ [ 1, 1, 1, 1, 2, 2, 2, 2, 2, 2, 4, 4 ], 12 ], [ [ 1, 1, 1, 1, 2, 2, 2, 2, 2, 2, 4, 4 ], 12 ], [ [ 2, 2, 2, 2, 2, 2, 2, 2, 2, 2, 2, 2 ], 1 ], [ [ 2, 2, 2, 2, 2, 2, 2, 2, 2, 2, 2, 2 ], 3 ], [ [ 2, 2, 2, 2, 2, 2, 2, 2, 4, 4 ], 12 ], [ [ 2, 2, 2, 2, 2, 2, 2, 2, 2, 2, 2, 2 ], 3 ], [ [ 2, 2, 2, 2, 2, 2, 2, 2, 4, 4 ], 12 ], [ [ 2, 2, 2, 2, 2, 2, 2, 2, 4, 4 ], 12 ], [ [ 2, 2, 2, 2, 2, 2, 2, 2, 4, 4 ], 12 ], [ [ 2, 2, 2, 2, 2, 2, 2, 2, 2, 2, 2, 2 ], 4 ], [ [ 2, 2, 2, 2, 2, 2, 2, 2, 2, 2, 2, 2 ], 4 ], [ [ 2, 2, 2, 2, 2, 2, 2, 2, 2, 2, 2, 2 ], 4 ], [ [ 2, 2, 2, 2, 2, 2, 2, 2, 2, 2, 2, 2 ], 4 ], [ [ 3, 3, 3, 3, 3, 3, 3, 3 ], 16 ], [ [ 6, 6, 6, 6 ], 16 ], [ [ 6, 6, 6, 6 ], 16 ], [ [ 6, 6, 6, 6 ], 16 ], [ [ 6, 6, 6, 6 ], 16 ], [ [ 6, 6, 6, 6 ], 16 ], [ [ 6, 6, 6, 6 ], 16 ], [ [ 6, 6, 6, 6 ], 16 ], [ [ 6, 6, 6, 6 ], 16 ], [ [ 6, 6, 6, 6 ], 16 ], [ [ 6, 6, 6, 6 ], 16 ], [ [ 3, 3, 3, 3, 3, 3, 3, 3 ], 16 ], [ [ 6, 6, 6, 6 ], 16 ], [ [ 6, 6, 6, 6 ], 16 ], [ [ 6, 6, 6, 6 ], 16 ], [ [ 6, 6, 6, 6 ], 16 ], [ [ 2, 2, 2, 2, 2, 2, 2, 2, 2, 2, 2, 2 ], 1 ], [ [ 2, 2, 2, 2, 2, 2, 2, 2, 2, 2, 2, 2 ], 1 ] ]
1098|384|[ 384, 18167 ]|[ [ [ 1, 1, 1, 1, 1, 1, 1, 1, 1, 1, 1, 1, 1, 1, 1, 1, 1, 1, 1, 1, 1, 1, 1, 1 ], 1 ], [ [ 1, 1, 1, 1, 1, 1, 1, 1, 1, 1, 1, 1, 2, 2, 2, 2, 2, 2 ], 4 ], [ [ 1, 1, 1, 1, 1, 1, 1, 1, 1, 1, 1, 1, 1, 1, 1, 1, 2, 2, 2, 2 ], 3 ], [ [ 1, 1, 1, 1, 1, 1, 1, 1, 1, 1, 1, 1, 2, 2, 2, 2, 2, 2 ], 4 ], [ [ 1, 1, 1, 1, 1, 1, 1, 1, 2, 2, 2, 2, 2, 2, 2, 2 ], 3 ], [ [ 1, 1, 1, 1, 1, 1, 1, 1, 4, 4, 4, 4 ], 6 ], [ [ 1, 1, 1, 1, 2, 2, 2, 2, 2, 2, 2, 2, 2, 2 ], 12 ], [ [ 1, 1, 1, 1, 1, 1, 1, 1, 4, 4, 4, 4 ], 6 ], [ [ 1, 1, 1, 1, 2, 2, 2, 2, 2, 2, 2, 2, 2, 2 ], 12 ], [ [ 2, 2, 2, 2, 2, 2, 2, 2, 2, 2, 2, 2 ], 1 ], [ [ 2, 2, 2, 2, 2, 2, 2, 2, 2, 2, 2, 2 ], 4 ], [ [ 2, 2, 2, 2, 2, 2, 2, 2, 2, 2, 2, 2 ], 3 ], [ [ 2, 2, 2, 2, 2, 2, 2, 2, 2, 2, 2, 2 ], 4 ], [ [ 2, 2, 2, 2, 2, 2, 2, 2, 2, 2, 2, 2 ], 3 ], [ [ 2, 2, 2, 2, 4, 4, 4, 4 ], 6 ], [ [ 2, 2, 2, 2, 2, 2, 2, 2, 2, 2, 2, 2 ], 12 ], [ [ 2, 2, 2, 2, 4, 4, 4, 4 ], 6 ], [ [ 2, 2, 2, 2, 2, 2, 2, 2, 2, 2, 2, 2 ], 12 ], [ [ 3, 3, 3, 3, 3, 3, 3, 3 ], 16 ], [ [ 3, 3, 3, 3, 6, 6 ], 16 ], [ [ 6, 6, 6, 6 ], 16 ], [ [ 3, 3, 3, 3, 6, 6 ], 16 ], [ [ 6, 6, 6, 6 ], 16 ], [ [ 6, 6, 6, 6 ], 16 ], [ [ 6, 6, 6, 6 ], 16 ], [ [ 6, 6, 6, 6 ], 16 ], [ [ 6, 6, 6, 6 ], 16 ], [ [ 6, 6, 6, 6 ], 16 ], [ [ 6, 6, 6, 6 ], 16 ], [ [ 6, 6, 6, 6 ], 16 ], [ [ 3, 3, 3, 3, 6, 6 ], 16 ], [ [ 3, 3, 3, 3, 3, 3, 3, 3 ], 16 ], [ [ 3, 3, 3, 3, 6, 6 ], 16 ], [ [ 6, 6, 6, 6 ], 16 ], [ [ 2, 2, 2, 2, 4, 4, 4, 4 ], 6 ], [ [ 2, 2, 2, 2, 4, 4, 4, 4 ], 6 ], [ [ 2, 2, 2, 2, 4, 4, 4, 4 ], 6 ], [ [ 2, 2, 2, 2, 4, 4, 4, 4 ], 6 ], [ [ 2, 2, 2, 2, 2, 2, 2, 2, 2, 2, 2, 2 ], 1 ], [ [ 2, 2, 2, 2, 2, 2, 2, 2, 2, 2, 2, 2 ], 1 ] ]
1099|384|[ 384, 18167 ]|[ [ [ 1, 1, 1, 1, 1, 1, 1, 1, 1, 1, 1, 1, 1, 1, 1, 1, 1, 1, 1, 1, 1, 1, 1, 1 ], 1 ], [ [ 1, 1, 1, 1, 1, 1, 1, 1, 1, 1, 1, 1, 2, 2, 2, 2, 2, 2 ], 4 ], [ [ 1, 1, 1, 1, 1, 1, 1, 1, 1, 1, 1, 1, 1, 1, 1, 1, 2, 2, 2, 2 ], 3 ], [ [ 1, 1, 1, 1, 1, 1, 1, 1, 1, 1, 1, 1, 2, 2, 2, 2, 2, 2 ], 4 ], [ [ 1, 1, 1, 1, 1, 1, 1, 1, 2, 2, 2, 2, 2, 2, 2, 2 ], 3 ], [ [ 1, 1, 1, 1, 1, 1, 1, 1, 4, 4, 4, 4 ], 6 ], [ [ 1, 1, 1, 1, 2, 2, 2, 2, 2, 2, 2, 2, 2, 2 ], 12 ], [ [ 1, 1, 1, 1, 1, 1, 1, 1, 4, 4, 4, 4 ], 6 ], [ [ 1, 1, 1, 1, 2, 2, 2, 2, 2, 2, 2, 2, 2, 2 ], 12 ], [ [ 2, 2, 2, 2, 2, 2, 2, 2, 2, 2, 2, 2 ], 1 ], [ [ 2, 2, 2, 2, 2, 2, 2, 2, 2, 2, 2, 2 ], 4 ], [ [ 2, 2, 2, 2, 2, 2, 2, 2, 2, 2, 2, 2 ], 3 ], [ [ 2, 2, 2, 2, 2, 2, 2, 2, 2, 2, 2, 2 ], 4 ], [ [ 2, 2, 2, 2, 2, 2, 2, 2, 2, 2, 2, 2 ], 3 ], [ [ 2, 2, 2, 2, 4, 4, 4, 4 ], 6 ], [ [ 2, 2, 2, 2, 2, 2, 2, 2, 2, 2, 2, 2 ], 12 ], [ [ 2, 2, 2, 2, 4, 4, 4, 4 ], 6 ], [ [ 2, 2, 2, 2, 2, 2, 2, 2, 2, 2, 2, 2 ], 12 ], [ [ 6, 6, 6, 6 ], 16 ], [ [ 6, 6, 6, 6 ], 16 ], [ [ 6, 6, 6, 6 ], 16 ], [ [ 6, 6, 6, 6 ], 16 ], [ [ 3, 3, 3, 3, 3, 3, 3, 3 ], 16 ], [ [ 3, 3, 3, 3, 6, 6 ], 16 ], [ [ 6, 6, 6, 6 ], 16 ], [ [ 3, 3, 3, 3, 6, 6 ], 16 ], [ [ 3, 3, 3, 3, 6, 6 ], 16 ], [ [ 3, 3, 3, 3, 3, 3, 3, 3 ], 16 ], [ [ 3, 3, 3, 3, 6, 6 ], 16 ], [ [ 6, 6, 6, 6 ], 16 ], [ [ 6, 6, 6, 6 ], 16 ], [ [ 6, 6, 6, 6 ], 16 ], [ [ 6, 6, 6, 6 ], 16 ], [ [ 6, 6, 6, 6 ], 16 ], [ [ 2, 2, 2, 2, 4, 4, 4, 4 ], 6 ], [ [ 2, 2, 2, 2, 4, 4, 4, 4 ], 6 ], [ [ 2, 2, 2, 2, 4, 4, 4, 4 ], 6 ], [ [ 2, 2, 2, 2, 4, 4, 4, 4 ], 6 ], [ [ 2, 2, 2, 2, 2, 2, 2, 2, 2, 2, 2, 2 ], 1 ], [ [ 2, 2, 2, 2, 2, 2, 2, 2, 2, 2, 2, 2 ], 1 ] ]
1100|384|[ 384, 5761 ]|[ [ [ 1, 1, 1, 1, 1, 1, 1, 1, 1, 1, 1, 1, 1, 1, 1, 1, 1, 1, 1, 1, 1, 1, 1, 1 ], 1 ], [ [ 1, 1, 1, 1, 1, 1, 1, 1, 1, 1, 1, 1, 2, 2, 2, 2, 2, 2 ], 4 ], [ [ 1, 1, 1, 1, 1, 1, 1, 1, 1, 1, 1, 1, 1, 1, 1, 1, 2, 2, 2, 2 ], 3 ], [ [ 1, 1, 1, 1, 1, 1, 1, 1, 1, 1, 1, 1, 2, 2, 2, 2, 2, 2 ], 4 ], [ [ 1, 1, 1, 1, 1, 1, 1, 1, 2, 2, 2, 2, 2, 2, 2, 2 ], 3 ], [ [ 1, 1, 1, 1, 1, 1, 1, 1, 2, 2, 2, 2, 4, 4 ], 12 ], [ [ 1, 1, 1, 1, 2, 2, 2, 2, 2, 2, 4, 4 ], 12 ], [ [ 1, 1, 1, 1, 2, 2, 2, 2, 2, 2, 4, 4 ], 12 ], [ [ 2, 2, 2, 2, 2, 2, 2, 2, 2, 2, 2, 2 ], 1 ], [ [ 2, 2, 2, 2, 2, 2, 2, 2, 2, 2, 2, 2 ], 4 ], [ [ 2, 2, 2, 2, 2, 2, 2, 2, 2, 2, 2, 2 ], 3 ], [ [ 2, 2, 2, 2, 2, 2, 2, 2, 2, 2, 2, 2 ], 4 ], [ [ 2, 2, 2, 2, 2, 2, 2, 2, 2, 2, 2, 2 ], 3 ], [ [ 2, 2, 2, 2, 2, 2, 2, 2, 4, 4 ], 12 ], [ [ 2, 2, 2, 2, 2, 2, 2, 2, 4, 4 ], 12 ], [ [ 2, 2, 2, 2, 2, 2, 2, 2, 4, 4 ], 12 ], [ [ 3, 3, 3, 3, 6, 6 ], 16 ], [ [ 3, 3, 3, 3, 3, 3, 3, 3 ], 16 ], [ [ 3, 3, 3, 3, 6, 6 ], 16 ], [ [ 6, 6, 6, 6 ], 16 ], [ [ 6, 6, 6, 6 ], 16 ], [ [ 6, 6, 6, 6 ], 16 ], [ [ 6, 6, 6, 6 ], 16 ], [ [ 6, 6, 6, 6 ], 16 ], [ [ 6, 6, 6, 6 ], 16 ], [ [ 6, 6, 6, 6 ], 16 ], [ [ 6, 6, 6, 6 ], 16 ], [ [ 6, 6, 6, 6 ], 16 ], [ [ 3, 3, 3, 3, 6, 6 ], 16 ], [ [ 6, 6, 6, 6 ], 16 ], [ [ 3, 3, 3, 3, 6, 6 ], 16 ], [ [ 3, 3, 3, 3, 3, 3, 3, 3 ], 16 ], [ [ 2, 2, 2, 2, 2, 2, 2, 2, 4, 4 ], 12 ], [ [ 2, 2, 2, 2, 2, 2, 2, 2, 4, 4 ], 12 ], [ [ 2, 2, 2, 2, 2, 2, 2, 2, 2, 2, 2, 2 ], 1 ], [ [ 2, 2, 2, 2, 2, 2, 2, 2, 2, 2, 2, 2 ], 1 ] ]
1101|384|[ 384, 5761 ]|[ [ [ 1, 1, 1, 1, 1, 1, 1, 1, 1, 1, 1, 1, 1, 1, 1, 1, 1, 1, 1, 1, 1, 1, 1, 1 ], 1 ], [ [ 1, 1, 1, 1, 1, 1, 1, 1, 1, 1, 1, 1, 2, 2, 2, 2, 2, 2 ], 4 ], [ [ 1, 1, 1, 1, 1, 1, 1, 1, 1, 1, 1, 1, 1, 1, 1, 1, 2, 2, 2, 2 ], 3 ], [ [ 1, 1, 1, 1, 1, 1, 1, 1, 1, 1, 1, 1, 2, 2, 2, 2, 2, 2 ], 4 ], [ [ 1, 1, 1, 1, 1, 1, 1, 1, 2, 2, 2, 2, 2, 2, 2, 2 ], 3 ], [ [ 1, 1, 1, 1, 1, 1, 1, 1, 2, 2, 2, 2, 4, 4 ], 12 ], [ [ 1, 1, 1, 1, 2, 2, 2, 2, 2, 2, 4, 4 ], 12 ], [ [ 1, 1, 1, 1, 2, 2, 2, 2, 2, 2, 4, 4 ], 12 ], [ [ 2, 2, 2, 2, 2, 2, 2, 2, 2, 2, 2, 2 ], 1 ], [ [ 2, 2, 2, 2, 2, 2, 2, 2, 2, 2, 2, 2 ], 4 ], [ [ 2, 2, 2, 2, 2, 2, 2, 2, 2, 2, 2, 2 ], 3 ], [ [ 2, 2, 2, 2, 2, 2, 2, 2, 2, 2, 2, 2 ], 4 ], [ [ 2, 2, 2, 2, 2, 2, 2, 2, 2, 2, 2, 2 ], 3 ], [ [ 2, 2, 2, 2, 2, 2, 2, 2, 4, 4 ], 12 ], [ [ 2, 2, 2, 2, 2, 2, 2, 2, 4, 4 ], 12 ], [ [ 2, 2, 2, 2, 2, 2, 2, 2, 4, 4 ], 12 ], [ [ 6, 6, 6, 6 ], 16 ], [ [ 6, 6, 6, 6 ], 16 ], [ [ 6, 6, 6, 6 ], 16 ], [ [ 6, 6, 6, 6 ], 16 ], [ [ 3, 3, 3, 3, 6, 6 ], 16 ], [ [ 3, 3, 3, 3, 3, 3, 3, 3 ], 16 ], [ [ 3, 3, 3, 3, 6, 6 ], 16 ], [ [ 6, 6, 6, 6 ], 16 ], [ [ 3, 3, 3, 3, 3, 3, 3, 3 ], 16 ], [ [ 3, 3, 3, 3, 6, 6 ], 16 ], [ [ 6, 6, 6, 6 ], 16 ], [ [ 3, 3, 3, 3, 6, 6 ], 16 ], [ [ 6, 6, 6, 6 ], 16 ], [ [ 6, 6, 6, 6 ], 16 ], [ [ 6, 6, 6, 6 ], 16 ], [ [ 6, 6, 6, 6 ], 16 ], [ [ 2, 2, 2, 2, 2, 2, 2, 2, 4, 4 ], 12 ], [ [ 2, 2, 2, 2, 2, 2, 2, 2, 4, 4 ], 12 ], [ [ 2, 2, 2, 2, 2, 2, 2, 2, 2, 2, 2, 2 ], 1 ], [ [ 2, 2, 2, 2, 2, 2, 2, 2, 2, 2, 2, 2 ], 1 ] ]
1102|384|[ 384, 5734 ]|[ [ [ 1, 1, 1, 1, 1, 1, 1, 1, 1, 1, 1, 1, 1, 1, 1, 1, 1, 1, 1, 1, 1, 1, 1, 1 ], 1 ], [ [ 1, 1, 1, 1, 1, 1, 1, 1, 1, 1, 1, 1, 1, 1, 1, 1, 4, 4 ], 3 ], [ [ 1, 1, 1, 1, 1, 1, 1, 1, 1, 1, 1, 1, 1, 1, 1, 1, 2, 2, 2, 2 ], 3 ], [ [ 1, 1, 1, 1, 1, 1, 1, 1, 1, 1, 1, 1, 1, 1, 1, 1, 4, 4 ], 3 ], [ [ 1, 1, 1, 1, 1, 1, 1, 1, 4, 4, 4, 4 ], 3 ], [ [ 1, 1, 1, 1, 1, 1, 1, 1, 2, 2, 2, 2, 4, 4 ], 3 ], [ [ 1, 1, 1, 1, 1, 1, 1, 1, 4, 4, 4, 4 ], 3 ], [ [ 1, 1, 1, 1, 1, 1, 1, 1, 2, 2, 2, 2, 4, 4 ], 3 ], [ [ 1, 1, 1, 1, 1, 1, 1, 1, 2, 2, 2, 2, 2, 2, 2, 2 ], 3 ], [ [ 1, 1, 1, 1, 1, 1, 1, 1, 2, 2, 2, 2, 4, 4 ], 3 ], [ [ 1, 1, 1, 1, 1, 1, 1, 1, 4, 4, 4, 4 ], 3 ], [ [ 1, 1, 1, 1, 1, 1, 1, 1, 2, 2, 2, 2, 4, 4 ], 3 ], [ [ 1, 1, 1, 1, 1, 1, 1, 1, 4, 4, 4, 4 ], 3 ], [ [ 2, 2, 2, 2, 2, 2, 2, 2, 2, 2, 2, 2 ], 1 ], [ [ 2, 2, 2, 2, 2, 2, 2, 2, 4, 4 ], 3 ], [ [ 2, 2, 2, 2, 2, 2, 2, 2, 2, 2, 2, 2 ], 3 ], [ [ 2, 2, 2, 2, 2, 2, 2, 2, 4, 4 ], 3 ], [ [ 2, 2, 2, 2, 4, 4, 4, 4 ], 3 ], [ [ 2, 2, 2, 2, 2, 2, 2, 2, 4, 4 ], 3 ], [ [ 2, 2, 2, 2, 4, 4, 4, 4 ], 3 ], [ [ 2, 2, 2, 2, 2, 2, 2, 2, 4, 4 ], 3 ], [ [ 2, 2, 2, 2, 2, 2, 2, 2, 2, 2, 2, 2 ], 3 ], [ [ 2, 2, 2, 2, 2, 2, 2, 2, 4, 4 ], 3 ], [ [ 2, 2, 2, 2, 4, 4, 4, 4 ], 3 ], [ [ 2, 2, 2, 2, 2, 2, 2, 2, 4, 4 ], 3 ], [ [ 2, 2, 2, 2, 4, 4, 4, 4 ], 3 ], [ [ 6, 6, 6, 6 ], 16 ], [ [ 12, 12 ], 16 ], [ [ 6, 6, 6, 6 ], 16 ], [ [ 12, 12 ], 16 ], [ [ 3, 3, 3, 3, 3, 3, 3, 3 ], 16 ], [ [ 12, 12 ], 16 ], [ [ 6, 6, 6, 6 ], 16 ], [ [ 12, 12 ], 16 ], [ [ 6, 6, 6, 6 ], 16 ], [ [ 12, 12 ], 16 ], [ [ 6, 6, 6, 6 ], 16 ], [ [ 12, 12 ], 16 ], [ [ 3, 3, 3, 3, 3, 3, 3, 3 ], 16 ], [ [ 12, 12 ], 16 ], [ [ 6, 6, 6, 6 ], 16 ], [ [ 12, 12 ], 16 ], [ [ 4, 4, 4, 4, 4, 4 ], 1 ], [ [ 2, 2, 2, 2, 4, 4, 4, 4 ], 3 ], [ [ 4, 4, 4, 4, 4, 4 ], 3 ], [ [ 2, 2, 2, 2, 2, 2, 2, 2, 4, 4 ], 3 ], [ [ 2, 2, 2, 2, 4, 4, 4, 4 ], 3 ], [ [ 2, 2, 2, 2, 4, 4, 4, 4 ], 3 ], [ [ 4, 4, 4, 4, 4, 4 ], 3 ], [ [ 4, 4, 4, 4, 4, 4 ], 1 ], [ [ 2, 2, 2, 2, 4, 4, 4, 4 ], 3 ], [ [ 4, 4, 4, 4, 4, 4 ], 3 ], [ [ 2, 2, 2, 2, 2, 2, 2, 2, 4, 4 ], 3 ], [ [ 2, 2, 2, 2, 4, 4, 4, 4 ], 3 ], [ [ 2, 2, 2, 2, 4, 4, 4, 4 ], 3 ], [ [ 4, 4, 4, 4, 4, 4 ], 3 ], [ [ 2, 2, 2, 2, 2, 2, 2, 2, 2, 2, 2, 2 ], 1 ], [ [ 2, 2, 2, 2, 2, 2, 2, 2, 4, 4 ], 3 ], [ [ 2, 2, 2, 2, 4, 4, 4, 4 ], 3 ], [ [ 2, 2, 2, 2, 2, 2, 2, 2, 2, 2, 2, 2 ], 1 ], [ [ 2, 2, 2, 2, 2, 2, 2, 2, 4, 4 ], 3 ], [ [ 2, 2, 2, 2, 4, 4, 4, 4 ], 3 ], [ [ 4, 4, 4, 4, 4, 4 ], 1 ], [ [ 4, 4, 4, 4, 4, 4 ], 1 ] ]
1103|384|[ 384, 5734 ]|[ [ [ 1, 1, 1, 1, 1, 1, 1, 1, 1, 1, 1, 1, 1, 1, 1, 1, 1, 1, 1, 1, 1, 1, 1, 1 ], 1 ], [ [ 1, 1, 1, 1, 1, 1, 1, 1, 1, 1, 1, 1, 1, 1, 1, 1, 2, 2, 2, 2 ], 3 ], [ [ 1, 1, 1, 1, 1, 1, 1, 1, 2, 2, 2, 2, 4, 4 ], 3 ], [ [ 1, 1, 1, 1, 1, 1, 1, 1, 2, 2, 2, 2, 4, 4 ], 3 ], [ [ 1, 1, 1, 1, 1, 1, 1, 1, 4, 4, 4, 4 ], 3 ], [ [ 1, 1, 1, 1, 1, 1, 1, 1, 4, 4, 4, 4 ], 3 ], [ [ 1, 1, 1, 1, 1, 1, 1, 1, 2, 2, 2, 2, 4, 4 ], 3 ], [ [ 1, 1, 1, 1, 1, 1, 1, 1, 2, 2, 2, 2, 4, 4 ], 3 ], [ [ 1, 1, 1, 1, 1, 1, 1, 1, 2, 2, 2, 2, 4, 4 ], 3 ], [ [ 1, 1, 1, 1, 1, 1, 1, 1, 2, 2, 2, 2, 4, 4 ], 3 ], [ [ 1, 1, 1, 1, 1, 1, 1, 1, 2, 2, 2, 2, 2, 2, 2, 2 ], 3 ], [ [ 1, 1, 1, 1, 1, 1, 1, 1, 4, 4, 4, 4 ], 3 ], [ [ 1, 1, 1, 1, 1, 1, 1, 1, 4, 4, 4, 4 ], 3 ], [ [ 1, 1, 1, 1, 1, 1, 1, 1, 2, 2, 2, 2, 4, 4 ], 3 ], [ [ 1, 1, 1, 1, 1, 1, 1, 1, 2, 2, 2, 2, 4, 4 ], 3 ], [ [ 2, 2, 2, 2, 2, 2, 2, 2, 2, 2, 2, 2 ], 1 ], [ [ 2, 2, 2, 2, 2, 2, 2, 2, 2, 2, 2, 2 ], 3 ], [ [ 2, 2, 2, 2, 2, 2, 2, 2, 4, 4 ], 3 ], [ [ 2, 2, 2, 2, 4, 4, 4, 4 ], 3 ], [ [ 2, 2, 2, 2, 4, 4, 4, 4 ], 3 ], [ [ 2, 2, 2, 2, 2, 2, 2, 2, 2, 2, 2, 2 ], 3 ], [ [ 2, 2, 2, 2, 2, 2, 2, 2, 4, 4 ], 3 ], [ [ 2, 2, 2, 2, 2, 2, 2, 2, 4, 4 ], 3 ], [ [ 2, 2, 2, 2, 2, 2, 2, 2, 4, 4 ], 3 ], [ [ 2, 2, 2, 2, 4, 4, 4, 4 ], 3 ], [ [ 2, 2, 2, 2, 4, 4, 4, 4 ], 3 ], [ [ 6, 6, 6, 6 ], 16 ], [ [ 6, 6, 6, 6 ], 16 ], [ [ 12, 12 ], 16 ], [ [ 12, 12 ], 16 ], [ [ 12, 12 ], 16 ], [ [ 12, 12 ], 16 ], [ [ 6, 6, 6, 6 ], 16 ], [ [ 3, 3, 3, 3, 3, 3, 3, 3 ], 16 ], [ [ 12, 12 ], 16 ], [ [ 12, 12 ], 16 ], [ [ 3, 3, 3, 3, 3, 3, 3, 3 ], 16 ], [ [ 6, 6, 6, 6 ], 16 ], [ [ 6, 6, 6, 6 ], 16 ], [ [ 6, 6, 6, 6 ], 16 ], [ [ 12, 12 ], 16 ], [ [ 12, 12 ], 16 ], [ [ 2, 2, 2, 2, 4, 4, 4, 4 ], 3 ], [ [ 4, 4, 4, 4, 4, 4 ], 1 ], [ [ 4, 4, 4, 4, 4, 4 ], 3 ], [ [ 2, 2, 2, 2, 2, 2, 2, 2, 4, 4 ], 3 ], [ [ 2, 2, 2, 2, 4, 4, 4, 4 ], 3 ], [ [ 2, 2, 2, 2, 4, 4, 4, 4 ], 3 ], [ [ 2, 2, 2, 2, 4, 4, 4, 4 ], 3 ], [ [ 4, 4, 4, 4, 4, 4 ], 3 ], [ [ 4, 4, 4, 4, 4, 4 ], 1 ], [ [ 4, 4, 4, 4, 4, 4 ], 3 ], [ [ 2, 2, 2, 2, 4, 4, 4, 4 ], 3 ], [ [ 2, 2, 2, 2, 2, 2, 2, 2, 4, 4 ], 3 ], [ [ 4, 4, 4, 4, 4, 4 ], 3 ], [ [ 2, 2, 2, 2, 4, 4, 4, 4 ], 3 ], [ [ 2, 2, 2, 2, 2, 2, 2, 2, 4, 4 ], 3 ], [ [ 2, 2, 2, 2, 2, 2, 2, 2, 2, 2, 2, 2 ], 1 ], [ [ 2, 2, 2, 2, 4, 4, 4, 4 ], 3 ], [ [ 2, 2, 2, 2, 2, 2, 2, 2, 4, 4 ], 3 ], [ [ 2, 2, 2, 2, 2, 2, 2, 2, 2, 2, 2, 2 ], 1 ], [ [ 2, 2, 2, 2, 4, 4, 4, 4 ], 3 ], [ [ 4, 4, 4, 4, 4, 4 ], 1 ], [ [ 4, 4, 4, 4, 4, 4 ], 1 ] ]
1104|384|[ 384, 5561 ]|[ [ [ 1, 1, 1, 1, 1, 1, 1, 1, 1, 1, 1, 1, 1, 1, 1, 1, 1, 1, 1, 1, 1, 1, 1, 1 ], 1 ], [ [ 1, 1, 1, 1, 1, 1, 1, 1, 2, 2, 2, 2, 2, 2, 2, 2 ], 6 ], [ [ 1, 1, 1, 1, 2, 2, 2, 2, 2, 2, 2, 2, 2, 2 ], 24 ], [ [ 1, 1, 1, 1, 2, 2, 4, 4, 4, 4 ], 24 ], [ [ 1, 1, 1, 1, 2, 2, 4, 4, 4, 4 ], 12 ], [ [ 1, 1, 1, 1, 2, 2, 4, 4, 4, 4 ], 6 ], [ [ 1, 1, 1, 1, 1, 1, 1, 1, 2, 2, 2, 2, 2, 2, 2, 2 ], 3 ], [ [ 1, 1, 1, 1, 2, 2, 4, 4, 4, 4 ], 6 ], [ [ 2, 2, 2, 2, 2, 2, 2, 2, 2, 2, 2, 2 ], 1 ], [ [ 2, 2, 2, 2, 2, 2, 2, 2, 2, 2, 2, 2 ], 3 ], [ [ 4, 4, 4, 4, 4, 4 ], 24 ], [ [ 3, 3, 3, 3, 3, 3, 3, 3 ], 32 ], [ [ 6, 6, 6, 6 ], 32 ], [ [ 4, 4, 8, 8 ], 24 ], [ [ 4, 4, 8, 8 ], 24 ], [ [ 6, 6, 6, 6 ], 32 ], [ [ 6, 6, 6, 6 ], 32 ], [ [ 4, 4, 4, 4, 4, 4 ], 24 ], [ [ 4, 4, 8, 8 ], 24 ], [ [ 4, 4, 8, 8 ], 24 ], [ [ 2, 2, 2, 2, 4, 4, 4, 4 ], 6 ], [ [ 2, 2, 2, 2, 4, 4, 4, 4 ], 12 ], [ [ 2, 2, 2, 2, 2, 2, 2, 2, 2, 2, 2, 2 ], 2 ], [ [ 2, 2, 2, 2, 4, 4, 4, 4 ], 6 ] ]
1105|384|[ 384, 17861 ]|[ [ [ 1, 1, 1, 1, 1, 1, 1, 1, 1, 1, 1, 1, 1, 1, 1, 1, 1, 1, 1, 1, 1, 1, 1, 1 ], 1 ], [ [ 1, 1, 1, 1, 1, 1, 1, 1, 1, 1, 1, 1, 1, 1, 1, 1, 2, 2, 2, 2 ], 3 ], [ [ 1, 1, 1, 1, 1, 1, 1, 1, 2, 2, 2, 2, 2, 2, 2, 2 ], 12 ], [ [ 1, 1, 1, 1, 1, 1, 1, 1, 4, 4, 4, 4 ], 12 ], [ [ 1, 1, 1, 1, 1, 1, 1, 1, 4, 4, 4, 4 ], 3 ], [ [ 1, 1, 1, 1, 1, 1, 1, 1, 4, 4, 4, 4 ], 6 ], [ [ 1, 1, 1, 1, 1, 1, 1, 1, 2, 2, 2, 2, 2, 2, 2, 2 ], 3 ], [ [ 1, 1, 1, 1, 1, 1, 1, 1, 4, 4, 4, 4 ], 3 ], [ [ 2, 2, 2, 2, 2, 2, 2, 2, 2, 2, 2, 2 ], 1 ], [ [ 2, 2, 2, 2, 2, 2, 2, 2, 2, 2, 2, 2 ], 3 ], [ [ 2, 2, 2, 2, 2, 2, 2, 2, 2, 2, 2, 2 ], 12 ], [ [ 2, 2, 2, 2, 4, 4, 4, 4 ], 12 ], [ [ 2, 2, 2, 2, 4, 4, 4, 4 ], 3 ], [ [ 2, 2, 2, 2, 4, 4, 4, 4 ], 6 ], [ [ 2, 2, 2, 2, 2, 2, 2, 2, 2, 2, 2, 2 ], 3 ], [ [ 2, 2, 2, 2, 4, 4, 4, 4 ], 3 ], [ [ 2, 2, 2, 2, 2, 2, 2, 2, 2, 2, 2, 2 ], 12 ], [ [ 6, 6, 6, 6 ], 32 ], [ [ 6, 6, 6, 6 ], 32 ], [ [ 4, 4, 8, 8 ], 12 ], [ [ 4, 4, 8, 8 ], 12 ], [ [ 2, 2, 2, 2, 4, 4, 4, 4 ], 12 ], [ [ 4, 4, 8, 8 ], 12 ], [ [ 4, 4, 8, 8 ], 12 ], [ [ 2, 2, 2, 2, 2, 2, 2, 2, 2, 2, 2, 2 ], 12 ], [ [ 3, 3, 3, 3, 3, 3, 3, 3 ], 32 ], [ [ 6, 6, 6, 6 ], 32 ], [ [ 4, 4, 8, 8 ], 12 ], [ [ 4, 4, 8, 8 ], 12 ], [ [ 2, 2, 2, 2, 4, 4, 4, 4 ], 12 ], [ [ 4, 4, 8, 8 ], 12 ], [ [ 4, 4, 8, 8 ], 12 ], [ [ 2, 2, 2, 2, 4, 4, 4, 4 ], 3 ], [ [ 2, 2, 2, 2, 4, 4, 4, 4 ], 6 ], [ [ 2, 2, 2, 2, 4, 4, 4, 4 ], 3 ], [ [ 2, 2, 2, 2, 4, 4, 4, 4 ], 6 ], [ [ 2, 2, 2, 2, 2, 2, 2, 2, 2, 2, 2, 2 ], 1 ], [ [ 2, 2, 2, 2, 4, 4, 4, 4 ], 3 ], [ [ 2, 2, 2, 2, 2, 2, 2, 2, 2, 2, 2, 2 ], 1 ], [ [ 2, 2, 2, 2, 4, 4, 4, 4 ], 3 ] ]
1106|384|[ 384, 17861 ]|[ [ [ 1, 1, 1, 1, 1, 1, 1, 1, 1, 1, 1, 1, 1, 1, 1, 1, 1, 1, 1, 1, 1, 1, 1, 1 ], 1 ], [ [ 1, 1, 1, 1, 1, 1, 1, 1, 1, 1, 1, 1, 1, 1, 1, 1, 2, 2, 2, 2 ], 3 ], [ [ 1, 1, 1, 1, 2, 2, 2, 2, 2, 2, 2, 2, 2, 2 ], 12 ], [ [ 1, 1, 1, 1, 2, 2, 4, 4, 4, 4 ], 12 ], [ [ 1, 1, 1, 1, 1, 1, 1, 1, 4, 4, 4, 4 ], 3 ], [ [ 1, 1, 1, 1, 1, 1, 1, 1, 4, 4, 4, 4 ], 6 ], [ [ 1, 1, 1, 1, 2, 2, 4, 4, 4, 4 ], 12 ], [ [ 1, 1, 1, 1, 2, 2, 2, 2, 2, 2, 2, 2, 2, 2 ], 12 ], [ [ 1, 1, 1, 1, 1, 1, 1, 1, 2, 2, 2, 2, 2, 2, 2, 2 ], 3 ], [ [ 1, 1, 1, 1, 1, 1, 1, 1, 4, 4, 4, 4 ], 3 ], [ [ 2, 2, 2, 2, 2, 2, 2, 2, 2, 2, 2, 2 ], 1 ], [ [ 2, 2, 2, 2, 2, 2, 2, 2, 2, 2, 2, 2 ], 3 ], [ [ 2, 2, 2, 2, 4, 4, 4, 4 ], 3 ], [ [ 2, 2, 2, 2, 4, 4, 4, 4 ], 6 ], [ [ 2, 2, 2, 2, 2, 2, 2, 2, 2, 2, 2, 2 ], 3 ], [ [ 2, 2, 2, 2, 4, 4, 4, 4 ], 3 ], [ [ 2, 2, 2, 2, 2, 2, 2, 2, 2, 2, 2, 2 ], 12 ], [ [ 6, 6, 6, 6 ], 32 ], [ [ 6, 6, 6, 6 ], 32 ], [ [ 4, 4, 8, 8 ], 12 ], [ [ 4, 4, 8, 8 ], 12 ], [ [ 6, 6, 6, 6 ], 32 ], [ [ 3, 3, 3, 3, 3, 3, 3, 3 ], 32 ], [ [ 2, 2, 2, 2, 4, 4, 4, 4 ], 12 ], [ [ 4, 4, 8, 8 ], 12 ], [ [ 4, 4, 8, 8 ], 12 ], [ [ 2, 2, 2, 2, 2, 2, 2, 2, 2, 2, 2, 2 ], 12 ], [ [ 4, 4, 8, 8 ], 12 ], [ [ 4, 4, 8, 8 ], 12 ], [ [ 2, 2, 2, 2, 4, 4, 4, 4 ], 12 ], [ [ 4, 4, 8, 8 ], 12 ], [ [ 4, 4, 8, 8 ], 12 ], [ [ 2, 2, 2, 2, 4, 4, 4, 4 ], 3 ], [ [ 2, 2, 2, 2, 4, 4, 4, 4 ], 3 ], [ [ 2, 2, 2, 2, 4, 4, 4, 4 ], 6 ], [ [ 2, 2, 2, 2, 4, 4, 4, 4 ], 6 ], [ [ 2, 2, 2, 2, 2, 2, 2, 2, 2, 2, 2, 2 ], 1 ], [ [ 2, 2, 2, 2, 4, 4, 4, 4 ], 3 ], [ [ 2, 2, 2, 2, 2, 2, 2, 2, 2, 2, 2, 2 ], 1 ], [ [ 2, 2, 2, 2, 4, 4, 4, 4 ], 3 ] ]
1107|384|[ 384, 17861 ]|[ [ [ 1, 1, 1, 1, 1, 1, 1, 1, 1, 1, 1, 1, 1, 1, 1, 1, 1, 1, 1, 1, 1, 1, 1, 1 ], 1 ], [ [ 1, 1, 1, 1, 1, 1, 1, 1, 1, 1, 1, 1, 1, 1, 1, 1, 2, 2, 2, 2 ], 3 ], [ [ 1, 1, 1, 1, 1, 1, 1, 1, 2, 2, 2, 2, 2, 2, 2, 2 ], 3 ], [ [ 1, 1, 1, 1, 1, 1, 1, 1, 4, 4, 4, 4 ], 6 ], [ [ 1, 1, 1, 1, 1, 1, 1, 1, 4, 4, 4, 4 ], 3 ], [ [ 1, 1, 1, 1, 1, 1, 1, 1, 4, 4, 4, 4 ], 3 ], [ [ 1, 1, 1, 1, 2, 2, 2, 2, 2, 2, 2, 2, 2, 2 ], 12 ], [ [ 1, 1, 1, 1, 2, 2, 4, 4, 4, 4 ], 12 ], [ [ 1, 1, 1, 1, 2, 2, 2, 2, 2, 2, 2, 2, 2, 2 ], 12 ], [ [ 1, 1, 1, 1, 2, 2, 4, 4, 4, 4 ], 12 ], [ [ 2, 2, 2, 2, 2, 2, 2, 2, 2, 2, 2, 2 ], 1 ], [ [ 2, 2, 2, 2, 2, 2, 2, 2, 2, 2, 2, 2 ], 3 ], [ [ 2, 2, 2, 2, 2, 2, 2, 2, 2, 2, 2, 2 ], 3 ], [ [ 2, 2, 2, 2, 4, 4, 4, 4 ], 6 ], [ [ 2, 2, 2, 2, 4, 4, 4, 4 ], 3 ], [ [ 2, 2, 2, 2, 4, 4, 4, 4 ], 3 ], [ [ 2, 2, 2, 2, 2, 2, 2, 2, 2, 2, 2, 2 ], 12 ], [ [ 2, 2, 2, 2, 4, 4, 4, 4 ], 12 ], [ [ 2, 2, 2, 2, 2, 2, 2, 2, 2, 2, 2, 2 ], 12 ], [ [ 2, 2, 2, 2, 4, 4, 4, 4 ], 12 ], [ [ 2, 2, 2, 2, 8, 8 ], 12 ], [ [ 2, 2, 2, 2, 8, 8 ], 12 ], [ [ 2, 2, 2, 2, 8, 8 ], 12 ], [ [ 2, 2, 2, 2, 8, 8 ], 12 ], [ [ 2, 2, 2, 2, 4, 4, 4, 4 ], 3 ], [ [ 2, 2, 2, 2, 4, 4, 4, 4 ], 6 ], [ [ 2, 2, 2, 2, 4, 4, 4, 4 ], 3 ], [ [ 2, 2, 2, 2, 8, 8 ], 12 ], [ [ 2, 2, 2, 2, 8, 8 ], 12 ], [ [ 2, 2, 2, 2, 8, 8 ], 12 ], [ [ 2, 2, 2, 2, 8, 8 ], 12 ], [ [ 2, 2, 2, 2, 4, 4, 4, 4 ], 3 ], [ [ 2, 2, 2, 2, 4, 4, 4, 4 ], 6 ], [ [ 2, 2, 2, 2, 4, 4, 4, 4 ], 3 ], [ [ 3, 3, 3, 3, 3, 3, 3, 3 ], 32 ], [ [ 6, 6, 6, 6 ], 32 ], [ [ 6, 6, 6, 6 ], 32 ], [ [ 6, 6, 6, 6 ], 32 ], [ [ 2, 2, 2, 2, 2, 2, 2, 2, 2, 2, 2, 2 ], 1 ], [ [ 2, 2, 2, 2, 2, 2, 2, 2, 2, 2, 2, 2 ], 1 ] ]
1108|384|[ 384, 5561 ]|[ [ [ 1, 1, 1, 1, 1, 1, 1, 1, 1, 1, 1, 1, 1, 1, 1, 1, 1, 1, 1, 1, 1, 1, 1, 1 ], 1 ], [ [ 1, 1, 1, 1, 1, 1, 1, 1, 2, 2, 2, 2, 2, 2, 2, 2 ], 6 ], [ [ 1, 1, 1, 1, 1, 1, 1, 1, 2, 2, 2, 2, 2, 2, 2, 2 ], 3 ], [ [ 1, 1, 1, 1, 2, 2, 4, 4, 4, 4 ], 12 ], [ [ 1, 1, 1, 1, 2, 2, 4, 4, 4, 4 ], 6 ], [ [ 1, 1, 1, 1, 2, 2, 4, 4, 4, 4 ], 6 ], [ [ 1, 1, 2, 4, 8, 8 ], 24 ], [ [ 1, 1, 2, 4, 8, 8 ], 24 ], [ [ 1, 1, 2, 4, 8, 8 ], 24 ], [ [ 1, 1, 2, 4, 8, 8 ], 24 ], [ [ 2, 2, 2, 2, 2, 2, 2, 2, 2, 2, 2, 2 ], 1 ], [ [ 2, 2, 2, 2, 2, 2, 2, 2, 2, 2, 2, 2 ], 3 ], [ [ 2, 2, 2, 2, 4, 4, 4, 4 ], 24 ], [ [ 2, 2, 2, 2, 2, 2, 2, 2, 2, 2, 2, 2 ], 24 ], [ [ 4, 4, 4, 4, 4, 4 ], 24 ], [ [ 4, 4, 4, 4, 4, 4 ], 24 ], [ [ 2, 2, 2, 2, 4, 4, 4, 4 ], 6 ], [ [ 2, 2, 2, 2, 4, 4, 4, 4 ], 12 ], [ [ 2, 2, 2, 2, 4, 4, 4, 4 ], 6 ], [ [ 6, 6, 6, 6 ], 32 ], [ [ 6, 6, 6, 6 ], 32 ], [ [ 6, 6, 6, 6 ], 32 ], [ [ 3, 3, 3, 3, 3, 3, 3, 3 ], 32 ], [ [ 2, 2, 2, 2, 2, 2, 2, 2, 2, 2, 2, 2 ], 2 ] ]
1109|384|[ 384, 5623 ]|[ [ [ 1, 1, 1, 1, 1, 1, 1, 1, 1, 1, 1, 1, 1, 1, 1, 1, 1, 1, 1, 1, 1, 1, 1, 1 ], 1 ], [ [ 1, 1, 1, 1, 1, 1, 1, 1, 1, 1, 1, 1, 1, 1, 1, 1, 2, 2, 2, 2 ], 3 ], [ [ 1, 1, 1, 1, 1, 1, 1, 1, 2, 2, 2, 2, 2, 2, 2, 2 ], 3 ], [ [ 1, 1, 1, 1, 1, 1, 1, 1, 4, 4, 4, 4 ], 6 ], [ [ 1, 1, 1, 1, 1, 1, 1, 1, 4, 4, 4, 4 ], 3 ], [ [ 1, 1, 1, 1, 1, 1, 1, 1, 4, 4, 4, 4 ], 3 ], [ [ 1, 1, 1, 1, 2, 2, 8, 8 ], 12 ], [ [ 1, 1, 1, 1, 2, 2, 8, 8 ], 12 ], [ [ 1, 1, 1, 1, 2, 2, 8, 8 ], 12 ], [ [ 1, 1, 1, 1, 2, 2, 8, 8 ], 12 ], [ [ 2, 2, 2, 2, 2, 2, 2, 2, 2, 2, 2, 2 ], 1 ], [ [ 2, 2, 2, 2, 2, 2, 2, 2, 2, 2, 2, 2 ], 3 ], [ [ 2, 2, 2, 2, 2, 2, 2, 2, 2, 2, 2, 2 ], 3 ], [ [ 2, 2, 2, 2, 4, 4, 4, 4 ], 6 ], [ [ 2, 2, 2, 2, 4, 4, 4, 4 ], 3 ], [ [ 2, 2, 2, 2, 4, 4, 4, 4 ], 3 ], [ [ 2, 2, 2, 2, 8, 8 ], 12 ], [ [ 2, 2, 2, 2, 8, 8 ], 12 ], [ [ 2, 2, 2, 2, 8, 8 ], 12 ], [ [ 2, 2, 2, 2, 8, 8 ], 12 ], [ [ 4, 4, 4, 4, 4, 4 ], 12 ], [ [ 4, 4, 4, 4, 4, 4 ], 12 ], [ [ 4, 4, 4, 4, 4, 4 ], 12 ], [ [ 4, 4, 4, 4, 4, 4 ], 12 ], [ [ 2, 2, 2, 2, 4, 4, 4, 4 ], 3 ], [ [ 2, 2, 2, 2, 4, 4, 4, 4 ], 6 ], [ [ 2, 2, 2, 2, 4, 4, 4, 4 ], 3 ], [ [ 2, 2, 2, 2, 4, 4, 4, 4 ], 6 ], [ [ 4, 4, 4, 4, 4, 4 ], 12 ], [ [ 4, 4, 4, 4, 4, 4 ], 12 ], [ [ 4, 4, 4, 4, 4, 4 ], 12 ], [ [ 4, 4, 4, 4, 4, 4 ], 12 ], [ [ 2, 2, 2, 2, 4, 4, 4, 4 ], 3 ], [ [ 2, 2, 2, 2, 4, 4, 4, 4 ], 3 ], [ [ 6, 6, 6, 6 ], 32 ], [ [ 6, 6, 6, 6 ], 32 ], [ [ 3, 3, 3, 3, 3, 3, 3, 3 ], 32 ], [ [ 6, 6, 6, 6 ], 32 ], [ [ 2, 2, 2, 2, 2, 2, 2, 2, 2, 2, 2, 2 ], 1 ], [ [ 2, 2, 2, 2, 2, 2, 2, 2, 2, 2, 2, 2 ], 1 ] ]
1110|384|[ 384, 17861 ]|[ [ [ 1, 1, 1, 1, 1, 1, 1, 1, 1, 1, 1, 1, 1, 1, 1, 1, 1, 1, 1, 1, 1, 1, 1, 1 ], 1 ], [ [ 1, 1, 1, 1, 1, 1, 1, 1, 1, 1, 1, 1, 1, 1, 1, 1, 2, 2, 2, 2 ], 3 ], [ [ 1, 1, 1, 1, 1, 1, 1, 1, 2, 2, 2, 2, 2, 2, 2, 2 ], 3 ], [ [ 1, 1, 1, 1, 1, 1, 1, 1, 4, 4, 4, 4 ], 6 ], [ [ 1, 1, 1, 1, 1, 1, 1, 1, 4, 4, 4, 4 ], 3 ], [ [ 1, 1, 1, 1, 1, 1, 1, 1, 4, 4, 4, 4 ], 3 ], [ [ 1, 1, 1, 1, 2, 2, 8, 8 ], 12 ], [ [ 1, 1, 1, 1, 2, 2, 8, 8 ], 12 ], [ [ 1, 1, 1, 1, 2, 2, 8, 8 ], 12 ], [ [ 1, 1, 1, 1, 2, 2, 8, 8 ], 12 ], [ [ 2, 2, 2, 2, 2, 2, 2, 2, 2, 2, 2, 2 ], 1 ], [ [ 2, 2, 2, 2, 2, 2, 2, 2, 2, 2, 2, 2 ], 3 ], [ [ 2, 2, 2, 2, 2, 2, 2, 2, 2, 2, 2, 2 ], 3 ], [ [ 2, 2, 2, 2, 4, 4, 4, 4 ], 6 ], [ [ 2, 2, 2, 2, 4, 4, 4, 4 ], 3 ], [ [ 2, 2, 2, 2, 4, 4, 4, 4 ], 3 ], [ [ 2, 2, 2, 2, 8, 8 ], 12 ], [ [ 2, 2, 2, 2, 8, 8 ], 12 ], [ [ 2, 2, 2, 2, 8, 8 ], 12 ], [ [ 2, 2, 2, 2, 8, 8 ], 12 ], [ [ 2, 2, 2, 2, 2, 2, 2, 2, 2, 2, 2, 2 ], 12 ], [ [ 2, 2, 2, 2, 4, 4, 4, 4 ], 12 ], [ [ 2, 2, 2, 2, 2, 2, 2, 2, 2, 2, 2, 2 ], 12 ], [ [ 2, 2, 2, 2, 4, 4, 4, 4 ], 12 ], [ [ 2, 2, 2, 2, 4, 4, 4, 4 ], 3 ], [ [ 2, 2, 2, 2, 4, 4, 4, 4 ], 6 ], [ [ 2, 2, 2, 2, 4, 4, 4, 4 ], 3 ], [ [ 2, 2, 2, 2, 2, 2, 2, 2, 2, 2, 2, 2 ], 12 ], [ [ 2, 2, 2, 2, 4, 4, 4, 4 ], 12 ], [ [ 2, 2, 2, 2, 2, 2, 2, 2, 2, 2, 2, 2 ], 12 ], [ [ 2, 2, 2, 2, 4, 4, 4, 4 ], 12 ], [ [ 2, 2, 2, 2, 4, 4, 4, 4 ], 3 ], [ [ 2, 2, 2, 2, 4, 4, 4, 4 ], 6 ], [ [ 2, 2, 2, 2, 4, 4, 4, 4 ], 3 ], [ [ 6, 6, 6, 6 ], 32 ], [ [ 6, 6, 6, 6 ], 32 ], [ [ 3, 3, 3, 3, 3, 3, 3, 3 ], 32 ], [ [ 6, 6, 6, 6 ], 32 ], [ [ 2, 2, 2, 2, 2, 2, 2, 2, 2, 2, 2, 2 ], 1 ], [ [ 2, 2, 2, 2, 2, 2, 2, 2, 2, 2, 2, 2 ], 1 ] ]
1111|384|[ 384, 5623 ]|[ [ [ 1, 1, 1, 1, 1, 1, 1, 1, 1, 1, 1, 1, 1, 1, 1, 1, 1, 1, 1, 1, 1, 1, 1, 1 ], 1 ], [ [ 1, 1, 1, 1, 1, 1, 1, 1, 1, 1, 1, 1, 1, 1, 1, 1, 2, 2, 2, 2 ], 3 ], [ [ 1, 1, 1, 1, 1, 1, 1, 1, 8, 8 ], 12 ], [ [ 1, 1, 1, 1, 1, 1, 1, 1, 8, 8 ], 12 ], [ [ 1, 1, 1, 1, 1, 1, 1, 1, 4, 4, 4, 4 ], 3 ], [ [ 1, 1, 1, 1, 1, 1, 1, 1, 4, 4, 4, 4 ], 6 ], [ [ 1, 1, 1, 1, 1, 1, 1, 1, 2, 2, 2, 2, 2, 2, 2, 2 ], 3 ], [ [ 1, 1, 1, 1, 1, 1, 1, 1, 4, 4, 4, 4 ], 3 ], [ [ 2, 2, 2, 2, 2, 2, 2, 2, 2, 2, 2, 2 ], 1 ], [ [ 2, 2, 2, 2, 2, 2, 2, 2, 2, 2, 2, 2 ], 3 ], [ [ 2, 2, 2, 2, 8, 8 ], 12 ], [ [ 2, 2, 2, 2, 8, 8 ], 12 ], [ [ 2, 2, 2, 2, 4, 4, 4, 4 ], 3 ], [ [ 2, 2, 2, 2, 4, 4, 4, 4 ], 6 ], [ [ 2, 2, 2, 2, 2, 2, 2, 2, 2, 2, 2, 2 ], 3 ], [ [ 2, 2, 2, 2, 4, 4, 4, 4 ], 3 ], [ [ 2, 2, 2, 2, 2, 2, 2, 2, 4, 4 ], 12 ], [ [ 2, 2, 2, 2, 2, 2, 2, 2, 4, 4 ], 12 ], [ [ 6, 6, 6, 6 ], 32 ], [ [ 6, 6, 6, 6 ], 32 ], [ [ 2, 2, 2, 2, 8, 8 ], 12 ], [ [ 4, 4, 4, 4, 4, 4 ], 12 ], [ [ 4, 4, 4, 4, 4, 4 ], 12 ], [ [ 2, 2, 2, 2, 8, 8 ], 12 ], [ [ 2, 2, 2, 2, 2, 2, 2, 2, 4, 4 ], 12 ], [ [ 2, 2, 2, 2, 2, 2, 2, 2, 4, 4 ], 12 ], [ [ 3, 3, 3, 3, 3, 3, 3, 3 ], 32 ], [ [ 6, 6, 6, 6 ], 32 ], [ [ 2, 2, 2, 2, 8, 8 ], 12 ], [ [ 4, 4, 4, 4, 4, 4 ], 12 ], [ [ 4, 4, 4, 4, 4, 4 ], 12 ], [ [ 2, 2, 2, 2, 8, 8 ], 12 ], [ [ 2, 2, 2, 2, 4, 4, 4, 4 ], 3 ], [ [ 2, 2, 2, 2, 4, 4, 4, 4 ], 6 ], [ [ 2, 2, 2, 2, 4, 4, 4, 4 ], 3 ], [ [ 2, 2, 2, 2, 4, 4, 4, 4 ], 6 ], [ [ 2, 2, 2, 2, 2, 2, 2, 2, 2, 2, 2, 2 ], 1 ], [ [ 2, 2, 2, 2, 4, 4, 4, 4 ], 3 ], [ [ 2, 2, 2, 2, 2, 2, 2, 2, 2, 2, 2, 2 ], 1 ], [ [ 2, 2, 2, 2, 4, 4, 4, 4 ], 3 ] ]
1112|384|[ 384, 5744 ]|[ [ [ 1, 1, 1, 1, 1, 1, 1, 1, 1, 1, 1, 1, 1, 1, 1, 1, 1, 1, 1, 1, 1, 1, 1, 1 ], 1 ], [ [ 1, 1, 1, 1, 1, 1, 1, 1, 1, 1, 1, 1, 1, 1, 1, 1, 2, 2, 2, 2 ], 3 ], [ [ 1, 1, 1, 1, 1, 1, 1, 1, 2, 2, 2, 2, 2, 2, 2, 2 ], 3 ], [ [ 1, 1, 1, 1, 1, 1, 1, 1, 2, 2, 2, 2, 2, 2, 2, 2 ], 6 ], [ [ 1, 1, 1, 1, 1, 1, 1, 1, 2, 2, 2, 2, 2, 2, 2, 2 ], 6 ], [ [ 1, 1, 1, 1, 2, 2, 2, 2, 2, 2, 4, 4 ], 12 ], [ [ 1, 1, 1, 1, 2, 2, 2, 2, 2, 2, 4, 4 ], 12 ], [ [ 1, 1, 1, 1, 2, 2, 2, 2, 2, 2, 4, 4 ], 12 ], [ [ 1, 1, 1, 1, 2, 2, 2, 2, 2, 2, 4, 4 ], 12 ], [ [ 2, 2, 2, 2, 2, 2, 2, 2, 2, 2, 2, 2 ], 1 ], [ [ 2, 2, 2, 2, 2, 2, 2, 2, 2, 2, 2, 2 ], 3 ], [ [ 2, 2, 2, 2, 2, 2, 2, 2, 2, 2, 2, 2 ], 3 ], [ [ 2, 2, 2, 2, 2, 2, 2, 2, 2, 2, 2, 2 ], 6 ], [ [ 2, 2, 2, 2, 2, 2, 2, 2, 2, 2, 2, 2 ], 6 ], [ [ 2, 2, 2, 2, 2, 2, 2, 2, 2, 2, 2, 2 ], 6 ], [ [ 2, 2, 2, 2, 2, 2, 2, 2, 2, 2, 2, 2 ], 6 ], [ [ 2, 2, 2, 2, 2, 2, 2, 2, 2, 2, 2, 2 ], 6 ], [ [ 2, 2, 2, 2, 2, 2, 2, 2, 2, 2, 2, 2 ], 6 ], [ [ 4, 4, 4, 4, 4, 4 ], 4 ], [ [ 4, 4, 4, 4, 4, 4 ], 4 ], [ [ 4, 4, 4, 4, 4, 4 ], 4 ], [ [ 4, 4, 4, 4, 4, 4 ], 4 ], [ [ 12, 12 ], 16 ], [ [ 12, 12 ], 16 ], [ [ 12, 12 ], 16 ], [ [ 12, 12 ], 16 ], [ [ 3, 3, 3, 3, 3, 3, 3, 3 ], 16 ], [ [ 6, 6, 6, 6 ], 16 ], [ [ 6, 6, 6, 6 ], 16 ], [ [ 6, 6, 6, 6 ], 16 ], [ [ 12, 12 ], 16 ], [ [ 12, 12 ], 16 ], [ [ 12, 12 ], 16 ], [ [ 12, 12 ], 16 ], [ [ 3, 3, 3, 3, 3, 3, 3, 3 ], 16 ], [ [ 6, 6, 6, 6 ], 16 ], [ [ 6, 6, 6, 6 ], 16 ], [ [ 6, 6, 6, 6 ], 16 ], [ [ 2, 2, 2, 2, 2, 2, 2, 2, 2, 2, 2, 2 ], 1 ], [ [ 2, 2, 2, 2, 2, 2, 2, 2, 2, 2, 2, 2 ], 1 ] ]
1113|384|[ 384, 5744 ]|[ [ [ 1, 1, 1, 1, 1, 1, 1, 1, 1, 1, 1, 1, 1, 1, 1, 1, 1, 1, 1, 1, 1, 1, 1, 1 ], 1 ], [ [ 1, 1, 1, 1, 1, 1, 1, 1, 1, 1, 1, 1, 1, 1, 1, 1, 2, 2, 2, 2 ], 3 ], [ [ 1, 1, 1, 1, 1, 1, 1, 1, 2, 2, 2, 2, 2, 2, 2, 2 ], 3 ], [ [ 1, 1, 1, 1, 1, 1, 1, 1, 2, 2, 2, 2, 2, 2, 2, 2 ], 6 ], [ [ 1, 1, 1, 1, 1, 1, 1, 1, 2, 2, 2, 2, 2, 2, 2, 2 ], 6 ], [ [ 1, 1, 1, 1, 1, 1, 1, 1, 2, 2, 2, 2, 4, 4 ], 12 ], [ [ 1, 1, 1, 1, 1, 1, 1, 1, 2, 2, 2, 2, 4, 4 ], 12 ], [ [ 2, 2, 2, 2, 2, 2, 2, 2, 2, 2, 2, 2 ], 1 ], [ [ 2, 2, 2, 2, 2, 2, 2, 2, 2, 2, 2, 2 ], 3 ], [ [ 2, 2, 2, 2, 2, 2, 2, 2, 2, 2, 2, 2 ], 3 ], [ [ 2, 2, 2, 2, 2, 2, 2, 2, 2, 2, 2, 2 ], 6 ], [ [ 2, 2, 2, 2, 2, 2, 2, 2, 2, 2, 2, 2 ], 6 ], [ [ 2, 2, 2, 2, 2, 2, 2, 2, 4, 4 ], 12 ], [ [ 2, 2, 2, 2, 2, 2, 2, 2, 4, 4 ], 12 ], [ [ 2, 2, 2, 2, 2, 2, 2, 2, 2, 2, 2, 2 ], 6 ], [ [ 2, 2, 2, 2, 2, 2, 2, 2, 2, 2, 2, 2 ], 6 ], [ [ 4, 4, 4, 4, 4, 4 ], 4 ], [ [ 4, 4, 4, 4, 4, 4 ], 4 ], [ [ 2, 2, 2, 2, 2, 2, 2, 2, 2, 2, 2, 2 ], 6 ], [ [ 2, 2, 2, 2, 2, 2, 2, 2, 2, 2, 2, 2 ], 6 ], [ [ 4, 4, 4, 4, 4, 4 ], 4 ], [ [ 4, 4, 4, 4, 4, 4 ], 4 ], [ [ 12, 12 ], 16 ], [ [ 12, 12 ], 16 ], [ [ 3, 3, 3, 3, 3, 3, 3, 3 ], 16 ], [ [ 6, 6, 6, 6 ], 16 ], [ [ 12, 12 ], 16 ], [ [ 12, 12 ], 16 ], [ [ 6, 6, 6, 6 ], 16 ], [ [ 6, 6, 6, 6 ], 16 ], [ [ 12, 12 ], 16 ], [ [ 12, 12 ], 16 ], [ [ 3, 3, 3, 3, 3, 3, 3, 3 ], 16 ], [ [ 6, 6, 6, 6 ], 16 ], [ [ 12, 12 ], 16 ], [ [ 12, 12 ], 16 ], [ [ 6, 6, 6, 6 ], 16 ], [ [ 6, 6, 6, 6 ], 16 ], [ [ 2, 2, 2, 2, 2, 2, 2, 2, 2, 2, 2, 2 ], 1 ], [ [ 2, 2, 2, 2, 2, 2, 2, 2, 2, 2, 2, 2 ], 1 ] ]
1114|384|[ 384, 20163 ]|[ [ [ 1, 1, 1, 1, 1, 1, 1, 1, 1, 1, 1, 1, 1, 1, 1, 1, 1, 1, 1, 1, 1, 1, 1, 1 ], 1 ], [ [ 1, 1, 1, 1, 1, 1, 1, 1, 1, 1, 1, 1, 1, 1, 1, 1, 2, 2, 2, 2 ], 3 ], [ [ 1, 1, 1, 1, 1, 1, 1, 1, 2, 2, 2, 2, 2, 2, 2, 2 ], 3 ], [ [ 1, 1, 1, 1, 1, 1, 1, 1, 2, 2, 2, 2, 2, 2, 2, 2 ], 6 ], [ [ 1, 1, 1, 1, 1, 1, 1, 1, 2, 2, 2, 2, 2, 2, 2, 2 ], 3 ], [ [ 1, 1, 1, 1, 1, 1, 1, 1, 2, 2, 2, 2, 2, 2, 2, 2 ], 3 ], [ [ 1, 1, 1, 1, 2, 2, 2, 2, 2, 2, 2, 2, 2, 2 ], 12 ], [ [ 1, 1, 1, 1, 2, 2, 4, 4, 4, 4 ], 12 ], [ [ 1, 1, 1, 1, 2, 2, 4, 4, 4, 4 ], 12 ], [ [ 1, 1, 1, 1, 2, 2, 2, 2, 2, 2, 2, 2, 2, 2 ], 12 ], [ [ 2, 2, 2, 2, 2, 2, 2, 2, 2, 2, 2, 2 ], 1 ], [ [ 2, 2, 2, 2, 2, 2, 2, 2, 2, 2, 2, 2 ], 3 ], [ [ 2, 2, 2, 2, 2, 2, 2, 2, 2, 2, 2, 2 ], 3 ], [ [ 2, 2, 2, 2, 2, 2, 2, 2, 2, 2, 2, 2 ], 6 ], [ [ 2, 2, 2, 2, 2, 2, 2, 2, 2, 2, 2, 2 ], 3 ], [ [ 2, 2, 2, 2, 2, 2, 2, 2, 2, 2, 2, 2 ], 3 ], [ [ 2, 2, 2, 2, 2, 2, 2, 2, 2, 2, 2, 2 ], 12 ], [ [ 2, 2, 2, 2, 4, 4, 4, 4 ], 12 ], [ [ 2, 2, 2, 2, 4, 4, 4, 4 ], 12 ], [ [ 2, 2, 2, 2, 2, 2, 2, 2, 2, 2, 2, 2 ], 12 ], [ [ 2, 2, 2, 2, 2, 2, 2, 2, 2, 2, 2, 2 ], 3 ], [ [ 2, 2, 2, 2, 2, 2, 2, 2, 2, 2, 2, 2 ], 6 ], [ [ 2, 2, 2, 2, 2, 2, 2, 2, 2, 2, 2, 2 ], 3 ], [ [ 2, 2, 2, 2, 2, 2, 2, 2, 2, 2, 2, 2 ], 6 ], [ [ 4, 4, 4, 4, 4, 4 ], 12 ], [ [ 4, 4, 4, 4, 4, 4 ], 12 ], [ [ 4, 4, 4, 4, 4, 4 ], 12 ], [ [ 4, 4, 4, 4, 4, 4 ], 12 ], [ [ 2, 2, 2, 2, 2, 2, 2, 2, 2, 2, 2, 2 ], 3 ], [ [ 2, 2, 2, 2, 2, 2, 2, 2, 2, 2, 2, 2 ], 3 ], [ [ 4, 4, 4, 4, 4, 4 ], 12 ], [ [ 4, 4, 4, 4, 4, 4 ], 12 ], [ [ 4, 4, 4, 4, 4, 4 ], 12 ], [ [ 4, 4, 4, 4, 4, 4 ], 12 ], [ [ 3, 3, 3, 3, 3, 3, 3, 3 ], 32 ], [ [ 6, 6, 6, 6 ], 32 ], [ [ 6, 6, 6, 6 ], 32 ], [ [ 6, 6, 6, 6 ], 32 ], [ [ 2, 2, 2, 2, 2, 2, 2, 2, 2, 2, 2, 2 ], 1 ], [ [ 2, 2, 2, 2, 2, 2, 2, 2, 2, 2, 2, 2 ], 1 ] ]
1115|384|[ 384, 20163 ]|[ [ [ 1, 1, 1, 1, 1, 1, 1, 1, 1, 1, 1, 1, 1, 1, 1, 1, 1, 1, 1, 1, 1, 1, 1, 1 ], 1 ], [ [ 1, 1, 1, 1, 1, 1, 1, 1, 1, 1, 1, 1, 1, 1, 1, 1, 2, 2, 2, 2 ], 3 ], [ [ 1, 1, 1, 1, 1, 1, 1, 1, 2, 2, 2, 2, 2, 2, 2, 2 ], 3 ], [ [ 1, 1, 1, 1, 1, 1, 1, 1, 2, 2, 2, 2, 2, 2, 2, 2 ], 6 ], [ [ 1, 1, 1, 1, 1, 1, 1, 1, 2, 2, 2, 2, 2, 2, 2, 2 ], 3 ], [ [ 1, 1, 1, 1, 1, 1, 1, 1, 2, 2, 2, 2, 2, 2, 2, 2 ], 3 ], [ [ 1, 1, 1, 1, 2, 2, 2, 2, 2, 2, 2, 2, 2, 2 ], 12 ], [ [ 1, 1, 1, 1, 2, 2, 4, 4, 4, 4 ], 12 ], [ [ 1, 1, 1, 1, 2, 2, 4, 4, 4, 4 ], 12 ], [ [ 1, 1, 1, 1, 2, 2, 2, 2, 2, 2, 2, 2, 2, 2 ], 12 ], [ [ 2, 2, 2, 2, 2, 2, 2, 2, 2, 2, 2, 2 ], 1 ], [ [ 2, 2, 2, 2, 2, 2, 2, 2, 2, 2, 2, 2 ], 3 ], [ [ 2, 2, 2, 2, 2, 2, 2, 2, 2, 2, 2, 2 ], 3 ], [ [ 2, 2, 2, 2, 2, 2, 2, 2, 2, 2, 2, 2 ], 6 ], [ [ 2, 2, 2, 2, 2, 2, 2, 2, 2, 2, 2, 2 ], 3 ], [ [ 2, 2, 2, 2, 2, 2, 2, 2, 2, 2, 2, 2 ], 3 ], [ [ 2, 2, 2, 2, 2, 2, 2, 2, 2, 2, 2, 2 ], 12 ], [ [ 2, 2, 2, 2, 4, 4, 4, 4 ], 12 ], [ [ 2, 2, 2, 2, 4, 4, 4, 4 ], 12 ], [ [ 2, 2, 2, 2, 2, 2, 2, 2, 2, 2, 2, 2 ], 12 ], [ [ 2, 2, 2, 2, 2, 2, 2, 2, 2, 2, 2, 2 ], 3 ], [ [ 2, 2, 2, 2, 2, 2, 2, 2, 2, 2, 2, 2 ], 6 ], [ [ 2, 2, 2, 2, 2, 2, 2, 2, 2, 2, 2, 2 ], 3 ], [ [ 4, 4, 4, 4, 4, 4 ], 12 ], [ [ 4, 4, 4, 4, 4, 4 ], 12 ], [ [ 4, 4, 4, 4, 4, 4 ], 12 ], [ [ 4, 4, 4, 4, 4, 4 ], 12 ], [ [ 2, 2, 2, 2, 2, 2, 2, 2, 2, 2, 2, 2 ], 3 ], [ [ 2, 2, 2, 2, 2, 2, 2, 2, 2, 2, 2, 2 ], 6 ], [ [ 2, 2, 2, 2, 2, 2, 2, 2, 2, 2, 2, 2 ], 3 ], [ [ 4, 4, 4, 4, 4, 4 ], 12 ], [ [ 4, 4, 4, 4, 4, 4 ], 12 ], [ [ 4, 4, 4, 4, 4, 4 ], 12 ], [ [ 4, 4, 4, 4, 4, 4 ], 12 ], [ [ 6, 6, 6, 6 ], 32 ], [ [ 6, 6, 6, 6 ], 32 ], [ [ 3, 3, 3, 3, 3, 3, 3, 3 ], 32 ], [ [ 6, 6, 6, 6 ], 32 ], [ [ 2, 2, 2, 2, 2, 2, 2, 2, 2, 2, 2, 2 ], 1 ], [ [ 2, 2, 2, 2, 2, 2, 2, 2, 2, 2, 2, 2 ], 1 ] ]
1116|384|[ 384, 20099 ]|[ [ [ 1, 1, 1, 1, 1, 1, 1, 1, 1, 1, 1, 1, 1, 1, 1, 1, 1, 1, 1, 1, 1, 1, 1, 1 ], 1 ], [ [ 1, 1, 1, 1, 1, 1, 1, 1, 1, 1, 1, 1, 1, 1, 1, 1, 2, 2, 2, 2 ], 3 ], [ [ 1, 1, 1, 1, 1, 1, 1, 1, 2, 2, 2, 2, 2, 2, 2, 2 ], 3 ], [ [ 1, 1, 1, 1, 1, 1, 1, 1, 2, 2, 2, 2, 2, 2, 2, 2 ], 6 ], [ [ 1, 1, 1, 1, 1, 1, 1, 1, 2, 2, 2, 2, 2, 2, 2, 2 ], 3 ], [ [ 1, 1, 1, 1, 1, 1, 1, 1, 2, 2, 2, 2, 2, 2, 2, 2 ], 3 ], [ [ 1, 1, 1, 1, 2, 2, 4, 4, 4, 4 ], 12 ], [ [ 1, 1, 1, 1, 2, 2, 4, 4, 4, 4 ], 12 ], [ [ 1, 1, 1, 1, 2, 2, 4, 4, 4, 4 ], 12 ], [ [ 1, 1, 1, 1, 2, 2, 4, 4, 4, 4 ], 12 ], [ [ 2, 2, 2, 2, 2, 2, 2, 2, 2, 2, 2, 2 ], 1 ], [ [ 2, 2, 2, 2, 2, 2, 2, 2, 2, 2, 2, 2 ], 3 ], [ [ 2, 2, 2, 2, 2, 2, 2, 2, 2, 2, 2, 2 ], 3 ], [ [ 2, 2, 2, 2, 2, 2, 2, 2, 2, 2, 2, 2 ], 6 ], [ [ 2, 2, 2, 2, 2, 2, 2, 2, 2, 2, 2, 2 ], 3 ], [ [ 2, 2, 2, 2, 2, 2, 2, 2, 2, 2, 2, 2 ], 3 ], [ [ 2, 2, 2, 2, 4, 4, 4, 4 ], 12 ], [ [ 2, 2, 2, 2, 4, 4, 4, 4 ], 12 ], [ [ 2, 2, 2, 2, 4, 4, 4, 4 ], 12 ], [ [ 2, 2, 2, 2, 4, 4, 4, 4 ], 12 ], [ [ 2, 2, 2, 2, 2, 2, 2, 2, 2, 2, 2, 2 ], 3 ], [ [ 2, 2, 2, 2, 2, 2, 2, 2, 2, 2, 2, 2 ], 6 ], [ [ 2, 2, 2, 2, 2, 2, 2, 2, 2, 2, 2, 2 ], 3 ], [ [ 2, 2, 2, 2, 2, 2, 2, 2, 4, 4 ], 12 ], [ [ 4, 4, 4, 4, 4, 4 ], 12 ], [ [ 4, 4, 4, 4, 4, 4 ], 12 ], [ [ 2, 2, 2, 2, 2, 2, 2, 2, 4, 4 ], 12 ], [ [ 2, 2, 2, 2, 2, 2, 2, 2, 2, 2, 2, 2 ], 3 ], [ [ 2, 2, 2, 2, 2, 2, 2, 2, 2, 2, 2, 2 ], 6 ], [ [ 2, 2, 2, 2, 2, 2, 2, 2, 2, 2, 2, 2 ], 3 ], [ [ 2, 2, 2, 2, 2, 2, 2, 2, 4, 4 ], 12 ], [ [ 4, 4, 4, 4, 4, 4 ], 12 ], [ [ 4, 4, 4, 4, 4, 4 ], 12 ], [ [ 2, 2, 2, 2, 2, 2, 2, 2, 4, 4 ], 12 ], [ [ 3, 3, 3, 3, 3, 3, 3, 3 ], 32 ], [ [ 6, 6, 6, 6 ], 32 ], [ [ 6, 6, 6, 6 ], 32 ], [ [ 6, 6, 6, 6 ], 32 ], [ [ 2, 2, 2, 2, 2, 2, 2, 2, 2, 2, 2, 2 ], 1 ], [ [ 2, 2, 2, 2, 2, 2, 2, 2, 2, 2, 2, 2 ], 1 ] ]
1117|384|[ 384, 20099 ]|[ [ [ 1, 1, 1, 1, 1, 1, 1, 1, 1, 1, 1, 1, 1, 1, 1, 1, 1, 1, 1, 1, 1, 1, 1, 1 ], 1 ], [ [ 1, 1, 1, 1, 1, 1, 1, 1, 1, 1, 1, 1, 1, 1, 1, 1, 2, 2, 2, 2 ], 3 ], [ [ 1, 1, 1, 1, 1, 1, 1, 1, 2, 2, 2, 2, 2, 2, 2, 2 ], 3 ], [ [ 1, 1, 1, 1, 1, 1, 1, 1, 2, 2, 2, 2, 2, 2, 2, 2 ], 6 ], [ [ 1, 1, 1, 1, 1, 1, 1, 1, 2, 2, 2, 2, 2, 2, 2, 2 ], 3 ], [ [ 1, 1, 1, 1, 1, 1, 1, 1, 2, 2, 2, 2, 2, 2, 2, 2 ], 3 ], [ [ 1, 1, 1, 1, 2, 2, 4, 4, 4, 4 ], 12 ], [ [ 1, 1, 1, 1, 2, 2, 4, 4, 4, 4 ], 12 ], [ [ 1, 1, 1, 1, 2, 2, 4, 4, 4, 4 ], 12 ], [ [ 1, 1, 1, 1, 2, 2, 4, 4, 4, 4 ], 12 ], [ [ 2, 2, 2, 2, 2, 2, 2, 2, 2, 2, 2, 2 ], 1 ], [ [ 2, 2, 2, 2, 2, 2, 2, 2, 2, 2, 2, 2 ], 3 ], [ [ 2, 2, 2, 2, 2, 2, 2, 2, 2, 2, 2, 2 ], 3 ], [ [ 2, 2, 2, 2, 2, 2, 2, 2, 2, 2, 2, 2 ], 6 ], [ [ 2, 2, 2, 2, 2, 2, 2, 2, 2, 2, 2, 2 ], 3 ], [ [ 2, 2, 2, 2, 2, 2, 2, 2, 2, 2, 2, 2 ], 3 ], [ [ 2, 2, 2, 2, 4, 4, 4, 4 ], 12 ], [ [ 2, 2, 2, 2, 4, 4, 4, 4 ], 12 ], [ [ 2, 2, 2, 2, 4, 4, 4, 4 ], 12 ], [ [ 2, 2, 2, 2, 4, 4, 4, 4 ], 12 ], [ [ 2, 2, 2, 2, 2, 2, 2, 2, 2, 2, 2, 2 ], 3 ], [ [ 2, 2, 2, 2, 2, 2, 2, 2, 2, 2, 2, 2 ], 6 ], [ [ 2, 2, 2, 2, 2, 2, 2, 2, 2, 2, 2, 2 ], 3 ], [ [ 2, 2, 2, 2, 2, 2, 2, 2, 2, 2, 2, 2 ], 6 ], [ [ 4, 4, 4, 4, 4, 4 ], 12 ], [ [ 4, 4, 4, 4, 4, 4 ], 12 ], [ [ 4, 4, 4, 4, 4, 4 ], 12 ], [ [ 4, 4, 4, 4, 4, 4 ], 12 ], [ [ 2, 2, 2, 2, 2, 2, 2, 2, 2, 2, 2, 2 ], 3 ], [ [ 2, 2, 2, 2, 2, 2, 2, 2, 2, 2, 2, 2 ], 3 ], [ [ 4, 4, 4, 4, 4, 4 ], 12 ], [ [ 4, 4, 4, 4, 4, 4 ], 12 ], [ [ 4, 4, 4, 4, 4, 4 ], 12 ], [ [ 4, 4, 4, 4, 4, 4 ], 12 ], [ [ 6, 6, 6, 6 ], 32 ], [ [ 6, 6, 6, 6 ], 32 ], [ [ 6, 6, 6, 6 ], 32 ], [ [ 3, 3, 3, 3, 3, 3, 3, 3 ], 32 ], [ [ 2, 2, 2, 2, 2, 2, 2, 2, 2, 2, 2, 2 ], 1 ], [ [ 2, 2, 2, 2, 2, 2, 2, 2, 2, 2, 2, 2 ], 1 ] ]
1118|384|[ 384, 5757 ]|[ [ [ 1, 1, 1, 1, 1, 1, 1, 1, 1, 1, 1, 1, 1, 1, 1, 1, 1, 1, 1, 1, 1, 1, 1, 1 ], 1 ], [ [ 1, 1, 1, 1, 1, 1, 1, 1, 1, 1, 1, 1, 1, 1, 1, 1, 2, 2, 2, 2 ], 3 ], [ [ 1, 1, 1, 1, 1, 1, 1, 1, 2, 2, 2, 2, 2, 2, 2, 2 ], 12 ], [ [ 1, 1, 1, 1, 1, 1, 1, 1, 2, 2, 2, 2, 2, 2, 2, 2 ], 3 ], [ [ 1, 1, 1, 1, 2, 2, 2, 2, 2, 2, 4, 4 ], 12 ], [ [ 1, 1, 1, 1, 2, 2, 2, 2, 2, 2, 4, 4 ], 12 ], [ [ 1, 1, 1, 1, 2, 2, 2, 2, 2, 2, 2, 2, 2, 2 ], 12 ], [ [ 1, 1, 1, 1, 2, 2, 2, 2, 2, 2, 2, 2, 2, 2 ], 12 ], [ [ 2, 2, 2, 2, 2, 2, 2, 2, 2, 2, 2, 2 ], 1 ], [ [ 2, 2, 2, 2, 2, 2, 2, 2, 2, 2, 2, 2 ], 3 ], [ [ 2, 2, 2, 2, 2, 2, 2, 2, 2, 2, 2, 2 ], 3 ], [ [ 2, 2, 2, 2, 2, 2, 2, 2, 2, 2, 2, 2 ], 12 ], [ [ 2, 2, 2, 2, 2, 2, 2, 2, 4, 4 ], 12 ], [ [ 2, 2, 2, 2, 2, 2, 2, 2, 4, 4 ], 12 ], [ [ 4, 4, 4, 4, 4, 4 ], 4 ], [ [ 4, 4, 4, 4, 4, 4 ], 4 ], [ [ 4, 4, 4, 4, 4, 4 ], 4 ], [ [ 4, 4, 4, 4, 4, 4 ], 4 ], [ [ 6, 6, 6, 6 ], 16 ], [ [ 6, 6, 6, 6 ], 16 ], [ [ 12, 12 ], 16 ], [ [ 12, 12 ], 16 ], [ [ 3, 3, 3, 3, 3, 3, 3, 3 ], 16 ], [ [ 6, 6, 6, 6 ], 16 ], [ [ 12, 12 ], 16 ], [ [ 12, 12 ], 16 ], [ [ 6, 6, 6, 6 ], 16 ], [ [ 6, 6, 6, 6 ], 16 ], [ [ 12, 12 ], 16 ], [ [ 12, 12 ], 16 ], [ [ 3, 3, 3, 3, 3, 3, 3, 3 ], 16 ], [ [ 6, 6, 6, 6 ], 16 ], [ [ 12, 12 ], 16 ], [ [ 12, 12 ], 16 ], [ [ 2, 2, 2, 2, 2, 2, 2, 2, 2, 2, 2, 2 ], 1 ], [ [ 2, 2, 2, 2, 2, 2, 2, 2, 2, 2, 2, 2 ], 1 ] ]
1119|384|[ 384, 5757 ]|[ [ [ 1, 1, 1, 1, 1, 1, 1, 1, 1, 1, 1, 1, 1, 1, 1, 1, 1, 1, 1, 1, 1, 1, 1, 1 ], 1 ], [ [ 1, 1, 1, 1, 1, 1, 1, 1, 1, 1, 1, 1, 1, 1, 1, 1, 2, 2, 2, 2 ], 3 ], [ [ 1, 1, 1, 1, 1, 1, 1, 1, 1, 1, 1, 1, 2, 2, 2, 2, 2, 2 ], 12 ], [ [ 1, 1, 1, 1, 1, 1, 1, 1, 2, 2, 2, 2, 2, 2, 2, 2 ], 3 ], [ [ 1, 1, 1, 1, 2, 2, 2, 2, 2, 2, 2, 2, 2, 2 ], 12 ], [ [ 1, 1, 1, 1, 2, 2, 2, 2, 2, 2, 4, 4 ], 12 ], [ [ 1, 1, 1, 1, 2, 2, 2, 2, 2, 2, 4, 4 ], 12 ], [ [ 2, 2, 2, 2, 2, 2, 2, 2, 2, 2, 2, 2 ], 1 ], [ [ 2, 2, 2, 2, 2, 2, 2, 2, 2, 2, 2, 2 ], 3 ], [ [ 2, 2, 2, 2, 2, 2, 2, 2, 2, 2, 2, 2 ], 12 ], [ [ 2, 2, 2, 2, 2, 2, 2, 2, 2, 2, 2, 2 ], 3 ], [ [ 2, 2, 2, 2, 2, 2, 2, 2, 2, 2, 2, 2 ], 12 ], [ [ 2, 2, 2, 2, 2, 2, 2, 2, 4, 4 ], 12 ], [ [ 2, 2, 2, 2, 2, 2, 2, 2, 4, 4 ], 12 ], [ [ 4, 4, 4, 4, 4, 4 ], 4 ], [ [ 4, 4, 4, 4, 4, 4 ], 4 ], [ [ 4, 4, 4, 4, 4, 4 ], 4 ], [ [ 4, 4, 4, 4, 4, 4 ], 4 ], [ [ 12, 12 ], 16 ], [ [ 12, 12 ], 16 ], [ [ 6, 6, 6, 6 ], 16 ], [ [ 3, 3, 3, 3, 3, 3, 3, 3 ], 16 ], [ [ 12, 12 ], 16 ], [ [ 12, 12 ], 16 ], [ [ 6, 6, 6, 6 ], 16 ], [ [ 6, 6, 6, 6 ], 16 ], [ [ 3, 3, 3, 3, 3, 3, 3, 3 ], 16 ], [ [ 6, 6, 6, 6 ], 16 ], [ [ 12, 12 ], 16 ], [ [ 12, 12 ], 16 ], [ [ 6, 6, 6, 6 ], 16 ], [ [ 6, 6, 6, 6 ], 16 ], [ [ 12, 12 ], 16 ], [ [ 12, 12 ], 16 ], [ [ 2, 2, 2, 2, 2, 2, 2, 2, 2, 2, 2, 2 ], 1 ], [ [ 2, 2, 2, 2, 2, 2, 2, 2, 2, 2, 2, 2 ], 1 ] ]
1120|384|[ 384, 5744 ]|[ [ [ 1, 1, 1, 1, 1, 1, 1, 1, 1, 1, 1, 1, 1, 1, 1, 1, 1, 1, 1, 1, 1, 1, 1, 1 ], 1 ], [ [ 1, 1, 1, 1, 1, 1, 1, 1, 1, 1, 1, 1, 1, 1, 1, 1, 2, 2, 2, 2 ], 6 ], [ [ 1, 1, 1, 1, 1, 1, 1, 1, 1, 1, 1, 1, 1, 1, 1, 1, 2, 2, 2, 2 ], 6 ], [ [ 1, 1, 1, 1, 1, 1, 1, 1, 1, 1, 1, 1, 1, 1, 1, 1, 2, 2, 2, 2 ], 3 ], [ [ 1, 1, 1, 1, 1, 1, 1, 1, 2, 2, 2, 2, 2, 2, 2, 2 ], 6 ], [ [ 1, 1, 1, 1, 1, 1, 1, 1, 2, 2, 2, 2, 2, 2, 2, 2 ], 6 ], [ [ 1, 1, 1, 1, 1, 1, 1, 1, 2, 2, 2, 2, 2, 2, 2, 2 ], 3 ], [ [ 2, 2, 2, 2, 2, 2, 2, 2, 2, 2, 2, 2 ], 1 ], [ [ 2, 2, 2, 2, 2, 2, 2, 2, 2, 2, 2, 2 ], 6 ], [ [ 2, 2, 2, 2, 2, 2, 2, 2, 2, 2, 2, 2 ], 6 ], [ [ 2, 2, 2, 2, 2, 2, 2, 2, 2, 2, 2, 2 ], 3 ], [ [ 2, 2, 2, 2, 2, 2, 2, 2, 2, 2, 2, 2 ], 6 ], [ [ 2, 2, 2, 2, 2, 2, 2, 2, 2, 2, 2, 2 ], 6 ], [ [ 2, 2, 2, 2, 2, 2, 2, 2, 2, 2, 2, 2 ], 3 ], [ [ 12, 12 ], 16 ], [ [ 12, 12 ], 16 ], [ [ 12, 12 ], 16 ], [ [ 12, 12 ], 16 ], [ [ 6, 6, 6, 6 ], 16 ], [ [ 6, 6, 6, 6 ], 16 ], [ [ 3, 3, 3, 3, 3, 3, 3, 3 ], 16 ], [ [ 6, 6, 6, 6 ], 16 ], [ [ 2, 2, 2, 2, 2, 2, 2, 2, 4, 4 ], 12 ], [ [ 2, 2, 2, 2, 2, 2, 2, 2, 4, 4 ], 12 ], [ [ 4, 4, 4, 4, 4, 4 ], 4 ], [ [ 4, 4, 4, 4, 4, 4 ], 4 ], [ [ 2, 2, 2, 2, 2, 2, 2, 2, 4, 4 ], 12 ], [ [ 2, 2, 2, 2, 2, 2, 2, 2, 4, 4 ], 12 ], [ [ 4, 4, 4, 4, 4, 4 ], 4 ], [ [ 4, 4, 4, 4, 4, 4 ], 4 ], [ [ 3, 3, 3, 3, 3, 3, 3, 3 ], 16 ], [ [ 6, 6, 6, 6 ], 16 ], [ [ 6, 6, 6, 6 ], 16 ], [ [ 6, 6, 6, 6 ], 16 ], [ [ 12, 12 ], 16 ], [ [ 12, 12 ], 16 ], [ [ 12, 12 ], 16 ], [ [ 12, 12 ], 16 ], [ [ 2, 2, 2, 2, 2, 2, 2, 2, 2, 2, 2, 2 ], 1 ], [ [ 2, 2, 2, 2, 2, 2, 2, 2, 2, 2, 2, 2 ], 1 ] ]
1121|384|[ 384, 5744 ]|[ [ [ 1, 1, 1, 1, 1, 1, 1, 1, 1, 1, 1, 1, 1, 1, 1, 1, 1, 1, 1, 1, 1, 1, 1, 1 ], 1 ], [ [ 1, 1, 1, 1, 1, 1, 1, 1, 1, 1, 1, 1, 2, 2, 2, 2, 2, 2 ], 6 ], [ [ 1, 1, 1, 1, 1, 1, 1, 1, 1, 1, 1, 1, 2, 2, 2, 2, 2, 2 ], 6 ], [ [ 1, 1, 1, 1, 1, 1, 1, 1, 1, 1, 1, 1, 1, 1, 1, 1, 2, 2, 2, 2 ], 3 ], [ [ 1, 1, 1, 1, 2, 2, 2, 2, 2, 2, 2, 2, 2, 2 ], 6 ], [ [ 1, 1, 1, 1, 2, 2, 2, 2, 2, 2, 2, 2, 2, 2 ], 6 ], [ [ 1, 1, 1, 1, 2, 2, 2, 2, 2, 2, 2, 2, 2, 2 ], 6 ], [ [ 1, 1, 1, 1, 1, 1, 1, 1, 2, 2, 2, 2, 2, 2, 2, 2 ], 3 ], [ [ 1, 1, 1, 1, 2, 2, 2, 2, 2, 2, 2, 2, 2, 2 ], 6 ], [ [ 1, 1, 1, 1, 2, 2, 2, 2, 2, 2, 2, 2, 2, 2 ], 6 ], [ [ 1, 1, 1, 1, 2, 2, 2, 2, 2, 2, 2, 2, 2, 2 ], 6 ], [ [ 2, 2, 2, 2, 2, 2, 2, 2, 2, 2, 2, 2 ], 1 ], [ [ 2, 2, 2, 2, 2, 2, 2, 2, 2, 2, 2, 2 ], 3 ], [ [ 2, 2, 2, 2, 2, 2, 2, 2, 2, 2, 2, 2 ], 3 ], [ [ 12, 12 ], 16 ], [ [ 12, 12 ], 16 ], [ [ 12, 12 ], 16 ], [ [ 12, 12 ], 16 ], [ [ 3, 3, 3, 3, 3, 3, 3, 3 ], 16 ], [ [ 6, 6, 6, 6 ], 16 ], [ [ 6, 6, 6, 6 ], 16 ], [ [ 6, 6, 6, 6 ], 16 ], [ [ 4, 4, 4, 4, 4, 4 ], 4 ], [ [ 2, 2, 2, 2, 2, 2, 2, 2, 4, 4 ], 12 ], [ [ 2, 2, 2, 2, 2, 2, 2, 2, 4, 4 ], 12 ], [ [ 4, 4, 4, 4, 4, 4 ], 4 ], [ [ 2, 2, 2, 2, 2, 2, 2, 2, 4, 4 ], 12 ], [ [ 2, 2, 2, 2, 2, 2, 2, 2, 4, 4 ], 12 ], [ [ 4, 4, 4, 4, 4, 4 ], 4 ], [ [ 4, 4, 4, 4, 4, 4 ], 4 ], [ [ 6, 6, 6, 6 ], 16 ], [ [ 6, 6, 6, 6 ], 16 ], [ [ 6, 6, 6, 6 ], 16 ], [ [ 3, 3, 3, 3, 3, 3, 3, 3 ], 16 ], [ [ 12, 12 ], 16 ], [ [ 12, 12 ], 16 ], [ [ 12, 12 ], 16 ], [ [ 12, 12 ], 16 ], [ [ 2, 2, 2, 2, 2, 2, 2, 2, 2, 2, 2, 2 ], 1 ], [ [ 2, 2, 2, 2, 2, 2, 2, 2, 2, 2, 2, 2 ], 1 ] ]
1122|384|[ 384, 5744 ]|[ [ [ 1, 1, 1, 1, 1, 1, 1, 1, 1, 1, 1, 1, 1, 1, 1, 1, 1, 1, 1, 1, 1, 1, 1, 1 ], 1 ], [ [ 1, 1, 1, 1, 1, 1, 1, 1, 2, 2, 2, 2, 2, 2, 2, 2 ], 6 ], [ [ 1, 1, 1, 1, 1, 1, 1, 1, 2, 2, 2, 2, 2, 2, 2, 2 ], 6 ], [ [ 1, 1, 1, 1, 1, 1, 1, 1, 1, 1, 1, 1, 1, 1, 1, 1, 2, 2, 2, 2 ], 3 ], [ [ 1, 1, 1, 1, 1, 1, 1, 1, 2, 2, 2, 2, 2, 2, 2, 2 ], 6 ], [ [ 1, 1, 1, 1, 1, 1, 1, 1, 2, 2, 2, 2, 2, 2, 2, 2 ], 6 ], [ [ 1, 1, 1, 1, 1, 1, 1, 1, 2, 2, 2, 2, 2, 2, 2, 2 ], 6 ], [ [ 1, 1, 1, 1, 1, 1, 1, 1, 2, 2, 2, 2, 2, 2, 2, 2 ], 6 ], [ [ 1, 1, 1, 1, 1, 1, 1, 1, 2, 2, 2, 2, 2, 2, 2, 2 ], 3 ], [ [ 2, 2, 2, 2, 2, 2, 2, 2, 2, 2, 2, 2 ], 1 ], [ [ 2, 2, 2, 2, 2, 2, 2, 2, 2, 2, 2, 2 ], 3 ], [ [ 2, 2, 2, 2, 2, 2, 2, 2, 2, 2, 2, 2 ], 6 ], [ [ 2, 2, 2, 2, 2, 2, 2, 2, 2, 2, 2, 2 ], 6 ], [ [ 2, 2, 2, 2, 2, 2, 2, 2, 2, 2, 2, 2 ], 3 ], [ [ 12, 12 ], 16 ], [ [ 12, 12 ], 16 ], [ [ 12, 12 ], 16 ], [ [ 12, 12 ], 16 ], [ [ 6, 6, 6, 6 ], 16 ], [ [ 6, 6, 6, 6 ], 16 ], [ [ 6, 6, 6, 6 ], 16 ], [ [ 3, 3, 3, 3, 3, 3, 3, 3 ], 16 ], [ [ 4, 4, 4, 4, 4, 4 ], 4 ], [ [ 2, 2, 2, 2, 2, 2, 2, 2, 4, 4 ], 12 ], [ [ 2, 2, 2, 2, 2, 2, 2, 2, 4, 4 ], 12 ], [ [ 4, 4, 4, 4, 4, 4 ], 4 ], [ [ 2, 2, 2, 2, 2, 2, 2, 2, 4, 4 ], 12 ], [ [ 2, 2, 2, 2, 2, 2, 2, 2, 4, 4 ], 12 ], [ [ 4, 4, 4, 4, 4, 4 ], 4 ], [ [ 4, 4, 4, 4, 4, 4 ], 4 ], [ [ 3, 3, 3, 3, 3, 3, 3, 3 ], 16 ], [ [ 6, 6, 6, 6 ], 16 ], [ [ 6, 6, 6, 6 ], 16 ], [ [ 6, 6, 6, 6 ], 16 ], [ [ 12, 12 ], 16 ], [ [ 12, 12 ], 16 ], [ [ 12, 12 ], 16 ], [ [ 12, 12 ], 16 ], [ [ 2, 2, 2, 2, 2, 2, 2, 2, 2, 2, 2, 2 ], 1 ], [ [ 2, 2, 2, 2, 2, 2, 2, 2, 2, 2, 2, 2 ], 1 ] ]
1123|384|[ 384, 20100 ]|[ [ [ 1, 1, 1, 1, 1, 1, 1, 1, 1, 1, 1, 1, 1, 1, 1, 1, 1, 1, 1, 1, 1, 1, 1, 1 ], 1 ], [ [ 1, 1, 1, 1, 1, 1, 1, 1, 2, 2, 2, 2, 2, 2, 2, 2 ], 6 ], [ [ 1, 1, 1, 1, 1, 1, 1, 1, 2, 2, 2, 2, 2, 2, 2, 2 ], 3 ], [ [ 1, 1, 1, 1, 1, 1, 1, 1, 2, 2, 2, 2, 2, 2, 2, 2 ], 6 ], [ [ 1, 1, 1, 1, 2, 2, 2, 2, 2, 2, 2, 2, 2, 2 ], 6 ], [ [ 1, 1, 1, 1, 1, 1, 1, 1, 1, 1, 1, 1, 2, 2, 2, 2, 2, 2 ], 6 ], [ [ 1, 1, 1, 1, 1, 1, 1, 1, 2, 2, 2, 2, 2, 2, 2, 2 ], 6 ], [ [ 1, 1, 1, 1, 2, 2, 2, 2, 2, 2, 2, 2, 2, 2 ], 6 ], [ [ 1, 1, 1, 1, 1, 1, 1, 1, 2, 2, 2, 2, 2, 2, 2, 2 ], 3 ], [ [ 1, 1, 1, 1, 1, 1, 1, 1, 2, 2, 2, 2, 2, 2, 2, 2 ], 3 ], [ [ 1, 1, 1, 1, 2, 2, 2, 2, 2, 2, 2, 2, 2, 2 ], 6 ], [ [ 2, 2, 2, 2, 2, 2, 2, 2, 2, 2, 2, 2 ], 1 ], [ [ 2, 2, 2, 2, 2, 2, 2, 2, 2, 2, 2, 2 ], 3 ], [ [ 2, 2, 2, 2, 2, 2, 2, 2, 2, 2, 2, 2 ], 3 ], [ [ 2, 2, 2, 2, 2, 2, 2, 2, 2, 2, 2, 2 ], 3 ], [ [ 2, 2, 2, 2, 4, 4, 4, 4 ], 24 ], [ [ 2, 2, 2, 2, 2, 2, 2, 2, 2, 2, 2, 2 ], 24 ], [ [ 4, 4, 4, 4, 4, 4 ], 24 ], [ [ 4, 4, 4, 4, 4, 4 ], 24 ], [ [ 4, 4, 4, 4, 4, 4 ], 24 ], [ [ 2, 2, 2, 2, 4, 4, 4, 4 ], 24 ], [ [ 2, 2, 2, 2, 4, 4, 4, 4 ], 24 ], [ [ 4, 4, 4, 4, 4, 4 ], 24 ], [ [ 3, 3, 3, 3, 3, 3, 3, 3 ], 32 ], [ [ 6, 6, 6, 6 ], 32 ], [ [ 6, 6, 6, 6 ], 32 ], [ [ 6, 6, 6, 6 ], 32 ], [ [ 2, 2, 2, 2, 2, 2, 2, 2, 2, 2, 2, 2 ], 2 ] ]
1124|384|[ 384, 20163 ]|[ [ [ 1, 1, 1, 1, 1, 1, 1, 1, 1, 1, 1, 1, 1, 1, 1, 1, 1, 1, 1, 1, 1, 1, 1, 1 ], 1 ], [ [ 1, 1, 1, 1, 1, 1, 1, 1, 2, 2, 2, 2, 2, 2, 2, 2 ], 3 ], [ [ 1, 1, 1, 1, 1, 1, 1, 1, 2, 2, 2, 2, 2, 2, 2, 2 ], 3 ], [ [ 1, 1, 1, 1, 1, 1, 1, 1, 2, 2, 2, 2, 2, 2, 2, 2 ], 3 ], [ [ 1, 1, 1, 1, 1, 1, 1, 1, 1, 1, 1, 1, 2, 2, 2, 2, 2, 2 ], 6 ], [ [ 1, 1, 1, 1, 1, 1, 1, 1, 2, 2, 2, 2, 2, 2, 2, 2 ], 3 ], [ [ 1, 1, 1, 1, 1, 1, 1, 1, 2, 2, 2, 2, 2, 2, 2, 2 ], 3 ], [ [ 1, 1, 1, 1, 2, 2, 2, 2, 2, 2, 2, 2, 2, 2 ], 6 ], [ [ 1, 1, 1, 1, 1, 1, 1, 1, 2, 2, 2, 2, 2, 2, 2, 2 ], 3 ], [ [ 1, 1, 1, 1, 2, 2, 2, 2, 2, 2, 2, 2, 2, 2 ], 6 ], [ [ 1, 1, 1, 1, 1, 1, 1, 1, 2, 2, 2, 2, 2, 2, 2, 2 ], 3 ], [ [ 1, 1, 1, 1, 2, 2, 2, 2, 2, 2, 2, 2, 2, 2 ], 6 ], [ [ 1, 1, 1, 1, 1, 1, 1, 1, 2, 2, 2, 2, 2, 2, 2, 2 ], 3 ], [ [ 1, 1, 1, 1, 1, 1, 1, 1, 2, 2, 2, 2, 2, 2, 2, 2 ], 3 ], [ [ 2, 2, 2, 2, 2, 2, 2, 2, 2, 2, 2, 2 ], 1 ], [ [ 2, 2, 2, 2, 2, 2, 2, 2, 2, 2, 2, 2 ], 3 ], [ [ 2, 2, 2, 2, 2, 2, 2, 2, 2, 2, 2, 2 ], 3 ], [ [ 2, 2, 2, 2, 2, 2, 2, 2, 2, 2, 2, 2 ], 3 ], [ [ 2, 2, 2, 2, 2, 2, 2, 2, 2, 2, 2, 2 ], 12 ], [ [ 2, 2, 2, 2, 2, 2, 2, 2, 2, 2, 2, 2 ], 12 ], [ [ 2, 2, 2, 2, 2, 2, 2, 2, 2, 2, 2, 2 ], 12 ], [ [ 2, 2, 2, 2, 2, 2, 2, 2, 2, 2, 2, 2 ], 12 ], [ [ 4, 4, 4, 4, 4, 4 ], 12 ], [ [ 4, 4, 4, 4, 4, 4 ], 12 ], [ [ 4, 4, 4, 4, 4, 4 ], 12 ], [ [ 4, 4, 4, 4, 4, 4 ], 12 ], [ [ 4, 4, 4, 4, 4, 4 ], 12 ], [ [ 4, 4, 4, 4, 4, 4 ], 12 ], [ [ 4, 4, 4, 4, 4, 4 ], 12 ], [ [ 4, 4, 4, 4, 4, 4 ], 12 ], [ [ 4, 4, 4, 4, 4, 4 ], 12 ], [ [ 4, 4, 4, 4, 4, 4 ], 12 ], [ [ 4, 4, 4, 4, 4, 4 ], 12 ], [ [ 4, 4, 4, 4, 4, 4 ], 12 ], [ [ 6, 6, 6, 6 ], 32 ], [ [ 6, 6, 6, 6 ], 32 ], [ [ 6, 6, 6, 6 ], 32 ], [ [ 3, 3, 3, 3, 3, 3, 3, 3 ], 32 ], [ [ 2, 2, 2, 2, 2, 2, 2, 2, 2, 2, 2, 2 ], 1 ], [ [ 2, 2, 2, 2, 2, 2, 2, 2, 2, 2, 2, 2 ], 1 ] ]
1125|384|[ 384, 20163 ]|[ [ [ 1, 1, 1, 1, 1, 1, 1, 1, 1, 1, 1, 1, 1, 1, 1, 1, 1, 1, 1, 1, 1, 1, 1, 1 ], 1 ], [ [ 1, 1, 1, 1, 1, 1, 1, 1, 2, 2, 2, 2, 2, 2, 2, 2 ], 3 ], [ [ 1, 1, 1, 1, 1, 1, 1, 1, 2, 2, 2, 2, 2, 2, 2, 2 ], 3 ], [ [ 1, 1, 1, 1, 1, 1, 1, 1, 1, 1, 1, 1, 1, 1, 1, 1, 2, 2, 2, 2 ], 3 ], [ [ 1, 1, 1, 1, 1, 1, 1, 1, 2, 2, 2, 2, 2, 2, 2, 2 ], 6 ], [ [ 1, 1, 1, 1, 1, 1, 1, 1, 2, 2, 2, 2, 2, 2, 2, 2 ], 3 ], [ [ 1, 1, 1, 1, 1, 1, 1, 1, 2, 2, 2, 2, 2, 2, 2, 2 ], 6 ], [ [ 1, 1, 1, 1, 1, 1, 1, 1, 2, 2, 2, 2, 2, 2, 2, 2 ], 3 ], [ [ 1, 1, 1, 1, 1, 1, 1, 1, 2, 2, 2, 2, 2, 2, 2, 2 ], 6 ], [ [ 1, 1, 1, 1, 1, 1, 1, 1, 2, 2, 2, 2, 2, 2, 2, 2 ], 3 ], [ [ 1, 1, 1, 1, 1, 1, 1, 1, 2, 2, 2, 2, 2, 2, 2, 2 ], 3 ], [ [ 1, 1, 1, 1, 1, 1, 1, 1, 2, 2, 2, 2, 2, 2, 2, 2 ], 3 ], [ [ 2, 2, 2, 2, 2, 2, 2, 2, 2, 2, 2, 2 ], 1 ], [ [ 2, 2, 2, 2, 2, 2, 2, 2, 2, 2, 2, 2 ], 3 ], [ [ 2, 2, 2, 2, 2, 2, 2, 2, 2, 2, 2, 2 ], 3 ], [ [ 2, 2, 2, 2, 2, 2, 2, 2, 2, 2, 2, 2 ], 6 ], [ [ 2, 2, 2, 2, 2, 2, 2, 2, 2, 2, 2, 2 ], 3 ], [ [ 2, 2, 2, 2, 2, 2, 2, 2, 2, 2, 2, 2 ], 3 ], [ [ 2, 2, 2, 2, 2, 2, 2, 2, 2, 2, 2, 2 ], 12 ], [ [ 2, 2, 2, 2, 2, 2, 2, 2, 2, 2, 2, 2 ], 12 ], [ [ 2, 2, 2, 2, 2, 2, 2, 2, 2, 2, 2, 2 ], 12 ], [ [ 2, 2, 2, 2, 2, 2, 2, 2, 2, 2, 2, 2 ], 12 ], [ [ 4, 4, 4, 4, 4, 4 ], 12 ], [ [ 4, 4, 4, 4, 4, 4 ], 12 ], [ [ 4, 4, 4, 4, 4, 4 ], 12 ], [ [ 4, 4, 4, 4, 4, 4 ], 12 ], [ [ 2, 2, 2, 2, 4, 4, 4, 4 ], 12 ], [ [ 2, 2, 2, 2, 4, 4, 4, 4 ], 12 ], [ [ 2, 2, 2, 2, 4, 4, 4, 4 ], 12 ], [ [ 2, 2, 2, 2, 4, 4, 4, 4 ], 12 ], [ [ 4, 4, 4, 4, 4, 4 ], 12 ], [ [ 4, 4, 4, 4, 4, 4 ], 12 ], [ [ 4, 4, 4, 4, 4, 4 ], 12 ], [ [ 4, 4, 4, 4, 4, 4 ], 12 ], [ [ 6, 6, 6, 6 ], 32 ], [ [ 6, 6, 6, 6 ], 32 ], [ [ 3, 3, 3, 3, 3, 3, 3, 3 ], 32 ], [ [ 6, 6, 6, 6 ], 32 ], [ [ 2, 2, 2, 2, 2, 2, 2, 2, 2, 2, 2, 2 ], 1 ], [ [ 2, 2, 2, 2, 2, 2, 2, 2, 2, 2, 2, 2 ], 1 ] ]
1126|384|[ 384, 20163 ]|[ [ [ 1, 1, 1, 1, 1, 1, 1, 1, 1, 1, 1, 1, 1, 1, 1, 1, 1, 1, 1, 1, 1, 1, 1, 1 ], 1 ], [ [ 1, 1, 1, 1, 1, 1, 1, 1, 1, 1, 1, 1, 1, 1, 1, 1, 2, 2, 2, 2 ], 3 ], [ [ 1, 1, 1, 1, 1, 1, 1, 1, 1, 1, 1, 1, 1, 1, 1, 1, 2, 2, 2, 2 ], 3 ], [ [ 1, 1, 1, 1, 1, 1, 1, 1, 2, 2, 2, 2, 2, 2, 2, 2 ], 3 ], [ [ 1, 1, 1, 1, 1, 1, 1, 1, 2, 2, 2, 2, 2, 2, 2, 2 ], 3 ], [ [ 1, 1, 1, 1, 2, 2, 2, 2, 2, 2, 2, 2, 2, 2 ], 6 ], [ [ 1, 1, 1, 1, 1, 1, 1, 1, 1, 1, 1, 1, 2, 2, 2, 2, 2, 2 ], 6 ], [ [ 1, 1, 1, 1, 1, 1, 1, 1, 2, 2, 2, 2, 2, 2, 2, 2 ], 3 ], [ [ 1, 1, 1, 1, 1, 1, 1, 1, 2, 2, 2, 2, 2, 2, 2, 2 ], 3 ], [ [ 1, 1, 1, 1, 2, 2, 2, 2, 2, 2, 2, 2, 2, 2 ], 6 ], [ [ 1, 1, 1, 1, 2, 2, 2, 2, 2, 2, 2, 2, 2, 2 ], 6 ], [ [ 1, 1, 1, 1, 1, 1, 1, 1, 2, 2, 2, 2, 2, 2, 2, 2 ], 3 ], [ [ 2, 2, 2, 2, 2, 2, 2, 2, 2, 2, 2, 2 ], 1 ], [ [ 2, 2, 2, 2, 2, 2, 2, 2, 2, 2, 2, 2 ], 3 ], [ [ 2, 2, 2, 2, 2, 2, 2, 2, 2, 2, 2, 2 ], 3 ], [ [ 2, 2, 2, 2, 2, 2, 2, 2, 2, 2, 2, 2 ], 3 ], [ [ 2, 2, 2, 2, 2, 2, 2, 2, 2, 2, 2, 2 ], 3 ], [ [ 2, 2, 2, 2, 2, 2, 2, 2, 2, 2, 2, 2 ], 3 ], [ [ 2, 2, 2, 2, 2, 2, 2, 2, 2, 2, 2, 2 ], 12 ], [ [ 2, 2, 2, 2, 2, 2, 2, 2, 2, 2, 2, 2 ], 12 ], [ [ 2, 2, 2, 2, 2, 2, 2, 2, 2, 2, 2, 2 ], 12 ], [ [ 2, 2, 2, 2, 2, 2, 2, 2, 2, 2, 2, 2 ], 12 ], [ [ 4, 4, 4, 4, 4, 4 ], 12 ], [ [ 4, 4, 4, 4, 4, 4 ], 12 ], [ [ 4, 4, 4, 4, 4, 4 ], 12 ], [ [ 4, 4, 4, 4, 4, 4 ], 12 ], [ [ 2, 2, 2, 2, 4, 4, 4, 4 ], 12 ], [ [ 2, 2, 2, 2, 4, 4, 4, 4 ], 12 ], [ [ 2, 2, 2, 2, 4, 4, 4, 4 ], 12 ], [ [ 2, 2, 2, 2, 4, 4, 4, 4 ], 12 ], [ [ 2, 2, 2, 2, 4, 4, 4, 4 ], 12 ], [ [ 2, 2, 2, 2, 4, 4, 4, 4 ], 12 ], [ [ 2, 2, 2, 2, 4, 4, 4, 4 ], 12 ], [ [ 2, 2, 2, 2, 4, 4, 4, 4 ], 12 ], [ [ 6, 6, 6, 6 ], 32 ], [ [ 3, 3, 3, 3, 3, 3, 3, 3 ], 32 ], [ [ 6, 6, 6, 6 ], 32 ], [ [ 6, 6, 6, 6 ], 32 ], [ [ 2, 2, 2, 2, 2, 2, 2, 2, 2, 2, 2, 2 ], 1 ], [ [ 2, 2, 2, 2, 2, 2, 2, 2, 2, 2, 2, 2 ], 1 ] ]
1127|384|[ 384, 20099 ]|[ [ [ 1, 1, 1, 1, 1, 1, 1, 1, 1, 1, 1, 1, 1, 1, 1, 1, 1, 1, 1, 1, 1, 1, 1, 1 ], 1 ], [ [ 1, 1, 1, 1, 1, 1, 1, 1, 2, 2, 2, 2, 2, 2, 2, 2 ], 3 ], [ [ 1, 1, 1, 1, 1, 1, 1, 1, 2, 2, 2, 2, 2, 2, 2, 2 ], 3 ], [ [ 1, 1, 1, 1, 1, 1, 1, 1, 2, 2, 2, 2, 2, 2, 2, 2 ], 3 ], [ [ 1, 1, 1, 1, 1, 1, 1, 1, 1, 1, 1, 1, 2, 2, 2, 2, 2, 2 ], 6 ], [ [ 1, 1, 1, 1, 1, 1, 1, 1, 2, 2, 2, 2, 2, 2, 2, 2 ], 3 ], [ [ 1, 1, 1, 1, 1, 1, 1, 1, 2, 2, 2, 2, 2, 2, 2, 2 ], 3 ], [ [ 1, 1, 1, 1, 2, 2, 2, 2, 2, 2, 2, 2, 2, 2 ], 6 ], [ [ 1, 1, 1, 1, 1, 1, 1, 1, 2, 2, 2, 2, 2, 2, 2, 2 ], 3 ], [ [ 1, 1, 1, 1, 2, 2, 2, 2, 2, 2, 2, 2, 2, 2 ], 6 ], [ [ 1, 1, 1, 1, 1, 1, 1, 1, 2, 2, 2, 2, 2, 2, 2, 2 ], 3 ], [ [ 1, 1, 1, 1, 2, 2, 2, 2, 2, 2, 2, 2, 2, 2 ], 6 ], [ [ 1, 1, 1, 1, 1, 1, 1, 1, 2, 2, 2, 2, 2, 2, 2, 2 ], 3 ], [ [ 1, 1, 1, 1, 1, 1, 1, 1, 2, 2, 2, 2, 2, 2, 2, 2 ], 3 ], [ [ 2, 2, 2, 2, 2, 2, 2, 2, 2, 2, 2, 2 ], 1 ], [ [ 2, 2, 2, 2, 2, 2, 2, 2, 2, 2, 2, 2 ], 3 ], [ [ 2, 2, 2, 2, 2, 2, 2, 2, 2, 2, 2, 2 ], 3 ], [ [ 2, 2, 2, 2, 2, 2, 2, 2, 2, 2, 2, 2 ], 3 ], [ [ 2, 2, 2, 2, 4, 4, 4, 4 ], 12 ], [ [ 2, 2, 2, 2, 4, 4, 4, 4 ], 12 ], [ [ 2, 2, 2, 2, 4, 4, 4, 4 ], 12 ], [ [ 2, 2, 2, 2, 4, 4, 4, 4 ], 12 ], [ [ 4, 4, 4, 4, 4, 4 ], 12 ], [ [ 4, 4, 4, 4, 4, 4 ], 12 ], [ [ 4, 4, 4, 4, 4, 4 ], 12 ], [ [ 4, 4, 4, 4, 4, 4 ], 12 ], [ [ 2, 2, 2, 2, 4, 4, 4, 4 ], 12 ], [ [ 2, 2, 2, 2, 4, 4, 4, 4 ], 12 ], [ [ 2, 2, 2, 2, 4, 4, 4, 4 ], 12 ], [ [ 2, 2, 2, 2, 4, 4, 4, 4 ], 12 ], [ [ 2, 2, 2, 2, 4, 4, 4, 4 ], 12 ], [ [ 2, 2, 2, 2, 4, 4, 4, 4 ], 12 ], [ [ 2, 2, 2, 2, 4, 4, 4, 4 ], 12 ], [ [ 2, 2, 2, 2, 4, 4, 4, 4 ], 12 ], [ [ 6, 6, 6, 6 ], 32 ], [ [ 6, 6, 6, 6 ], 32 ], [ [ 6, 6, 6, 6 ], 32 ], [ [ 3, 3, 3, 3, 3, 3, 3, 3 ], 32 ], [ [ 2, 2, 2, 2, 2, 2, 2, 2, 2, 2, 2, 2 ], 1 ], [ [ 2, 2, 2, 2, 2, 2, 2, 2, 2, 2, 2, 2 ], 1 ] ]
1128|384|[ 384, 20099 ]|[ [ [ 1, 1, 1, 1, 1, 1, 1, 1, 1, 1, 1, 1, 1, 1, 1, 1, 1, 1, 1, 1, 1, 1, 1, 1 ], 1 ], [ [ 1, 1, 1, 1, 1, 1, 1, 1, 2, 2, 2, 2, 2, 2, 2, 2 ], 3 ], [ [ 1, 1, 1, 1, 1, 1, 1, 1, 2, 2, 2, 2, 2, 2, 2, 2 ], 3 ], [ [ 1, 1, 1, 1, 1, 1, 1, 1, 1, 1, 1, 1, 1, 1, 1, 1, 2, 2, 2, 2 ], 3 ], [ [ 1, 1, 1, 1, 1, 1, 1, 1, 2, 2, 2, 2, 2, 2, 2, 2 ], 6 ], [ [ 1, 1, 1, 1, 1, 1, 1, 1, 2, 2, 2, 2, 2, 2, 2, 2 ], 3 ], [ [ 1, 1, 1, 1, 1, 1, 1, 1, 2, 2, 2, 2, 2, 2, 2, 2 ], 6 ], [ [ 1, 1, 1, 1, 1, 1, 1, 1, 2, 2, 2, 2, 2, 2, 2, 2 ], 3 ], [ [ 1, 1, 1, 1, 1, 1, 1, 1, 2, 2, 2, 2, 2, 2, 2, 2 ], 6 ], [ [ 1, 1, 1, 1, 1, 1, 1, 1, 2, 2, 2, 2, 2, 2, 2, 2 ], 3 ], [ [ 1, 1, 1, 1, 1, 1, 1, 1, 2, 2, 2, 2, 2, 2, 2, 2 ], 3 ], [ [ 1, 1, 1, 1, 1, 1, 1, 1, 2, 2, 2, 2, 2, 2, 2, 2 ], 3 ], [ [ 2, 2, 2, 2, 2, 2, 2, 2, 2, 2, 2, 2 ], 1 ], [ [ 2, 2, 2, 2, 2, 2, 2, 2, 2, 2, 2, 2 ], 3 ], [ [ 2, 2, 2, 2, 2, 2, 2, 2, 2, 2, 2, 2 ], 3 ], [ [ 2, 2, 2, 2, 2, 2, 2, 2, 2, 2, 2, 2 ], 6 ], [ [ 2, 2, 2, 2, 2, 2, 2, 2, 2, 2, 2, 2 ], 3 ], [ [ 2, 2, 2, 2, 2, 2, 2, 2, 2, 2, 2, 2 ], 3 ], [ [ 2, 2, 2, 2, 4, 4, 4, 4 ], 12 ], [ [ 2, 2, 2, 2, 4, 4, 4, 4 ], 12 ], [ [ 2, 2, 2, 2, 4, 4, 4, 4 ], 12 ], [ [ 2, 2, 2, 2, 4, 4, 4, 4 ], 12 ], [ [ 4, 4, 4, 4, 4, 4 ], 12 ], [ [ 4, 4, 4, 4, 4, 4 ], 12 ], [ [ 4, 4, 4, 4, 4, 4 ], 12 ], [ [ 4, 4, 4, 4, 4, 4 ], 12 ], [ [ 2, 2, 2, 2, 4, 4, 4, 4 ], 12 ], [ [ 2, 2, 2, 2, 4, 4, 4, 4 ], 12 ], [ [ 2, 2, 2, 2, 4, 4, 4, 4 ], 12 ], [ [ 2, 2, 2, 2, 4, 4, 4, 4 ], 12 ], [ [ 4, 4, 4, 4, 4, 4 ], 12 ], [ [ 4, 4, 4, 4, 4, 4 ], 12 ], [ [ 4, 4, 4, 4, 4, 4 ], 12 ], [ [ 4, 4, 4, 4, 4, 4 ], 12 ], [ [ 6, 6, 6, 6 ], 32 ], [ [ 6, 6, 6, 6 ], 32 ], [ [ 3, 3, 3, 3, 3, 3, 3, 3 ], 32 ], [ [ 6, 6, 6, 6 ], 32 ], [ [ 2, 2, 2, 2, 2, 2, 2, 2, 2, 2, 2, 2 ], 1 ], [ [ 2, 2, 2, 2, 2, 2, 2, 2, 2, 2, 2, 2 ], 1 ] ]
1129|384|[ 384, 20099 ]|[ [ [ 1, 1, 1, 1, 1, 1, 1, 1, 1, 1, 1, 1, 1, 1, 1, 1, 1, 1, 1, 1, 1, 1, 1, 1 ], 1 ], [ [ 1, 1, 1, 1, 1, 1, 1, 1, 1, 1, 1, 1, 1, 1, 1, 1, 2, 2, 2, 2 ], 3 ], [ [ 1, 1, 1, 1, 1, 1, 1, 1, 1, 1, 1, 1, 1, 1, 1, 1, 2, 2, 2, 2 ], 3 ], [ [ 1, 1, 1, 1, 1, 1, 1, 1, 2, 2, 2, 2, 2, 2, 2, 2 ], 3 ], [ [ 1, 1, 1, 1, 1, 1, 1, 1, 2, 2, 2, 2, 2, 2, 2, 2 ], 3 ], [ [ 1, 1, 1, 1, 2, 2, 2, 2, 2, 2, 2, 2, 2, 2 ], 6 ], [ [ 1, 1, 1, 1, 1, 1, 1, 1, 1, 1, 1, 1, 2, 2, 2, 2, 2, 2 ], 6 ], [ [ 1, 1, 1, 1, 1, 1, 1, 1, 2, 2, 2, 2, 2, 2, 2, 2 ], 3 ], [ [ 1, 1, 1, 1, 1, 1, 1, 1, 2, 2, 2, 2, 2, 2, 2, 2 ], 3 ], [ [ 1, 1, 1, 1, 2, 2, 2, 2, 2, 2, 2, 2, 2, 2 ], 6 ], [ [ 1, 1, 1, 1, 2, 2, 2, 2, 2, 2, 2, 2, 2, 2 ], 6 ], [ [ 1, 1, 1, 1, 1, 1, 1, 1, 2, 2, 2, 2, 2, 2, 2, 2 ], 3 ], [ [ 2, 2, 2, 2, 2, 2, 2, 2, 2, 2, 2, 2 ], 1 ], [ [ 2, 2, 2, 2, 2, 2, 2, 2, 2, 2, 2, 2 ], 3 ], [ [ 2, 2, 2, 2, 2, 2, 2, 2, 2, 2, 2, 2 ], 3 ], [ [ 2, 2, 2, 2, 2, 2, 2, 2, 2, 2, 2, 2 ], 3 ], [ [ 2, 2, 2, 2, 2, 2, 2, 2, 2, 2, 2, 2 ], 3 ], [ [ 2, 2, 2, 2, 2, 2, 2, 2, 2, 2, 2, 2 ], 3 ], [ [ 2, 2, 2, 2, 4, 4, 4, 4 ], 12 ], [ [ 2, 2, 2, 2, 4, 4, 4, 4 ], 12 ], [ [ 2, 2, 2, 2, 4, 4, 4, 4 ], 12 ], [ [ 2, 2, 2, 2, 4, 4, 4, 4 ], 12 ], [ [ 4, 4, 4, 4, 4, 4 ], 12 ], [ [ 4, 4, 4, 4, 4, 4 ], 12 ], [ [ 4, 4, 4, 4, 4, 4 ], 12 ], [ [ 4, 4, 4, 4, 4, 4 ], 12 ], [ [ 4, 4, 4, 4, 4, 4 ], 12 ], [ [ 4, 4, 4, 4, 4, 4 ], 12 ], [ [ 4, 4, 4, 4, 4, 4 ], 12 ], [ [ 4, 4, 4, 4, 4, 4 ], 12 ], [ [ 4, 4, 4, 4, 4, 4 ], 12 ], [ [ 4, 4, 4, 4, 4, 4 ], 12 ], [ [ 4, 4, 4, 4, 4, 4 ], 12 ], [ [ 4, 4, 4, 4, 4, 4 ], 12 ], [ [ 6, 6, 6, 6 ], 32 ], [ [ 3, 3, 3, 3, 3, 3, 3, 3 ], 32 ], [ [ 6, 6, 6, 6 ], 32 ], [ [ 6, 6, 6, 6 ], 32 ], [ [ 2, 2, 2, 2, 2, 2, 2, 2, 2, 2, 2, 2 ], 1 ], [ [ 2, 2, 2, 2, 2, 2, 2, 2, 2, 2, 2, 2 ], 1 ] ]
1130|384|[ 384, 20163 ]|[ [ [ 1, 1, 1, 1, 1, 1, 1, 1, 1, 1, 1, 1, 1, 1, 1, 1, 1, 1, 1, 1, 1, 1, 1, 1 ], 1 ], [ [ 1, 1, 1, 1, 1, 1, 1, 1, 1, 1, 1, 1, 1, 1, 1, 1, 2, 2, 2, 2 ], 3 ], [ [ 1, 1, 1, 1, 1, 1, 1, 1, 1, 1, 1, 1, 1, 1, 1, 1, 2, 2, 2, 2 ], 6 ], [ [ 1, 1, 1, 1, 1, 1, 1, 1, 1, 1, 1, 1, 1, 1, 1, 1, 2, 2, 2, 2 ], 3 ], [ [ 1, 1, 1, 1, 1, 1, 1, 1, 1, 1, 1, 1, 1, 1, 1, 1, 2, 2, 2, 2 ], 3 ], [ [ 1, 1, 1, 1, 1, 1, 1, 1, 2, 2, 2, 2, 2, 2, 2, 2 ], 3 ], [ [ 1, 1, 1, 1, 1, 1, 1, 1, 2, 2, 2, 2, 2, 2, 2, 2 ], 6 ], [ [ 1, 1, 1, 1, 1, 1, 1, 1, 2, 2, 2, 2, 2, 2, 2, 2 ], 3 ], [ [ 1, 1, 1, 1, 1, 1, 1, 1, 2, 2, 2, 2, 2, 2, 2, 2 ], 3 ], [ [ 2, 2, 2, 2, 2, 2, 2, 2, 2, 2, 2, 2 ], 1 ], [ [ 2, 2, 2, 2, 2, 2, 2, 2, 2, 2, 2, 2 ], 3 ], [ [ 2, 2, 2, 2, 2, 2, 2, 2, 2, 2, 2, 2 ], 6 ], [ [ 2, 2, 2, 2, 2, 2, 2, 2, 2, 2, 2, 2 ], 3 ], [ [ 2, 2, 2, 2, 2, 2, 2, 2, 2, 2, 2, 2 ], 3 ], [ [ 2, 2, 2, 2, 2, 2, 2, 2, 2, 2, 2, 2 ], 3 ], [ [ 2, 2, 2, 2, 2, 2, 2, 2, 2, 2, 2, 2 ], 6 ], [ [ 2, 2, 2, 2, 2, 2, 2, 2, 2, 2, 2, 2 ], 3 ], [ [ 2, 2, 2, 2, 2, 2, 2, 2, 2, 2, 2, 2 ], 3 ], [ [ 2, 2, 2, 2, 2, 2, 2, 2, 2, 2, 2, 2 ], 12 ], [ [ 2, 2, 2, 2, 4, 4, 4, 4 ], 12 ], [ [ 2, 2, 2, 2, 4, 4, 4, 4 ], 12 ], [ [ 2, 2, 2, 2, 2, 2, 2, 2, 2, 2, 2, 2 ], 12 ], [ [ 2, 2, 2, 2, 4, 4, 4, 4 ], 12 ], [ [ 2, 2, 2, 2, 4, 4, 4, 4 ], 12 ], [ [ 2, 2, 2, 2, 4, 4, 4, 4 ], 12 ], [ [ 2, 2, 2, 2, 4, 4, 4, 4 ], 12 ], [ [ 2, 2, 2, 2, 2, 2, 2, 2, 2, 2, 2, 2 ], 12 ], [ [ 2, 2, 2, 2, 4, 4, 4, 4 ], 12 ], [ [ 2, 2, 2, 2, 4, 4, 4, 4 ], 12 ], [ [ 2, 2, 2, 2, 2, 2, 2, 2, 2, 2, 2, 2 ], 12 ], [ [ 2, 2, 2, 2, 4, 4, 4, 4 ], 12 ], [ [ 2, 2, 2, 2, 4, 4, 4, 4 ], 12 ], [ [ 2, 2, 2, 2, 4, 4, 4, 4 ], 12 ], [ [ 2, 2, 2, 2, 4, 4, 4, 4 ], 12 ], [ [ 3, 3, 3, 3, 3, 3, 3, 3 ], 32 ], [ [ 6, 6, 6, 6 ], 32 ], [ [ 6, 6, 6, 6 ], 32 ], [ [ 6, 6, 6, 6 ], 32 ], [ [ 2, 2, 2, 2, 2, 2, 2, 2, 2, 2, 2, 2 ], 1 ], [ [ 2, 2, 2, 2, 2, 2, 2, 2, 2, 2, 2, 2 ], 1 ] ]
1131|384|[ 384, 20099 ]|[ [ [ 1, 1, 1, 1, 1, 1, 1, 1, 1, 1, 1, 1, 1, 1, 1, 1, 1, 1, 1, 1, 1, 1, 1, 1 ], 1 ], [ [ 1, 1, 1, 1, 1, 1, 1, 1, 1, 1, 1, 1, 1, 1, 1, 1, 2, 2, 2, 2 ], 3 ], [ [ 1, 1, 1, 1, 1, 1, 1, 1, 1, 1, 1, 1, 1, 1, 1, 1, 2, 2, 2, 2 ], 6 ], [ [ 1, 1, 1, 1, 1, 1, 1, 1, 1, 1, 1, 1, 1, 1, 1, 1, 2, 2, 2, 2 ], 3 ], [ [ 1, 1, 1, 1, 1, 1, 1, 1, 1, 1, 1, 1, 1, 1, 1, 1, 2, 2, 2, 2 ], 3 ], [ [ 1, 1, 1, 1, 1, 1, 1, 1, 2, 2, 2, 2, 2, 2, 2, 2 ], 3 ], [ [ 1, 1, 1, 1, 1, 1, 1, 1, 2, 2, 2, 2, 2, 2, 2, 2 ], 6 ], [ [ 1, 1, 1, 1, 1, 1, 1, 1, 2, 2, 2, 2, 2, 2, 2, 2 ], 3 ], [ [ 1, 1, 1, 1, 1, 1, 1, 1, 2, 2, 2, 2, 2, 2, 2, 2 ], 3 ], [ [ 2, 2, 2, 2, 2, 2, 2, 2, 2, 2, 2, 2 ], 1 ], [ [ 2, 2, 2, 2, 2, 2, 2, 2, 2, 2, 2, 2 ], 3 ], [ [ 2, 2, 2, 2, 2, 2, 2, 2, 2, 2, 2, 2 ], 6 ], [ [ 2, 2, 2, 2, 2, 2, 2, 2, 2, 2, 2, 2 ], 3 ], [ [ 2, 2, 2, 2, 2, 2, 2, 2, 2, 2, 2, 2 ], 3 ], [ [ 2, 2, 2, 2, 2, 2, 2, 2, 2, 2, 2, 2 ], 3 ], [ [ 2, 2, 2, 2, 2, 2, 2, 2, 2, 2, 2, 2 ], 6 ], [ [ 2, 2, 2, 2, 2, 2, 2, 2, 2, 2, 2, 2 ], 3 ], [ [ 2, 2, 2, 2, 2, 2, 2, 2, 2, 2, 2, 2 ], 3 ], [ [ 4, 4, 4, 4, 4, 4 ], 12 ], [ [ 4, 4, 4, 4, 4, 4 ], 12 ], [ [ 4, 4, 4, 4, 4, 4 ], 12 ], [ [ 4, 4, 4, 4, 4, 4 ], 12 ], [ [ 4, 4, 4, 4, 4, 4 ], 12 ], [ [ 4, 4, 4, 4, 4, 4 ], 12 ], [ [ 4, 4, 4, 4, 4, 4 ], 12 ], [ [ 4, 4, 4, 4, 4, 4 ], 12 ], [ [ 4, 4, 4, 4, 4, 4 ], 12 ], [ [ 4, 4, 4, 4, 4, 4 ], 12 ], [ [ 4, 4, 4, 4, 4, 4 ], 12 ], [ [ 4, 4, 4, 4, 4, 4 ], 12 ], [ [ 4, 4, 4, 4, 4, 4 ], 12 ], [ [ 4, 4, 4, 4, 4, 4 ], 12 ], [ [ 4, 4, 4, 4, 4, 4 ], 12 ], [ [ 4, 4, 4, 4, 4, 4 ], 12 ], [ [ 3, 3, 3, 3, 3, 3, 3, 3 ], 32 ], [ [ 6, 6, 6, 6 ], 32 ], [ [ 6, 6, 6, 6 ], 32 ], [ [ 6, 6, 6, 6 ], 32 ], [ [ 2, 2, 2, 2, 2, 2, 2, 2, 2, 2, 2, 2 ], 1 ], [ [ 2, 2, 2, 2, 2, 2, 2, 2, 2, 2, 2, 2 ], 1 ] ]
1132|384|[ 384, 20099 ]|[ [ [ 1, 1, 1, 1, 1, 1, 1, 1, 1, 1, 1, 1, 1, 1, 1, 1, 1, 1, 1, 1, 1, 1, 1, 1 ], 1 ], [ [ 1, 1, 1, 1, 1, 1, 1, 1, 1, 1, 1, 1, 1, 1, 1, 1, 2, 2, 2, 2 ], 3 ], [ [ 1, 1, 1, 1, 1, 1, 1, 1, 1, 1, 1, 1, 1, 1, 1, 1, 2, 2, 2, 2 ], 3 ], [ [ 1, 1, 1, 1, 1, 1, 1, 1, 2, 2, 2, 2, 2, 2, 2, 2 ], 3 ], [ [ 1, 1, 1, 1, 1, 1, 1, 1, 2, 2, 2, 2, 2, 2, 2, 2 ], 3 ], [ [ 1, 1, 1, 1, 2, 2, 2, 2, 2, 2, 2, 2, 2, 2 ], 6 ], [ [ 1, 1, 1, 1, 1, 1, 1, 1, 1, 1, 1, 1, 2, 2, 2, 2, 2, 2 ], 6 ], [ [ 1, 1, 1, 1, 1, 1, 1, 1, 2, 2, 2, 2, 2, 2, 2, 2 ], 3 ], [ [ 1, 1, 1, 1, 1, 1, 1, 1, 2, 2, 2, 2, 2, 2, 2, 2 ], 3 ], [ [ 1, 1, 1, 1, 2, 2, 2, 2, 2, 2, 2, 2, 2, 2 ], 6 ], [ [ 1, 1, 1, 1, 2, 2, 2, 2, 2, 2, 2, 2, 2, 2 ], 6 ], [ [ 1, 1, 1, 1, 1, 1, 1, 1, 2, 2, 2, 2, 2, 2, 2, 2 ], 3 ], [ [ 2, 2, 2, 2, 2, 2, 2, 2, 2, 2, 2, 2 ], 1 ], [ [ 2, 2, 2, 2, 2, 2, 2, 2, 2, 2, 2, 2 ], 3 ], [ [ 2, 2, 2, 2, 2, 2, 2, 2, 2, 2, 2, 2 ], 3 ], [ [ 2, 2, 2, 2, 2, 2, 2, 2, 2, 2, 2, 2 ], 3 ], [ [ 2, 2, 2, 2, 2, 2, 2, 2, 2, 2, 2, 2 ], 3 ], [ [ 2, 2, 2, 2, 2, 2, 2, 2, 2, 2, 2, 2 ], 3 ], [ [ 2, 2, 2, 2, 2, 2, 2, 2, 4, 4 ], 12 ], [ [ 2, 2, 2, 2, 2, 2, 2, 2, 4, 4 ], 12 ], [ [ 2, 2, 2, 2, 2, 2, 2, 2, 4, 4 ], 12 ], [ [ 2, 2, 2, 2, 2, 2, 2, 2, 4, 4 ], 12 ], [ [ 4, 4, 4, 4, 4, 4 ], 12 ], [ [ 4, 4, 4, 4, 4, 4 ], 12 ], [ [ 4, 4, 4, 4, 4, 4 ], 12 ], [ [ 4, 4, 4, 4, 4, 4 ], 12 ], [ [ 2, 2, 2, 2, 4, 4, 4, 4 ], 12 ], [ [ 2, 2, 2, 2, 4, 4, 4, 4 ], 12 ], [ [ 2, 2, 2, 2, 4, 4, 4, 4 ], 12 ], [ [ 2, 2, 2, 2, 4, 4, 4, 4 ], 12 ], [ [ 4, 4, 4, 4, 4, 4 ], 12 ], [ [ 4, 4, 4, 4, 4, 4 ], 12 ], [ [ 4, 4, 4, 4, 4, 4 ], 12 ], [ [ 4, 4, 4, 4, 4, 4 ], 12 ], [ [ 6, 6, 6, 6 ], 32 ], [ [ 3, 3, 3, 3, 3, 3, 3, 3 ], 32 ], [ [ 6, 6, 6, 6 ], 32 ], [ [ 6, 6, 6, 6 ], 32 ], [ [ 2, 2, 2, 2, 2, 2, 2, 2, 2, 2, 2, 2 ], 1 ], [ [ 2, 2, 2, 2, 2, 2, 2, 2, 2, 2, 2, 2 ], 1 ] ]
1133|384|[ 384, 20099 ]|[ [ [ 1, 1, 1, 1, 1, 1, 1, 1, 1, 1, 1, 1, 1, 1, 1, 1, 1, 1, 1, 1, 1, 1, 1, 1 ], 1 ], [ [ 1, 1, 1, 1, 1, 1, 1, 1, 1, 1, 1, 1, 1, 1, 1, 1, 2, 2, 2, 2 ], 3 ], [ [ 1, 1, 1, 1, 1, 1, 1, 1, 2, 2, 2, 2, 2, 2, 2, 2 ], 3 ], [ [ 1, 1, 1, 1, 1, 1, 1, 1, 2, 2, 2, 2, 2, 2, 2, 2 ], 3 ], [ [ 1, 1, 1, 1, 1, 1, 1, 1, 2, 2, 2, 2, 2, 2, 2, 2 ], 3 ], [ [ 1, 1, 1, 1, 1, 1, 1, 1, 2, 2, 2, 2, 2, 2, 2, 2 ], 6 ], [ [ 1, 1, 1, 1, 1, 1, 1, 1, 2, 2, 2, 2, 2, 2, 2, 2 ], 6 ], [ [ 1, 1, 1, 1, 1, 1, 1, 1, 2, 2, 2, 2, 2, 2, 2, 2 ], 3 ], [ [ 1, 1, 1, 1, 1, 1, 1, 1, 2, 2, 2, 2, 2, 2, 2, 2 ], 3 ], [ [ 1, 1, 1, 1, 1, 1, 1, 1, 2, 2, 2, 2, 2, 2, 2, 2 ], 3 ], [ [ 1, 1, 1, 1, 1, 1, 1, 1, 2, 2, 2, 2, 2, 2, 2, 2 ], 6 ], [ [ 1, 1, 1, 1, 1, 1, 1, 1, 2, 2, 2, 2, 2, 2, 2, 2 ], 3 ], [ [ 2, 2, 2, 2, 2, 2, 2, 2, 2, 2, 2, 2 ], 1 ], [ [ 2, 2, 2, 2, 2, 2, 2, 2, 2, 2, 2, 2 ], 3 ], [ [ 2, 2, 2, 2, 2, 2, 2, 2, 2, 2, 2, 2 ], 3 ], [ [ 2, 2, 2, 2, 2, 2, 2, 2, 2, 2, 2, 2 ], 6 ], [ [ 2, 2, 2, 2, 2, 2, 2, 2, 2, 2, 2, 2 ], 3 ], [ [ 2, 2, 2, 2, 2, 2, 2, 2, 2, 2, 2, 2 ], 3 ], [ [ 2, 2, 2, 2, 2, 2, 2, 2, 4, 4 ], 12 ], [ [ 2, 2, 2, 2, 2, 2, 2, 2, 4, 4 ], 12 ], [ [ 2, 2, 2, 2, 2, 2, 2, 2, 4, 4 ], 12 ], [ [ 2, 2, 2, 2, 2, 2, 2, 2, 4, 4 ], 12 ], [ [ 2, 2, 2, 2, 4, 4, 4, 4 ], 12 ], [ [ 2, 2, 2, 2, 4, 4, 4, 4 ], 12 ], [ [ 2, 2, 2, 2, 4, 4, 4, 4 ], 12 ], [ [ 2, 2, 2, 2, 4, 4, 4, 4 ], 12 ], [ [ 2, 2, 2, 2, 4, 4, 4, 4 ], 12 ], [ [ 2, 2, 2, 2, 4, 4, 4, 4 ], 12 ], [ [ 2, 2, 2, 2, 4, 4, 4, 4 ], 12 ], [ [ 2, 2, 2, 2, 4, 4, 4, 4 ], 12 ], [ [ 4, 4, 4, 4, 4, 4 ], 12 ], [ [ 4, 4, 4, 4, 4, 4 ], 12 ], [ [ 4, 4, 4, 4, 4, 4 ], 12 ], [ [ 4, 4, 4, 4, 4, 4 ], 12 ], [ [ 6, 6, 6, 6 ], 32 ], [ [ 6, 6, 6, 6 ], 32 ], [ [ 3, 3, 3, 3, 3, 3, 3, 3 ], 32 ], [ [ 6, 6, 6, 6 ], 32 ], [ [ 2, 2, 2, 2, 2, 2, 2, 2, 2, 2, 2, 2 ], 1 ], [ [ 2, 2, 2, 2, 2, 2, 2, 2, 2, 2, 2, 2 ], 1 ] ]
1134|384|[ 384, 20099 ]|[ [ [ 1, 1, 1, 1, 1, 1, 1, 1, 1, 1, 1, 1, 1, 1, 1, 1, 1, 1, 1, 1, 1, 1, 1, 1 ], 1 ], [ [ 1, 1, 1, 1, 1, 1, 1, 1, 1, 1, 1, 1, 1, 1, 1, 1, 2, 2, 2, 2 ], 3 ], [ [ 1, 1, 1, 1, 1, 1, 1, 1, 1, 1, 1, 1, 1, 1, 1, 1, 2, 2, 2, 2 ], 6 ], [ [ 1, 1, 1, 1, 1, 1, 1, 1, 1, 1, 1, 1, 1, 1, 1, 1, 2, 2, 2, 2 ], 3 ], [ [ 1, 1, 1, 1, 1, 1, 1, 1, 1, 1, 1, 1, 1, 1, 1, 1, 2, 2, 2, 2 ], 3 ], [ [ 1, 1, 1, 1, 1, 1, 1, 1, 2, 2, 2, 2, 2, 2, 2, 2 ], 3 ], [ [ 1, 1, 1, 1, 1, 1, 1, 1, 2, 2, 2, 2, 2, 2, 2, 2 ], 6 ], [ [ 1, 1, 1, 1, 1, 1, 1, 1, 2, 2, 2, 2, 2, 2, 2, 2 ], 3 ], [ [ 1, 1, 1, 1, 1, 1, 1, 1, 2, 2, 2, 2, 2, 2, 2, 2 ], 3 ], [ [ 2, 2, 2, 2, 2, 2, 2, 2, 2, 2, 2, 2 ], 1 ], [ [ 2, 2, 2, 2, 2, 2, 2, 2, 2, 2, 2, 2 ], 3 ], [ [ 2, 2, 2, 2, 2, 2, 2, 2, 2, 2, 2, 2 ], 6 ], [ [ 2, 2, 2, 2, 2, 2, 2, 2, 2, 2, 2, 2 ], 3 ], [ [ 2, 2, 2, 2, 2, 2, 2, 2, 2, 2, 2, 2 ], 3 ], [ [ 2, 2, 2, 2, 2, 2, 2, 2, 2, 2, 2, 2 ], 3 ], [ [ 2, 2, 2, 2, 2, 2, 2, 2, 2, 2, 2, 2 ], 6 ], [ [ 2, 2, 2, 2, 2, 2, 2, 2, 2, 2, 2, 2 ], 3 ], [ [ 2, 2, 2, 2, 2, 2, 2, 2, 2, 2, 2, 2 ], 3 ], [ [ 2, 2, 2, 2, 2, 2, 2, 2, 4, 4 ], 12 ], [ [ 2, 2, 2, 2, 2, 2, 2, 2, 4, 4 ], 12 ], [ [ 2, 2, 2, 2, 2, 2, 2, 2, 4, 4 ], 12 ], [ [ 2, 2, 2, 2, 2, 2, 2, 2, 4, 4 ], 12 ], [ [ 2, 2, 2, 2, 2, 2, 2, 2, 4, 4 ], 12 ], [ [ 4, 4, 4, 4, 4, 4 ], 12 ], [ [ 4, 4, 4, 4, 4, 4 ], 12 ], [ [ 2, 2, 2, 2, 2, 2, 2, 2, 4, 4 ], 12 ], [ [ 2, 2, 2, 2, 2, 2, 2, 2, 4, 4 ], 12 ], [ [ 2, 2, 2, 2, 2, 2, 2, 2, 4, 4 ], 12 ], [ [ 2, 2, 2, 2, 2, 2, 2, 2, 4, 4 ], 12 ], [ [ 2, 2, 2, 2, 2, 2, 2, 2, 4, 4 ], 12 ], [ [ 2, 2, 2, 2, 2, 2, 2, 2, 4, 4 ], 12 ], [ [ 4, 4, 4, 4, 4, 4 ], 12 ], [ [ 4, 4, 4, 4, 4, 4 ], 12 ], [ [ 2, 2, 2, 2, 2, 2, 2, 2, 4, 4 ], 12 ], [ [ 3, 3, 3, 3, 3, 3, 3, 3 ], 32 ], [ [ 6, 6, 6, 6 ], 32 ], [ [ 6, 6, 6, 6 ], 32 ], [ [ 6, 6, 6, 6 ], 32 ], [ [ 2, 2, 2, 2, 2, 2, 2, 2, 2, 2, 2, 2 ], 1 ], [ [ 2, 2, 2, 2, 2, 2, 2, 2, 2, 2, 2, 2 ], 1 ] ]
1135|384|[ 384, 5656 ]|[ [ [ 1, 1, 1, 1, 1, 1, 1, 1, 1, 1, 1, 1, 1, 1, 1, 1, 1, 1, 1, 1, 1, 1, 1, 1 ], 1 ], [ [ 1, 1, 1, 1, 1, 1, 1, 1, 2, 2, 2, 2, 2, 2, 2, 2 ], 6 ], [ [ 1, 1, 1, 1, 1, 1, 1, 1, 1, 1, 1, 1, 2, 2, 2, 2, 2, 2 ], 6 ], [ [ 1, 1, 1, 1, 2, 2, 2, 2, 2, 2, 2, 2, 2, 2 ], 6 ], [ [ 1, 1, 1, 1, 1, 1, 1, 1, 2, 2, 2, 2, 2, 2, 2, 2 ], 3 ], [ [ 1, 1, 1, 1, 2, 2, 4, 4, 4, 4 ], 12 ], [ [ 1, 1, 2, 4, 4, 4, 4, 4 ], 24 ], [ [ 1, 1, 2, 4, 4, 4, 4, 4 ], 24 ], [ [ 1, 1, 1, 1, 2, 2, 4, 4, 4, 4 ], 12 ], [ [ 2, 2, 2, 2, 2, 2, 2, 2, 2, 2, 2, 2 ], 1 ], [ [ 2, 2, 2, 2, 2, 2, 2, 2, 2, 2, 2, 2 ], 6 ], [ [ 2, 2, 2, 2, 2, 2, 2, 2, 2, 2, 2, 2 ], 3 ], [ [ 2, 2, 2, 2, 4, 4, 4, 4 ], 24 ], [ [ 2, 2, 2, 2, 4, 4, 4, 4 ], 24 ], [ [ 4, 4, 4, 4, 4, 4 ], 12 ], [ [ 4, 4, 4, 4, 4, 4 ], 12 ], [ [ 6, 6, 6, 6 ], 32 ], [ [ 6, 6, 6, 6 ], 32 ], [ [ 2, 2, 2, 2, 4, 4, 4, 4 ], 12 ], [ [ 2, 2, 2, 2, 4, 4, 4, 4 ], 12 ], [ [ 4, 4, 4, 4, 4, 4 ], 12 ], [ [ 3, 3, 3, 3, 3, 3, 3, 3 ], 32 ], [ [ 6, 6, 6, 6 ], 32 ], [ [ 4, 4, 4, 4, 4, 4 ], 12 ], [ [ 4, 4, 4, 4, 4, 4 ], 12 ], [ [ 4, 4, 4, 4, 4, 4 ], 12 ], [ [ 2, 2, 2, 2, 2, 2, 2, 2, 2, 2, 2, 2 ], 4 ], [ [ 2, 2, 2, 2, 2, 2, 2, 2, 2, 2, 2, 2 ], 4 ] ]
1136|384|[ 384, 5566 ]|[ [ [ 1, 1, 1, 1, 1, 1, 1, 1, 1, 1, 1, 1, 1, 1, 1, 1, 1, 1, 1, 1, 1, 1, 1, 1 ], 1 ], [ [ 1, 1, 1, 1, 1, 1, 1, 1, 2, 2, 2, 2, 2, 2, 2, 2 ], 6 ], [ [ 1, 1, 1, 1, 1, 1, 1, 1, 1, 1, 1, 1, 2, 2, 2, 2, 2, 2 ], 6 ], [ [ 1, 1, 1, 1, 2, 2, 2, 2, 2, 2, 2, 2, 2, 2 ], 6 ], [ [ 1, 1, 1, 1, 1, 1, 1, 1, 2, 2, 2, 2, 2, 2, 2, 2 ], 3 ], [ [ 1, 1, 1, 1, 2, 2, 4, 4, 4, 4 ], 12 ], [ [ 1, 1, 2, 4, 4, 4, 4, 4 ], 24 ], [ [ 1, 1, 2, 4, 4, 4, 4, 4 ], 24 ], [ [ 1, 1, 1, 1, 2, 2, 4, 4, 4, 4 ], 12 ], [ [ 2, 2, 2, 2, 2, 2, 2, 2, 2, 2, 2, 2 ], 1 ], [ [ 2, 2, 2, 2, 2, 2, 2, 2, 2, 2, 2, 2 ], 6 ], [ [ 2, 2, 2, 2, 2, 2, 2, 2, 2, 2, 2, 2 ], 3 ], [ [ 2, 2, 2, 2, 2, 2, 2, 2, 2, 2, 2, 2 ], 12 ], [ [ 2, 2, 2, 2, 2, 2, 2, 2, 2, 2, 2, 2 ], 12 ], [ [ 4, 4, 4, 4, 4, 4 ], 24 ], [ [ 4, 4, 4, 4, 4, 4 ], 24 ], [ [ 12, 12 ], 32 ], [ [ 12, 12 ], 32 ], [ [ 4, 4, 4, 4, 4, 4 ], 12 ], [ [ 4, 4, 4, 4, 4, 4 ], 12 ], [ [ 4, 4, 4, 4, 4, 4 ], 12 ], [ [ 3, 3, 3, 3, 3, 3, 3, 3 ], 32 ], [ [ 6, 6, 6, 6 ], 32 ], [ [ 4, 4, 4, 4, 4, 4 ], 12 ], [ [ 2, 2, 2, 2, 4, 4, 4, 4 ], 12 ], [ [ 4, 4, 4, 4, 4, 4 ], 4 ], [ [ 2, 2, 2, 2, 4, 4, 4, 4 ], 12 ], [ [ 4, 4, 4, 4, 4, 4 ], 4 ] ]
1137|384|[ 384, 5657 ]|[ [ [ 1, 1, 1, 1, 1, 1, 1, 1, 1, 1, 1, 1, 1, 1, 1, 1, 1, 1, 1, 1, 1, 1, 1, 1 ], 1 ], [ [ 1, 1, 1, 1, 1, 1, 1, 1, 2, 2, 2, 2, 2, 2, 2, 2 ], 6 ], [ [ 1, 1, 1, 1, 1, 1, 1, 1, 1, 1, 1, 1, 2, 2, 2, 2, 2, 2 ], 6 ], [ [ 1, 1, 1, 1, 2, 2, 2, 2, 2, 2, 2, 2, 2, 2 ], 6 ], [ [ 1, 1, 1, 1, 1, 1, 1, 1, 2, 2, 2, 2, 2, 2, 2, 2 ], 3 ], [ [ 1, 1, 2, 4, 4, 4, 4, 4 ], 24 ], [ [ 1, 1, 1, 1, 2, 2, 4, 4, 4, 4 ], 24 ], [ [ 1, 1, 2, 4, 4, 4, 4, 4 ], 24 ], [ [ 2, 2, 2, 2, 2, 2, 2, 2, 2, 2, 2, 2 ], 1 ], [ [ 2, 2, 2, 2, 2, 2, 2, 2, 2, 2, 2, 2 ], 6 ], [ [ 2, 2, 2, 2, 2, 2, 2, 2, 2, 2, 2, 2 ], 3 ], [ [ 2, 2, 2, 2, 2, 2, 2, 2, 2, 2, 2, 2 ], 24 ], [ [ 4, 4, 4, 4, 4, 4 ], 24 ], [ [ 4, 4, 4, 4, 4, 4 ], 24 ], [ [ 6, 6, 6, 6 ], 32 ], [ [ 6, 6, 6, 6 ], 32 ], [ [ 4, 4, 4, 4, 4, 4 ], 24 ], [ [ 4, 4, 4, 4, 4, 4 ], 24 ], [ [ 3, 3, 3, 3, 3, 3, 3, 3 ], 32 ], [ [ 6, 6, 6, 6 ], 32 ], [ [ 4, 4, 4, 4, 4, 4 ], 24 ], [ [ 2, 2, 2, 2, 2, 2, 2, 2, 2, 2, 2, 2 ], 8 ] ]
1138|384|[ 384, 5565 ]|[ [ [ 1, 1, 1, 1, 1, 1, 1, 1, 1, 1, 1, 1, 1, 1, 1, 1, 1, 1, 1, 1, 1, 1, 1, 1 ], 1 ], [ [ 1, 1, 1, 1, 1, 1, 1, 1, 2, 2, 2, 2, 2, 2, 2, 2 ], 6 ], [ [ 1, 1, 1, 1, 1, 1, 1, 1, 1, 1, 1, 1, 2, 2, 2, 2, 2, 2 ], 6 ], [ [ 1, 1, 1, 1, 2, 2, 2, 2, 2, 2, 2, 2, 2, 2 ], 6 ], [ [ 1, 1, 1, 1, 1, 1, 1, 1, 2, 2, 2, 2, 2, 2, 2, 2 ], 3 ], [ [ 1, 1, 2, 4, 4, 4, 4, 4 ], 24 ], [ [ 1, 1, 1, 1, 2, 2, 4, 4, 4, 4 ], 24 ], [ [ 1, 1, 2, 4, 4, 4, 4, 4 ], 24 ], [ [ 2, 2, 2, 2, 2, 2, 2, 2, 2, 2, 2, 2 ], 1 ], [ [ 2, 2, 2, 2, 2, 2, 2, 2, 2, 2, 2, 2 ], 6 ], [ [ 2, 2, 2, 2, 2, 2, 2, 2, 2, 2, 2, 2 ], 3 ], [ [ 2, 2, 2, 2, 4, 4, 4, 4 ], 24 ], [ [ 2, 2, 2, 2, 4, 4, 4, 4 ], 24 ], [ [ 4, 4, 4, 4, 4, 4 ], 24 ], [ [ 12, 12 ], 32 ], [ [ 12, 12 ], 32 ], [ [ 2, 2, 2, 2, 4, 4, 4, 4 ], 24 ], [ [ 4, 4, 4, 4, 4, 4 ], 24 ], [ [ 3, 3, 3, 3, 3, 3, 3, 3 ], 32 ], [ [ 6, 6, 6, 6 ], 32 ], [ [ 2, 2, 2, 2, 4, 4, 4, 4 ], 24 ], [ [ 4, 4, 4, 4, 4, 4 ], 8 ] ]
1139|384|[ 384, 5657 ]|[ [ [ 1, 1, 1, 1, 1, 1, 1, 1, 1, 1, 1, 1, 1, 1, 1, 1, 1, 1, 1, 1, 1, 1, 1, 1 ], 1 ], [ [ 1, 1, 1, 1, 1, 1, 1, 1, 1, 1, 1, 1, 2, 2, 2, 2, 2, 2 ], 6 ], [ [ 1, 1, 1, 1, 1, 1, 1, 1, 2, 2, 2, 2, 2, 2, 2, 2 ], 6 ], [ [ 1, 1, 1, 1, 2, 2, 2, 2, 2, 2, 2, 2, 2, 2 ], 6 ], [ [ 1, 1, 1, 1, 1, 1, 1, 1, 2, 2, 2, 2, 2, 2, 2, 2 ], 3 ], [ [ 1, 1, 1, 1, 2, 2, 4, 4, 4, 4 ], 24 ], [ [ 1, 1, 2, 2, 2, 2, 2, 4, 4, 4 ], 24 ], [ [ 1, 1, 2, 2, 2, 2, 2, 4, 4, 4 ], 24 ], [ [ 2, 2, 2, 2, 2, 2, 2, 2, 2, 2, 2, 2 ], 1 ], [ [ 2, 2, 2, 2, 2, 2, 2, 2, 2, 2, 2, 2 ], 6 ], [ [ 2, 2, 2, 2, 2, 2, 2, 2, 2, 2, 2, 2 ], 3 ], [ [ 2, 2, 2, 2, 2, 2, 2, 2, 2, 2, 2, 2 ], 24 ], [ [ 2, 2, 2, 2, 4, 4, 4, 4 ], 24 ], [ [ 6, 6, 6, 6 ], 32 ], [ [ 6, 6, 6, 6 ], 32 ], [ [ 4, 4, 4, 4, 4, 4 ], 24 ], [ [ 2, 2, 2, 2, 4, 4, 4, 4 ], 24 ], [ [ 4, 4, 4, 4, 4, 4 ], 24 ], [ [ 6, 6, 6, 6 ], 32 ], [ [ 3, 3, 3, 3, 3, 3, 3, 3 ], 32 ], [ [ 4, 4, 4, 4, 4, 4 ], 24 ], [ [ 2, 2, 2, 2, 2, 2, 2, 2, 2, 2, 2, 2 ], 8 ] ]
1140|384|[ 384, 5565 ]|[ [ [ 1, 1, 1, 1, 1, 1, 1, 1, 1, 1, 1, 1, 1, 1, 1, 1, 1, 1, 1, 1, 1, 1, 1, 1 ], 1 ], [ [ 1, 1, 1, 1, 1, 1, 1, 1, 1, 1, 1, 1, 2, 2, 2, 2, 2, 2 ], 6 ], [ [ 1, 1, 1, 1, 1, 1, 1, 1, 2, 2, 2, 2, 2, 2, 2, 2 ], 6 ], [ [ 1, 1, 1, 1, 2, 2, 2, 2, 2, 2, 2, 2, 2, 2 ], 6 ], [ [ 1, 1, 1, 1, 1, 1, 1, 1, 2, 2, 2, 2, 2, 2, 2, 2 ], 3 ], [ [ 1, 1, 1, 1, 2, 2, 4, 4, 4, 4 ], 24 ], [ [ 1, 1, 2, 2, 2, 2, 2, 4, 4, 4 ], 24 ], [ [ 1, 1, 2, 2, 2, 2, 2, 4, 4, 4 ], 24 ], [ [ 2, 2, 2, 2, 2, 2, 2, 2, 2, 2, 2, 2 ], 1 ], [ [ 2, 2, 2, 2, 2, 2, 2, 2, 2, 2, 2, 2 ], 6 ], [ [ 2, 2, 2, 2, 2, 2, 2, 2, 2, 2, 2, 2 ], 3 ], [ [ 4, 4, 4, 4, 4, 4 ], 24 ], [ [ 4, 4, 4, 4, 4, 4 ], 24 ], [ [ 12, 12 ], 32 ], [ [ 12, 12 ], 32 ], [ [ 2, 2, 2, 2, 4, 4, 4, 4 ], 24 ], [ [ 4, 4, 4, 4, 4, 4 ], 24 ], [ [ 4, 4, 4, 4, 4, 4 ], 24 ], [ [ 6, 6, 6, 6 ], 32 ], [ [ 3, 3, 3, 3, 3, 3, 3, 3 ], 32 ], [ [ 2, 2, 2, 2, 4, 4, 4, 4 ], 24 ], [ [ 4, 4, 4, 4, 4, 4 ], 8 ] ]
1141|384|[ 384, 5656 ]|[ [ [ 1, 1, 1, 1, 1, 1, 1, 1, 1, 1, 1, 1, 1, 1, 1, 1, 1, 1, 1, 1, 1, 1, 1, 1 ], 1 ], [ [ 1, 1, 1, 1, 1, 1, 1, 1, 1, 1, 1, 1, 2, 2, 2, 2, 2, 2 ], 6 ], [ [ 1, 1, 1, 1, 1, 1, 1, 1, 2, 2, 2, 2, 2, 2, 2, 2 ], 6 ], [ [ 1, 1, 1, 1, 2, 2, 2, 2, 2, 2, 2, 2, 2, 2 ], 6 ], [ [ 1, 1, 1, 1, 1, 1, 1, 1, 2, 2, 2, 2, 2, 2, 2, 2 ], 3 ], [ [ 1, 1, 1, 1, 2, 2, 4, 4, 4, 4 ], 12 ], [ [ 1, 1, 2, 2, 2, 2, 2, 4, 4, 4 ], 24 ], [ [ 1, 1, 1, 1, 2, 2, 4, 4, 4, 4 ], 12 ], [ [ 1, 1, 2, 2, 2, 2, 2, 4, 4, 4 ], 24 ], [ [ 2, 2, 2, 2, 2, 2, 2, 2, 2, 2, 2, 2 ], 1 ], [ [ 2, 2, 2, 2, 2, 2, 2, 2, 2, 2, 2, 2 ], 6 ], [ [ 2, 2, 2, 2, 2, 2, 2, 2, 2, 2, 2, 2 ], 3 ], [ [ 4, 4, 4, 4, 4, 4 ], 12 ], [ [ 4, 4, 4, 4, 4, 4 ], 24 ], [ [ 6, 6, 6, 6 ], 32 ], [ [ 6, 6, 6, 6 ], 32 ], [ [ 4, 4, 4, 4, 4, 4 ], 24 ], [ [ 2, 2, 2, 2, 4, 4, 4, 4 ], 12 ], [ [ 4, 4, 4, 4, 4, 4 ], 12 ], [ [ 2, 2, 2, 2, 4, 4, 4, 4 ], 12 ], [ [ 4, 4, 4, 4, 4, 4 ], 12 ], [ [ 4, 4, 4, 4, 4, 4 ], 12 ], [ [ 6, 6, 6, 6 ], 32 ], [ [ 3, 3, 3, 3, 3, 3, 3, 3 ], 32 ], [ [ 4, 4, 4, 4, 4, 4 ], 12 ], [ [ 4, 4, 4, 4, 4, 4 ], 12 ], [ [ 2, 2, 2, 2, 2, 2, 2, 2, 2, 2, 2, 2 ], 4 ], [ [ 2, 2, 2, 2, 2, 2, 2, 2, 2, 2, 2, 2 ], 4 ] ]
1142|384|[ 384, 5566 ]|[ [ [ 1, 1, 1, 1, 1, 1, 1, 1, 1, 1, 1, 1, 1, 1, 1, 1, 1, 1, 1, 1, 1, 1, 1, 1 ], 1 ], [ [ 1, 1, 1, 1, 1, 1, 1, 1, 1, 1, 1, 1, 2, 2, 2, 2, 2, 2 ], 6 ], [ [ 1, 1, 1, 1, 1, 1, 1, 1, 2, 2, 2, 2, 2, 2, 2, 2 ], 6 ], [ [ 1, 1, 1, 1, 2, 2, 2, 2, 2, 2, 2, 2, 2, 2 ], 6 ], [ [ 1, 1, 1, 1, 1, 1, 1, 1, 2, 2, 2, 2, 2, 2, 2, 2 ], 3 ], [ [ 1, 1, 1, 1, 2, 2, 4, 4, 4, 4 ], 12 ], [ [ 1, 1, 2, 2, 2, 2, 2, 4, 4, 4 ], 24 ], [ [ 1, 1, 1, 1, 2, 2, 4, 4, 4, 4 ], 12 ], [ [ 1, 1, 2, 2, 2, 2, 2, 4, 4, 4 ], 24 ], [ [ 2, 2, 2, 2, 2, 2, 2, 2, 2, 2, 2, 2 ], 1 ], [ [ 2, 2, 2, 2, 2, 2, 2, 2, 2, 2, 2, 2 ], 6 ], [ [ 2, 2, 2, 2, 2, 2, 2, 2, 2, 2, 2, 2 ], 3 ], [ [ 2, 2, 2, 2, 2, 2, 2, 2, 2, 2, 2, 2 ], 12 ], [ [ 2, 2, 2, 2, 4, 4, 4, 4 ], 24 ], [ [ 12, 12 ], 32 ], [ [ 12, 12 ], 32 ], [ [ 2, 2, 2, 2, 4, 4, 4, 4 ], 24 ], [ [ 4, 4, 4, 4, 4, 4 ], 12 ], [ [ 2, 2, 2, 2, 2, 2, 2, 2, 2, 2, 2, 2 ], 12 ], [ [ 4, 4, 4, 4, 4, 4 ], 12 ], [ [ 4, 4, 4, 4, 4, 4 ], 12 ], [ [ 4, 4, 4, 4, 4, 4 ], 12 ], [ [ 6, 6, 6, 6 ], 32 ], [ [ 3, 3, 3, 3, 3, 3, 3, 3 ], 32 ], [ [ 2, 2, 2, 2, 4, 4, 4, 4 ], 12 ], [ [ 2, 2, 2, 2, 4, 4, 4, 4 ], 12 ], [ [ 4, 4, 4, 4, 4, 4 ], 4 ], [ [ 4, 4, 4, 4, 4, 4 ], 4 ] ]
1143|384|[ 384, 17948 ]|[ [ [ 1, 1, 1, 1, 1, 1, 1, 1, 1, 1, 1, 1, 1, 1, 1, 1, 1, 1, 1, 1, 1, 1, 1, 1 ], 1 ], [ [ 1, 1, 1, 1, 1, 1, 1, 1, 2, 2, 2, 2, 2, 2, 2, 2 ], 6 ], [ [ 1, 1, 1, 1, 1, 1, 1, 1, 1, 1, 1, 1, 2, 2, 2, 2, 2, 2 ], 6 ], [ [ 1, 1, 1, 1, 2, 2, 2, 2, 2, 2, 2, 2, 2, 2 ], 6 ], [ [ 1, 1, 1, 1, 1, 1, 1, 1, 2, 2, 2, 2, 2, 2, 2, 2 ], 3 ], [ [ 1, 1, 1, 1, 2, 2, 2, 2, 2, 2, 2, 2, 2, 2 ], 12 ], [ [ 1, 1, 2, 2, 2, 2, 2, 4, 4, 4 ], 24 ], [ [ 1, 1, 2, 2, 2, 2, 2, 4, 4, 4 ], 24 ], [ [ 1, 1, 1, 1, 2, 2, 2, 2, 2, 2, 2, 2, 2, 2 ], 12 ], [ [ 2, 2, 2, 2, 2, 2, 2, 2, 2, 2, 2, 2 ], 1 ], [ [ 2, 2, 2, 2, 2, 2, 2, 2, 2, 2, 2, 2 ], 6 ], [ [ 2, 2, 2, 2, 2, 2, 2, 2, 2, 2, 2, 2 ], 3 ], [ [ 2, 2, 2, 2, 2, 2, 2, 2, 2, 2, 2, 2 ], 12 ], [ [ 2, 2, 2, 2, 2, 2, 2, 2, 2, 2, 2, 2 ], 12 ], [ [ 4, 4, 4, 4, 4, 4 ], 24 ], [ [ 4, 4, 4, 4, 4, 4 ], 24 ], [ [ 6, 6, 6, 6 ], 32 ], [ [ 6, 6, 6, 6 ], 32 ], [ [ 4, 4, 4, 4, 4, 4 ], 12 ], [ [ 4, 4, 4, 4, 4, 4 ], 12 ], [ [ 4, 4, 4, 4, 4, 4 ], 12 ], [ [ 3, 3, 3, 3, 3, 3, 3, 3 ], 32 ], [ [ 6, 6, 6, 6 ], 32 ], [ [ 4, 4, 4, 4, 4, 4 ], 12 ], [ [ 4, 4, 4, 4, 4, 4 ], 12 ], [ [ 4, 4, 4, 4, 4, 4 ], 12 ], [ [ 2, 2, 2, 2, 2, 2, 2, 2, 2, 2, 2, 2 ], 4 ], [ [ 2, 2, 2, 2, 2, 2, 2, 2, 2, 2, 2, 2 ], 4 ] ]
1144|384|[ 384, 17948 ]|[ [ [ 1, 1, 1, 1, 1, 1, 1, 1, 1, 1, 1, 1, 1, 1, 1, 1, 1, 1, 1, 1, 1, 1, 1, 1 ], 1 ], [ [ 1, 1, 1, 1, 1, 1, 1, 1, 1, 1, 1, 1, 2, 2, 2, 2, 2, 2 ], 6 ], [ [ 1, 1, 1, 1, 1, 1, 1, 1, 2, 2, 2, 2, 2, 2, 2, 2 ], 6 ], [ [ 1, 1, 1, 1, 2, 2, 2, 2, 2, 2, 2, 2, 2, 2 ], 6 ], [ [ 1, 1, 1, 1, 1, 1, 1, 1, 2, 2, 2, 2, 2, 2, 2, 2 ], 3 ], [ [ 1, 1, 1, 1, 2, 2, 2, 2, 2, 2, 2, 2, 2, 2 ], 12 ], [ [ 1, 1, 2, 4, 4, 4, 4, 4 ], 24 ], [ [ 1, 1, 1, 1, 2, 2, 2, 2, 2, 2, 2, 2, 2, 2 ], 12 ], [ [ 1, 1, 2, 4, 4, 4, 4, 4 ], 24 ], [ [ 2, 2, 2, 2, 2, 2, 2, 2, 2, 2, 2, 2 ], 1 ], [ [ 2, 2, 2, 2, 2, 2, 2, 2, 2, 2, 2, 2 ], 6 ], [ [ 2, 2, 2, 2, 2, 2, 2, 2, 2, 2, 2, 2 ], 3 ], [ [ 2, 2, 2, 2, 4, 4, 4, 4 ], 24 ], [ [ 2, 2, 2, 2, 2, 2, 2, 2, 2, 2, 2, 2 ], 12 ], [ [ 6, 6, 6, 6 ], 32 ], [ [ 6, 6, 6, 6 ], 32 ], [ [ 4, 4, 4, 4, 4, 4 ], 12 ], [ [ 2, 2, 2, 2, 4, 4, 4, 4 ], 24 ], [ [ 2, 2, 2, 2, 2, 2, 2, 2, 2, 2, 2, 2 ], 12 ], [ [ 4, 4, 4, 4, 4, 4 ], 12 ], [ [ 4, 4, 4, 4, 4, 4 ], 12 ], [ [ 4, 4, 4, 4, 4, 4 ], 12 ], [ [ 6, 6, 6, 6 ], 32 ], [ [ 3, 3, 3, 3, 3, 3, 3, 3 ], 32 ], [ [ 4, 4, 4, 4, 4, 4 ], 12 ], [ [ 4, 4, 4, 4, 4, 4 ], 12 ], [ [ 2, 2, 2, 2, 2, 2, 2, 2, 2, 2, 2, 2 ], 4 ], [ [ 2, 2, 2, 2, 2, 2, 2, 2, 2, 2, 2, 2 ], 4 ] ]
1145|384|[ 384, 5566 ]|[ [ [ 1, 1, 1, 1, 1, 1, 1, 1, 1, 1, 1, 1, 1, 1, 1, 1, 1, 1, 1, 1, 1, 1, 1, 1 ], 1 ], [ [ 1, 1, 1, 1, 1, 1, 1, 1, 2, 2, 2, 2, 2, 2, 2, 2 ], 6 ], [ [ 1, 1, 1, 1, 1, 1, 1, 1, 1, 1, 1, 1, 2, 2, 2, 2, 2, 2 ], 6 ], [ [ 1, 1, 1, 1, 2, 2, 2, 2, 2, 2, 2, 2, 2, 2 ], 6 ], [ [ 1, 1, 1, 1, 1, 1, 1, 1, 2, 2, 2, 2, 2, 2, 2, 2 ], 3 ], [ [ 1, 1, 1, 1, 2, 2, 2, 2, 2, 2, 2, 2, 2, 2 ], 12 ], [ [ 1, 1, 2, 2, 2, 2, 2, 4, 4, 4 ], 24 ], [ [ 1, 1, 2, 2, 2, 2, 2, 4, 4, 4 ], 24 ], [ [ 1, 1, 1, 1, 2, 2, 2, 2, 2, 2, 2, 2, 2, 2 ], 12 ], [ [ 2, 2, 2, 2, 2, 2, 2, 2, 2, 2, 2, 2 ], 1 ], [ [ 2, 2, 2, 2, 2, 2, 2, 2, 2, 2, 2, 2 ], 6 ], [ [ 2, 2, 2, 2, 2, 2, 2, 2, 2, 2, 2, 2 ], 3 ], [ [ 2, 2, 2, 2, 4, 4, 4, 4 ], 24 ], [ [ 2, 2, 2, 2, 4, 4, 4, 4 ], 24 ], [ [ 4, 4, 4, 4, 4, 4 ], 12 ], [ [ 4, 4, 4, 4, 4, 4 ], 12 ], [ [ 12, 12 ], 32 ], [ [ 12, 12 ], 32 ], [ [ 2, 2, 2, 2, 4, 4, 4, 4 ], 12 ], [ [ 2, 2, 2, 2, 4, 4, 4, 4 ], 12 ], [ [ 4, 4, 4, 4, 4, 4 ], 12 ], [ [ 3, 3, 3, 3, 3, 3, 3, 3 ], 32 ], [ [ 6, 6, 6, 6 ], 32 ], [ [ 4, 4, 4, 4, 4, 4 ], 12 ], [ [ 2, 2, 2, 2, 4, 4, 4, 4 ], 12 ], [ [ 4, 4, 4, 4, 4, 4 ], 4 ], [ [ 2, 2, 2, 2, 4, 4, 4, 4 ], 12 ], [ [ 4, 4, 4, 4, 4, 4 ], 4 ] ]
1146|384|[ 384, 5566 ]|[ [ [ 1, 1, 1, 1, 1, 1, 1, 1, 1, 1, 1, 1, 1, 1, 1, 1, 1, 1, 1, 1, 1, 1, 1, 1 ], 1 ], [ [ 1, 1, 1, 1, 1, 1, 1, 1, 1, 1, 1, 1, 2, 2, 2, 2, 2, 2 ], 6 ], [ [ 1, 1, 1, 1, 1, 1, 1, 1, 2, 2, 2, 2, 2, 2, 2, 2 ], 6 ], [ [ 1, 1, 1, 1, 2, 2, 2, 2, 2, 2, 2, 2, 2, 2 ], 6 ], [ [ 1, 1, 1, 1, 1, 1, 1, 1, 2, 2, 2, 2, 2, 2, 2, 2 ], 3 ], [ [ 1, 1, 1, 1, 2, 2, 2, 2, 2, 2, 2, 2, 2, 2 ], 12 ], [ [ 1, 1, 2, 4, 4, 4, 4, 4 ], 24 ], [ [ 1, 1, 1, 1, 2, 2, 2, 2, 2, 2, 2, 2, 2, 2 ], 12 ], [ [ 1, 1, 2, 4, 4, 4, 4, 4 ], 24 ], [ [ 2, 2, 2, 2, 2, 2, 2, 2, 2, 2, 2, 2 ], 1 ], [ [ 2, 2, 2, 2, 2, 2, 2, 2, 2, 2, 2, 2 ], 6 ], [ [ 2, 2, 2, 2, 2, 2, 2, 2, 2, 2, 2, 2 ], 3 ], [ [ 4, 4, 4, 4, 4, 4 ], 24 ], [ [ 4, 4, 4, 4, 4, 4 ], 12 ], [ [ 12, 12 ], 32 ], [ [ 12, 12 ], 32 ], [ [ 2, 2, 2, 2, 4, 4, 4, 4 ], 12 ], [ [ 4, 4, 4, 4, 4, 4 ], 24 ], [ [ 4, 4, 4, 4, 4, 4 ], 12 ], [ [ 2, 2, 2, 2, 4, 4, 4, 4 ], 12 ], [ [ 4, 4, 4, 4, 4, 4 ], 12 ], [ [ 4, 4, 4, 4, 4, 4 ], 12 ], [ [ 6, 6, 6, 6 ], 32 ], [ [ 3, 3, 3, 3, 3, 3, 3, 3 ], 32 ], [ [ 2, 2, 2, 2, 4, 4, 4, 4 ], 12 ], [ [ 2, 2, 2, 2, 4, 4, 4, 4 ], 12 ], [ [ 4, 4, 4, 4, 4, 4 ], 4 ], [ [ 4, 4, 4, 4, 4, 4 ], 4 ] ]
1147|384|[ 384, 5657 ]|[ [ [ 1, 1, 1, 1, 1, 1, 1, 1, 1, 1, 1, 1, 1, 1, 1, 1, 1, 1, 1, 1, 1, 1, 1, 1 ], 1 ], [ [ 1, 1, 1, 1, 1, 1, 1, 1, 2, 2, 2, 2, 2, 2, 2, 2 ], 6 ], [ [ 1, 1, 1, 1, 1, 1, 1, 1, 1, 1, 1, 1, 2, 2, 2, 2, 2, 2 ], 6 ], [ [ 1, 1, 1, 1, 2, 2, 2, 2, 2, 2, 2, 2, 2, 2 ], 6 ], [ [ 1, 1, 1, 1, 1, 1, 1, 1, 2, 2, 2, 2, 2, 2, 2, 2 ], 3 ], [ [ 1, 1, 2, 2, 2, 2, 2, 4, 4, 4 ], 24 ], [ [ 1, 1, 1, 1, 2, 2, 2, 2, 2, 2, 2, 2, 2, 2 ], 24 ], [ [ 1, 1, 2, 2, 2, 2, 2, 4, 4, 4 ], 24 ], [ [ 2, 2, 2, 2, 2, 2, 2, 2, 2, 2, 2, 2 ], 1 ], [ [ 2, 2, 2, 2, 2, 2, 2, 2, 2, 2, 2, 2 ], 6 ], [ [ 2, 2, 2, 2, 2, 2, 2, 2, 2, 2, 2, 2 ], 3 ], [ [ 2, 2, 2, 2, 4, 4, 4, 4 ], 24 ], [ [ 2, 2, 2, 2, 4, 4, 4, 4 ], 24 ], [ [ 4, 4, 4, 4, 4, 4 ], 24 ], [ [ 6, 6, 6, 6 ], 32 ], [ [ 6, 6, 6, 6 ], 32 ], [ [ 2, 2, 2, 2, 4, 4, 4, 4 ], 24 ], [ [ 4, 4, 4, 4, 4, 4 ], 24 ], [ [ 3, 3, 3, 3, 3, 3, 3, 3 ], 32 ], [ [ 6, 6, 6, 6 ], 32 ], [ [ 4, 4, 4, 4, 4, 4 ], 24 ], [ [ 2, 2, 2, 2, 2, 2, 2, 2, 2, 2, 2, 2 ], 8 ] ]
1148|384|[ 384, 5657 ]|[ [ [ 1, 1, 1, 1, 1, 1, 1, 1, 1, 1, 1, 1, 1, 1, 1, 1, 1, 1, 1, 1, 1, 1, 1, 1 ], 1 ], [ [ 1, 1, 1, 1, 1, 1, 1, 1, 1, 1, 1, 1, 2, 2, 2, 2, 2, 2 ], 6 ], [ [ 1, 1, 1, 1, 1, 1, 1, 1, 2, 2, 2, 2, 2, 2, 2, 2 ], 6 ], [ [ 1, 1, 1, 1, 2, 2, 2, 2, 2, 2, 2, 2, 2, 2 ], 6 ], [ [ 1, 1, 1, 1, 1, 1, 1, 1, 2, 2, 2, 2, 2, 2, 2, 2 ], 3 ], [ [ 1, 1, 1, 1, 2, 2, 2, 2, 2, 2, 2, 2, 2, 2 ], 24 ], [ [ 1, 1, 2, 4, 4, 4, 4, 4 ], 24 ], [ [ 1, 1, 2, 4, 4, 4, 4, 4 ], 24 ], [ [ 2, 2, 2, 2, 2, 2, 2, 2, 2, 2, 2, 2 ], 1 ], [ [ 2, 2, 2, 2, 2, 2, 2, 2, 2, 2, 2, 2 ], 6 ], [ [ 2, 2, 2, 2, 2, 2, 2, 2, 2, 2, 2, 2 ], 3 ], [ [ 4, 4, 4, 4, 4, 4 ], 24 ], [ [ 4, 4, 4, 4, 4, 4 ], 24 ], [ [ 6, 6, 6, 6 ], 32 ], [ [ 6, 6, 6, 6 ], 32 ], [ [ 2, 2, 2, 2, 4, 4, 4, 4 ], 24 ], [ [ 4, 4, 4, 4, 4, 4 ], 24 ], [ [ 4, 4, 4, 4, 4, 4 ], 24 ], [ [ 6, 6, 6, 6 ], 32 ], [ [ 3, 3, 3, 3, 3, 3, 3, 3 ], 32 ], [ [ 4, 4, 4, 4, 4, 4 ], 24 ], [ [ 2, 2, 2, 2, 2, 2, 2, 2, 2, 2, 2, 2 ], 8 ] ]
1149|384|[ 384, 5567 ]|[ [ [ 1, 1, 1, 1, 1, 1, 1, 1, 1, 1, 1, 1, 1, 1, 1, 1, 1, 1, 1, 1, 1, 1, 1, 1 ], 1 ], [ [ 1, 1, 1, 1, 1, 1, 1, 1, 2, 2, 2, 2, 2, 2, 2, 2 ], 6 ], [ [ 1, 1, 1, 1, 1, 1, 1, 1, 1, 1, 1, 1, 2, 2, 2, 2, 2, 2 ], 6 ], [ [ 1, 1, 1, 1, 2, 2, 2, 2, 2, 2, 2, 2, 2, 2 ], 6 ], [ [ 1, 1, 1, 1, 1, 1, 1, 1, 2, 2, 2, 2, 2, 2, 2, 2 ], 3 ], [ [ 1, 1, 2, 2, 2, 2, 2, 4, 4, 4 ], 24 ], [ [ 1, 1, 1, 1, 2, 2, 2, 2, 2, 2, 2, 2, 2, 2 ], 24 ], [ [ 1, 1, 2, 2, 2, 2, 2, 4, 4, 4 ], 24 ], [ [ 2, 2, 2, 2, 2, 2, 2, 2, 2, 2, 2, 2 ], 1 ], [ [ 2, 2, 2, 2, 2, 2, 2, 2, 2, 2, 2, 2 ], 6 ], [ [ 2, 2, 2, 2, 2, 2, 2, 2, 2, 2, 2, 2 ], 3 ], [ [ 2, 2, 2, 2, 2, 2, 2, 2, 2, 2, 2, 2 ], 24 ], [ [ 4, 4, 4, 4, 4, 4 ], 24 ], [ [ 4, 4, 4, 4, 4, 4 ], 24 ], [ [ 12, 12 ], 32 ], [ [ 12, 12 ], 32 ], [ [ 4, 4, 4, 4, 4, 4 ], 24 ], [ [ 4, 4, 4, 4, 4, 4 ], 24 ], [ [ 3, 3, 3, 3, 3, 3, 3, 3 ], 32 ], [ [ 6, 6, 6, 6 ], 32 ], [ [ 2, 2, 2, 2, 4, 4, 4, 4 ], 24 ], [ [ 4, 4, 4, 4, 4, 4 ], 8 ] ]
1150|384|[ 384, 5567 ]|[ [ [ 1, 1, 1, 1, 1, 1, 1, 1, 1, 1, 1, 1, 1, 1, 1, 1, 1, 1, 1, 1, 1, 1, 1, 1 ], 1 ], [ [ 1, 1, 1, 1, 1, 1, 1, 1, 1, 1, 1, 1, 2, 2, 2, 2, 2, 2 ], 6 ], [ [ 1, 1, 1, 1, 1, 1, 1, 1, 2, 2, 2, 2, 2, 2, 2, 2 ], 6 ], [ [ 1, 1, 1, 1, 2, 2, 2, 2, 2, 2, 2, 2, 2, 2 ], 6 ], [ [ 1, 1, 1, 1, 1, 1, 1, 1, 2, 2, 2, 2, 2, 2, 2, 2 ], 3 ], [ [ 1, 1, 1, 1, 2, 2, 2, 2, 2, 2, 2, 2, 2, 2 ], 24 ], [ [ 1, 1, 2, 4, 4, 4, 4, 4 ], 24 ], [ [ 1, 1, 2, 4, 4, 4, 4, 4 ], 24 ], [ [ 2, 2, 2, 2, 2, 2, 2, 2, 2, 2, 2, 2 ], 1 ], [ [ 2, 2, 2, 2, 2, 2, 2, 2, 2, 2, 2, 2 ], 6 ], [ [ 2, 2, 2, 2, 2, 2, 2, 2, 2, 2, 2, 2 ], 3 ], [ [ 2, 2, 2, 2, 4, 4, 4, 4 ], 24 ], [ [ 2, 2, 2, 2, 2, 2, 2, 2, 2, 2, 2, 2 ], 24 ], [ [ 12, 12 ], 32 ], [ [ 12, 12 ], 32 ], [ [ 4, 4, 4, 4, 4, 4 ], 24 ], [ [ 2, 2, 2, 2, 4, 4, 4, 4 ], 24 ], [ [ 4, 4, 4, 4, 4, 4 ], 24 ], [ [ 6, 6, 6, 6 ], 32 ], [ [ 3, 3, 3, 3, 3, 3, 3, 3 ], 32 ], [ [ 2, 2, 2, 2, 4, 4, 4, 4 ], 24 ], [ [ 4, 4, 4, 4, 4, 4 ], 8 ] ]
1151|384|[ 384, 5602 ]|[ [ [ 1, 1, 1, 1, 1, 1, 1, 1, 1, 1, 1, 1, 1, 1, 1, 1, 1, 1, 1, 1, 1, 1, 1, 1 ], 1 ], [ [ 1, 1, 1, 1, 1, 1, 1, 1, 1, 1, 1, 1, 2, 2, 2, 2, 2, 2 ], 4 ], [ [ 1, 1, 1, 1, 2, 2, 2, 2, 2, 2, 2, 2, 2, 2 ], 6 ], [ [ 1, 1, 1, 1, 1, 1, 2, 2, 2, 2, 2, 2, 2, 2, 2 ], 12 ], [ [ 1, 1, 1, 1, 4, 4, 4, 4, 4 ], 12 ], [ [ 1, 1, 1, 1, 2, 2, 2, 2, 2, 2, 2, 2, 2, 2 ], 12 ], [ [ 1, 1, 2, 4, 4, 4, 4, 4 ], 24 ], [ [ 1, 1, 2, 2, 2, 2, 2, 2, 2, 2, 2, 2, 2 ], 12 ], [ [ 1, 1, 2, 2, 2, 2, 2, 2, 2, 2, 2, 2, 2 ], 24 ], [ [ 2, 2, 2, 2, 2, 2, 2, 2, 2, 2, 2, 2 ], 1 ], [ [ 2, 2, 2, 2, 2, 2, 2, 2, 2, 2, 2, 2 ], 4 ], [ [ 2, 2, 4, 4, 4, 4, 4 ], 12 ], [ [ 6, 6, 6, 6 ], 32 ], [ [ 3, 3, 3, 3, 6, 6 ], 32 ], [ [ 8, 8, 8 ], 48 ], [ [ 2, 2, 4, 4, 4, 4, 4 ], 48 ], [ [ 3, 3, 3, 3, 3, 3, 3, 3 ], 32 ], [ [ 6, 6, 6, 6 ], 32 ], [ [ 2, 2, 4, 4, 4, 4, 4 ], 24 ], [ [ 4, 4, 4, 4, 4, 4 ], 12 ] ]
1152|384|[ 384, 5571 ]|[ [ [ 1, 1, 1, 1, 1, 1, 1, 1, 1, 1, 1, 1, 1, 1, 1, 1, 1, 1, 1, 1, 1, 1, 1, 1 ], 1 ], [ [ 1, 1, 1, 1, 1, 1, 1, 1, 2, 2, 2, 2, 2, 2, 2, 2 ], 12 ], [ [ 1, 1, 1, 1, 1, 1, 1, 1, 2, 2, 2, 2, 2, 2, 2, 2 ], 3 ], [ [ 1, 1, 1, 1, 2, 2, 4, 4, 4, 4 ], 24 ], [ [ 1, 1, 2, 4, 8, 8 ], 24 ], [ [ 1, 1, 2, 4, 8, 8 ], 24 ], [ [ 1, 1, 1, 1, 2, 2, 4, 4, 4, 4 ], 12 ], [ [ 2, 2, 2, 2, 2, 2, 2, 2, 2, 2, 2, 2 ], 1 ], [ [ 2, 2, 2, 2, 2, 2, 2, 2, 2, 2, 2, 2 ], 12 ], [ [ 2, 2, 2, 2, 2, 2, 2, 2, 2, 2, 2, 2 ], 3 ], [ [ 4, 4, 4, 4, 4, 4 ], 24 ], [ [ 4, 4, 4, 4, 4, 4 ], 24 ], [ [ 6, 6, 6, 6 ], 32 ], [ [ 12, 12 ], 32 ], [ [ 12, 12 ], 32 ], [ [ 3, 3, 3, 3, 3, 3, 3, 3 ], 32 ], [ [ 4, 4, 8, 8 ], 24 ], [ [ 2, 2, 2, 2, 4, 4, 4, 4 ], 24 ], [ [ 4, 4, 8, 8 ], 24 ], [ [ 2, 2, 2, 2, 4, 4, 4, 4 ], 12 ], [ [ 4, 4, 4, 4, 4, 4 ], 8 ] ]
1153|384|[ 384, 5572 ]|[ [ [ 1, 1, 1, 1, 1, 1, 1, 1, 1, 1, 1, 1, 1, 1, 1, 1, 1, 1, 1, 1, 1, 1, 1, 1 ], 1 ], [ [ 1, 1, 1, 1, 2, 2, 2, 2, 2, 2, 2, 2, 2, 2 ], 24 ], [ [ 1, 1, 1, 1, 1, 1, 1, 1, 2, 2, 2, 2, 2, 2, 2, 2 ], 3 ], [ [ 1, 1, 1, 1, 2, 2, 4, 4, 4, 4 ], 24 ], [ [ 1, 1, 2, 4, 8, 8 ], 24 ], [ [ 1, 1, 2, 4, 8, 8 ], 24 ], [ [ 1, 1, 1, 1, 2, 2, 4, 4, 4, 4 ], 12 ], [ [ 2, 2, 2, 2, 2, 2, 2, 2, 2, 2, 2, 2 ], 1 ], [ [ 2, 2, 2, 2, 2, 2, 2, 2, 2, 2, 2, 2 ], 3 ], [ [ 2, 2, 2, 2, 2, 2, 2, 2, 2, 2, 2, 2 ], 24 ], [ [ 4, 4, 4, 4, 4, 4 ], 24 ], [ [ 12, 12 ], 32 ], [ [ 3, 3, 3, 3, 3, 3, 3, 3 ], 32 ], [ [ 6, 6, 6, 6 ], 32 ], [ [ 12, 12 ], 32 ], [ [ 4, 4, 8, 8 ], 24 ], [ [ 4, 4, 8, 8 ], 24 ], [ [ 4, 4, 4, 4, 4, 4 ], 24 ], [ [ 2, 2, 2, 2, 4, 4, 4, 4 ], 12 ], [ [ 4, 4, 4, 4, 4, 4 ], 4 ], [ [ 4, 4, 4, 4, 4, 4 ], 4 ] ]
1154|384|[ 384, 5572 ]|[ [ [ 1, 1, 1, 1, 1, 1, 1, 1, 1, 1, 1, 1, 1, 1, 1, 1, 1, 1, 1, 1, 1, 1, 1, 1 ], 1 ], [ [ 1, 1, 1, 1, 2, 2, 2, 2, 2, 2, 2, 2, 2, 2 ], 24 ], [ [ 1, 1, 1, 1, 1, 1, 1, 1, 2, 2, 2, 2, 2, 2, 2, 2 ], 3 ], [ [ 1, 1, 2, 4, 8, 8 ], 24 ], [ [ 1, 1, 1, 1, 2, 2, 2, 2, 2, 2, 2, 2, 2, 2 ], 24 ], [ [ 1, 1, 2, 4, 8, 8 ], 24 ], [ [ 1, 1, 1, 1, 2, 2, 4, 4, 4, 4 ], 12 ], [ [ 2, 2, 2, 2, 2, 2, 2, 2, 2, 2, 2, 2 ], 1 ], [ [ 2, 2, 2, 2, 2, 2, 2, 2, 2, 2, 2, 2 ], 3 ], [ [ 4, 4, 4, 4, 4, 4 ], 24 ], [ [ 12, 12 ], 32 ], [ [ 3, 3, 3, 3, 3, 3, 3, 3 ], 32 ], [ [ 6, 6, 6, 6 ], 32 ], [ [ 12, 12 ], 32 ], [ [ 4, 4, 8, 8 ], 24 ], [ [ 4, 4, 8, 8 ], 24 ], [ [ 2, 2, 2, 2, 4, 4, 4, 4 ], 24 ], [ [ 4, 4, 4, 4, 4, 4 ], 24 ], [ [ 2, 2, 2, 2, 4, 4, 4, 4 ], 12 ], [ [ 4, 4, 4, 4, 4, 4 ], 4 ], [ [ 4, 4, 4, 4, 4, 4 ], 4 ] ]
1155|384|[ 384, 5573 ]|[ [ [ 1, 1, 1, 1, 1, 1, 1, 1, 1, 1, 1, 1, 1, 1, 1, 1, 1, 1, 1, 1, 1, 1, 1, 1 ], 1 ], [ [ 1, 1, 1, 1, 1, 1, 1, 1, 2, 2, 2, 2, 2, 2, 2, 2 ], 12 ], [ [ 1, 1, 1, 1, 1, 1, 1, 1, 2, 2, 2, 2, 2, 2, 2, 2 ], 3 ], [ [ 1, 1, 1, 1, 2, 2, 2, 2, 2, 2, 2, 2, 2, 2 ], 24 ], [ [ 1, 1, 2, 4, 8, 8 ], 24 ], [ [ 1, 1, 2, 4, 8, 8 ], 24 ], [ [ 1, 1, 1, 1, 2, 2, 4, 4, 4, 4 ], 12 ], [ [ 2, 2, 2, 2, 2, 2, 2, 2, 2, 2, 2, 2 ], 1 ], [ [ 2, 2, 2, 2, 2, 2, 2, 2, 2, 2, 2, 2 ], 12 ], [ [ 2, 2, 2, 2, 2, 2, 2, 2, 2, 2, 2, 2 ], 3 ], [ [ 2, 2, 2, 2, 2, 2, 2, 2, 2, 2, 2, 2 ], 24 ], [ [ 3, 3, 3, 3, 3, 3, 3, 3 ], 32 ], [ [ 12, 12 ], 32 ], [ [ 12, 12 ], 32 ], [ [ 6, 6, 6, 6 ], 32 ], [ [ 4, 4, 8, 8 ], 24 ], [ [ 4, 4, 4, 4, 4, 4 ], 24 ], [ [ 4, 4, 4, 4, 4, 4 ], 24 ], [ [ 4, 4, 8, 8 ], 24 ], [ [ 2, 2, 2, 2, 4, 4, 4, 4 ], 12 ], [ [ 4, 4, 4, 4, 4, 4 ], 8 ] ]
1156|384|[ 384, 5790 ]|[ [ [ 1, 1, 1, 1, 1, 1, 1, 1, 1, 1, 1, 1, 1, 1, 1, 1, 1, 1, 1, 1, 1, 1, 1, 1 ], 1 ], [ [ 1, 1, 1, 1, 1, 1, 1, 1, 1, 1, 1, 1, 1, 1, 1, 1, 2, 2, 2, 2 ], 6 ], [ [ 1, 1, 1, 1, 1, 1, 1, 1, 1, 1, 1, 1, 2, 2, 2, 2, 2, 2 ], 6 ], [ [ 1, 1, 1, 1, 1, 1, 1, 1, 2, 2, 2, 2, 2, 2, 2, 2 ], 6 ], [ [ 1, 1, 1, 1, 1, 1, 1, 1, 2, 2, 2, 2, 2, 2, 2, 2 ], 6 ], [ [ 1, 1, 1, 1, 1, 1, 1, 1, 2, 2, 2, 2, 2, 2, 2, 2 ], 3 ], [ [ 1, 1, 1, 1, 2, 2, 2, 2, 2, 2, 2, 2, 2, 2 ], 6 ], [ [ 1, 1, 1, 1, 2, 2, 2, 2, 2, 2, 2, 2, 2, 2 ], 6 ], [ [ 1, 1, 1, 1, 2, 2, 2, 2, 2, 2, 2, 2, 2, 2 ], 6 ], [ [ 2, 2, 2, 2, 2, 2, 2, 2, 2, 2, 2, 2 ], 2 ], [ [ 2, 2, 2, 2, 2, 2, 2, 2, 2, 2, 2, 2 ], 6 ], [ [ 2, 2, 2, 2, 2, 2, 2, 2, 2, 2, 2, 2 ], 3 ], [ [ 2, 2, 2, 2, 2, 2, 2, 2, 2, 2, 2, 2 ], 6 ], [ [ 6, 6, 6, 6 ], 32 ], [ [ 12, 12 ], 32 ], [ [ 3, 3, 3, 3, 3, 3, 3, 3 ], 16 ], [ [ 6, 6, 6, 6 ], 32 ], [ [ 6, 6, 6, 6 ], 16 ], [ [ 2, 2, 2, 2, 2, 2, 2, 2, 2, 2, 2, 2 ], 8 ], [ [ 2, 2, 2, 2, 4, 4, 4, 4 ], 24 ], [ [ 4, 4, 4, 4, 4, 4 ], 24 ], [ [ 4, 4, 4, 4, 4, 4 ], 8 ], [ [ 3, 3, 3, 3, 3, 3, 3, 3 ], 16 ], [ [ 6, 6, 6, 6 ], 32 ], [ [ 6, 6, 6, 6 ], 16 ], [ [ 6, 6, 6, 6 ], 32 ], [ [ 12, 12 ], 32 ], [ [ 2, 2, 2, 2, 2, 2, 2, 2, 2, 2, 2, 2 ], 1 ] ]
1157|384|[ 384, 5790 ]|[ [ [ 1, 1, 1, 1, 1, 1, 1, 1, 1, 1, 1, 1, 1, 1, 1, 1, 1, 1, 1, 1, 1, 1, 1, 1 ], 1 ], [ [ 1, 1, 1, 1, 1, 1, 1, 1, 1, 1, 1, 1, 1, 1, 1, 1, 2, 2, 2, 2 ], 6 ], [ [ 1, 1, 1, 1, 1, 1, 1, 1, 2, 2, 2, 2, 2, 2, 2, 2 ], 6 ], [ [ 1, 1, 1, 1, 1, 1, 1, 1, 1, 1, 1, 1, 2, 2, 2, 2, 2, 2 ], 6 ], [ [ 1, 1, 1, 1, 1, 1, 1, 1, 2, 2, 2, 2, 2, 2, 2, 2 ], 3 ], [ [ 1, 1, 1, 1, 2, 2, 2, 2, 2, 2, 2, 2, 2, 2 ], 6 ], [ [ 1, 1, 1, 1, 2, 2, 2, 2, 2, 2, 2, 2, 2, 2 ], 6 ], [ [ 1, 1, 1, 1, 1, 1, 1, 1, 1, 1, 1, 1, 2, 2, 2, 2, 2, 2 ], 2 ], [ [ 1, 1, 1, 1, 2, 2, 2, 2, 2, 2, 2, 2, 2, 2 ], 6 ], [ [ 1, 1, 1, 1, 2, 2, 2, 2, 2, 2, 2, 2, 2, 2 ], 6 ], [ [ 2, 2, 2, 2, 2, 2, 2, 2, 2, 2, 2, 2 ], 6 ], [ [ 2, 2, 2, 2, 2, 2, 2, 2, 2, 2, 2, 2 ], 3 ], [ [ 2, 2, 2, 2, 2, 2, 2, 2, 2, 2, 2, 2 ], 6 ], [ [ 6, 6, 6, 6 ], 32 ], [ [ 12, 12 ], 32 ], [ [ 3, 3, 3, 3, 3, 3, 3, 3 ], 16 ], [ [ 3, 3, 3, 3, 6, 6 ], 32 ], [ [ 6, 6, 6, 6 ], 16 ], [ [ 2, 2, 2, 2, 2, 2, 2, 2, 2, 2, 2, 2 ], 8 ], [ [ 2, 2, 2, 2, 4, 4, 4, 4 ], 24 ], [ [ 4, 4, 4, 4, 4, 4 ], 24 ], [ [ 4, 4, 4, 4, 4, 4 ], 8 ], [ [ 3, 3, 3, 3, 3, 3, 3, 3 ], 16 ], [ [ 3, 3, 3, 3, 6, 6 ], 32 ], [ [ 6, 6, 6, 6 ], 16 ], [ [ 6, 6, 6, 6 ], 32 ], [ [ 12, 12 ], 32 ], [ [ 2, 2, 2, 2, 2, 2, 2, 2, 2, 2, 2, 2 ], 1 ] ]
1158|384|[ 384, 5790 ]|[ [ [ 1, 1, 1, 1, 1, 1, 1, 1, 1, 1, 1, 1, 1, 1, 1, 1, 1, 1, 1, 1, 1, 1, 1, 1 ], 1 ], [ [ 1, 1, 1, 1, 1, 1, 1, 1, 1, 1, 1, 1, 2, 2, 2, 2, 2, 2 ], 6 ], [ [ 1, 1, 1, 1, 1, 1, 1, 1, 1, 1, 1, 1, 2, 2, 2, 2, 2, 2 ], 6 ], [ [ 1, 1, 1, 1, 1, 1, 1, 1, 2, 2, 2, 2, 2, 2, 2, 2 ], 6 ], [ [ 1, 1, 1, 1, 2, 2, 2, 2, 2, 2, 2, 2, 2, 2 ], 6 ], [ [ 1, 1, 1, 1, 2, 2, 2, 2, 2, 2, 2, 2, 2, 2 ], 6 ], [ [ 1, 1, 1, 1, 2, 2, 2, 2, 2, 2, 2, 2, 2, 2 ], 6 ], [ [ 1, 1, 1, 1, 2, 2, 2, 2, 2, 2, 2, 2, 2, 2 ], 6 ], [ [ 1, 1, 1, 1, 2, 2, 2, 2, 2, 2, 2, 2, 2, 2 ], 6 ], [ [ 1, 1, 1, 1, 1, 1, 1, 1, 2, 2, 2, 2, 2, 2, 2, 2 ], 3 ], [ [ 1, 1, 1, 1, 2, 2, 2, 2, 2, 2, 2, 2, 2, 2 ], 6 ], [ [ 2, 2, 2, 2, 2, 2, 2, 2, 2, 2, 2, 2 ], 3 ], [ [ 2, 2, 2, 2, 2, 2, 2, 2, 2, 2, 2, 2 ], 2 ], [ [ 12, 12 ], 32 ], [ [ 6, 6, 6, 6 ], 32 ], [ [ 6, 6, 6, 6 ], 16 ], [ [ 6, 6, 6, 6 ], 32 ], [ [ 3, 3, 3, 3, 3, 3, 3, 3 ], 16 ], [ [ 2, 2, 2, 2, 4, 4, 4, 4 ], 24 ], [ [ 4, 4, 4, 4, 4, 4 ], 8 ], [ [ 4, 4, 4, 4, 4, 4 ], 24 ], [ [ 2, 2, 2, 2, 2, 2, 2, 2, 2, 2, 2, 2 ], 8 ], [ [ 6, 6, 6, 6 ], 16 ], [ [ 6, 6, 6, 6 ], 32 ], [ [ 3, 3, 3, 3, 3, 3, 3, 3 ], 16 ], [ [ 6, 6, 6, 6 ], 32 ], [ [ 12, 12 ], 32 ], [ [ 2, 2, 2, 2, 2, 2, 2, 2, 2, 2, 2, 2 ], 1 ] ]
1159|384|[ 384, 5790 ]|[ [ [ 1, 1, 1, 1, 1, 1, 1, 1, 1, 1, 1, 1, 1, 1, 1, 1, 1, 1, 1, 1, 1, 1, 1, 1 ], 1 ], [ [ 1, 1, 1, 1, 1, 1, 1, 1, 1, 1, 1, 1, 1, 1, 1, 1, 2, 2, 2, 2 ], 6 ], [ [ 1, 1, 1, 1, 1, 1, 1, 1, 1, 1, 1, 1, 1, 1, 1, 1, 2, 2, 2, 2 ], 3 ], [ [ 1, 1, 1, 1, 1, 1, 1, 1, 2, 2, 2, 2, 2, 2, 2, 2 ], 6 ], [ [ 1, 1, 1, 1, 1, 1, 1, 1, 2, 2, 2, 2, 2, 2, 2, 2 ], 6 ], [ [ 1, 1, 1, 1, 1, 1, 1, 1, 2, 2, 2, 2, 2, 2, 2, 2 ], 6 ], [ [ 1, 1, 1, 1, 1, 1, 1, 1, 2, 2, 2, 2, 2, 2, 2, 2 ], 6 ], [ [ 1, 1, 1, 1, 1, 1, 1, 1, 2, 2, 2, 2, 2, 2, 2, 2 ], 3 ], [ [ 2, 2, 2, 2, 2, 2, 2, 2, 2, 2, 2, 2 ], 6 ], [ [ 2, 2, 2, 2, 2, 2, 2, 2, 2, 2, 2, 2 ], 6 ], [ [ 2, 2, 2, 2, 2, 2, 2, 2, 2, 2, 2, 2 ], 2 ], [ [ 2, 2, 2, 2, 2, 2, 2, 2, 2, 2, 2, 2 ], 6 ], [ [ 2, 2, 2, 2, 2, 2, 2, 2, 2, 2, 2, 2 ], 6 ], [ [ 6, 6, 6, 6 ], 32 ], [ [ 12, 12 ], 32 ], [ [ 3, 3, 3, 3, 3, 3, 3, 3 ], 16 ], [ [ 6, 6, 6, 6 ], 32 ], [ [ 6, 6, 6, 6 ], 16 ], [ [ 2, 2, 2, 2, 2, 2, 2, 2, 2, 2, 2, 2 ], 8 ], [ [ 2, 2, 2, 2, 2, 2, 2, 2, 4, 4 ], 24 ], [ [ 2, 2, 2, 2, 4, 4, 4, 4 ], 24 ], [ [ 4, 4, 4, 4, 4, 4 ], 8 ], [ [ 3, 3, 3, 3, 3, 3, 3, 3 ], 16 ], [ [ 6, 6, 6, 6 ], 32 ], [ [ 6, 6, 6, 6 ], 16 ], [ [ 6, 6, 6, 6 ], 32 ], [ [ 12, 12 ], 32 ], [ [ 2, 2, 2, 2, 2, 2, 2, 2, 2, 2, 2, 2 ], 1 ] ]
1160|384|[ 384, 5790 ]|[ [ [ 1, 1, 1, 1, 1, 1, 1, 1, 1, 1, 1, 1, 1, 1, 1, 1, 1, 1, 1, 1, 1, 1, 1, 1 ], 1 ], [ [ 1, 1, 1, 1, 1, 1, 1, 1, 2, 2, 2, 2, 2, 2, 2, 2 ], 6 ], [ [ 1, 1, 1, 1, 1, 1, 1, 1, 1, 1, 1, 1, 2, 2, 2, 2, 2, 2 ], 6 ], [ [ 1, 1, 1, 1, 1, 1, 1, 1, 2, 2, 2, 2, 2, 2, 2, 2 ], 6 ], [ [ 1, 1, 1, 1, 2, 2, 2, 2, 2, 2, 2, 2, 2, 2 ], 6 ], [ [ 1, 1, 1, 1, 2, 2, 2, 2, 2, 2, 2, 2, 2, 2 ], 6 ], [ [ 1, 1, 1, 1, 1, 1, 1, 1, 1, 1, 1, 1, 2, 2, 2, 2, 2, 2 ], 2 ], [ [ 1, 1, 1, 1, 1, 1, 1, 1, 2, 2, 2, 2, 2, 2, 2, 2 ], 6 ], [ [ 1, 1, 1, 1, 2, 2, 2, 2, 2, 2, 2, 2, 2, 2 ], 6 ], [ [ 1, 1, 1, 1, 1, 1, 1, 1, 2, 2, 2, 2, 2, 2, 2, 2 ], 3 ], [ [ 1, 1, 1, 1, 2, 2, 2, 2, 2, 2, 2, 2, 2, 2 ], 6 ], [ [ 2, 2, 2, 2, 2, 2, 2, 2, 2, 2, 2, 2 ], 6 ], [ [ 2, 2, 2, 2, 2, 2, 2, 2, 2, 2, 2, 2 ], 3 ], [ [ 6, 6, 6, 6 ], 32 ], [ [ 12, 12 ], 32 ], [ [ 3, 3, 3, 3, 6, 6 ], 32 ], [ [ 3, 3, 3, 3, 3, 3, 3, 3 ], 16 ], [ [ 6, 6, 6, 6 ], 16 ], [ [ 2, 2, 2, 2, 4, 4, 4, 4 ], 24 ], [ [ 4, 4, 4, 4, 4, 4 ], 8 ], [ [ 4, 4, 4, 4, 4, 4 ], 24 ], [ [ 2, 2, 2, 2, 2, 2, 2, 2, 2, 2, 2, 2 ], 8 ], [ [ 3, 3, 3, 3, 6, 6 ], 32 ], [ [ 3, 3, 3, 3, 3, 3, 3, 3 ], 16 ], [ [ 6, 6, 6, 6 ], 16 ], [ [ 12, 12 ], 32 ], [ [ 6, 6, 6, 6 ], 32 ], [ [ 2, 2, 2, 2, 2, 2, 2, 2, 2, 2, 2, 2 ], 1 ] ]
1161|384|[ 384, 5790 ]|[ [ [ 1, 1, 1, 1, 1, 1, 1, 1, 1, 1, 1, 1, 1, 1, 1, 1, 1, 1, 1, 1, 1, 1, 1, 1 ], 1 ], [ [ 1, 1, 1, 1, 1, 1, 1, 1, 2, 2, 2, 2, 2, 2, 2, 2 ], 6 ], [ [ 1, 1, 1, 1, 1, 1, 1, 1, 1, 1, 1, 1, 2, 2, 2, 2, 2, 2 ], 6 ], [ [ 1, 1, 1, 1, 1, 1, 1, 1, 2, 2, 2, 2, 2, 2, 2, 2 ], 6 ], [ [ 1, 1, 1, 1, 1, 1, 1, 1, 2, 2, 2, 2, 2, 2, 2, 2 ], 6 ], [ [ 1, 1, 1, 1, 1, 1, 1, 1, 2, 2, 2, 2, 2, 2, 2, 2 ], 3 ], [ [ 1, 1, 1, 1, 2, 2, 2, 2, 2, 2, 2, 2, 2, 2 ], 6 ], [ [ 1, 1, 1, 1, 2, 2, 2, 2, 2, 2, 2, 2, 2, 2 ], 6 ], [ [ 1, 1, 1, 1, 1, 1, 1, 1, 2, 2, 2, 2, 2, 2, 2, 2 ], 6 ], [ [ 1, 1, 1, 1, 2, 2, 2, 2, 2, 2, 2, 2, 2, 2 ], 6 ], [ [ 2, 2, 2, 2, 2, 2, 2, 2, 2, 2, 2, 2 ], 6 ], [ [ 2, 2, 2, 2, 2, 2, 2, 2, 2, 2, 2, 2 ], 3 ], [ [ 2, 2, 2, 2, 2, 2, 2, 2, 2, 2, 2, 2 ], 2 ], [ [ 12, 12 ], 32 ], [ [ 6, 6, 6, 6 ], 32 ], [ [ 6, 6, 6, 6 ], 16 ], [ [ 6, 6, 6, 6 ], 32 ], [ [ 3, 3, 3, 3, 3, 3, 3, 3 ], 16 ], [ [ 4, 4, 4, 4, 4, 4 ], 8 ], [ [ 2, 2, 2, 2, 2, 2, 2, 2, 2, 2, 2, 2 ], 8 ], [ [ 4, 4, 4, 4, 4, 4 ], 24 ], [ [ 2, 2, 2, 2, 4, 4, 4, 4 ], 24 ], [ [ 6, 6, 6, 6 ], 32 ], [ [ 3, 3, 3, 3, 3, 3, 3, 3 ], 16 ], [ [ 6, 6, 6, 6 ], 16 ], [ [ 12, 12 ], 32 ], [ [ 6, 6, 6, 6 ], 32 ], [ [ 2, 2, 2, 2, 2, 2, 2, 2, 2, 2, 2, 2 ], 1 ] ]
1162|384|[ 384, 5790 ]|[ [ [ 1, 1, 1, 1, 1, 1, 1, 1, 1, 1, 1, 1, 1, 1, 1, 1, 1, 1, 1, 1, 1, 1, 1, 1 ], 1 ], [ [ 1, 1, 1, 1, 1, 1, 1, 1, 1, 1, 1, 1, 2, 2, 2, 2, 2, 2 ], 6 ], [ [ 1, 1, 1, 1, 1, 1, 1, 1, 2, 2, 2, 2, 2, 2, 2, 2 ], 6 ], [ [ 1, 1, 1, 1, 1, 1, 1, 1, 2, 2, 2, 2, 2, 2, 2, 2 ], 6 ], [ [ 1, 1, 1, 1, 2, 2, 2, 2, 2, 2, 2, 2, 2, 2 ], 6 ], [ [ 1, 1, 1, 1, 2, 2, 2, 2, 2, 2, 2, 2, 2, 2 ], 6 ], [ [ 1, 1, 1, 1, 1, 1, 1, 1, 2, 2, 2, 2, 2, 2, 2, 2 ], 6 ], [ [ 1, 1, 1, 1, 1, 1, 1, 1, 2, 2, 2, 2, 2, 2, 2, 2 ], 3 ], [ [ 1, 1, 1, 1, 1, 1, 1, 1, 1, 1, 1, 1, 2, 2, 2, 2, 2, 2 ], 2 ], [ [ 1, 1, 1, 1, 2, 2, 2, 2, 2, 2, 2, 2, 2, 2 ], 6 ], [ [ 1, 1, 1, 1, 2, 2, 2, 2, 2, 2, 2, 2, 2, 2 ], 6 ], [ [ 2, 2, 2, 2, 2, 2, 2, 2, 2, 2, 2, 2 ], 3 ], [ [ 2, 2, 2, 2, 2, 2, 2, 2, 2, 2, 2, 2 ], 6 ], [ [ 12, 12 ], 32 ], [ [ 6, 6, 6, 6 ], 32 ], [ [ 3, 3, 3, 3, 6, 6 ], 32 ], [ [ 6, 6, 6, 6 ], 16 ], [ [ 3, 3, 3, 3, 3, 3, 3, 3 ], 16 ], [ [ 2, 2, 2, 2, 4, 4, 4, 4 ], 24 ], [ [ 4, 4, 4, 4, 4, 4 ], 24 ], [ [ 4, 4, 4, 4, 4, 4 ], 8 ], [ [ 2, 2, 2, 2, 2, 2, 2, 2, 2, 2, 2, 2 ], 8 ], [ [ 3, 3, 3, 3, 3, 3, 3, 3 ], 16 ], [ [ 6, 6, 6, 6 ], 16 ], [ [ 3, 3, 3, 3, 6, 6 ], 32 ], [ [ 6, 6, 6, 6 ], 32 ], [ [ 12, 12 ], 32 ], [ [ 2, 2, 2, 2, 2, 2, 2, 2, 2, 2, 2, 2 ], 1 ] ]
1163|384|[ 384, 5790 ]|[ [ [ 1, 1, 1, 1, 1, 1, 1, 1, 1, 1, 1, 1, 1, 1, 1, 1, 1, 1, 1, 1, 1, 1, 1, 1 ], 1 ], [ [ 1, 1, 1, 1, 1, 1, 1, 1, 1, 1, 1, 1, 2, 2, 2, 2, 2, 2 ], 6 ], [ [ 1, 1, 1, 1, 1, 1, 1, 1, 1, 1, 1, 1, 1, 1, 1, 1, 2, 2, 2, 2 ], 3 ], [ [ 1, 1, 1, 1, 1, 1, 1, 1, 1, 1, 1, 1, 2, 2, 2, 2, 2, 2 ], 6 ], [ [ 1, 1, 1, 1, 2, 2, 2, 2, 2, 2, 2, 2, 2, 2 ], 6 ], [ [ 1, 1, 1, 1, 2, 2, 2, 2, 2, 2, 2, 2, 2, 2 ], 6 ], [ [ 1, 1, 1, 1, 2, 2, 2, 2, 2, 2, 2, 2, 2, 2 ], 6 ], [ [ 1, 1, 1, 1, 1, 1, 1, 1, 2, 2, 2, 2, 2, 2, 2, 2 ], 3 ], [ [ 1, 1, 1, 1, 2, 2, 2, 2, 2, 2, 2, 2, 2, 2 ], 6 ], [ [ 1, 1, 1, 1, 2, 2, 2, 2, 2, 2, 2, 2, 2, 2 ], 6 ], [ [ 1, 1, 1, 1, 2, 2, 2, 2, 2, 2, 2, 2, 2, 2 ], 6 ], [ [ 2, 2, 2, 2, 2, 2, 2, 2, 2, 2, 2, 2 ], 6 ], [ [ 2, 2, 2, 2, 2, 2, 2, 2, 2, 2, 2, 2 ], 2 ], [ [ 6, 6, 6, 6 ], 32 ], [ [ 12, 12 ], 32 ], [ [ 6, 6, 6, 6 ], 32 ], [ [ 6, 6, 6, 6 ], 16 ], [ [ 3, 3, 3, 3, 3, 3, 3, 3 ], 16 ], [ [ 2, 2, 2, 2, 2, 2, 2, 2, 4, 4 ], 24 ], [ [ 2, 2, 2, 2, 4, 4, 4, 4 ], 24 ], [ [ 2, 2, 2, 2, 2, 2, 2, 2, 2, 2, 2, 2 ], 8 ], [ [ 4, 4, 4, 4, 4, 4 ], 8 ], [ [ 6, 6, 6, 6 ], 32 ], [ [ 6, 6, 6, 6 ], 16 ], [ [ 3, 3, 3, 3, 3, 3, 3, 3 ], 16 ], [ [ 6, 6, 6, 6 ], 32 ], [ [ 12, 12 ], 32 ], [ [ 2, 2, 2, 2, 2, 2, 2, 2, 2, 2, 2, 2 ], 1 ] ]
1164|384|[ 384, 5790 ]|[ [ [ 1, 1, 1, 1, 1, 1, 1, 1, 1, 1, 1, 1, 1, 1, 1, 1, 1, 1, 1, 1, 1, 1, 1, 1 ], 1 ], [ [ 1, 1, 1, 1, 1, 1, 1, 1, 1, 1, 1, 1, 1, 1, 1, 1, 2, 2, 2, 2 ], 6 ], [ [ 1, 1, 1, 1, 1, 1, 1, 1, 2, 2, 2, 2, 2, 2, 2, 2 ], 6 ], [ [ 1, 1, 1, 1, 1, 1, 1, 1, 1, 1, 1, 1, 2, 2, 2, 2, 2, 2 ], 6 ], [ [ 1, 1, 1, 1, 2, 2, 2, 2, 2, 2, 2, 2, 2, 2 ], 6 ], [ [ 1, 1, 1, 1, 2, 2, 2, 2, 2, 2, 2, 2, 2, 2 ], 6 ], [ [ 1, 1, 1, 1, 1, 1, 1, 1, 1, 1, 1, 1, 2, 2, 2, 2, 2, 2 ], 2 ], [ [ 1, 1, 1, 1, 2, 2, 2, 2, 2, 2, 2, 2, 2, 2 ], 6 ], [ [ 1, 1, 1, 1, 2, 2, 2, 2, 2, 2, 2, 2, 2, 2 ], 6 ], [ [ 1, 1, 1, 1, 1, 1, 1, 1, 2, 2, 2, 2, 2, 2, 2, 2 ], 3 ], [ [ 2, 2, 2, 2, 2, 2, 2, 2, 2, 2, 2, 2 ], 6 ], [ [ 2, 2, 2, 2, 2, 2, 2, 2, 2, 2, 2, 2 ], 3 ], [ [ 2, 2, 2, 2, 2, 2, 2, 2, 2, 2, 2, 2 ], 6 ], [ [ 12, 12 ], 32 ], [ [ 6, 6, 6, 6 ], 32 ], [ [ 3, 3, 3, 3, 6, 6 ], 32 ], [ [ 6, 6, 6, 6 ], 16 ], [ [ 3, 3, 3, 3, 3, 3, 3, 3 ], 16 ], [ [ 2, 2, 2, 2, 2, 2, 2, 2, 2, 2, 2, 2 ], 8 ], [ [ 2, 2, 2, 2, 4, 4, 4, 4 ], 24 ], [ [ 4, 4, 4, 4, 4, 4 ], 24 ], [ [ 4, 4, 4, 4, 4, 4 ], 8 ], [ [ 3, 3, 3, 3, 3, 3, 3, 3 ], 16 ], [ [ 3, 3, 3, 3, 6, 6 ], 32 ], [ [ 6, 6, 6, 6 ], 16 ], [ [ 6, 6, 6, 6 ], 32 ], [ [ 12, 12 ], 32 ], [ [ 2, 2, 2, 2, 2, 2, 2, 2, 2, 2, 2, 2 ], 1 ] ]
1165|384|[ 384, 5790 ]|[ [ [ 1, 1, 1, 1, 1, 1, 1, 1, 1, 1, 1, 1, 1, 1, 1, 1, 1, 1, 1, 1, 1, 1, 1, 1 ], 1 ], [ [ 1, 1, 1, 1, 1, 1, 1, 1, 1, 1, 1, 1, 2, 2, 2, 2, 2, 2 ], 6 ], [ [ 1, 1, 1, 1, 1, 1, 1, 1, 1, 1, 1, 1, 1, 1, 1, 1, 2, 2, 2, 2 ], 3 ], [ [ 1, 1, 1, 1, 1, 1, 1, 1, 2, 2, 2, 2, 2, 2, 2, 2 ], 6 ], [ [ 1, 1, 1, 1, 2, 2, 2, 2, 2, 2, 2, 2, 2, 2 ], 6 ], [ [ 1, 1, 1, 1, 1, 1, 1, 1, 2, 2, 2, 2, 2, 2, 2, 2 ], 6 ], [ [ 1, 1, 1, 1, 2, 2, 2, 2, 2, 2, 2, 2, 2, 2 ], 6 ], [ [ 1, 1, 1, 1, 2, 2, 2, 2, 2, 2, 2, 2, 2, 2 ], 6 ], [ [ 1, 1, 1, 1, 2, 2, 2, 2, 2, 2, 2, 2, 2, 2 ], 6 ], [ [ 1, 1, 1, 1, 1, 1, 1, 1, 1, 1, 1, 1, 2, 2, 2, 2, 2, 2 ], 2 ], [ [ 1, 1, 1, 1, 1, 1, 1, 1, 2, 2, 2, 2, 2, 2, 2, 2 ], 3 ], [ [ 2, 2, 2, 2, 2, 2, 2, 2, 2, 2, 2, 2 ], 6 ], [ [ 2, 2, 2, 2, 2, 2, 2, 2, 2, 2, 2, 2 ], 6 ], [ [ 6, 6, 6, 6 ], 32 ], [ [ 12, 12 ], 32 ], [ [ 3, 3, 3, 3, 3, 3, 3, 3 ], 16 ], [ [ 3, 3, 3, 3, 6, 6 ], 32 ], [ [ 6, 6, 6, 6 ], 16 ], [ [ 2, 2, 2, 2, 4, 4, 4, 4 ], 24 ], [ [ 2, 2, 2, 2, 2, 2, 2, 2, 4, 4 ], 24 ], [ [ 2, 2, 2, 2, 2, 2, 2, 2, 2, 2, 2, 2 ], 8 ], [ [ 4, 4, 4, 4, 4, 4 ], 8 ], [ [ 3, 3, 3, 3, 6, 6 ], 32 ], [ [ 3, 3, 3, 3, 3, 3, 3, 3 ], 16 ], [ [ 6, 6, 6, 6 ], 16 ], [ [ 12, 12 ], 32 ], [ [ 6, 6, 6, 6 ], 32 ], [ [ 2, 2, 2, 2, 2, 2, 2, 2, 2, 2, 2, 2 ], 1 ] ]
1166|384|[ 384, 5790 ]|[ [ [ 1, 1, 1, 1, 1, 1, 1, 1, 1, 1, 1, 1, 1, 1, 1, 1, 1, 1, 1, 1, 1, 1, 1, 1 ], 1 ], [ [ 1, 1, 1, 1, 1, 1, 1, 1, 2, 2, 2, 2, 2, 2, 2, 2 ], 6 ], [ [ 1, 1, 1, 1, 1, 1, 1, 1, 2, 2, 2, 2, 2, 2, 2, 2 ], 6 ], [ [ 1, 1, 1, 1, 1, 1, 1, 1, 2, 2, 2, 2, 2, 2, 2, 2 ], 6 ], [ [ 1, 1, 1, 1, 1, 1, 1, 1, 2, 2, 2, 2, 2, 2, 2, 2 ], 6 ], [ [ 1, 1, 1, 1, 1, 1, 1, 1, 2, 2, 2, 2, 2, 2, 2, 2 ], 6 ], [ [ 1, 1, 1, 1, 1, 1, 1, 1, 2, 2, 2, 2, 2, 2, 2, 2 ], 6 ], [ [ 1, 1, 1, 1, 1, 1, 1, 1, 2, 2, 2, 2, 2, 2, 2, 2 ], 3 ], [ [ 1, 1, 1, 1, 1, 1, 1, 1, 2, 2, 2, 2, 2, 2, 2, 2 ], 6 ], [ [ 2, 2, 2, 2, 2, 2, 2, 2, 2, 2, 2, 2 ], 6 ], [ [ 2, 2, 2, 2, 2, 2, 2, 2, 2, 2, 2, 2 ], 3 ], [ [ 2, 2, 2, 2, 2, 2, 2, 2, 2, 2, 2, 2 ], 2 ], [ [ 2, 2, 2, 2, 2, 2, 2, 2, 2, 2, 2, 2 ], 6 ], [ [ 12, 12 ], 32 ], [ [ 6, 6, 6, 6 ], 32 ], [ [ 6, 6, 6, 6 ], 32 ], [ [ 6, 6, 6, 6 ], 16 ], [ [ 3, 3, 3, 3, 3, 3, 3, 3 ], 16 ], [ [ 2, 2, 2, 2, 4, 4, 4, 4 ], 24 ], [ [ 4, 4, 4, 4, 4, 4 ], 8 ], [ [ 4, 4, 4, 4, 4, 4 ], 24 ], [ [ 2, 2, 2, 2, 2, 2, 2, 2, 2, 2, 2, 2 ], 8 ], [ [ 6, 6, 6, 6 ], 16 ], [ [ 3, 3, 3, 3, 3, 3, 3, 3 ], 16 ], [ [ 6, 6, 6, 6 ], 32 ], [ [ 6, 6, 6, 6 ], 32 ], [ [ 12, 12 ], 32 ], [ [ 2, 2, 2, 2, 2, 2, 2, 2, 2, 2, 2, 2 ], 1 ] ]
1167|384|[ 384, 5790 ]|[ [ [ 1, 1, 1, 1, 1, 1, 1, 1, 1, 1, 1, 1, 1, 1, 1, 1, 1, 1, 1, 1, 1, 1, 1, 1 ], 1 ], [ [ 1, 1, 1, 1, 1, 1, 1, 1, 1, 1, 1, 1, 2, 2, 2, 2, 2, 2 ], 6 ], [ [ 1, 1, 1, 1, 1, 1, 1, 1, 2, 2, 2, 2, 2, 2, 2, 2 ], 6 ], [ [ 1, 1, 1, 1, 2, 2, 2, 2, 2, 2, 2, 2, 2, 2 ], 6 ], [ [ 1, 1, 1, 1, 1, 1, 1, 1, 2, 2, 2, 2, 2, 2, 2, 2 ], 3 ], [ [ 1, 1, 1, 1, 1, 1, 1, 1, 1, 1, 1, 1, 2, 2, 2, 2, 2, 2 ], 2 ], [ [ 1, 1, 1, 1, 1, 1, 1, 1, 2, 2, 2, 2, 2, 2, 2, 2 ], 6 ], [ [ 1, 1, 1, 1, 1, 1, 1, 1, 2, 2, 2, 2, 2, 2, 2, 2 ], 6 ], [ [ 1, 1, 1, 1, 2, 2, 2, 2, 2, 2, 2, 2, 2, 2 ], 6 ], [ [ 1, 1, 1, 1, 2, 2, 2, 2, 2, 2, 2, 2, 2, 2 ], 6 ], [ [ 1, 1, 1, 1, 2, 2, 2, 2, 2, 2, 2, 2, 2, 2 ], 6 ], [ [ 2, 2, 2, 2, 2, 2, 2, 2, 2, 2, 2, 2 ], 6 ], [ [ 2, 2, 2, 2, 2, 2, 2, 2, 2, 2, 2, 2 ], 3 ], [ [ 12, 12 ], 32 ], [ [ 6, 6, 6, 6 ], 32 ], [ [ 3, 3, 3, 3, 6, 6 ], 32 ], [ [ 3, 3, 3, 3, 3, 3, 3, 3 ], 16 ], [ [ 6, 6, 6, 6 ], 16 ], [ [ 2, 2, 2, 2, 4, 4, 4, 4 ], 24 ], [ [ 4, 4, 4, 4, 4, 4 ], 8 ], [ [ 4, 4, 4, 4, 4, 4 ], 24 ], [ [ 2, 2, 2, 2, 2, 2, 2, 2, 2, 2, 2, 2 ], 8 ], [ [ 6, 6, 6, 6 ], 16 ], [ [ 3, 3, 3, 3, 3, 3, 3, 3 ], 16 ], [ [ 3, 3, 3, 3, 6, 6 ], 32 ], [ [ 6, 6, 6, 6 ], 32 ], [ [ 12, 12 ], 32 ], [ [ 2, 2, 2, 2, 2, 2, 2, 2, 2, 2, 2, 2 ], 1 ] ]
1168|384|[ 384, 5790 ]|[ [ [ 1, 1, 1, 1, 1, 1, 1, 1, 1, 1, 1, 1, 1, 1, 1, 1, 1, 1, 1, 1, 1, 1, 1, 1 ], 1 ], [ [ 1, 1, 1, 1, 1, 1, 1, 1, 1, 1, 1, 1, 2, 2, 2, 2, 2, 2 ], 6 ], [ [ 1, 1, 1, 1, 1, 1, 1, 1, 2, 2, 2, 2, 2, 2, 2, 2 ], 6 ], [ [ 1, 1, 1, 1, 1, 1, 1, 1, 2, 2, 2, 2, 2, 2, 2, 2 ], 6 ], [ [ 1, 1, 1, 1, 2, 2, 2, 2, 2, 2, 2, 2, 2, 2 ], 6 ], [ [ 1, 1, 1, 1, 1, 1, 1, 1, 1, 1, 1, 1, 2, 2, 2, 2, 2, 2 ], 2 ], [ [ 1, 1, 1, 1, 1, 1, 1, 1, 2, 2, 2, 2, 2, 2, 2, 2 ], 6 ], [ [ 1, 1, 1, 1, 2, 2, 2, 2, 2, 2, 2, 2, 2, 2 ], 6 ], [ [ 1, 1, 1, 1, 2, 2, 2, 2, 2, 2, 2, 2, 2, 2 ], 6 ], [ [ 1, 1, 1, 1, 1, 1, 1, 1, 2, 2, 2, 2, 2, 2, 2, 2 ], 3 ], [ [ 1, 1, 1, 1, 2, 2, 2, 2, 2, 2, 2, 2, 2, 2 ], 6 ], [ [ 2, 2, 2, 2, 2, 2, 2, 2, 2, 2, 2, 2 ], 3 ], [ [ 2, 2, 2, 2, 2, 2, 2, 2, 2, 2, 2, 2 ], 6 ], [ [ 12, 12 ], 32 ], [ [ 6, 6, 6, 6 ], 32 ], [ [ 3, 3, 3, 3, 3, 3, 3, 3 ], 16 ], [ [ 3, 3, 3, 3, 6, 6 ], 32 ], [ [ 6, 6, 6, 6 ], 16 ], [ [ 2, 2, 2, 2, 4, 4, 4, 4 ], 24 ], [ [ 4, 4, 4, 4, 4, 4 ], 24 ], [ [ 4, 4, 4, 4, 4, 4 ], 8 ], [ [ 2, 2, 2, 2, 2, 2, 2, 2, 2, 2, 2, 2 ], 8 ], [ [ 3, 3, 3, 3, 6, 6 ], 32 ], [ [ 3, 3, 3, 3, 3, 3, 3, 3 ], 16 ], [ [ 6, 6, 6, 6 ], 16 ], [ [ 12, 12 ], 32 ], [ [ 6, 6, 6, 6 ], 32 ], [ [ 2, 2, 2, 2, 2, 2, 2, 2, 2, 2, 2, 2 ], 1 ] ]
1169|384|[ 384, 5790 ]|[ [ [ 1, 1, 1, 1, 1, 1, 1, 1, 1, 1, 1, 1, 1, 1, 1, 1, 1, 1, 1, 1, 1, 1, 1, 1 ], 1 ], [ [ 1, 1, 1, 1, 1, 1, 1, 1, 1, 1, 1, 1, 1, 1, 1, 1, 2, 2, 2, 2 ], 6 ], [ [ 1, 1, 1, 1, 1, 1, 1, 1, 2, 2, 2, 2, 2, 2, 2, 2 ], 6 ], [ [ 1, 1, 1, 1, 1, 1, 1, 1, 2, 2, 2, 2, 2, 2, 2, 2 ], 6 ], [ [ 1, 1, 1, 1, 1, 1, 1, 1, 2, 2, 2, 2, 2, 2, 2, 2 ], 6 ], [ [ 1, 1, 1, 1, 1, 1, 1, 1, 2, 2, 2, 2, 2, 2, 2, 2 ], 6 ], [ [ 1, 1, 1, 1, 1, 1, 1, 1, 2, 2, 2, 2, 2, 2, 2, 2 ], 3 ], [ [ 1, 1, 1, 1, 1, 1, 1, 1, 2, 2, 2, 2, 2, 2, 2, 2 ], 6 ], [ [ 2, 2, 2, 2, 2, 2, 2, 2, 2, 2, 2, 2 ], 6 ], [ [ 2, 2, 2, 2, 2, 2, 2, 2, 2, 2, 2, 2 ], 3 ], [ [ 2, 2, 2, 2, 2, 2, 2, 2, 2, 2, 2, 2 ], 2 ], [ [ 2, 2, 2, 2, 2, 2, 2, 2, 2, 2, 2, 2 ], 6 ], [ [ 2, 2, 2, 2, 2, 2, 2, 2, 2, 2, 2, 2 ], 6 ], [ [ 6, 6, 6, 6 ], 32 ], [ [ 12, 12 ], 32 ], [ [ 3, 3, 3, 3, 3, 3, 3, 3 ], 16 ], [ [ 6, 6, 6, 6 ], 32 ], [ [ 6, 6, 6, 6 ], 16 ], [ [ 2, 2, 2, 2, 4, 4, 4, 4 ], 24 ], [ [ 2, 2, 2, 2, 2, 2, 2, 2, 2, 2, 2, 2 ], 8 ], [ [ 4, 4, 4, 4, 4, 4 ], 24 ], [ [ 4, 4, 4, 4, 4, 4 ], 8 ], [ [ 6, 6, 6, 6 ], 32 ], [ [ 3, 3, 3, 3, 3, 3, 3, 3 ], 16 ], [ [ 6, 6, 6, 6 ], 16 ], [ [ 12, 12 ], 32 ], [ [ 6, 6, 6, 6 ], 32 ], [ [ 2, 2, 2, 2, 2, 2, 2, 2, 2, 2, 2, 2 ], 1 ] ]
1170|384|[ 384, 5790 ]|[ [ [ 1, 1, 1, 1, 1, 1, 1, 1, 1, 1, 1, 1, 1, 1, 1, 1, 1, 1, 1, 1, 1, 1, 1, 1 ], 1 ], [ [ 1, 1, 1, 1, 1, 1, 1, 1, 2, 2, 2, 2, 2, 2, 2, 2 ], 6 ], [ [ 1, 1, 1, 1, 1, 1, 1, 1, 2, 2, 2, 2, 2, 2, 2, 2 ], 6 ], [ [ 1, 1, 1, 1, 1, 1, 1, 1, 2, 2, 2, 2, 2, 2, 2, 2 ], 6 ], [ [ 1, 1, 1, 1, 1, 1, 1, 1, 1, 1, 1, 1, 2, 2, 2, 2, 2, 2 ], 6 ], [ [ 1, 1, 1, 1, 2, 2, 2, 2, 2, 2, 2, 2, 2, 2 ], 6 ], [ [ 1, 1, 1, 1, 1, 1, 1, 1, 2, 2, 2, 2, 2, 2, 2, 2 ], 6 ], [ [ 1, 1, 1, 1, 2, 2, 2, 2, 2, 2, 2, 2, 2, 2 ], 6 ], [ [ 1, 1, 1, 1, 1, 1, 1, 1, 2, 2, 2, 2, 2, 2, 2, 2 ], 3 ], [ [ 1, 1, 1, 1, 2, 2, 2, 2, 2, 2, 2, 2, 2, 2 ], 6 ], [ [ 2, 2, 2, 2, 2, 2, 2, 2, 2, 2, 2, 2 ], 6 ], [ [ 2, 2, 2, 2, 2, 2, 2, 2, 2, 2, 2, 2 ], 2 ], [ [ 2, 2, 2, 2, 2, 2, 2, 2, 2, 2, 2, 2 ], 3 ], [ [ 12, 12 ], 32 ], [ [ 6, 6, 6, 6 ], 32 ], [ [ 6, 6, 6, 6 ], 32 ], [ [ 6, 6, 6, 6 ], 16 ], [ [ 3, 3, 3, 3, 3, 3, 3, 3 ], 16 ], [ [ 2, 2, 2, 2, 4, 4, 4, 4 ], 24 ], [ [ 4, 4, 4, 4, 4, 4 ], 24 ], [ [ 4, 4, 4, 4, 4, 4 ], 8 ], [ [ 2, 2, 2, 2, 2, 2, 2, 2, 2, 2, 2, 2 ], 8 ], [ [ 6, 6, 6, 6 ], 16 ], [ [ 3, 3, 3, 3, 3, 3, 3, 3 ], 16 ], [ [ 6, 6, 6, 6 ], 32 ], [ [ 6, 6, 6, 6 ], 32 ], [ [ 12, 12 ], 32 ], [ [ 2, 2, 2, 2, 2, 2, 2, 2, 2, 2, 2, 2 ], 1 ] ]
1171|384|[ 384, 5790 ]|[ [ [ 1, 1, 1, 1, 1, 1, 1, 1, 1, 1, 1, 1, 1, 1, 1, 1, 1, 1, 1, 1, 1, 1, 1, 1 ], 1 ], [ [ 1, 1, 1, 1, 1, 1, 1, 1, 1, 1, 1, 1, 2, 2, 2, 2, 2, 2 ], 6 ], [ [ 1, 1, 1, 1, 1, 1, 1, 1, 1, 1, 1, 1, 1, 1, 1, 1, 2, 2, 2, 2 ], 3 ], [ [ 1, 1, 1, 1, 1, 1, 1, 1, 2, 2, 2, 2, 2, 2, 2, 2 ], 6 ], [ [ 1, 1, 1, 1, 2, 2, 2, 2, 2, 2, 2, 2, 2, 2 ], 6 ], [ [ 1, 1, 1, 1, 1, 1, 1, 1, 2, 2, 2, 2, 2, 2, 2, 2 ], 6 ], [ [ 1, 1, 1, 1, 2, 2, 2, 2, 2, 2, 2, 2, 2, 2 ], 6 ], [ [ 1, 1, 1, 1, 1, 1, 1, 1, 1, 1, 1, 1, 2, 2, 2, 2, 2, 2 ], 2 ], [ [ 1, 1, 1, 1, 1, 1, 1, 1, 2, 2, 2, 2, 2, 2, 2, 2 ], 3 ], [ [ 1, 1, 1, 1, 2, 2, 2, 2, 2, 2, 2, 2, 2, 2 ], 6 ], [ [ 1, 1, 1, 1, 2, 2, 2, 2, 2, 2, 2, 2, 2, 2 ], 6 ], [ [ 2, 2, 2, 2, 2, 2, 2, 2, 2, 2, 2, 2 ], 6 ], [ [ 2, 2, 2, 2, 2, 2, 2, 2, 2, 2, 2, 2 ], 6 ], [ [ 12, 12 ], 32 ], [ [ 6, 6, 6, 6 ], 32 ], [ [ 3, 3, 3, 3, 6, 6 ], 32 ], [ [ 6, 6, 6, 6 ], 16 ], [ [ 3, 3, 3, 3, 3, 3, 3, 3 ], 16 ], [ [ 2, 2, 2, 2, 2, 2, 2, 2, 2, 2, 2, 2 ], 8 ], [ [ 4, 4, 4, 4, 4, 4 ], 8 ], [ [ 2, 2, 2, 2, 4, 4, 4, 4 ], 24 ], [ [ 2, 2, 2, 2, 2, 2, 2, 2, 4, 4 ], 24 ], [ [ 3, 3, 3, 3, 6, 6 ], 32 ], [ [ 6, 6, 6, 6 ], 16 ], [ [ 3, 3, 3, 3, 3, 3, 3, 3 ], 16 ], [ [ 6, 6, 6, 6 ], 32 ], [ [ 12, 12 ], 32 ], [ [ 2, 2, 2, 2, 2, 2, 2, 2, 2, 2, 2, 2 ], 1 ] ]
1172|384|[ 384, 5790 ]|[ [ [ 1, 1, 1, 1, 1, 1, 1, 1, 1, 1, 1, 1, 1, 1, 1, 1, 1, 1, 1, 1, 1, 1, 1, 1 ], 1 ], [ [ 1, 1, 1, 1, 1, 1, 1, 1, 1, 1, 1, 1, 1, 1, 1, 1, 2, 2, 2, 2 ], 6 ], [ [ 1, 1, 1, 1, 1, 1, 1, 1, 1, 1, 1, 1, 1, 1, 1, 1, 2, 2, 2, 2 ], 6 ], [ [ 1, 1, 1, 1, 1, 1, 1, 1, 1, 1, 1, 1, 1, 1, 1, 1, 2, 2, 2, 2 ], 3 ], [ [ 1, 1, 1, 1, 1, 1, 1, 1, 2, 2, 2, 2, 2, 2, 2, 2 ], 6 ], [ [ 1, 1, 1, 1, 1, 1, 1, 1, 2, 2, 2, 2, 2, 2, 2, 2 ], 6 ], [ [ 1, 1, 1, 1, 1, 1, 1, 1, 2, 2, 2, 2, 2, 2, 2, 2 ], 3 ], [ [ 2, 2, 2, 2, 2, 2, 2, 2, 2, 2, 2, 2 ], 6 ], [ [ 2, 2, 2, 2, 2, 2, 2, 2, 2, 2, 2, 2 ], 6 ], [ [ 2, 2, 2, 2, 2, 2, 2, 2, 2, 2, 2, 2 ], 6 ], [ [ 2, 2, 2, 2, 2, 2, 2, 2, 2, 2, 2, 2 ], 6 ], [ [ 2, 2, 2, 2, 2, 2, 2, 2, 2, 2, 2, 2 ], 2 ], [ [ 2, 2, 2, 2, 2, 2, 2, 2, 2, 2, 2, 2 ], 6 ], [ [ 12, 12 ], 32 ], [ [ 6, 6, 6, 6 ], 32 ], [ [ 6, 6, 6, 6 ], 32 ], [ [ 3, 3, 3, 3, 3, 3, 3, 3 ], 16 ], [ [ 6, 6, 6, 6 ], 16 ], [ [ 2, 2, 2, 2, 2, 2, 2, 2, 4, 4 ], 24 ], [ [ 4, 4, 4, 4, 4, 4 ], 8 ], [ [ 2, 2, 2, 2, 2, 2, 2, 2, 2, 2, 2, 2 ], 8 ], [ [ 2, 2, 2, 2, 4, 4, 4, 4 ], 24 ], [ [ 6, 6, 6, 6 ], 32 ], [ [ 3, 3, 3, 3, 3, 3, 3, 3 ], 16 ], [ [ 6, 6, 6, 6 ], 16 ], [ [ 6, 6, 6, 6 ], 32 ], [ [ 12, 12 ], 32 ], [ [ 2, 2, 2, 2, 2, 2, 2, 2, 2, 2, 2, 2 ], 1 ] ]
1173|384|[ 384, 20100 ]|[ [ [ 1, 1, 1, 1, 1, 1, 1, 1, 1, 1, 1, 1, 1, 1, 1, 1, 1, 1, 1, 1, 1, 1, 1, 1 ], 1 ], [ [ 1, 1, 1, 1, 1, 1, 1, 1, 1, 1, 1, 1, 1, 1, 1, 1, 2, 2, 2, 2 ], 6 ], [ [ 1, 1, 1, 1, 1, 1, 1, 1, 1, 1, 1, 1, 1, 1, 1, 1, 2, 2, 2, 2 ], 3 ], [ [ 1, 1, 1, 1, 1, 1, 1, 1, 2, 2, 2, 2, 2, 2, 2, 2 ], 6 ], [ [ 1, 1, 1, 1, 1, 1, 1, 1, 2, 2, 2, 2, 2, 2, 2, 2 ], 3 ], [ [ 1, 1, 1, 1, 1, 1, 1, 1, 2, 2, 2, 2, 2, 2, 2, 2 ], 6 ], [ [ 1, 1, 1, 1, 1, 1, 1, 1, 2, 2, 2, 2, 2, 2, 2, 2 ], 3 ], [ [ 1, 1, 1, 1, 1, 1, 1, 1, 2, 2, 2, 2, 2, 2, 2, 2 ], 6 ], [ [ 1, 1, 1, 1, 1, 1, 1, 1, 2, 2, 2, 2, 2, 2, 2, 2 ], 3 ], [ [ 2, 2, 2, 2, 2, 2, 2, 2, 2, 2, 2, 2 ], 2 ], [ [ 2, 2, 2, 2, 2, 2, 2, 2, 2, 2, 2, 2 ], 6 ], [ [ 2, 2, 2, 2, 2, 2, 2, 2, 2, 2, 2, 2 ], 6 ], [ [ 2, 2, 2, 2, 2, 2, 2, 2, 2, 2, 2, 2 ], 3 ], [ [ 2, 2, 2, 2, 2, 2, 2, 2, 2, 2, 2, 2 ], 3 ], [ [ 2, 2, 2, 2, 2, 2, 2, 2, 2, 2, 2, 2 ], 6 ], [ [ 2, 2, 2, 2, 2, 2, 2, 2, 2, 2, 2, 2 ], 24 ], [ [ 2, 2, 2, 2, 4, 4, 4, 4 ], 24 ], [ [ 2, 2, 2, 2, 4, 4, 4, 4 ], 24 ], [ [ 2, 2, 2, 2, 4, 4, 4, 4 ], 24 ], [ [ 2, 2, 2, 2, 2, 2, 2, 2, 4, 4 ], 24 ], [ [ 4, 4, 4, 4, 4, 4 ], 24 ], [ [ 4, 4, 4, 4, 4, 4 ], 24 ], [ [ 4, 4, 4, 4, 4, 4 ], 24 ], [ [ 3, 3, 3, 3, 3, 3, 3, 3 ], 32 ], [ [ 6, 6, 6, 6 ], 32 ], [ [ 6, 6, 6, 6 ], 32 ], [ [ 6, 6, 6, 6 ], 32 ], [ [ 2, 2, 2, 2, 2, 2, 2, 2, 2, 2, 2, 2 ], 1 ] ]
1174|384|[ 384, 20100 ]|[ [ [ 1, 1, 1, 1, 1, 1, 1, 1, 1, 1, 1, 1, 1, 1, 1, 1, 1, 1, 1, 1, 1, 1, 1, 1 ], 1 ], [ [ 1, 1, 1, 1, 1, 1, 1, 1, 1, 1, 1, 1, 2, 2, 2, 2, 2, 2 ], 6 ], [ [ 1, 1, 1, 1, 1, 1, 1, 1, 2, 2, 2, 2, 2, 2, 2, 2 ], 3 ], [ [ 1, 1, 1, 1, 1, 1, 1, 1, 2, 2, 2, 2, 2, 2, 2, 2 ], 3 ], [ [ 1, 1, 1, 1, 1, 1, 1, 1, 2, 2, 2, 2, 2, 2, 2, 2 ], 6 ], [ [ 1, 1, 1, 1, 2, 2, 2, 2, 2, 2, 2, 2, 2, 2 ], 6 ], [ [ 1, 1, 1, 1, 1, 1, 1, 1, 1, 1, 1, 1, 2, 2, 2, 2, 2, 2 ], 2 ], [ [ 1, 1, 1, 1, 1, 1, 1, 1, 2, 2, 2, 2, 2, 2, 2, 2 ], 6 ], [ [ 1, 1, 1, 1, 2, 2, 2, 2, 2, 2, 2, 2, 2, 2 ], 6 ], [ [ 1, 1, 1, 1, 2, 2, 2, 2, 2, 2, 2, 2, 2, 2 ], 6 ], [ [ 1, 1, 1, 1, 2, 2, 2, 2, 2, 2, 2, 2, 2, 2 ], 6 ], [ [ 1, 1, 1, 1, 1, 1, 1, 1, 2, 2, 2, 2, 2, 2, 2, 2 ], 3 ], [ [ 2, 2, 2, 2, 2, 2, 2, 2, 2, 2, 2, 2 ], 3 ], [ [ 2, 2, 2, 2, 2, 2, 2, 2, 2, 2, 2, 2 ], 3 ], [ [ 2, 2, 2, 2, 2, 2, 2, 2, 2, 2, 2, 2 ], 3 ], [ [ 2, 2, 2, 2, 4, 4, 4, 4 ], 24 ], [ [ 2, 2, 2, 2, 2, 2, 2, 2, 2, 2, 2, 2 ], 24 ], [ [ 4, 4, 4, 4, 4, 4 ], 24 ], [ [ 4, 4, 4, 4, 4, 4 ], 24 ], [ [ 4, 4, 4, 4, 4, 4 ], 24 ], [ [ 4, 4, 4, 4, 4, 4 ], 24 ], [ [ 2, 2, 2, 2, 4, 4, 4, 4 ], 24 ], [ [ 2, 2, 2, 2, 4, 4, 4, 4 ], 24 ], [ [ 3, 3, 3, 3, 6, 6 ], 32 ], [ [ 6, 6, 6, 6 ], 32 ], [ [ 3, 3, 3, 3, 3, 3, 3, 3 ], 32 ], [ [ 3, 3, 3, 3, 6, 6 ], 32 ], [ [ 2, 2, 2, 2, 2, 2, 2, 2, 2, 2, 2, 2 ], 1 ] ]
1175|384|[ 384, 20100 ]|[ [ [ 1, 1, 1, 1, 1, 1, 1, 1, 1, 1, 1, 1, 1, 1, 1, 1, 1, 1, 1, 1, 1, 1, 1, 1 ], 1 ], [ [ 1, 1, 1, 1, 1, 1, 1, 1, 1, 1, 1, 1, 1, 1, 1, 1, 2, 2, 2, 2 ], 6 ], [ [ 1, 1, 1, 1, 1, 1, 1, 1, 2, 2, 2, 2, 2, 2, 2, 2 ], 3 ], [ [ 1, 1, 1, 1, 1, 1, 1, 1, 1, 1, 1, 1, 2, 2, 2, 2, 2, 2 ], 6 ], [ [ 1, 1, 1, 1, 1, 1, 1, 1, 2, 2, 2, 2, 2, 2, 2, 2 ], 3 ], [ [ 1, 1, 1, 1, 2, 2, 2, 2, 2, 2, 2, 2, 2, 2 ], 6 ], [ [ 1, 1, 1, 1, 1, 1, 1, 1, 2, 2, 2, 2, 2, 2, 2, 2 ], 3 ], [ [ 1, 1, 1, 1, 2, 2, 2, 2, 2, 2, 2, 2, 2, 2 ], 6 ], [ [ 1, 1, 1, 1, 1, 1, 1, 1, 1, 1, 1, 1, 2, 2, 2, 2, 2, 2 ], 2 ], [ [ 1, 1, 1, 1, 2, 2, 2, 2, 2, 2, 2, 2, 2, 2 ], 6 ], [ [ 1, 1, 1, 1, 2, 2, 2, 2, 2, 2, 2, 2, 2, 2 ], 6 ], [ [ 2, 2, 2, 2, 2, 2, 2, 2, 2, 2, 2, 2 ], 3 ], [ [ 2, 2, 2, 2, 2, 2, 2, 2, 2, 2, 2, 2 ], 3 ], [ [ 2, 2, 2, 2, 2, 2, 2, 2, 2, 2, 2, 2 ], 3 ], [ [ 2, 2, 2, 2, 2, 2, 2, 2, 2, 2, 2, 2 ], 6 ], [ [ 2, 2, 2, 2, 2, 2, 2, 2, 2, 2, 2, 2 ], 24 ], [ [ 2, 2, 2, 2, 4, 4, 4, 4 ], 24 ], [ [ 2, 2, 2, 2, 4, 4, 4, 4 ], 24 ], [ [ 4, 4, 4, 4, 4, 4 ], 24 ], [ [ 2, 2, 2, 2, 4, 4, 4, 4 ], 24 ], [ [ 4, 4, 4, 4, 4, 4 ], 24 ], [ [ 4, 4, 4, 4, 4, 4 ], 24 ], [ [ 4, 4, 4, 4, 4, 4 ], 24 ], [ [ 3, 3, 3, 3, 3, 3, 3, 3 ], 32 ], [ [ 3, 3, 3, 3, 6, 6 ], 32 ], [ [ 3, 3, 3, 3, 6, 6 ], 32 ], [ [ 6, 6, 6, 6 ], 32 ], [ [ 2, 2, 2, 2, 2, 2, 2, 2, 2, 2, 2, 2 ], 1 ] ]
1176|384|[ 384, 20100 ]|[ [ [ 1, 1, 1, 1, 1, 1, 1, 1, 1, 1, 1, 1, 1, 1, 1, 1, 1, 1, 1, 1, 1, 1, 1, 1 ], 1 ], [ [ 1, 1, 1, 1, 1, 1, 1, 1, 1, 1, 1, 1, 2, 2, 2, 2, 2, 2 ], 6 ], [ [ 1, 1, 1, 1, 1, 1, 1, 1, 1, 1, 1, 1, 1, 1, 1, 1, 2, 2, 2, 2 ], 3 ], [ [ 1, 1, 1, 1, 2, 2, 2, 2, 2, 2, 2, 2, 2, 2 ], 6 ], [ [ 1, 1, 1, 1, 1, 1, 1, 1, 2, 2, 2, 2, 2, 2, 2, 2 ], 6 ], [ [ 1, 1, 1, 1, 1, 1, 1, 1, 2, 2, 2, 2, 2, 2, 2, 2 ], 3 ], [ [ 1, 1, 1, 1, 1, 1, 1, 1, 2, 2, 2, 2, 2, 2, 2, 2 ], 3 ], [ [ 1, 1, 1, 1, 1, 1, 1, 1, 2, 2, 2, 2, 2, 2, 2, 2 ], 6 ], [ [ 1, 1, 1, 1, 2, 2, 2, 2, 2, 2, 2, 2, 2, 2 ], 6 ], [ [ 1, 1, 1, 1, 2, 2, 2, 2, 2, 2, 2, 2, 2, 2 ], 6 ], [ [ 1, 1, 1, 1, 1, 1, 1, 1, 2, 2, 2, 2, 2, 2, 2, 2 ], 3 ], [ [ 2, 2, 2, 2, 2, 2, 2, 2, 2, 2, 2, 2 ], 3 ], [ [ 2, 2, 2, 2, 2, 2, 2, 2, 2, 2, 2, 2 ], 6 ], [ [ 2, 2, 2, 2, 2, 2, 2, 2, 2, 2, 2, 2 ], 3 ], [ [ 2, 2, 2, 2, 2, 2, 2, 2, 2, 2, 2, 2 ], 2 ], [ [ 2, 2, 2, 2, 2, 2, 2, 2, 2, 2, 2, 2 ], 24 ], [ [ 2, 2, 2, 2, 2, 2, 2, 2, 4, 4 ], 24 ], [ [ 4, 4, 4, 4, 4, 4 ], 24 ], [ [ 4, 4, 4, 4, 4, 4 ], 24 ], [ [ 2, 2, 2, 2, 4, 4, 4, 4 ], 24 ], [ [ 4, 4, 4, 4, 4, 4 ], 24 ], [ [ 2, 2, 2, 2, 4, 4, 4, 4 ], 24 ], [ [ 2, 2, 2, 2, 4, 4, 4, 4 ], 24 ], [ [ 6, 6, 6, 6 ], 32 ], [ [ 3, 3, 3, 3, 3, 3, 3, 3 ], 32 ], [ [ 6, 6, 6, 6 ], 32 ], [ [ 6, 6, 6, 6 ], 32 ], [ [ 2, 2, 2, 2, 2, 2, 2, 2, 2, 2, 2, 2 ], 1 ] ]
1177|384|[ 384, 20100 ]|[ [ [ 1, 1, 1, 1, 1, 1, 1, 1, 1, 1, 1, 1, 1, 1, 1, 1, 1, 1, 1, 1, 1, 1, 1, 1 ], 1 ], [ [ 1, 1, 1, 1, 1, 1, 1, 1, 1, 1, 1, 1, 2, 2, 2, 2, 2, 2 ], 6 ], [ [ 1, 1, 1, 1, 1, 1, 1, 1, 2, 2, 2, 2, 2, 2, 2, 2 ], 6 ], [ [ 1, 1, 1, 1, 1, 1, 1, 1, 2, 2, 2, 2, 2, 2, 2, 2 ], 3 ], [ [ 1, 1, 1, 1, 1, 1, 1, 1, 2, 2, 2, 2, 2, 2, 2, 2 ], 3 ], [ [ 1, 1, 1, 1, 1, 1, 1, 1, 1, 1, 1, 1, 1, 1, 1, 1, 2, 2, 2, 2 ], 3 ], [ [ 1, 1, 1, 1, 1, 1, 1, 1, 1, 1, 1, 1, 2, 2, 2, 2, 2, 2 ], 2 ], [ [ 1, 1, 1, 1, 2, 2, 2, 2, 2, 2, 2, 2, 2, 2 ], 6 ], [ [ 1, 1, 1, 1, 2, 2, 2, 2, 2, 2, 2, 2, 2, 2 ], 6 ], [ [ 1, 1, 1, 1, 2, 2, 2, 2, 2, 2, 2, 2, 2, 2 ], 6 ], [ [ 1, 1, 1, 1, 2, 2, 2, 2, 2, 2, 2, 2, 2, 2 ], 6 ], [ [ 1, 1, 1, 1, 1, 1, 1, 1, 2, 2, 2, 2, 2, 2, 2, 2 ], 3 ], [ [ 2, 2, 2, 2, 2, 2, 2, 2, 2, 2, 2, 2 ], 3 ], [ [ 2, 2, 2, 2, 2, 2, 2, 2, 2, 2, 2, 2 ], 6 ], [ [ 2, 2, 2, 2, 2, 2, 2, 2, 2, 2, 2, 2 ], 3 ], [ [ 2, 2, 2, 2, 4, 4, 4, 4 ], 24 ], [ [ 2, 2, 2, 2, 4, 4, 4, 4 ], 24 ], [ [ 4, 4, 4, 4, 4, 4 ], 24 ], [ [ 4, 4, 4, 4, 4, 4 ], 24 ], [ [ 2, 2, 2, 2, 2, 2, 2, 2, 2, 2, 2, 2 ], 24 ], [ [ 2, 2, 2, 2, 2, 2, 2, 2, 4, 4 ], 24 ], [ [ 2, 2, 2, 2, 4, 4, 4, 4 ], 24 ], [ [ 4, 4, 4, 4, 4, 4 ], 24 ], [ [ 3, 3, 3, 3, 3, 3, 3, 3 ], 32 ], [ [ 3, 3, 3, 3, 6, 6 ], 32 ], [ [ 3, 3, 3, 3, 6, 6 ], 32 ], [ [ 6, 6, 6, 6 ], 32 ], [ [ 2, 2, 2, 2, 2, 2, 2, 2, 2, 2, 2, 2 ], 1 ] ]
1178|384|[ 384, 20100 ]|[ [ [ 1, 1, 1, 1, 1, 1, 1, 1, 1, 1, 1, 1, 1, 1, 1, 1, 1, 1, 1, 1, 1, 1, 1, 1 ], 1 ], [ [ 1, 1, 1, 1, 1, 1, 1, 1, 1, 1, 1, 1, 1, 1, 1, 1, 2, 2, 2, 2 ], 6 ], [ [ 1, 1, 1, 1, 1, 1, 1, 1, 2, 2, 2, 2, 2, 2, 2, 2 ], 3 ], [ [ 1, 1, 1, 1, 1, 1, 1, 1, 1, 1, 1, 1, 2, 2, 2, 2, 2, 2 ], 6 ], [ [ 1, 1, 1, 1, 2, 2, 2, 2, 2, 2, 2, 2, 2, 2 ], 6 ], [ [ 1, 1, 1, 1, 2, 2, 2, 2, 2, 2, 2, 2, 2, 2 ], 6 ], [ [ 1, 1, 1, 1, 1, 1, 1, 1, 1, 1, 1, 1, 2, 2, 2, 2, 2, 2 ], 2 ], [ [ 1, 1, 1, 1, 2, 2, 2, 2, 2, 2, 2, 2, 2, 2 ], 6 ], [ [ 1, 1, 1, 1, 2, 2, 2, 2, 2, 2, 2, 2, 2, 2 ], 6 ], [ [ 1, 1, 1, 1, 1, 1, 1, 1, 2, 2, 2, 2, 2, 2, 2, 2 ], 3 ], [ [ 1, 1, 1, 1, 1, 1, 1, 1, 2, 2, 2, 2, 2, 2, 2, 2 ], 3 ], [ [ 2, 2, 2, 2, 2, 2, 2, 2, 2, 2, 2, 2 ], 3 ], [ [ 2, 2, 2, 2, 2, 2, 2, 2, 2, 2, 2, 2 ], 3 ], [ [ 2, 2, 2, 2, 2, 2, 2, 2, 2, 2, 2, 2 ], 3 ], [ [ 2, 2, 2, 2, 2, 2, 2, 2, 2, 2, 2, 2 ], 6 ], [ [ 2, 2, 2, 2, 2, 2, 2, 2, 2, 2, 2, 2 ], 24 ], [ [ 2, 2, 2, 2, 4, 4, 4, 4 ], 24 ], [ [ 4, 4, 4, 4, 4, 4 ], 24 ], [ [ 4, 4, 4, 4, 4, 4 ], 24 ], [ [ 4, 4, 4, 4, 4, 4 ], 24 ], [ [ 4, 4, 4, 4, 4, 4 ], 24 ], [ [ 2, 2, 2, 2, 4, 4, 4, 4 ], 24 ], [ [ 2, 2, 2, 2, 4, 4, 4, 4 ], 24 ], [ [ 3, 3, 3, 3, 6, 6 ], 32 ], [ [ 6, 6, 6, 6 ], 32 ], [ [ 3, 3, 3, 3, 3, 3, 3, 3 ], 32 ], [ [ 3, 3, 3, 3, 6, 6 ], 32 ], [ [ 2, 2, 2, 2, 2, 2, 2, 2, 2, 2, 2, 2 ], 1 ] ]
1179|384|[ 384, 20100 ]|[ [ [ 1, 1, 1, 1, 1, 1, 1, 1, 1, 1, 1, 1, 1, 1, 1, 1, 1, 1, 1, 1, 1, 1, 1, 1 ], 1 ], [ [ 1, 1, 1, 1, 1, 1, 1, 1, 2, 2, 2, 2, 2, 2, 2, 2 ], 6 ], [ [ 1, 1, 1, 1, 1, 1, 1, 1, 2, 2, 2, 2, 2, 2, 2, 2 ], 3 ], [ [ 1, 1, 1, 1, 1, 1, 1, 1, 2, 2, 2, 2, 2, 2, 2, 2 ], 6 ], [ [ 1, 1, 1, 1, 1, 1, 1, 1, 2, 2, 2, 2, 2, 2, 2, 2 ], 6 ], [ [ 1, 1, 1, 1, 1, 1, 1, 1, 2, 2, 2, 2, 2, 2, 2, 2 ], 6 ], [ [ 1, 1, 1, 1, 1, 1, 1, 1, 2, 2, 2, 2, 2, 2, 2, 2 ], 6 ], [ [ 1, 1, 1, 1, 1, 1, 1, 1, 2, 2, 2, 2, 2, 2, 2, 2 ], 3 ], [ [ 1, 1, 1, 1, 1, 1, 1, 1, 2, 2, 2, 2, 2, 2, 2, 2 ], 3 ], [ [ 1, 1, 1, 1, 1, 1, 1, 1, 2, 2, 2, 2, 2, 2, 2, 2 ], 6 ], [ [ 2, 2, 2, 2, 2, 2, 2, 2, 2, 2, 2, 2 ], 3 ], [ [ 2, 2, 2, 2, 2, 2, 2, 2, 2, 2, 2, 2 ], 2 ], [ [ 2, 2, 2, 2, 2, 2, 2, 2, 2, 2, 2, 2 ], 6 ], [ [ 2, 2, 2, 2, 2, 2, 2, 2, 2, 2, 2, 2 ], 3 ], [ [ 2, 2, 2, 2, 2, 2, 2, 2, 2, 2, 2, 2 ], 3 ], [ [ 2, 2, 2, 2, 4, 4, 4, 4 ], 24 ], [ [ 2, 2, 2, 2, 2, 2, 2, 2, 2, 2, 2, 2 ], 24 ], [ [ 2, 2, 2, 2, 4, 4, 4, 4 ], 24 ], [ [ 2, 2, 2, 2, 4, 4, 4, 4 ], 24 ], [ [ 4, 4, 4, 4, 4, 4 ], 24 ], [ [ 4, 4, 4, 4, 4, 4 ], 24 ], [ [ 4, 4, 4, 4, 4, 4 ], 24 ], [ [ 4, 4, 4, 4, 4, 4 ], 24 ], [ [ 6, 6, 6, 6 ], 32 ], [ [ 6, 6, 6, 6 ], 32 ], [ [ 3, 3, 3, 3, 3, 3, 3, 3 ], 32 ], [ [ 6, 6, 6, 6 ], 32 ], [ [ 2, 2, 2, 2, 2, 2, 2, 2, 2, 2, 2, 2 ], 1 ] ]
1180|384|[ 384, 20100 ]|[ [ [ 1, 1, 1, 1, 1, 1, 1, 1, 1, 1, 1, 1, 1, 1, 1, 1, 1, 1, 1, 1, 1, 1, 1, 1 ], 1 ], [ [ 1, 1, 1, 1, 1, 1, 1, 1, 1, 1, 1, 1, 1, 1, 1, 1, 2, 2, 2, 2 ], 3 ], [ [ 1, 1, 1, 1, 1, 1, 1, 1, 1, 1, 1, 1, 2, 2, 2, 2, 2, 2 ], 6 ], [ [ 1, 1, 1, 1, 2, 2, 2, 2, 2, 2, 2, 2, 2, 2 ], 6 ], [ [ 1, 1, 1, 1, 2, 2, 2, 2, 2, 2, 2, 2, 2, 2 ], 6 ], [ [ 1, 1, 1, 1, 1, 1, 1, 1, 2, 2, 2, 2, 2, 2, 2, 2 ], 6 ], [ [ 1, 1, 1, 1, 1, 1, 1, 1, 2, 2, 2, 2, 2, 2, 2, 2 ], 3 ], [ [ 1, 1, 1, 1, 1, 1, 1, 1, 1, 1, 1, 1, 2, 2, 2, 2, 2, 2 ], 2 ], [ [ 1, 1, 1, 1, 1, 1, 1, 1, 2, 2, 2, 2, 2, 2, 2, 2 ], 3 ], [ [ 1, 1, 1, 1, 1, 1, 1, 1, 2, 2, 2, 2, 2, 2, 2, 2 ], 3 ], [ [ 1, 1, 1, 1, 2, 2, 2, 2, 2, 2, 2, 2, 2, 2 ], 6 ], [ [ 1, 1, 1, 1, 2, 2, 2, 2, 2, 2, 2, 2, 2, 2 ], 6 ], [ [ 2, 2, 2, 2, 2, 2, 2, 2, 2, 2, 2, 2 ], 3 ], [ [ 2, 2, 2, 2, 2, 2, 2, 2, 2, 2, 2, 2 ], 3 ], [ [ 2, 2, 2, 2, 2, 2, 2, 2, 2, 2, 2, 2 ], 6 ], [ [ 2, 2, 2, 2, 2, 2, 2, 2, 4, 4 ], 24 ], [ [ 2, 2, 2, 2, 2, 2, 2, 2, 2, 2, 2, 2 ], 24 ], [ [ 4, 4, 4, 4, 4, 4 ], 24 ], [ [ 2, 2, 2, 2, 4, 4, 4, 4 ], 24 ], [ [ 2, 2, 2, 2, 4, 4, 4, 4 ], 24 ], [ [ 4, 4, 4, 4, 4, 4 ], 24 ], [ [ 2, 2, 2, 2, 4, 4, 4, 4 ], 24 ], [ [ 4, 4, 4, 4, 4, 4 ], 24 ], [ [ 6, 6, 6, 6 ], 32 ], [ [ 3, 3, 3, 3, 3, 3, 3, 3 ], 32 ], [ [ 3, 3, 3, 3, 6, 6 ], 32 ], [ [ 3, 3, 3, 3, 6, 6 ], 32 ], [ [ 2, 2, 2, 2, 2, 2, 2, 2, 2, 2, 2, 2 ], 1 ] ]
1181|384|[ 384, 20100 ]|[ [ [ 1, 1, 1, 1, 1, 1, 1, 1, 1, 1, 1, 1, 1, 1, 1, 1, 1, 1, 1, 1, 1, 1, 1, 1 ], 1 ], [ [ 1, 1, 1, 1, 1, 1, 1, 1, 1, 1, 1, 1, 1, 1, 1, 1, 2, 2, 2, 2 ], 6 ], [ [ 1, 1, 1, 1, 1, 1, 1, 1, 2, 2, 2, 2, 2, 2, 2, 2 ], 3 ], [ [ 1, 1, 1, 1, 1, 1, 1, 1, 2, 2, 2, 2, 2, 2, 2, 2 ], 6 ], [ [ 1, 1, 1, 1, 1, 1, 1, 1, 2, 2, 2, 2, 2, 2, 2, 2 ], 6 ], [ [ 1, 1, 1, 1, 1, 1, 1, 1, 2, 2, 2, 2, 2, 2, 2, 2 ], 6 ], [ [ 1, 1, 1, 1, 1, 1, 1, 1, 2, 2, 2, 2, 2, 2, 2, 2 ], 3 ], [ [ 1, 1, 1, 1, 1, 1, 1, 1, 2, 2, 2, 2, 2, 2, 2, 2 ], 3 ], [ [ 1, 1, 1, 1, 1, 1, 1, 1, 2, 2, 2, 2, 2, 2, 2, 2 ], 6 ], [ [ 2, 2, 2, 2, 2, 2, 2, 2, 2, 2, 2, 2 ], 3 ], [ [ 2, 2, 2, 2, 2, 2, 2, 2, 2, 2, 2, 2 ], 3 ], [ [ 2, 2, 2, 2, 2, 2, 2, 2, 2, 2, 2, 2 ], 3 ], [ [ 2, 2, 2, 2, 2, 2, 2, 2, 2, 2, 2, 2 ], 2 ], [ [ 2, 2, 2, 2, 2, 2, 2, 2, 2, 2, 2, 2 ], 6 ], [ [ 2, 2, 2, 2, 2, 2, 2, 2, 2, 2, 2, 2 ], 6 ], [ [ 2, 2, 2, 2, 4, 4, 4, 4 ], 24 ], [ [ 2, 2, 2, 2, 2, 2, 2, 2, 2, 2, 2, 2 ], 24 ], [ [ 4, 4, 4, 4, 4, 4 ], 24 ], [ [ 4, 4, 4, 4, 4, 4 ], 24 ], [ [ 2, 2, 2, 2, 4, 4, 4, 4 ], 24 ], [ [ 2, 2, 2, 2, 4, 4, 4, 4 ], 24 ], [ [ 4, 4, 4, 4, 4, 4 ], 24 ], [ [ 4, 4, 4, 4, 4, 4 ], 24 ], [ [ 3, 3, 3, 3, 3, 3, 3, 3 ], 32 ], [ [ 6, 6, 6, 6 ], 32 ], [ [ 6, 6, 6, 6 ], 32 ], [ [ 6, 6, 6, 6 ], 32 ], [ [ 2, 2, 2, 2, 2, 2, 2, 2, 2, 2, 2, 2 ], 1 ] ]
1182|384|[ 384, 20100 ]|[ [ [ 1, 1, 1, 1, 1, 1, 1, 1, 1, 1, 1, 1, 1, 1, 1, 1, 1, 1, 1, 1, 1, 1, 1, 1 ], 1 ], [ [ 1, 1, 1, 1, 1, 1, 1, 1, 2, 2, 2, 2, 2, 2, 2, 2 ], 3 ], [ [ 1, 1, 1, 1, 1, 1, 1, 1, 2, 2, 2, 2, 2, 2, 2, 2 ], 6 ], [ [ 1, 1, 1, 1, 1, 1, 1, 1, 1, 1, 1, 1, 2, 2, 2, 2, 2, 2 ], 6 ], [ [ 1, 1, 1, 1, 1, 1, 1, 1, 2, 2, 2, 2, 2, 2, 2, 2 ], 3 ], [ [ 1, 1, 1, 1, 2, 2, 2, 2, 2, 2, 2, 2, 2, 2 ], 6 ], [ [ 1, 1, 1, 1, 1, 1, 1, 1, 2, 2, 2, 2, 2, 2, 2, 2 ], 6 ], [ [ 1, 1, 1, 1, 2, 2, 2, 2, 2, 2, 2, 2, 2, 2 ], 6 ], [ [ 1, 1, 1, 1, 1, 1, 1, 1, 2, 2, 2, 2, 2, 2, 2, 2 ], 6 ], [ [ 1, 1, 1, 1, 1, 1, 1, 1, 2, 2, 2, 2, 2, 2, 2, 2 ], 3 ], [ [ 1, 1, 1, 1, 2, 2, 2, 2, 2, 2, 2, 2, 2, 2 ], 6 ], [ [ 2, 2, 2, 2, 2, 2, 2, 2, 2, 2, 2, 2 ], 3 ], [ [ 2, 2, 2, 2, 2, 2, 2, 2, 2, 2, 2, 2 ], 3 ], [ [ 2, 2, 2, 2, 2, 2, 2, 2, 2, 2, 2, 2 ], 2 ], [ [ 2, 2, 2, 2, 2, 2, 2, 2, 2, 2, 2, 2 ], 3 ], [ [ 2, 2, 2, 2, 4, 4, 4, 4 ], 24 ], [ [ 2, 2, 2, 2, 2, 2, 2, 2, 2, 2, 2, 2 ], 24 ], [ [ 2, 2, 2, 2, 4, 4, 4, 4 ], 24 ], [ [ 4, 4, 4, 4, 4, 4 ], 24 ], [ [ 4, 4, 4, 4, 4, 4 ], 24 ], [ [ 4, 4, 4, 4, 4, 4 ], 24 ], [ [ 2, 2, 2, 2, 4, 4, 4, 4 ], 24 ], [ [ 4, 4, 4, 4, 4, 4 ], 24 ], [ [ 6, 6, 6, 6 ], 32 ], [ [ 6, 6, 6, 6 ], 32 ], [ [ 6, 6, 6, 6 ], 32 ], [ [ 3, 3, 3, 3, 3, 3, 3, 3 ], 32 ], [ [ 2, 2, 2, 2, 2, 2, 2, 2, 2, 2, 2, 2 ], 1 ] ]
1183|384|[ 384, 20100 ]|[ [ [ 1, 1, 1, 1, 1, 1, 1, 1, 1, 1, 1, 1, 1, 1, 1, 1, 1, 1, 1, 1, 1, 1, 1, 1 ], 1 ], [ [ 1, 1, 1, 1, 1, 1, 1, 1, 1, 1, 1, 1, 1, 1, 1, 1, 2, 2, 2, 2 ], 3 ], [ [ 1, 1, 1, 1, 1, 1, 1, 1, 1, 1, 1, 1, 1, 1, 1, 1, 2, 2, 2, 2 ], 6 ], [ [ 1, 1, 1, 1, 1, 1, 1, 1, 1, 1, 1, 1, 1, 1, 1, 1, 2, 2, 2, 2 ], 3 ], [ [ 1, 1, 1, 1, 1, 1, 1, 1, 1, 1, 1, 1, 1, 1, 1, 1, 2, 2, 2, 2 ], 3 ], [ [ 1, 1, 1, 1, 1, 1, 1, 1, 2, 2, 2, 2, 2, 2, 2, 2 ], 3 ], [ [ 1, 1, 1, 1, 1, 1, 1, 1, 2, 2, 2, 2, 2, 2, 2, 2 ], 6 ], [ [ 1, 1, 1, 1, 1, 1, 1, 1, 2, 2, 2, 2, 2, 2, 2, 2 ], 3 ], [ [ 1, 1, 1, 1, 1, 1, 1, 1, 2, 2, 2, 2, 2, 2, 2, 2 ], 3 ], [ [ 2, 2, 2, 2, 2, 2, 2, 2, 2, 2, 2, 2 ], 6 ], [ [ 2, 2, 2, 2, 2, 2, 2, 2, 2, 2, 2, 2 ], 6 ], [ [ 2, 2, 2, 2, 2, 2, 2, 2, 2, 2, 2, 2 ], 6 ], [ [ 2, 2, 2, 2, 2, 2, 2, 2, 2, 2, 2, 2 ], 2 ], [ [ 2, 2, 2, 2, 2, 2, 2, 2, 2, 2, 2, 2 ], 6 ], [ [ 2, 2, 2, 2, 2, 2, 2, 2, 2, 2, 2, 2 ], 6 ], [ [ 2, 2, 2, 2, 2, 2, 2, 2, 4, 4 ], 24 ], [ [ 2, 2, 2, 2, 2, 2, 2, 2, 4, 4 ], 24 ], [ [ 2, 2, 2, 2, 2, 2, 2, 2, 4, 4 ], 24 ], [ [ 4, 4, 4, 4, 4, 4 ], 24 ], [ [ 2, 2, 2, 2, 2, 2, 2, 2, 2, 2, 2, 2 ], 24 ], [ [ 2, 2, 2, 2, 4, 4, 4, 4 ], 24 ], [ [ 2, 2, 2, 2, 4, 4, 4, 4 ], 24 ], [ [ 2, 2, 2, 2, 4, 4, 4, 4 ], 24 ], [ [ 6, 6, 6, 6 ], 32 ], [ [ 6, 6, 6, 6 ], 32 ], [ [ 3, 3, 3, 3, 3, 3, 3, 3 ], 32 ], [ [ 6, 6, 6, 6 ], 32 ], [ [ 2, 2, 2, 2, 2, 2, 2, 2, 2, 2, 2, 2 ], 1 ] ]
1184|384|[ 384, 17948 ]|[ [ [ 1, 1, 1, 1, 1, 1, 1, 1, 1, 1, 1, 1, 1, 1, 1, 1, 1, 1, 1, 1, 1, 1, 1, 1 ], 1 ], [ [ 1, 1, 1, 1, 1, 1, 1, 1, 1, 1, 1, 1, 1, 1, 1, 1, 2, 2, 2, 2 ], 6 ], [ [ 1, 1, 1, 1, 1, 1, 1, 1, 1, 1, 1, 1, 1, 1, 1, 1, 2, 2, 2, 2 ], 6 ], [ [ 1, 1, 1, 1, 1, 1, 1, 1, 1, 1, 1, 1, 1, 1, 1, 1, 2, 2, 2, 2 ], 3 ], [ [ 1, 1, 1, 1, 1, 1, 1, 1, 2, 2, 2, 2, 2, 2, 2, 2 ], 6 ], [ [ 1, 1, 1, 1, 1, 1, 1, 1, 2, 2, 2, 2, 2, 2, 2, 2 ], 6 ], [ [ 1, 1, 1, 1, 1, 1, 1, 1, 2, 2, 2, 2, 2, 2, 2, 2 ], 3 ], [ [ 2, 2, 2, 2, 2, 2, 2, 2, 2, 2, 2, 2 ], 12 ], [ [ 2, 2, 2, 2, 4, 4, 4, 4 ], 12 ], [ [ 2, 2, 2, 2, 2, 2, 2, 2, 4, 4 ], 24 ], [ [ 2, 2, 2, 2, 2, 2, 2, 2, 4, 4 ], 24 ], [ [ 2, 2, 2, 2, 2, 2, 2, 2, 2, 2, 2, 2 ], 12 ], [ [ 2, 2, 2, 2, 4, 4, 4, 4 ], 24 ], [ [ 2, 2, 2, 2, 4, 4, 4, 4 ], 24 ], [ [ 2, 2, 2, 2, 2, 2, 2, 2, 2, 2, 2, 2 ], 12 ], [ [ 2, 2, 2, 2, 4, 4, 4, 4 ], 12 ], [ [ 2, 2, 2, 2, 4, 4, 4, 4 ], 12 ], [ [ 6, 6, 6, 6 ], 32 ], [ [ 6, 6, 6, 6 ], 32 ], [ [ 2, 2, 2, 2, 2, 2, 2, 2, 2, 2, 2, 2 ], 12 ], [ [ 2, 2, 2, 2, 4, 4, 4, 4 ], 12 ], [ [ 3, 3, 3, 3, 3, 3, 3, 3 ], 32 ], [ [ 6, 6, 6, 6 ], 32 ], [ [ 2, 2, 2, 2, 2, 2, 2, 2, 2, 2, 2, 2 ], 4 ], [ [ 2, 2, 2, 2, 4, 4, 4, 4 ], 12 ], [ [ 2, 2, 2, 2, 4, 4, 4, 4 ], 12 ], [ [ 2, 2, 2, 2, 2, 2, 2, 2, 2, 2, 2, 2 ], 4 ], [ [ 2, 2, 2, 2, 2, 2, 2, 2, 2, 2, 2, 2 ], 1 ] ]
1185|384|[ 384, 17948 ]|[ [ [ 1, 1, 1, 1, 1, 1, 1, 1, 1, 1, 1, 1, 1, 1, 1, 1, 1, 1, 1, 1, 1, 1, 1, 1 ], 1 ], [ [ 1, 1, 1, 1, 1, 1, 1, 1, 1, 1, 1, 1, 1, 1, 1, 1, 2, 2, 2, 2 ], 3 ], [ [ 1, 1, 1, 1, 1, 1, 1, 1, 2, 2, 2, 2, 2, 2, 2, 2 ], 6 ], [ [ 1, 1, 1, 1, 1, 1, 1, 1, 2, 2, 2, 2, 2, 2, 2, 2 ], 6 ], [ [ 1, 1, 1, 1, 1, 1, 1, 1, 2, 2, 2, 2, 2, 2, 2, 2 ], 3 ], [ [ 1, 1, 1, 1, 1, 1, 1, 1, 2, 2, 2, 2, 2, 2, 2, 2 ], 12 ], [ [ 1, 1, 1, 1, 1, 1, 1, 1, 4, 4, 4, 4 ], 12 ], [ [ 2, 2, 2, 2, 2, 2, 2, 2, 2, 2, 2, 2 ], 6 ], [ [ 2, 2, 2, 2, 2, 2, 2, 2, 2, 2, 2, 2 ], 6 ], [ [ 2, 2, 2, 2, 4, 4, 4, 4 ], 24 ], [ [ 2, 2, 2, 2, 4, 4, 4, 4 ], 24 ], [ [ 2, 2, 2, 2, 2, 2, 2, 2, 2, 2, 2, 2 ], 12 ], [ [ 2, 2, 2, 2, 2, 2, 2, 2, 2, 2, 2, 2 ], 12 ], [ [ 4, 4, 4, 4, 4, 4 ], 24 ], [ [ 4, 4, 4, 4, 4, 4 ], 24 ], [ [ 6, 6, 6, 6 ], 32 ], [ [ 6, 6, 6, 6 ], 32 ], [ [ 2, 2, 2, 2, 4, 4, 4, 4 ], 12 ], [ [ 2, 2, 2, 2, 4, 4, 4, 4 ], 12 ], [ [ 2, 2, 2, 2, 2, 2, 2, 2, 2, 2, 2, 2 ], 12 ], [ [ 2, 2, 2, 2, 4, 4, 4, 4 ], 12 ], [ [ 3, 3, 3, 3, 3, 3, 3, 3 ], 32 ], [ [ 6, 6, 6, 6 ], 32 ], [ [ 2, 2, 2, 2, 2, 2, 2, 2, 2, 2, 2, 2 ], 4 ], [ [ 2, 2, 2, 2, 2, 2, 2, 2, 2, 2, 2, 2 ], 4 ], [ [ 2, 2, 2, 2, 4, 4, 4, 4 ], 12 ], [ [ 2, 2, 2, 2, 4, 4, 4, 4 ], 12 ], [ [ 2, 2, 2, 2, 2, 2, 2, 2, 2, 2, 2, 2 ], 1 ] ]
1186|384|[ 384, 17948 ]|[ [ [ 1, 1, 1, 1, 1, 1, 1, 1, 1, 1, 1, 1, 1, 1, 1, 1, 1, 1, 1, 1, 1, 1, 1, 1 ], 1 ], [ [ 1, 1, 1, 1, 1, 1, 1, 1, 1, 1, 1, 1, 1, 1, 1, 1, 2, 2, 2, 2 ], 3 ], [ [ 1, 1, 1, 1, 1, 1, 1, 1, 2, 2, 2, 2, 2, 2, 2, 2 ], 6 ], [ [ 1, 1, 1, 1, 1, 1, 1, 1, 2, 2, 2, 2, 2, 2, 2, 2 ], 6 ], [ [ 1, 1, 1, 1, 1, 1, 1, 1, 2, 2, 2, 2, 2, 2, 2, 2 ], 3 ], [ [ 1, 1, 1, 1, 2, 2, 4, 4, 4, 4 ], 24 ], [ [ 1, 1, 1, 1, 2, 2, 4, 4, 4, 4 ], 24 ], [ [ 2, 2, 2, 2, 2, 2, 2, 2, 2, 2, 2, 2 ], 6 ], [ [ 2, 2, 2, 2, 2, 2, 2, 2, 2, 2, 2, 2 ], 6 ], [ [ 2, 2, 2, 2, 4, 4, 4, 4 ], 12 ], [ [ 2, 2, 2, 2, 2, 2, 2, 2, 2, 2, 2, 2 ], 12 ], [ [ 2, 2, 2, 2, 2, 2, 2, 2, 2, 2, 2, 2 ], 12 ], [ [ 2, 2, 2, 2, 2, 2, 2, 2, 2, 2, 2, 2 ], 12 ], [ [ 4, 4, 4, 4, 4, 4 ], 24 ], [ [ 4, 4, 4, 4, 4, 4 ], 24 ], [ [ 6, 6, 6, 6 ], 32 ], [ [ 6, 6, 6, 6 ], 32 ], [ [ 2, 2, 2, 2, 4, 4, 4, 4 ], 12 ], [ [ 2, 2, 2, 2, 4, 4, 4, 4 ], 12 ], [ [ 2, 2, 2, 2, 2, 2, 2, 2, 2, 2, 2, 2 ], 12 ], [ [ 2, 2, 2, 2, 4, 4, 4, 4 ], 12 ], [ [ 3, 3, 3, 3, 3, 3, 3, 3 ], 32 ], [ [ 6, 6, 6, 6 ], 32 ], [ [ 2, 2, 2, 2, 2, 2, 2, 2, 2, 2, 2, 2 ], 4 ], [ [ 2, 2, 2, 2, 2, 2, 2, 2, 2, 2, 2, 2 ], 4 ], [ [ 2, 2, 2, 2, 4, 4, 4, 4 ], 12 ], [ [ 2, 2, 2, 2, 4, 4, 4, 4 ], 12 ], [ [ 2, 2, 2, 2, 2, 2, 2, 2, 2, 2, 2, 2 ], 1 ] ]
1187|384|[ 384, 17948 ]|[ [ [ 1, 1, 1, 1, 1, 1, 1, 1, 1, 1, 1, 1, 1, 1, 1, 1, 1, 1, 1, 1, 1, 1, 1, 1 ], 1 ], [ [ 1, 1, 1, 1, 1, 1, 1, 1, 2, 2, 2, 2, 2, 2, 2, 2 ], 6 ], [ [ 1, 1, 1, 1, 1, 1, 1, 1, 2, 2, 2, 2, 2, 2, 2, 2 ], 6 ], [ [ 1, 1, 1, 1, 1, 1, 1, 1, 2, 2, 2, 2, 2, 2, 2, 2 ], 3 ], [ [ 1, 1, 1, 1, 1, 1, 1, 1, 2, 2, 2, 2, 2, 2, 2, 2 ], 6 ], [ [ 1, 1, 1, 1, 2, 2, 4, 4, 4, 4 ], 24 ], [ [ 1, 1, 1, 1, 1, 1, 1, 1, 2, 2, 2, 2, 2, 2, 2, 2 ], 12 ], [ [ 2, 2, 2, 2, 2, 2, 2, 2, 2, 2, 2, 2 ], 6 ], [ [ 2, 2, 2, 2, 2, 2, 2, 2, 2, 2, 2, 2 ], 3 ], [ [ 2, 2, 2, 2, 4, 4, 4, 4 ], 24 ], [ [ 2, 2, 2, 2, 4, 4, 4, 4 ], 12 ], [ [ 2, 2, 2, 2, 2, 2, 2, 2, 2, 2, 2, 2 ], 12 ], [ [ 2, 2, 2, 2, 2, 2, 2, 2, 2, 2, 2, 2 ], 12 ], [ [ 4, 4, 4, 4, 4, 4 ], 24 ], [ [ 4, 4, 4, 4, 4, 4 ], 24 ], [ [ 6, 6, 6, 6 ], 32 ], [ [ 6, 6, 6, 6 ], 32 ], [ [ 2, 2, 2, 2, 4, 4, 4, 4 ], 12 ], [ [ 2, 2, 2, 2, 4, 4, 4, 4 ], 12 ], [ [ 2, 2, 2, 2, 4, 4, 4, 4 ], 12 ], [ [ 2, 2, 2, 2, 2, 2, 2, 2, 2, 2, 2, 2 ], 12 ], [ [ 3, 3, 3, 3, 3, 3, 3, 3 ], 32 ], [ [ 6, 6, 6, 6 ], 32 ], [ [ 2, 2, 2, 2, 4, 4, 4, 4 ], 12 ], [ [ 2, 2, 2, 2, 2, 2, 2, 2, 2, 2, 2, 2 ], 4 ], [ [ 2, 2, 2, 2, 4, 4, 4, 4 ], 12 ], [ [ 2, 2, 2, 2, 2, 2, 2, 2, 2, 2, 2, 2 ], 4 ], [ [ 2, 2, 2, 2, 2, 2, 2, 2, 2, 2, 2, 2 ], 1 ] ]
1188|384|[ 384, 17948 ]|[ [ [ 1, 1, 1, 1, 1, 1, 1, 1, 1, 1, 1, 1, 1, 1, 1, 1, 1, 1, 1, 1, 1, 1, 1, 1 ], 1 ], [ [ 1, 1, 1, 1, 1, 1, 1, 1, 2, 2, 2, 2, 2, 2, 2, 2 ], 6 ], [ [ 1, 1, 1, 1, 1, 1, 1, 1, 2, 2, 2, 2, 2, 2, 2, 2 ], 6 ], [ [ 1, 1, 1, 1, 1, 1, 1, 1, 2, 2, 2, 2, 2, 2, 2, 2 ], 3 ], [ [ 1, 1, 1, 1, 1, 1, 1, 1, 2, 2, 2, 2, 2, 2, 2, 2 ], 6 ], [ [ 1, 1, 1, 1, 2, 2, 4, 4, 4, 4 ], 24 ], [ [ 1, 1, 1, 1, 1, 1, 1, 1, 4, 4, 4, 4 ], 12 ], [ [ 2, 2, 2, 2, 2, 2, 2, 2, 2, 2, 2, 2 ], 6 ], [ [ 2, 2, 2, 2, 2, 2, 2, 2, 2, 2, 2, 2 ], 3 ], [ [ 2, 2, 2, 2, 4, 4, 4, 4 ], 24 ], [ [ 2, 2, 2, 2, 2, 2, 2, 2, 2, 2, 2, 2 ], 12 ], [ [ 2, 2, 2, 2, 2, 2, 2, 2, 2, 2, 2, 2 ], 12 ], [ [ 2, 2, 2, 2, 2, 2, 2, 2, 2, 2, 2, 2 ], 12 ], [ [ 4, 4, 4, 4, 4, 4 ], 24 ], [ [ 4, 4, 4, 4, 4, 4 ], 24 ], [ [ 6, 6, 6, 6 ], 32 ], [ [ 6, 6, 6, 6 ], 32 ], [ [ 2, 2, 2, 2, 4, 4, 4, 4 ], 12 ], [ [ 2, 2, 2, 2, 4, 4, 4, 4 ], 12 ], [ [ 2, 2, 2, 2, 2, 2, 2, 2, 2, 2, 2, 2 ], 12 ], [ [ 2, 2, 2, 2, 4, 4, 4, 4 ], 12 ], [ [ 3, 3, 3, 3, 3, 3, 3, 3 ], 32 ], [ [ 6, 6, 6, 6 ], 32 ], [ [ 2, 2, 2, 2, 4, 4, 4, 4 ], 12 ], [ [ 2, 2, 2, 2, 2, 2, 2, 2, 2, 2, 2, 2 ], 4 ], [ [ 2, 2, 2, 2, 4, 4, 4, 4 ], 12 ], [ [ 2, 2, 2, 2, 2, 2, 2, 2, 2, 2, 2, 2 ], 4 ], [ [ 2, 2, 2, 2, 2, 2, 2, 2, 2, 2, 2, 2 ], 1 ] ]
1189|384|[ 384, 17948 ]|[ [ [ 1, 1, 1, 1, 1, 1, 1, 1, 1, 1, 1, 1, 1, 1, 1, 1, 1, 1, 1, 1, 1, 1, 1, 1 ], 1 ], [ [ 1, 1, 1, 1, 1, 1, 1, 1, 1, 1, 1, 1, 1, 1, 1, 1, 2, 2, 2, 2 ], 6 ], [ [ 1, 1, 1, 1, 1, 1, 1, 1, 2, 2, 2, 2, 2, 2, 2, 2 ], 6 ], [ [ 1, 1, 1, 1, 1, 1, 1, 1, 2, 2, 2, 2, 2, 2, 2, 2 ], 3 ], [ [ 1, 1, 1, 1, 1, 1, 1, 1, 2, 2, 2, 2, 2, 2, 2, 2 ], 12 ], [ [ 1, 1, 1, 1, 2, 2, 2, 2, 2, 2, 4, 4 ], 24 ], [ [ 2, 2, 2, 2, 2, 2, 2, 2, 2, 2, 2, 2 ], 6 ], [ [ 2, 2, 2, 2, 2, 2, 2, 2, 2, 2, 2, 2 ], 3 ], [ [ 2, 2, 2, 2, 2, 2, 2, 2, 2, 2, 2, 2 ], 6 ], [ [ 2, 2, 2, 2, 4, 4, 4, 4 ], 12 ], [ [ 2, 2, 2, 2, 2, 2, 2, 2, 4, 4 ], 24 ], [ [ 2, 2, 2, 2, 2, 2, 2, 2, 2, 2, 2, 2 ], 12 ], [ [ 2, 2, 2, 2, 4, 4, 4, 4 ], 24 ], [ [ 6, 6, 6, 6 ], 32 ], [ [ 2, 2, 2, 2, 4, 4, 4, 4 ], 12 ], [ [ 2, 2, 2, 2, 4, 4, 4, 4 ], 24 ], [ [ 2, 2, 2, 2, 2, 2, 2, 2, 2, 2, 2, 2 ], 12 ], [ [ 6, 6, 6, 6 ], 32 ], [ [ 2, 2, 2, 2, 4, 4, 4, 4 ], 12 ], [ [ 2, 2, 2, 2, 4, 4, 4, 4 ], 12 ], [ [ 3, 3, 3, 3, 3, 3, 3, 3 ], 32 ], [ [ 2, 2, 2, 2, 2, 2, 2, 2, 2, 2, 2, 2 ], 12 ], [ [ 6, 6, 6, 6 ], 32 ], [ [ 2, 2, 2, 2, 2, 2, 2, 2, 2, 2, 2, 2 ], 4 ], [ [ 2, 2, 2, 2, 4, 4, 4, 4 ], 12 ], [ [ 2, 2, 2, 2, 4, 4, 4, 4 ], 12 ], [ [ 2, 2, 2, 2, 2, 2, 2, 2, 2, 2, 2, 2 ], 4 ], [ [ 2, 2, 2, 2, 2, 2, 2, 2, 2, 2, 2, 2 ], 1 ] ]
1190|384|[ 384, 17948 ]|[ [ [ 1, 1, 1, 1, 1, 1, 1, 1, 1, 1, 1, 1, 1, 1, 1, 1, 1, 1, 1, 1, 1, 1, 1, 1 ], 1 ], [ [ 1, 1, 1, 1, 1, 1, 1, 1, 1, 1, 1, 1, 1, 1, 1, 1, 2, 2, 2, 2 ], 6 ], [ [ 1, 1, 1, 1, 1, 1, 1, 1, 2, 2, 2, 2, 2, 2, 2, 2 ], 6 ], [ [ 1, 1, 1, 1, 1, 1, 1, 1, 2, 2, 2, 2, 2, 2, 2, 2 ], 3 ], [ [ 1, 1, 1, 1, 1, 1, 1, 1, 4, 4, 4, 4 ], 12 ], [ [ 1, 1, 1, 1, 2, 2, 2, 2, 2, 2, 4, 4 ], 24 ], [ [ 2, 2, 2, 2, 2, 2, 2, 2, 2, 2, 2, 2 ], 6 ], [ [ 2, 2, 2, 2, 2, 2, 2, 2, 2, 2, 2, 2 ], 3 ], [ [ 2, 2, 2, 2, 2, 2, 2, 2, 2, 2, 2, 2 ], 6 ], [ [ 2, 2, 2, 2, 2, 2, 2, 2, 2, 2, 2, 2 ], 12 ], [ [ 2, 2, 2, 2, 2, 2, 2, 2, 4, 4 ], 24 ], [ [ 2, 2, 2, 2, 4, 4, 4, 4 ], 24 ], [ [ 2, 2, 2, 2, 2, 2, 2, 2, 2, 2, 2, 2 ], 12 ], [ [ 6, 6, 6, 6 ], 32 ], [ [ 2, 2, 2, 2, 4, 4, 4, 4 ], 12 ], [ [ 2, 2, 2, 2, 2, 2, 2, 2, 2, 2, 2, 2 ], 12 ], [ [ 2, 2, 2, 2, 4, 4, 4, 4 ], 24 ], [ [ 6, 6, 6, 6 ], 32 ], [ [ 2, 2, 2, 2, 4, 4, 4, 4 ], 12 ], [ [ 2, 2, 2, 2, 2, 2, 2, 2, 2, 2, 2, 2 ], 12 ], [ [ 3, 3, 3, 3, 3, 3, 3, 3 ], 32 ], [ [ 2, 2, 2, 2, 4, 4, 4, 4 ], 12 ], [ [ 6, 6, 6, 6 ], 32 ], [ [ 2, 2, 2, 2, 2, 2, 2, 2, 2, 2, 2, 2 ], 4 ], [ [ 2, 2, 2, 2, 4, 4, 4, 4 ], 12 ], [ [ 2, 2, 2, 2, 4, 4, 4, 4 ], 12 ], [ [ 2, 2, 2, 2, 2, 2, 2, 2, 2, 2, 2, 2 ], 4 ], [ [ 2, 2, 2, 2, 2, 2, 2, 2, 2, 2, 2, 2 ], 1 ] ]
1191|384|[ 384, 17948 ]|[ [ [ 1, 1, 1, 1, 1, 1, 1, 1, 1, 1, 1, 1, 1, 1, 1, 1, 1, 1, 1, 1, 1, 1, 1, 1 ], 1 ], [ [ 1, 1, 1, 1, 1, 1, 1, 1, 1, 1, 1, 1, 2, 2, 2, 2, 2, 2 ], 4 ], [ [ 1, 1, 1, 1, 1, 1, 1, 1, 1, 1, 1, 1, 1, 1, 1, 1, 2, 2, 2, 2 ], 3 ], [ [ 1, 1, 1, 1, 1, 1, 1, 1, 1, 1, 1, 1, 2, 2, 2, 2, 2, 2 ], 4 ], [ [ 1, 1, 1, 1, 1, 1, 1, 1, 2, 2, 2, 2, 2, 2, 2, 2 ], 3 ], [ [ 1, 1, 1, 1, 1, 1, 1, 1, 2, 2, 2, 2, 2, 2, 2, 2 ], 6 ], [ [ 1, 1, 1, 1, 2, 2, 4, 4, 4, 4 ], 12 ], [ [ 1, 1, 1, 1, 1, 1, 1, 1, 2, 2, 2, 2, 2, 2, 2, 2 ], 6 ], [ [ 1, 1, 1, 1, 2, 2, 4, 4, 4, 4 ], 12 ], [ [ 2, 2, 2, 2, 2, 2, 2, 2, 2, 2, 2, 2 ], 12 ], [ [ 2, 2, 2, 2, 2, 2, 2, 2, 2, 2, 2, 2 ], 12 ], [ [ 2, 2, 2, 2, 4, 4, 4, 4 ], 12 ], [ [ 2, 2, 2, 2, 4, 4, 4, 4 ], 12 ], [ [ 2, 2, 2, 2, 4, 4, 4, 4 ], 12 ], [ [ 2, 2, 2, 2, 2, 2, 2, 2, 2, 2, 2, 2 ], 12 ], [ [ 3, 3, 3, 3, 6, 6 ], 32 ], [ [ 3, 3, 3, 3, 3, 3, 3, 3 ], 32 ], [ [ 3, 3, 3, 3, 6, 6 ], 32 ], [ [ 6, 6, 6, 6 ], 32 ], [ [ 2, 2, 2, 2, 2, 2, 2, 2, 2, 2, 2, 2 ], 12 ], [ [ 4, 4, 4, 4, 4, 4 ], 24 ], [ [ 2, 2, 2, 2, 4, 4, 4, 4 ], 24 ], [ [ 4, 4, 4, 4, 4, 4 ], 24 ], [ [ 2, 2, 2, 2, 4, 4, 4, 4 ], 24 ], [ [ 2, 2, 2, 2, 4, 4, 4, 4 ], 12 ], [ [ 2, 2, 2, 2, 2, 2, 2, 2, 2, 2, 2, 2 ], 6 ], [ [ 2, 2, 2, 2, 2, 2, 2, 2, 2, 2, 2, 2 ], 6 ], [ [ 2, 2, 2, 2, 2, 2, 2, 2, 2, 2, 2, 2 ], 1 ] ]
1192|384|[ 384, 17948 ]|[ [ [ 1, 1, 1, 1, 1, 1, 1, 1, 1, 1, 1, 1, 1, 1, 1, 1, 1, 1, 1, 1, 1, 1, 1, 1 ], 1 ], [ [ 1, 1, 1, 1, 1, 1, 1, 1, 1, 1, 1, 1, 2, 2, 2, 2, 2, 2 ], 4 ], [ [ 1, 1, 1, 1, 1, 1, 1, 1, 1, 1, 1, 1, 1, 1, 1, 1, 2, 2, 2, 2 ], 3 ], [ [ 1, 1, 1, 1, 1, 1, 1, 1, 1, 1, 1, 1, 2, 2, 2, 2, 2, 2 ], 4 ], [ [ 1, 1, 1, 1, 1, 1, 1, 1, 2, 2, 2, 2, 2, 2, 2, 2 ], 3 ], [ [ 1, 1, 1, 1, 2, 2, 2, 2, 2, 2, 2, 2, 2, 2 ], 12 ], [ [ 1, 1, 1, 1, 2, 2, 4, 4, 4, 4 ], 12 ], [ [ 1, 1, 1, 1, 2, 2, 4, 4, 4, 4 ], 12 ], [ [ 1, 1, 1, 1, 2, 2, 2, 2, 2, 2, 2, 2, 2, 2 ], 12 ], [ [ 2, 2, 2, 2, 2, 2, 2, 2, 2, 2, 2, 2 ], 12 ], [ [ 2, 2, 2, 2, 4, 4, 4, 4 ], 12 ], [ [ 2, 2, 2, 2, 2, 2, 2, 2, 2, 2, 2, 2 ], 6 ], [ [ 2, 2, 2, 2, 4, 4, 4, 4 ], 12 ], [ [ 2, 2, 2, 2, 2, 2, 2, 2, 2, 2, 2, 2 ], 6 ], [ [ 2, 2, 2, 2, 4, 4, 4, 4 ], 12 ], [ [ 3, 3, 3, 3, 6, 6 ], 32 ], [ [ 3, 3, 3, 3, 3, 3, 3, 3 ], 32 ], [ [ 3, 3, 3, 3, 6, 6 ], 32 ], [ [ 6, 6, 6, 6 ], 32 ], [ [ 4, 4, 4, 4, 4, 4 ], 24 ], [ [ 4, 4, 4, 4, 4, 4 ], 24 ], [ [ 4, 4, 4, 4, 4, 4 ], 24 ], [ [ 4, 4, 4, 4, 4, 4 ], 24 ], [ [ 2, 2, 2, 2, 2, 2, 2, 2, 2, 2, 2, 2 ], 12 ], [ [ 2, 2, 2, 2, 4, 4, 4, 4 ], 12 ], [ [ 2, 2, 2, 2, 2, 2, 2, 2, 2, 2, 2, 2 ], 6 ], [ [ 2, 2, 2, 2, 2, 2, 2, 2, 2, 2, 2, 2 ], 6 ], [ [ 2, 2, 2, 2, 2, 2, 2, 2, 2, 2, 2, 2 ], 1 ] ]
1193|384|[ 384, 17948 ]|[ [ [ 1, 1, 1, 1, 1, 1, 1, 1, 1, 1, 1, 1, 1, 1, 1, 1, 1, 1, 1, 1, 1, 1, 1, 1 ], 1 ], [ [ 1, 1, 1, 1, 1, 1, 1, 1, 1, 1, 1, 1, 1, 1, 1, 1, 2, 2, 2, 2 ], 3 ], [ [ 1, 1, 1, 1, 1, 1, 1, 1, 2, 2, 2, 2, 2, 2, 2, 2 ], 3 ], [ [ 1, 1, 1, 1, 2, 2, 2, 2, 2, 2, 2, 2, 2, 2 ], 12 ], [ [ 1, 1, 1, 1, 2, 2, 4, 4, 4, 4 ], 12 ], [ [ 1, 1, 1, 1, 1, 1, 1, 1, 2, 2, 2, 2, 2, 2, 2, 2 ], 6 ], [ [ 1, 1, 1, 1, 1, 1, 1, 1, 2, 2, 2, 2, 2, 2, 2, 2 ], 6 ], [ [ 1, 1, 1, 1, 2, 2, 4, 4, 4, 4 ], 12 ], [ [ 1, 1, 1, 1, 2, 2, 2, 2, 2, 2, 2, 2, 2, 2 ], 12 ], [ [ 2, 2, 2, 2, 2, 2, 2, 2, 2, 2, 2, 2 ], 4 ], [ [ 2, 2, 2, 2, 2, 2, 2, 2, 2, 2, 2, 2 ], 4 ], [ [ 2, 2, 2, 2, 2, 2, 2, 2, 2, 2, 2, 2 ], 12 ], [ [ 2, 2, 2, 2, 4, 4, 4, 4 ], 12 ], [ [ 2, 2, 2, 2, 4, 4, 4, 4 ], 12 ], [ [ 2, 2, 2, 2, 4, 4, 4, 4 ], 12 ], [ [ 2, 2, 2, 2, 2, 2, 2, 2, 2, 2, 2, 2 ], 12 ], [ [ 6, 6, 6, 6 ], 32 ], [ [ 6, 6, 6, 6 ], 32 ], [ [ 2, 2, 2, 2, 4, 4, 4, 4 ], 24 ], [ [ 2, 2, 2, 2, 4, 4, 4, 4 ], 24 ], [ [ 2, 2, 2, 2, 4, 4, 4, 4 ], 12 ], [ [ 3, 3, 3, 3, 3, 3, 3, 3 ], 32 ], [ [ 6, 6, 6, 6 ], 32 ], [ [ 4, 4, 4, 4, 4, 4 ], 24 ], [ [ 4, 4, 4, 4, 4, 4 ], 24 ], [ [ 2, 2, 2, 2, 2, 2, 2, 2, 2, 2, 2, 2 ], 6 ], [ [ 2, 2, 2, 2, 2, 2, 2, 2, 2, 2, 2, 2 ], 6 ], [ [ 2, 2, 2, 2, 2, 2, 2, 2, 2, 2, 2, 2 ], 1 ] ]
1194|384|[ 384, 17948 ]|[ [ [ 1, 1, 1, 1, 1, 1, 1, 1, 1, 1, 1, 1, 1, 1, 1, 1, 1, 1, 1, 1, 1, 1, 1, 1 ], 1 ], [ [ 1, 1, 1, 1, 1, 1, 1, 1, 1, 1, 1, 1, 1, 1, 1, 1, 2, 2, 2, 2 ], 3 ], [ [ 1, 1, 1, 1, 1, 1, 1, 1, 2, 2, 2, 2, 2, 2, 2, 2 ], 3 ], [ [ 1, 1, 1, 1, 2, 2, 2, 2, 2, 2, 2, 2, 2, 2 ], 12 ], [ [ 1, 1, 1, 1, 2, 2, 4, 4, 4, 4 ], 12 ], [ [ 1, 1, 1, 1, 2, 2, 4, 4, 4, 4 ], 12 ], [ [ 1, 1, 1, 1, 2, 2, 4, 4, 4, 4 ], 12 ], [ [ 1, 1, 1, 1, 2, 2, 2, 2, 2, 2, 2, 2, 2, 2 ], 12 ], [ [ 1, 1, 1, 1, 2, 2, 4, 4, 4, 4 ], 12 ], [ [ 2, 2, 2, 2, 2, 2, 2, 2, 2, 2, 2, 2 ], 4 ], [ [ 2, 2, 2, 2, 2, 2, 2, 2, 2, 2, 2, 2 ], 4 ], [ [ 2, 2, 2, 2, 2, 2, 2, 2, 2, 2, 2, 2 ], 6 ], [ [ 2, 2, 2, 2, 2, 2, 2, 2, 2, 2, 2, 2 ], 6 ], [ [ 2, 2, 2, 2, 4, 4, 4, 4 ], 12 ], [ [ 2, 2, 2, 2, 2, 2, 2, 2, 2, 2, 2, 2 ], 12 ], [ [ 2, 2, 2, 2, 2, 2, 2, 2, 2, 2, 2, 2 ], 12 ], [ [ 6, 6, 6, 6 ], 32 ], [ [ 6, 6, 6, 6 ], 32 ], [ [ 4, 4, 4, 4, 4, 4 ], 24 ], [ [ 4, 4, 4, 4, 4, 4 ], 24 ], [ [ 6, 6, 6, 6 ], 32 ], [ [ 3, 3, 3, 3, 3, 3, 3, 3 ], 32 ], [ [ 2, 2, 2, 2, 4, 4, 4, 4 ], 12 ], [ [ 4, 4, 4, 4, 4, 4 ], 24 ], [ [ 4, 4, 4, 4, 4, 4 ], 24 ], [ [ 2, 2, 2, 2, 2, 2, 2, 2, 2, 2, 2, 2 ], 6 ], [ [ 2, 2, 2, 2, 2, 2, 2, 2, 2, 2, 2, 2 ], 6 ], [ [ 2, 2, 2, 2, 2, 2, 2, 2, 2, 2, 2, 2 ], 1 ] ]
1195|384|[ 384, 17948 ]|[ [ [ 1, 1, 1, 1, 1, 1, 1, 1, 1, 1, 1, 1, 1, 1, 1, 1, 1, 1, 1, 1, 1, 1, 1, 1 ], 1 ], [ [ 1, 1, 1, 1, 1, 1, 1, 1, 1, 1, 1, 1, 2, 2, 2, 2, 2, 2 ], 4 ], [ [ 1, 1, 1, 1, 1, 1, 1, 1, 2, 2, 2, 2, 2, 2, 2, 2 ], 3 ], [ [ 1, 1, 1, 1, 1, 1, 1, 1, 2, 2, 2, 2, 2, 2, 2, 2 ], 12 ], [ [ 1, 1, 1, 1, 2, 2, 2, 2, 2, 2, 2, 2, 2, 2 ], 12 ], [ [ 1, 1, 1, 1, 1, 1, 1, 1, 2, 2, 2, 2, 2, 2, 2, 2 ], 6 ], [ [ 1, 1, 1, 1, 2, 2, 4, 4, 4, 4 ], 12 ], [ [ 1, 1, 1, 1, 2, 2, 4, 4, 4, 4 ], 12 ], [ [ 2, 2, 2, 2, 2, 2, 2, 2, 2, 2, 2, 2 ], 3 ], [ [ 2, 2, 2, 2, 2, 2, 2, 2, 2, 2, 2, 2 ], 4 ], [ [ 2, 2, 2, 2, 4, 4, 4, 4 ], 12 ], [ [ 2, 2, 2, 2, 4, 4, 4, 4 ], 12 ], [ [ 2, 2, 2, 2, 2, 2, 2, 2, 2, 2, 2, 2 ], 6 ], [ [ 2, 2, 2, 2, 4, 4, 4, 4 ], 12 ], [ [ 2, 2, 2, 2, 2, 2, 2, 2, 2, 2, 2, 2 ], 12 ], [ [ 3, 3, 3, 3, 6, 6 ], 32 ], [ [ 3, 3, 3, 3, 3, 3, 3, 3 ], 32 ], [ [ 4, 4, 4, 4, 4, 4 ], 24 ], [ [ 2, 2, 2, 2, 4, 4, 4, 4 ], 24 ], [ [ 2, 2, 2, 2, 4, 4, 4, 4 ], 12 ], [ [ 2, 2, 2, 2, 2, 2, 2, 2, 2, 2, 2, 2 ], 12 ], [ [ 6, 6, 6, 6 ], 32 ], [ [ 6, 6, 6, 6 ], 32 ], [ [ 4, 4, 4, 4, 4, 4 ], 24 ], [ [ 2, 2, 2, 2, 4, 4, 4, 4 ], 24 ], [ [ 2, 2, 2, 2, 2, 2, 2, 2, 2, 2, 2, 2 ], 6 ], [ [ 2, 2, 2, 2, 2, 2, 2, 2, 2, 2, 2, 2 ], 6 ], [ [ 2, 2, 2, 2, 2, 2, 2, 2, 2, 2, 2, 2 ], 1 ] ]
1196|384|[ 384, 17948 ]|[ [ [ 1, 1, 1, 1, 1, 1, 1, 1, 1, 1, 1, 1, 1, 1, 1, 1, 1, 1, 1, 1, 1, 1, 1, 1 ], 1 ], [ [ 1, 1, 1, 1, 1, 1, 1, 1, 1, 1, 1, 1, 2, 2, 2, 2, 2, 2 ], 4 ], [ [ 1, 1, 1, 1, 1, 1, 1, 1, 2, 2, 2, 2, 2, 2, 2, 2 ], 3 ], [ [ 1, 1, 1, 1, 1, 1, 1, 1, 4, 4, 4, 4 ], 12 ], [ [ 1, 1, 1, 1, 2, 2, 4, 4, 4, 4 ], 12 ], [ [ 1, 1, 1, 1, 1, 1, 1, 1, 2, 2, 2, 2, 2, 2, 2, 2 ], 6 ], [ [ 1, 1, 1, 1, 2, 2, 4, 4, 4, 4 ], 12 ], [ [ 1, 1, 1, 1, 2, 2, 2, 2, 2, 2, 2, 2, 2, 2 ], 12 ], [ [ 2, 2, 2, 2, 2, 2, 2, 2, 2, 2, 2, 2 ], 3 ], [ [ 2, 2, 2, 2, 2, 2, 2, 2, 2, 2, 2, 2 ], 4 ], [ [ 2, 2, 2, 2, 2, 2, 2, 2, 2, 2, 2, 2 ], 12 ], [ [ 2, 2, 2, 2, 2, 2, 2, 2, 2, 2, 2, 2 ], 12 ], [ [ 2, 2, 2, 2, 2, 2, 2, 2, 2, 2, 2, 2 ], 6 ], [ [ 2, 2, 2, 2, 4, 4, 4, 4 ], 12 ], [ [ 2, 2, 2, 2, 4, 4, 4, 4 ], 12 ], [ [ 2, 2, 2, 2, 2, 2, 2, 2, 2, 2, 2, 2 ], 12 ], [ [ 3, 3, 3, 3, 6, 6 ], 32 ], [ [ 3, 3, 3, 3, 3, 3, 3, 3 ], 32 ], [ [ 4, 4, 4, 4, 4, 4 ], 24 ], [ [ 2, 2, 2, 2, 4, 4, 4, 4 ], 24 ], [ [ 6, 6, 6, 6 ], 32 ], [ [ 6, 6, 6, 6 ], 32 ], [ [ 4, 4, 4, 4, 4, 4 ], 24 ], [ [ 2, 2, 2, 2, 4, 4, 4, 4 ], 24 ], [ [ 2, 2, 2, 2, 4, 4, 4, 4 ], 12 ], [ [ 2, 2, 2, 2, 2, 2, 2, 2, 2, 2, 2, 2 ], 6 ], [ [ 2, 2, 2, 2, 2, 2, 2, 2, 2, 2, 2, 2 ], 6 ], [ [ 2, 2, 2, 2, 2, 2, 2, 2, 2, 2, 2, 2 ], 1 ] ]
1197|384|[ 384, 17948 ]|[ [ [ 1, 1, 1, 1, 1, 1, 1, 1, 1, 1, 1, 1, 1, 1, 1, 1, 1, 1, 1, 1, 1, 1, 1, 1 ], 1 ], [ [ 1, 1, 1, 1, 1, 1, 1, 1, 1, 1, 1, 1, 2, 2, 2, 2, 2, 2 ], 4 ], [ [ 1, 1, 1, 1, 1, 1, 1, 1, 2, 2, 2, 2, 2, 2, 2, 2 ], 3 ], [ [ 1, 1, 1, 1, 2, 2, 4, 4, 4, 4 ], 12 ], [ [ 1, 1, 1, 1, 2, 2, 4, 4, 4, 4 ], 12 ], [ [ 1, 1, 1, 1, 1, 1, 1, 1, 2, 2, 2, 2, 2, 2, 2, 2 ], 6 ], [ [ 1, 1, 1, 1, 2, 2, 4, 4, 4, 4 ], 12 ], [ [ 1, 1, 1, 1, 2, 2, 2, 2, 2, 2, 2, 2, 2, 2 ], 12 ], [ [ 1, 1, 1, 1, 2, 2, 4, 4, 4, 4 ], 12 ], [ [ 2, 2, 2, 2, 2, 2, 2, 2, 2, 2, 2, 2 ], 3 ], [ [ 2, 2, 2, 2, 2, 2, 2, 2, 2, 2, 2, 2 ], 4 ], [ [ 2, 2, 2, 2, 2, 2, 2, 2, 2, 2, 2, 2 ], 12 ], [ [ 2, 2, 2, 2, 2, 2, 2, 2, 2, 2, 2, 2 ], 6 ], [ [ 2, 2, 2, 2, 4, 4, 4, 4 ], 12 ], [ [ 2, 2, 2, 2, 2, 2, 2, 2, 2, 2, 2, 2 ], 12 ], [ [ 2, 2, 2, 2, 2, 2, 2, 2, 2, 2, 2, 2 ], 12 ], [ [ 3, 3, 3, 3, 6, 6 ], 32 ], [ [ 3, 3, 3, 3, 3, 3, 3, 3 ], 32 ], [ [ 4, 4, 4, 4, 4, 4 ], 24 ], [ [ 4, 4, 4, 4, 4, 4 ], 24 ], [ [ 6, 6, 6, 6 ], 32 ], [ [ 6, 6, 6, 6 ], 32 ], [ [ 4, 4, 4, 4, 4, 4 ], 24 ], [ [ 4, 4, 4, 4, 4, 4 ], 24 ], [ [ 2, 2, 2, 2, 4, 4, 4, 4 ], 12 ], [ [ 2, 2, 2, 2, 2, 2, 2, 2, 2, 2, 2, 2 ], 6 ], [ [ 2, 2, 2, 2, 2, 2, 2, 2, 2, 2, 2, 2 ], 6 ], [ [ 2, 2, 2, 2, 2, 2, 2, 2, 2, 2, 2, 2 ], 1 ] ]
1198|384|[ 384, 17948 ]|[ [ [ 1, 1, 1, 1, 1, 1, 1, 1, 1, 1, 1, 1, 1, 1, 1, 1, 1, 1, 1, 1, 1, 1, 1, 1 ], 1 ], [ [ 1, 1, 1, 1, 1, 1, 1, 1, 1, 1, 1, 1, 2, 2, 2, 2, 2, 2 ], 4 ], [ [ 1, 1, 1, 1, 1, 1, 1, 1, 2, 2, 2, 2, 2, 2, 2, 2 ], 3 ], [ [ 1, 1, 1, 1, 2, 2, 2, 2, 2, 2, 2, 2, 2, 2 ], 12 ], [ [ 1, 1, 1, 1, 2, 2, 2, 2, 2, 2, 2, 2, 2, 2 ], 12 ], [ [ 1, 1, 1, 1, 1, 1, 1, 1, 2, 2, 2, 2, 2, 2, 2, 2 ], 6 ], [ [ 1, 1, 1, 1, 2, 2, 4, 4, 4, 4 ], 12 ], [ [ 1, 1, 1, 1, 2, 2, 4, 4, 4, 4 ], 12 ], [ [ 1, 1, 1, 1, 2, 2, 2, 2, 2, 2, 2, 2, 2, 2 ], 12 ], [ [ 2, 2, 2, 2, 2, 2, 2, 2, 2, 2, 2, 2 ], 3 ], [ [ 2, 2, 2, 2, 2, 2, 2, 2, 2, 2, 2, 2 ], 4 ], [ [ 2, 2, 2, 2, 4, 4, 4, 4 ], 12 ], [ [ 2, 2, 2, 2, 2, 2, 2, 2, 2, 2, 2, 2 ], 6 ], [ [ 2, 2, 2, 2, 4, 4, 4, 4 ], 12 ], [ [ 2, 2, 2, 2, 4, 4, 4, 4 ], 12 ], [ [ 3, 3, 3, 3, 6, 6 ], 32 ], [ [ 3, 3, 3, 3, 3, 3, 3, 3 ], 32 ], [ [ 4, 4, 4, 4, 4, 4 ], 24 ], [ [ 4, 4, 4, 4, 4, 4 ], 24 ], [ [ 6, 6, 6, 6 ], 32 ], [ [ 6, 6, 6, 6 ], 32 ], [ [ 2, 2, 2, 2, 4, 4, 4, 4 ], 12 ], [ [ 2, 2, 2, 2, 2, 2, 2, 2, 2, 2, 2, 2 ], 12 ], [ [ 4, 4, 4, 4, 4, 4 ], 24 ], [ [ 4, 4, 4, 4, 4, 4 ], 24 ], [ [ 2, 2, 2, 2, 2, 2, 2, 2, 2, 2, 2, 2 ], 6 ], [ [ 2, 2, 2, 2, 2, 2, 2, 2, 2, 2, 2, 2 ], 6 ], [ [ 2, 2, 2, 2, 2, 2, 2, 2, 2, 2, 2, 2 ], 1 ] ]
1199|384|[ 384, 17949 ]|[ [ [ 1, 1, 1, 1, 1, 1, 1, 1, 1, 1, 1, 1, 1, 1, 1, 1, 1, 1, 1, 1, 1, 1, 1, 1 ], 1 ], [ [ 1, 1, 1, 1, 1, 1, 1, 1, 1, 1, 1, 1, 1, 1, 1, 1, 2, 2, 2, 2 ], 3 ], [ [ 1, 1, 1, 1, 1, 1, 1, 1, 2, 2, 2, 2, 2, 2, 2, 2 ], 3 ], [ [ 1, 1, 1, 1, 1, 1, 1, 1, 4, 4, 4, 4 ], 6 ], [ [ 1, 1, 1, 1, 1, 1, 1, 1, 4, 4, 4, 4 ], 6 ], [ [ 1, 1, 1, 1, 1, 1, 1, 1, 2, 2, 2, 2, 2, 2, 2, 2 ], 12 ], [ [ 1, 1, 1, 1, 1, 1, 1, 1, 2, 2, 2, 2, 2, 2, 2, 2 ], 12 ], [ [ 2, 2, 2, 2, 2, 2, 2, 2, 2, 2, 2, 2 ], 12 ], [ [ 2, 2, 2, 2, 4, 4, 4, 4 ], 12 ], [ [ 2, 2, 2, 2, 8, 8 ], 24 ], [ [ 2, 2, 2, 2, 8, 8 ], 24 ], [ [ 2, 2, 2, 2, 2, 2, 2, 2, 2, 2, 2, 2 ], 4 ], [ [ 2, 2, 2, 2, 2, 2, 2, 2, 2, 2, 2, 2 ], 4 ], [ [ 2, 2, 2, 2, 4, 4, 4, 4 ], 6 ], [ [ 2, 2, 2, 2, 4, 4, 4, 4 ], 6 ], [ [ 2, 2, 2, 2, 2, 2, 2, 2, 2, 2, 2, 2 ], 12 ], [ [ 2, 2, 2, 2, 4, 4, 4, 4 ], 12 ], [ [ 2, 2, 2, 2, 2, 2, 2, 2, 2, 2, 2, 2 ], 12 ], [ [ 2, 2, 2, 2, 4, 4, 4, 4 ], 12 ], [ [ 4, 4, 8, 8 ], 24 ], [ [ 4, 4, 8, 8 ], 24 ], [ [ 2, 2, 2, 2, 2, 2, 2, 2, 2, 2, 2, 2 ], 12 ], [ [ 2, 2, 2, 2, 4, 4, 4, 4 ], 12 ], [ [ 6, 6, 6, 6 ], 32 ], [ [ 6, 6, 6, 6 ], 32 ], [ [ 3, 3, 3, 3, 3, 3, 3, 3 ], 32 ], [ [ 6, 6, 6, 6 ], 32 ], [ [ 2, 2, 2, 2, 2, 2, 2, 2, 2, 2, 2, 2 ], 1 ] ]
1200|384|[ 384, 17949 ]|[ [ [ 1, 1, 1, 1, 1, 1, 1, 1, 1, 1, 1, 1, 1, 1, 1, 1, 1, 1, 1, 1, 1, 1, 1, 1 ], 1 ], [ [ 1, 1, 1, 1, 1, 1, 1, 1, 1, 1, 1, 1, 1, 1, 1, 1, 2, 2, 2, 2 ], 3 ], [ [ 1, 1, 1, 1, 1, 1, 1, 1, 2, 2, 2, 2, 2, 2, 2, 2 ], 3 ], [ [ 1, 1, 1, 1, 1, 1, 1, 1, 4, 4, 4, 4 ], 6 ], [ [ 1, 1, 1, 1, 1, 1, 1, 1, 4, 4, 4, 4 ], 6 ], [ [ 1, 1, 1, 1, 1, 1, 1, 1, 2, 2, 2, 2, 2, 2, 2, 2 ], 12 ], [ [ 1, 1, 1, 1, 1, 1, 1, 1, 4, 4, 4, 4 ], 12 ], [ [ 2, 2, 2, 2, 2, 2, 2, 2, 2, 2, 2, 2 ], 12 ], [ [ 2, 2, 2, 2, 2, 2, 2, 2, 2, 2, 2, 2 ], 12 ], [ [ 2, 2, 2, 2, 8, 8 ], 24 ], [ [ 2, 2, 2, 2, 8, 8 ], 24 ], [ [ 2, 2, 2, 2, 2, 2, 2, 2, 2, 2, 2, 2 ], 4 ], [ [ 2, 2, 2, 2, 2, 2, 2, 2, 2, 2, 2, 2 ], 4 ], [ [ 2, 2, 2, 2, 2, 2, 2, 2, 2, 2, 2, 2 ], 12 ], [ [ 2, 2, 2, 2, 4, 4, 4, 4 ], 12 ], [ [ 2, 2, 2, 2, 2, 2, 2, 2, 2, 2, 2, 2 ], 12 ], [ [ 2, 2, 2, 2, 4, 4, 4, 4 ], 12 ], [ [ 2, 2, 2, 2, 4, 4, 4, 4 ], 6 ], [ [ 2, 2, 2, 2, 4, 4, 4, 4 ], 6 ], [ [ 4, 4, 8, 8 ], 24 ], [ [ 4, 4, 8, 8 ], 24 ], [ [ 6, 6, 6, 6 ], 32 ], [ [ 6, 6, 6, 6 ], 32 ], [ [ 2, 2, 2, 2, 2, 2, 2, 2, 2, 2, 2, 2 ], 12 ], [ [ 3, 3, 3, 3, 3, 3, 3, 3 ], 32 ], [ [ 6, 6, 6, 6 ], 32 ], [ [ 2, 2, 2, 2, 4, 4, 4, 4 ], 12 ], [ [ 2, 2, 2, 2, 2, 2, 2, 2, 2, 2, 2, 2 ], 1 ] ]
1201|384|[ 384, 17949 ]|[ [ [ 1, 1, 1, 1, 1, 1, 1, 1, 1, 1, 1, 1, 1, 1, 1, 1, 1, 1, 1, 1, 1, 1, 1, 1 ], 1 ], [ [ 1, 1, 1, 1, 1, 1, 1, 1, 1, 1, 1, 1, 1, 1, 1, 1, 2, 2, 2, 2 ], 3 ], [ [ 1, 1, 1, 1, 1, 1, 1, 1, 2, 2, 2, 2, 2, 2, 2, 2 ], 3 ], [ [ 1, 1, 1, 1, 1, 1, 1, 1, 4, 4, 4, 4 ], 6 ], [ [ 1, 1, 1, 1, 1, 1, 1, 1, 4, 4, 4, 4 ], 6 ], [ [ 1, 1, 1, 1, 2, 2, 8, 8 ], 24 ], [ [ 1, 1, 1, 1, 2, 2, 8, 8 ], 24 ], [ [ 2, 2, 2, 2, 2, 2, 2, 2, 2, 2, 2, 2 ], 12 ], [ [ 2, 2, 2, 2, 4, 4, 4, 4 ], 12 ], [ [ 2, 2, 2, 2, 2, 2, 2, 2, 2, 2, 2, 2 ], 12 ], [ [ 2, 2, 2, 2, 2, 2, 2, 2, 2, 2, 2, 2 ], 12 ], [ [ 2, 2, 2, 2, 2, 2, 2, 2, 2, 2, 2, 2 ], 4 ], [ [ 2, 2, 2, 2, 2, 2, 2, 2, 2, 2, 2, 2 ], 4 ], [ [ 4, 4, 8, 8 ], 24 ], [ [ 4, 4, 8, 8 ], 24 ], [ [ 2, 2, 2, 2, 2, 2, 2, 2, 2, 2, 2, 2 ], 12 ], [ [ 2, 2, 2, 2, 4, 4, 4, 4 ], 12 ], [ [ 2, 2, 2, 2, 2, 2, 2, 2, 2, 2, 2, 2 ], 12 ], [ [ 2, 2, 2, 2, 4, 4, 4, 4 ], 12 ], [ [ 2, 2, 2, 2, 4, 4, 4, 4 ], 6 ], [ [ 2, 2, 2, 2, 4, 4, 4, 4 ], 6 ], [ [ 6, 6, 6, 6 ], 32 ], [ [ 6, 6, 6, 6 ], 32 ], [ [ 2, 2, 2, 2, 2, 2, 2, 2, 2, 2, 2, 2 ], 12 ], [ [ 2, 2, 2, 2, 4, 4, 4, 4 ], 12 ], [ [ 3, 3, 3, 3, 3, 3, 3, 3 ], 32 ], [ [ 6, 6, 6, 6 ], 32 ], [ [ 2, 2, 2, 2, 2, 2, 2, 2, 2, 2, 2, 2 ], 1 ] ]
1202|384|[ 384, 17949 ]|[ [ [ 1, 1, 1, 1, 1, 1, 1, 1, 1, 1, 1, 1, 1, 1, 1, 1, 1, 1, 1, 1, 1, 1, 1, 1 ], 1 ], [ [ 1, 1, 1, 1, 1, 1, 1, 1, 2, 2, 2, 2, 2, 2, 2, 2 ], 3 ], [ [ 1, 1, 1, 1, 1, 1, 1, 1, 4, 4, 4, 4 ], 6 ], [ [ 1, 1, 1, 1, 1, 1, 1, 1, 2, 2, 2, 2, 2, 2, 2, 2 ], 12 ], [ [ 1, 1, 1, 1, 1, 1, 1, 1, 2, 2, 2, 2, 2, 2, 2, 2 ], 12 ], [ [ 1, 1, 1, 1, 2, 2, 8, 8 ], 24 ], [ [ 2, 2, 2, 2, 2, 2, 2, 2, 2, 2, 2, 2 ], 3 ], [ [ 2, 2, 2, 2, 4, 4, 4, 4 ], 6 ], [ [ 2, 2, 2, 2, 4, 4, 4, 4 ], 12 ], [ [ 2, 2, 2, 2, 2, 2, 2, 2, 2, 2, 2, 2 ], 12 ], [ [ 2, 2, 2, 2, 8, 8 ], 24 ], [ [ 2, 2, 2, 2, 2, 2, 2, 2, 2, 2, 2, 2 ], 4 ], [ [ 2, 2, 2, 2, 2, 2, 2, 2, 2, 2, 2, 2 ], 12 ], [ [ 2, 2, 2, 2, 4, 4, 4, 4 ], 12 ], [ [ 2, 2, 2, 2, 4, 4, 4, 4 ], 6 ], [ [ 4, 4, 8, 8 ], 24 ], [ [ 2, 2, 2, 2, 2, 2, 2, 2, 2, 2, 2, 2 ], 4 ], [ [ 2, 2, 2, 2, 4, 4, 4, 4 ], 12 ], [ [ 2, 2, 2, 2, 2, 2, 2, 2, 2, 2, 2, 2 ], 12 ], [ [ 2, 2, 2, 2, 4, 4, 4, 4 ], 6 ], [ [ 4, 4, 8, 8 ], 24 ], [ [ 6, 6, 6, 6 ], 32 ], [ [ 3, 3, 3, 3, 3, 3, 3, 3 ], 32 ], [ [ 2, 2, 2, 2, 4, 4, 4, 4 ], 12 ], [ [ 6, 6, 6, 6 ], 32 ], [ [ 2, 2, 2, 2, 2, 2, 2, 2, 2, 2, 2, 2 ], 12 ], [ [ 6, 6, 6, 6 ], 32 ], [ [ 2, 2, 2, 2, 2, 2, 2, 2, 2, 2, 2, 2 ], 1 ] ]
1203|384|[ 384, 17949 ]|[ [ [ 1, 1, 1, 1, 1, 1, 1, 1, 1, 1, 1, 1, 1, 1, 1, 1, 1, 1, 1, 1, 1, 1, 1, 1 ], 1 ], [ [ 1, 1, 1, 1, 1, 1, 1, 1, 2, 2, 2, 2, 2, 2, 2, 2 ], 3 ], [ [ 1, 1, 1, 1, 1, 1, 1, 1, 4, 4, 4, 4 ], 6 ], [ [ 1, 1, 1, 1, 1, 1, 1, 1, 4, 4, 4, 4 ], 12 ], [ [ 1, 1, 1, 1, 1, 1, 1, 1, 2, 2, 2, 2, 2, 2, 2, 2 ], 12 ], [ [ 1, 1, 1, 1, 2, 2, 8, 8 ], 24 ], [ [ 2, 2, 2, 2, 2, 2, 2, 2, 2, 2, 2, 2 ], 3 ], [ [ 2, 2, 2, 2, 4, 4, 4, 4 ], 6 ], [ [ 2, 2, 2, 2, 2, 2, 2, 2, 2, 2, 2, 2 ], 12 ], [ [ 2, 2, 2, 2, 2, 2, 2, 2, 2, 2, 2, 2 ], 12 ], [ [ 2, 2, 2, 2, 8, 8 ], 24 ], [ [ 2, 2, 2, 2, 2, 2, 2, 2, 2, 2, 2, 2 ], 4 ], [ [ 2, 2, 2, 2, 4, 4, 4, 4 ], 12 ], [ [ 2, 2, 2, 2, 2, 2, 2, 2, 2, 2, 2, 2 ], 12 ], [ [ 2, 2, 2, 2, 4, 4, 4, 4 ], 6 ], [ [ 4, 4, 8, 8 ], 24 ], [ [ 2, 2, 2, 2, 2, 2, 2, 2, 2, 2, 2, 2 ], 4 ], [ [ 2, 2, 2, 2, 2, 2, 2, 2, 2, 2, 2, 2 ], 12 ], [ [ 2, 2, 2, 2, 4, 4, 4, 4 ], 12 ], [ [ 2, 2, 2, 2, 4, 4, 4, 4 ], 6 ], [ [ 4, 4, 8, 8 ], 24 ], [ [ 6, 6, 6, 6 ], 32 ], [ [ 2, 2, 2, 2, 2, 2, 2, 2, 2, 2, 2, 2 ], 12 ], [ [ 3, 3, 3, 3, 3, 3, 3, 3 ], 32 ], [ [ 6, 6, 6, 6 ], 32 ], [ [ 6, 6, 6, 6 ], 32 ], [ [ 2, 2, 2, 2, 4, 4, 4, 4 ], 12 ], [ [ 2, 2, 2, 2, 2, 2, 2, 2, 2, 2, 2, 2 ], 1 ] ]
1204|384|[ 384, 20163 ]|[ [ [ 1, 1, 1, 1, 1, 1, 1, 1, 1, 1, 1, 1, 1, 1, 1, 1, 1, 1, 1, 1, 1, 1, 1, 1 ], 1 ], [ [ 1, 1, 1, 1, 1, 1, 1, 1, 1, 1, 1, 1, 1, 1, 1, 1, 2, 2, 2, 2 ], 3 ], [ [ 1, 1, 1, 1, 1, 1, 1, 1, 1, 1, 1, 1, 1, 1, 1, 1, 2, 2, 2, 2 ], 3 ], [ [ 1, 1, 1, 1, 1, 1, 1, 1, 1, 1, 1, 1, 1, 1, 1, 1, 2, 2, 2, 2 ], 3 ], [ [ 1, 1, 1, 1, 1, 1, 1, 1, 2, 2, 2, 2, 2, 2, 2, 2 ], 6 ], [ [ 1, 1, 1, 1, 1, 1, 1, 1, 2, 2, 2, 2, 2, 2, 2, 2 ], 6 ], [ [ 1, 1, 1, 1, 1, 1, 1, 1, 2, 2, 2, 2, 2, 2, 2, 2 ], 3 ], [ [ 1, 1, 1, 1, 1, 1, 1, 1, 2, 2, 2, 2, 2, 2, 2, 2 ], 6 ], [ [ 1, 1, 1, 1, 1, 1, 1, 1, 2, 2, 2, 2, 2, 2, 2, 2 ], 3 ], [ [ 1, 1, 1, 1, 1, 1, 1, 1, 2, 2, 2, 2, 2, 2, 2, 2 ], 3 ], [ [ 2, 2, 2, 2, 2, 2, 2, 2, 2, 2, 2, 2 ], 12 ], [ [ 2, 2, 2, 2, 4, 4, 4, 4 ], 12 ], [ [ 2, 2, 2, 2, 4, 4, 4, 4 ], 12 ], [ [ 2, 2, 2, 2, 4, 4, 4, 4 ], 12 ], [ [ 3, 3, 3, 3, 3, 3, 3, 3 ], 32 ], [ [ 6, 6, 6, 6 ], 32 ], [ [ 6, 6, 6, 6 ], 32 ], [ [ 6, 6, 6, 6 ], 32 ], [ [ 2, 2, 2, 2, 2, 2, 2, 2, 2, 2, 2, 2 ], 12 ], [ [ 2, 2, 2, 2, 2, 2, 2, 2, 2, 2, 2, 2 ], 12 ], [ [ 2, 2, 2, 2, 2, 2, 2, 2, 2, 2, 2, 2 ], 12 ], [ [ 2, 2, 2, 2, 4, 4, 4, 4 ], 12 ], [ [ 2, 2, 2, 2, 4, 4, 4, 4 ], 12 ], [ [ 2, 2, 2, 2, 4, 4, 4, 4 ], 12 ], [ [ 2, 2, 2, 2, 4, 4, 4, 4 ], 12 ], [ [ 2, 2, 2, 2, 4, 4, 4, 4 ], 12 ], [ [ 2, 2, 2, 2, 4, 4, 4, 4 ], 12 ], [ [ 2, 2, 2, 2, 4, 4, 4, 4 ], 12 ], [ [ 2, 2, 2, 2, 4, 4, 4, 4 ], 12 ], [ [ 2, 2, 2, 2, 4, 4, 4, 4 ], 12 ], [ [ 2, 2, 2, 2, 2, 2, 2, 2, 2, 2, 2, 2 ], 3 ], [ [ 2, 2, 2, 2, 2, 2, 2, 2, 2, 2, 2, 2 ], 6 ], [ [ 2, 2, 2, 2, 2, 2, 2, 2, 2, 2, 2, 2 ], 3 ], [ [ 2, 2, 2, 2, 2, 2, 2, 2, 2, 2, 2, 2 ], 3 ], [ [ 2, 2, 2, 2, 2, 2, 2, 2, 2, 2, 2, 2 ], 3 ], [ [ 2, 2, 2, 2, 2, 2, 2, 2, 2, 2, 2, 2 ], 1 ], [ [ 2, 2, 2, 2, 2, 2, 2, 2, 2, 2, 2, 2 ], 3 ], [ [ 2, 2, 2, 2, 2, 2, 2, 2, 2, 2, 2, 2 ], 3 ], [ [ 2, 2, 2, 2, 2, 2, 2, 2, 2, 2, 2, 2 ], 1 ], [ [ 2, 2, 2, 2, 2, 2, 2, 2, 2, 2, 2, 2 ], 1 ] ]
1205|384|[ 384, 20163 ]|[ [ [ 1, 1, 1, 1, 1, 1, 1, 1, 1, 1, 1, 1, 1, 1, 1, 1, 1, 1, 1, 1, 1, 1, 1, 1 ], 1 ], [ [ 1, 1, 1, 1, 1, 1, 1, 1, 1, 1, 1, 1, 1, 1, 1, 1, 2, 2, 2, 2 ], 3 ], [ [ 1, 1, 1, 1, 1, 1, 1, 1, 2, 2, 2, 2, 2, 2, 2, 2 ], 12 ], [ [ 1, 1, 1, 1, 1, 1, 1, 1, 4, 4, 4, 4 ], 12 ], [ [ 1, 1, 1, 1, 1, 1, 1, 1, 2, 2, 2, 2, 2, 2, 2, 2 ], 3 ], [ [ 1, 1, 1, 1, 1, 1, 1, 1, 2, 2, 2, 2, 2, 2, 2, 2 ], 6 ], [ [ 1, 1, 1, 1, 1, 1, 1, 1, 2, 2, 2, 2, 2, 2, 2, 2 ], 3 ], [ [ 1, 1, 1, 1, 1, 1, 1, 1, 2, 2, 2, 2, 2, 2, 2, 2 ], 3 ], [ [ 2, 2, 2, 2, 2, 2, 2, 2, 2, 2, 2, 2 ], 3 ], [ [ 2, 2, 2, 2, 2, 2, 2, 2, 2, 2, 2, 2 ], 3 ], [ [ 2, 2, 2, 2, 4, 4, 4, 4 ], 12 ], [ [ 2, 2, 2, 2, 4, 4, 4, 4 ], 12 ], [ [ 2, 2, 2, 2, 2, 2, 2, 2, 2, 2, 2, 2 ], 6 ], [ [ 2, 2, 2, 2, 2, 2, 2, 2, 2, 2, 2, 2 ], 6 ], [ [ 2, 2, 2, 2, 2, 2, 2, 2, 2, 2, 2, 2 ], 12 ], [ [ 2, 2, 2, 2, 2, 2, 2, 2, 2, 2, 2, 2 ], 12 ], [ [ 6, 6, 6, 6 ], 32 ], [ [ 6, 6, 6, 6 ], 32 ], [ [ 2, 2, 2, 2, 4, 4, 4, 4 ], 12 ], [ [ 2, 2, 2, 2, 4, 4, 4, 4 ], 12 ], [ [ 2, 2, 2, 2, 4, 4, 4, 4 ], 12 ], [ [ 2, 2, 2, 2, 4, 4, 4, 4 ], 12 ], [ [ 2, 2, 2, 2, 2, 2, 2, 2, 2, 2, 2, 2 ], 12 ], [ [ 3, 3, 3, 3, 3, 3, 3, 3 ], 32 ], [ [ 6, 6, 6, 6 ], 32 ], [ [ 2, 2, 2, 2, 4, 4, 4, 4 ], 12 ], [ [ 2, 2, 2, 2, 4, 4, 4, 4 ], 12 ], [ [ 2, 2, 2, 2, 4, 4, 4, 4 ], 12 ], [ [ 2, 2, 2, 2, 4, 4, 4, 4 ], 12 ], [ [ 2, 2, 2, 2, 4, 4, 4, 4 ], 12 ], [ [ 2, 2, 2, 2, 2, 2, 2, 2, 2, 2, 2, 2 ], 3 ], [ [ 2, 2, 2, 2, 2, 2, 2, 2, 2, 2, 2, 2 ], 3 ], [ [ 2, 2, 2, 2, 2, 2, 2, 2, 2, 2, 2, 2 ], 3 ], [ [ 2, 2, 2, 2, 2, 2, 2, 2, 2, 2, 2, 2 ], 1 ], [ [ 2, 2, 2, 2, 2, 2, 2, 2, 2, 2, 2, 2 ], 3 ], [ [ 2, 2, 2, 2, 2, 2, 2, 2, 2, 2, 2, 2 ], 6 ], [ [ 2, 2, 2, 2, 2, 2, 2, 2, 2, 2, 2, 2 ], 3 ], [ [ 2, 2, 2, 2, 2, 2, 2, 2, 2, 2, 2, 2 ], 1 ], [ [ 2, 2, 2, 2, 2, 2, 2, 2, 2, 2, 2, 2 ], 3 ], [ [ 2, 2, 2, 2, 2, 2, 2, 2, 2, 2, 2, 2 ], 1 ] ]
1206|384|[ 384, 20163 ]|[ [ [ 1, 1, 1, 1, 1, 1, 1, 1, 1, 1, 1, 1, 1, 1, 1, 1, 1, 1, 1, 1, 1, 1, 1, 1 ], 1 ], [ [ 1, 1, 1, 1, 1, 1, 1, 1, 1, 1, 1, 1, 1, 1, 1, 1, 2, 2, 2, 2 ], 3 ], [ [ 1, 1, 1, 1, 1, 1, 1, 1, 4, 4, 4, 4 ], 12 ], [ [ 1, 1, 1, 1, 1, 1, 1, 1, 4, 4, 4, 4 ], 12 ], [ [ 1, 1, 1, 1, 1, 1, 1, 1, 2, 2, 2, 2, 2, 2, 2, 2 ], 3 ], [ [ 1, 1, 1, 1, 1, 1, 1, 1, 2, 2, 2, 2, 2, 2, 2, 2 ], 6 ], [ [ 1, 1, 1, 1, 1, 1, 1, 1, 2, 2, 2, 2, 2, 2, 2, 2 ], 3 ], [ [ 1, 1, 1, 1, 1, 1, 1, 1, 2, 2, 2, 2, 2, 2, 2, 2 ], 3 ], [ [ 2, 2, 2, 2, 2, 2, 2, 2, 2, 2, 2, 2 ], 3 ], [ [ 2, 2, 2, 2, 2, 2, 2, 2, 2, 2, 2, 2 ], 3 ], [ [ 2, 2, 2, 2, 2, 2, 2, 2, 2, 2, 2, 2 ], 12 ], [ [ 2, 2, 2, 2, 4, 4, 4, 4 ], 12 ], [ [ 2, 2, 2, 2, 2, 2, 2, 2, 2, 2, 2, 2 ], 6 ], [ [ 2, 2, 2, 2, 2, 2, 2, 2, 2, 2, 2, 2 ], 6 ], [ [ 2, 2, 2, 2, 2, 2, 2, 2, 2, 2, 2, 2 ], 12 ], [ [ 6, 6, 6, 6 ], 32 ], [ [ 6, 6, 6, 6 ], 32 ], [ [ 2, 2, 2, 2, 4, 4, 4, 4 ], 12 ], [ [ 2, 2, 2, 2, 4, 4, 4, 4 ], 12 ], [ [ 2, 2, 2, 2, 4, 4, 4, 4 ], 12 ], [ [ 2, 2, 2, 2, 4, 4, 4, 4 ], 12 ], [ [ 2, 2, 2, 2, 4, 4, 4, 4 ], 12 ], [ [ 2, 2, 2, 2, 2, 2, 2, 2, 2, 2, 2, 2 ], 12 ], [ [ 2, 2, 2, 2, 2, 2, 2, 2, 2, 2, 2, 2 ], 12 ], [ [ 3, 3, 3, 3, 3, 3, 3, 3 ], 32 ], [ [ 6, 6, 6, 6 ], 32 ], [ [ 2, 2, 2, 2, 4, 4, 4, 4 ], 12 ], [ [ 2, 2, 2, 2, 4, 4, 4, 4 ], 12 ], [ [ 2, 2, 2, 2, 4, 4, 4, 4 ], 12 ], [ [ 2, 2, 2, 2, 4, 4, 4, 4 ], 12 ], [ [ 2, 2, 2, 2, 2, 2, 2, 2, 2, 2, 2, 2 ], 3 ], [ [ 2, 2, 2, 2, 2, 2, 2, 2, 2, 2, 2, 2 ], 3 ], [ [ 2, 2, 2, 2, 2, 2, 2, 2, 2, 2, 2, 2 ], 3 ], [ [ 2, 2, 2, 2, 2, 2, 2, 2, 2, 2, 2, 2 ], 1 ], [ [ 2, 2, 2, 2, 2, 2, 2, 2, 2, 2, 2, 2 ], 3 ], [ [ 2, 2, 2, 2, 2, 2, 2, 2, 2, 2, 2, 2 ], 6 ], [ [ 2, 2, 2, 2, 2, 2, 2, 2, 2, 2, 2, 2 ], 3 ], [ [ 2, 2, 2, 2, 2, 2, 2, 2, 2, 2, 2, 2 ], 1 ], [ [ 2, 2, 2, 2, 2, 2, 2, 2, 2, 2, 2, 2 ], 3 ], [ [ 2, 2, 2, 2, 2, 2, 2, 2, 2, 2, 2, 2 ], 1 ] ]
1207|384|[ 384, 17949 ]|[ [ [ 1, 1, 1, 1, 1, 1, 1, 1, 1, 1, 1, 1, 1, 1, 1, 1, 1, 1, 1, 1, 1, 1, 1, 1 ], 1 ], [ [ 1, 1, 1, 1, 1, 1, 1, 1, 1, 1, 1, 1, 2, 2, 2, 2, 2, 2 ], 4 ], [ [ 1, 1, 1, 1, 1, 1, 1, 1, 1, 1, 1, 1, 1, 1, 1, 1, 2, 2, 2, 2 ], 3 ], [ [ 1, 1, 1, 1, 1, 1, 1, 1, 1, 1, 1, 1, 2, 2, 2, 2, 2, 2 ], 4 ], [ [ 1, 1, 1, 1, 1, 1, 1, 1, 2, 2, 2, 2, 2, 2, 2, 2 ], 3 ], [ [ 1, 1, 1, 1, 1, 1, 1, 1, 4, 4, 4, 4 ], 6 ], [ [ 1, 1, 1, 1, 2, 2, 2, 2, 2, 2, 2, 2, 2, 2 ], 12 ], [ [ 1, 1, 1, 1, 1, 1, 1, 1, 4, 4, 4, 4 ], 6 ], [ [ 1, 1, 1, 1, 2, 2, 2, 2, 2, 2, 2, 2, 2, 2 ], 12 ], [ [ 2, 2, 2, 2, 2, 2, 2, 2, 2, 2, 2, 2 ], 12 ], [ [ 2, 2, 2, 2, 2, 2, 2, 2, 2, 2, 2, 2 ], 12 ], [ [ 2, 2, 2, 2, 4, 4, 4, 4 ], 12 ], [ [ 2, 2, 2, 2, 4, 4, 4, 4 ], 12 ], [ [ 2, 2, 2, 2, 4, 4, 4, 4 ], 12 ], [ [ 2, 2, 2, 2, 2, 2, 2, 2, 2, 2, 2, 2 ], 12 ], [ [ 3, 3, 3, 3, 3, 3, 3, 3 ], 32 ], [ [ 3, 3, 3, 3, 6, 6 ], 32 ], [ [ 6, 6, 6, 6 ], 32 ], [ [ 3, 3, 3, 3, 6, 6 ], 32 ], [ [ 2, 2, 2, 2, 2, 2, 2, 2, 2, 2, 2, 2 ], 12 ], [ [ 4, 4, 8, 8 ], 24 ], [ [ 2, 2, 2, 2, 8, 8 ], 24 ], [ [ 4, 4, 8, 8 ], 24 ], [ [ 2, 2, 2, 2, 8, 8 ], 24 ], [ [ 2, 2, 2, 2, 4, 4, 4, 4 ], 12 ], [ [ 2, 2, 2, 2, 4, 4, 4, 4 ], 6 ], [ [ 2, 2, 2, 2, 4, 4, 4, 4 ], 6 ], [ [ 2, 2, 2, 2, 2, 2, 2, 2, 2, 2, 2, 2 ], 1 ] ]
1208|384|[ 384, 17949 ]|[ [ [ 1, 1, 1, 1, 1, 1, 1, 1, 1, 1, 1, 1, 1, 1, 1, 1, 1, 1, 1, 1, 1, 1, 1, 1 ], 1 ], [ [ 1, 1, 1, 1, 1, 1, 1, 1, 1, 1, 1, 1, 2, 2, 2, 2, 2, 2 ], 4 ], [ [ 1, 1, 1, 1, 1, 1, 1, 1, 1, 1, 1, 1, 1, 1, 1, 1, 2, 2, 2, 2 ], 3 ], [ [ 1, 1, 1, 1, 1, 1, 1, 1, 1, 1, 1, 1, 2, 2, 2, 2, 2, 2 ], 4 ], [ [ 1, 1, 1, 1, 1, 1, 1, 1, 2, 2, 2, 2, 2, 2, 2, 2 ], 3 ], [ [ 1, 1, 1, 1, 2, 2, 2, 2, 2, 2, 2, 2, 2, 2 ], 12 ], [ [ 1, 1, 1, 1, 2, 2, 4, 4, 4, 4 ], 12 ], [ [ 1, 1, 1, 1, 2, 2, 4, 4, 4, 4 ], 12 ], [ [ 1, 1, 1, 1, 2, 2, 2, 2, 2, 2, 2, 2, 2, 2 ], 12 ], [ [ 2, 2, 2, 2, 2, 2, 2, 2, 2, 2, 2, 2 ], 12 ], [ [ 2, 2, 2, 2, 4, 4, 4, 4 ], 12 ], [ [ 2, 2, 2, 2, 4, 4, 4, 4 ], 6 ], [ [ 2, 2, 2, 2, 2, 2, 2, 2, 2, 2, 2, 2 ], 12 ], [ [ 2, 2, 2, 2, 4, 4, 4, 4 ], 6 ], [ [ 2, 2, 2, 2, 2, 2, 2, 2, 2, 2, 2, 2 ], 12 ], [ [ 3, 3, 3, 3, 3, 3, 3, 3 ], 32 ], [ [ 3, 3, 3, 3, 6, 6 ], 32 ], [ [ 6, 6, 6, 6 ], 32 ], [ [ 3, 3, 3, 3, 6, 6 ], 32 ], [ [ 4, 4, 8, 8 ], 24 ], [ [ 4, 4, 8, 8 ], 24 ], [ [ 4, 4, 8, 8 ], 24 ], [ [ 4, 4, 8, 8 ], 24 ], [ [ 2, 2, 2, 2, 2, 2, 2, 2, 2, 2, 2, 2 ], 12 ], [ [ 2, 2, 2, 2, 4, 4, 4, 4 ], 12 ], [ [ 2, 2, 2, 2, 4, 4, 4, 4 ], 6 ], [ [ 2, 2, 2, 2, 4, 4, 4, 4 ], 6 ], [ [ 2, 2, 2, 2, 2, 2, 2, 2, 2, 2, 2, 2 ], 1 ] ]
1209|384|[ 384, 17949 ]|[ [ [ 1, 1, 1, 1, 1, 1, 1, 1, 1, 1, 1, 1, 1, 1, 1, 1, 1, 1, 1, 1, 1, 1, 1, 1 ], 1 ], [ [ 1, 1, 1, 1, 1, 1, 1, 1, 1, 1, 1, 1, 1, 1, 1, 1, 2, 2, 2, 2 ], 3 ], [ [ 1, 1, 1, 1, 1, 1, 1, 1, 2, 2, 2, 2, 2, 2, 2, 2 ], 3 ], [ [ 1, 1, 1, 1, 2, 2, 2, 2, 2, 2, 2, 2, 2, 2 ], 12 ], [ [ 1, 1, 1, 1, 2, 2, 4, 4, 4, 4 ], 12 ], [ [ 1, 1, 1, 1, 1, 1, 1, 1, 4, 4, 4, 4 ], 6 ], [ [ 1, 1, 1, 1, 1, 1, 1, 1, 4, 4, 4, 4 ], 6 ], [ [ 1, 1, 1, 1, 2, 2, 4, 4, 4, 4 ], 12 ], [ [ 1, 1, 1, 1, 2, 2, 2, 2, 2, 2, 2, 2, 2, 2 ], 12 ], [ [ 2, 2, 2, 2, 2, 2, 2, 2, 2, 2, 2, 2 ], 4 ], [ [ 2, 2, 2, 2, 2, 2, 2, 2, 2, 2, 2, 2 ], 4 ], [ [ 2, 2, 2, 2, 2, 2, 2, 2, 2, 2, 2, 2 ], 12 ], [ [ 2, 2, 2, 2, 4, 4, 4, 4 ], 12 ], [ [ 2, 2, 2, 2, 2, 2, 2, 2, 2, 2, 2, 2 ], 12 ], [ [ 2, 2, 2, 2, 2, 2, 2, 2, 2, 2, 2, 2 ], 12 ], [ [ 3, 3, 3, 3, 3, 3, 3, 3 ], 32 ], [ [ 6, 6, 6, 6 ], 32 ], [ [ 2, 2, 2, 2, 8, 8 ], 24 ], [ [ 2, 2, 2, 2, 8, 8 ], 24 ], [ [ 2, 2, 2, 2, 2, 2, 2, 2, 2, 2, 2, 2 ], 12 ], [ [ 6, 6, 6, 6 ], 32 ], [ [ 6, 6, 6, 6 ], 32 ], [ [ 4, 4, 8, 8 ], 24 ], [ [ 4, 4, 8, 8 ], 24 ], [ [ 2, 2, 2, 2, 4, 4, 4, 4 ], 12 ], [ [ 2, 2, 2, 2, 4, 4, 4, 4 ], 6 ], [ [ 2, 2, 2, 2, 4, 4, 4, 4 ], 6 ], [ [ 2, 2, 2, 2, 2, 2, 2, 2, 2, 2, 2, 2 ], 1 ] ]
1210|384|[ 384, 17949 ]|[ [ [ 1, 1, 1, 1, 1, 1, 1, 1, 1, 1, 1, 1, 1, 1, 1, 1, 1, 1, 1, 1, 1, 1, 1, 1 ], 1 ], [ [ 1, 1, 1, 1, 1, 1, 1, 1, 1, 1, 1, 1, 1, 1, 1, 1, 2, 2, 2, 2 ], 3 ], [ [ 1, 1, 1, 1, 1, 1, 1, 1, 2, 2, 2, 2, 2, 2, 2, 2 ], 3 ], [ [ 1, 1, 1, 1, 2, 2, 2, 2, 2, 2, 2, 2, 2, 2 ], 12 ], [ [ 1, 1, 1, 1, 2, 2, 4, 4, 4, 4 ], 12 ], [ [ 1, 1, 1, 1, 2, 2, 2, 2, 2, 2, 2, 2, 2, 2 ], 12 ], [ [ 1, 1, 1, 1, 2, 2, 2, 2, 2, 2, 2, 2, 2, 2 ], 12 ], [ [ 1, 1, 1, 1, 2, 2, 2, 2, 2, 2, 2, 2, 2, 2 ], 12 ], [ [ 1, 1, 1, 1, 2, 2, 4, 4, 4, 4 ], 12 ], [ [ 2, 2, 2, 2, 2, 2, 2, 2, 2, 2, 2, 2 ], 4 ], [ [ 2, 2, 2, 2, 2, 2, 2, 2, 2, 2, 2, 2 ], 4 ], [ [ 2, 2, 2, 2, 4, 4, 4, 4 ], 6 ], [ [ 2, 2, 2, 2, 4, 4, 4, 4 ], 6 ], [ [ 2, 2, 2, 2, 4, 4, 4, 4 ], 12 ], [ [ 2, 2, 2, 2, 2, 2, 2, 2, 2, 2, 2, 2 ], 12 ], [ [ 3, 3, 3, 3, 3, 3, 3, 3 ], 32 ], [ [ 6, 6, 6, 6 ], 32 ], [ [ 4, 4, 8, 8 ], 24 ], [ [ 4, 4, 8, 8 ], 24 ], [ [ 6, 6, 6, 6 ], 32 ], [ [ 6, 6, 6, 6 ], 32 ], [ [ 2, 2, 2, 2, 2, 2, 2, 2, 2, 2, 2, 2 ], 12 ], [ [ 4, 4, 8, 8 ], 24 ], [ [ 4, 4, 8, 8 ], 24 ], [ [ 2, 2, 2, 2, 4, 4, 4, 4 ], 12 ], [ [ 2, 2, 2, 2, 4, 4, 4, 4 ], 6 ], [ [ 2, 2, 2, 2, 4, 4, 4, 4 ], 6 ], [ [ 2, 2, 2, 2, 2, 2, 2, 2, 2, 2, 2, 2 ], 1 ] ]
1211|384|[ 384, 17949 ]|[ [ [ 1, 1, 1, 1, 1, 1, 1, 1, 1, 1, 1, 1, 1, 1, 1, 1, 1, 1, 1, 1, 1, 1, 1, 1 ], 1 ], [ [ 1, 1, 1, 1, 1, 1, 1, 1, 1, 1, 1, 1, 2, 2, 2, 2, 2, 2 ], 4 ], [ [ 1, 1, 1, 1, 1, 1, 1, 1, 2, 2, 2, 2, 2, 2, 2, 2 ], 3 ], [ [ 1, 1, 1, 1, 1, 1, 1, 1, 2, 2, 2, 2, 2, 2, 2, 2 ], 12 ], [ [ 1, 1, 1, 1, 2, 2, 2, 2, 2, 2, 2, 2, 2, 2 ], 12 ], [ [ 1, 1, 1, 1, 1, 1, 1, 1, 4, 4, 4, 4 ], 6 ], [ [ 1, 1, 1, 1, 2, 2, 2, 2, 2, 2, 2, 2, 2, 2 ], 12 ], [ [ 1, 1, 1, 1, 2, 2, 4, 4, 4, 4 ], 12 ], [ [ 2, 2, 2, 2, 2, 2, 2, 2, 2, 2, 2, 2 ], 3 ], [ [ 2, 2, 2, 2, 2, 2, 2, 2, 2, 2, 2, 2 ], 4 ], [ [ 2, 2, 2, 2, 4, 4, 4, 4 ], 12 ], [ [ 2, 2, 2, 2, 4, 4, 4, 4 ], 12 ], [ [ 2, 2, 2, 2, 4, 4, 4, 4 ], 6 ], [ [ 2, 2, 2, 2, 2, 2, 2, 2, 2, 2, 2, 2 ], 12 ], [ [ 2, 2, 2, 2, 2, 2, 2, 2, 2, 2, 2, 2 ], 12 ], [ [ 3, 3, 3, 3, 3, 3, 3, 3 ], 32 ], [ [ 3, 3, 3, 3, 6, 6 ], 32 ], [ [ 4, 4, 8, 8 ], 24 ], [ [ 2, 2, 2, 2, 8, 8 ], 24 ], [ [ 2, 2, 2, 2, 4, 4, 4, 4 ], 12 ], [ [ 2, 2, 2, 2, 2, 2, 2, 2, 2, 2, 2, 2 ], 12 ], [ [ 6, 6, 6, 6 ], 32 ], [ [ 6, 6, 6, 6 ], 32 ], [ [ 4, 4, 8, 8 ], 24 ], [ [ 2, 2, 2, 2, 8, 8 ], 24 ], [ [ 2, 2, 2, 2, 4, 4, 4, 4 ], 6 ], [ [ 2, 2, 2, 2, 4, 4, 4, 4 ], 6 ], [ [ 2, 2, 2, 2, 2, 2, 2, 2, 2, 2, 2, 2 ], 1 ] ]
1212|384|[ 384, 17949 ]|[ [ [ 1, 1, 1, 1, 1, 1, 1, 1, 1, 1, 1, 1, 1, 1, 1, 1, 1, 1, 1, 1, 1, 1, 1, 1 ], 1 ], [ [ 1, 1, 1, 1, 1, 1, 1, 1, 1, 1, 1, 1, 2, 2, 2, 2, 2, 2 ], 4 ], [ [ 1, 1, 1, 1, 1, 1, 1, 1, 2, 2, 2, 2, 2, 2, 2, 2 ], 3 ], [ [ 1, 1, 1, 1, 1, 1, 1, 1, 4, 4, 4, 4 ], 12 ], [ [ 1, 1, 1, 1, 2, 2, 4, 4, 4, 4 ], 12 ], [ [ 1, 1, 1, 1, 1, 1, 1, 1, 4, 4, 4, 4 ], 6 ], [ [ 1, 1, 1, 1, 2, 2, 2, 2, 2, 2, 2, 2, 2, 2 ], 12 ], [ [ 1, 1, 1, 1, 2, 2, 2, 2, 2, 2, 2, 2, 2, 2 ], 12 ], [ [ 2, 2, 2, 2, 2, 2, 2, 2, 2, 2, 2, 2 ], 3 ], [ [ 2, 2, 2, 2, 2, 2, 2, 2, 2, 2, 2, 2 ], 4 ], [ [ 2, 2, 2, 2, 2, 2, 2, 2, 2, 2, 2, 2 ], 12 ], [ [ 2, 2, 2, 2, 2, 2, 2, 2, 2, 2, 2, 2 ], 12 ], [ [ 2, 2, 2, 2, 4, 4, 4, 4 ], 6 ], [ [ 2, 2, 2, 2, 2, 2, 2, 2, 2, 2, 2, 2 ], 12 ], [ [ 2, 2, 2, 2, 4, 4, 4, 4 ], 12 ], [ [ 2, 2, 2, 2, 2, 2, 2, 2, 2, 2, 2, 2 ], 12 ], [ [ 3, 3, 3, 3, 3, 3, 3, 3 ], 32 ], [ [ 3, 3, 3, 3, 6, 6 ], 32 ], [ [ 4, 4, 8, 8 ], 24 ], [ [ 2, 2, 2, 2, 8, 8 ], 24 ], [ [ 6, 6, 6, 6 ], 32 ], [ [ 6, 6, 6, 6 ], 32 ], [ [ 4, 4, 8, 8 ], 24 ], [ [ 2, 2, 2, 2, 8, 8 ], 24 ], [ [ 2, 2, 2, 2, 4, 4, 4, 4 ], 12 ], [ [ 2, 2, 2, 2, 4, 4, 4, 4 ], 6 ], [ [ 2, 2, 2, 2, 4, 4, 4, 4 ], 6 ], [ [ 2, 2, 2, 2, 2, 2, 2, 2, 2, 2, 2, 2 ], 1 ] ]
1213|384|[ 384, 17949 ]|[ [ [ 1, 1, 1, 1, 1, 1, 1, 1, 1, 1, 1, 1, 1, 1, 1, 1, 1, 1, 1, 1, 1, 1, 1, 1 ], 1 ], [ [ 1, 1, 1, 1, 1, 1, 1, 1, 1, 1, 1, 1, 2, 2, 2, 2, 2, 2 ], 4 ], [ [ 1, 1, 1, 1, 1, 1, 1, 1, 2, 2, 2, 2, 2, 2, 2, 2 ], 3 ], [ [ 1, 1, 1, 1, 2, 2, 4, 4, 4, 4 ], 12 ], [ [ 1, 1, 1, 1, 2, 2, 4, 4, 4, 4 ], 12 ], [ [ 1, 1, 1, 1, 1, 1, 1, 1, 4, 4, 4, 4 ], 6 ], [ [ 1, 1, 1, 1, 2, 2, 2, 2, 2, 2, 2, 2, 2, 2 ], 12 ], [ [ 1, 1, 1, 1, 2, 2, 2, 2, 2, 2, 2, 2, 2, 2 ], 12 ], [ [ 1, 1, 1, 1, 2, 2, 4, 4, 4, 4 ], 12 ], [ [ 2, 2, 2, 2, 2, 2, 2, 2, 2, 2, 2, 2 ], 3 ], [ [ 2, 2, 2, 2, 2, 2, 2, 2, 2, 2, 2, 2 ], 4 ], [ [ 2, 2, 2, 2, 2, 2, 2, 2, 2, 2, 2, 2 ], 12 ], [ [ 2, 2, 2, 2, 4, 4, 4, 4 ], 6 ], [ [ 2, 2, 2, 2, 2, 2, 2, 2, 2, 2, 2, 2 ], 12 ], [ [ 2, 2, 2, 2, 2, 2, 2, 2, 2, 2, 2, 2 ], 12 ], [ [ 2, 2, 2, 2, 2, 2, 2, 2, 2, 2, 2, 2 ], 12 ], [ [ 3, 3, 3, 3, 3, 3, 3, 3 ], 32 ], [ [ 3, 3, 3, 3, 6, 6 ], 32 ], [ [ 4, 4, 8, 8 ], 24 ], [ [ 4, 4, 8, 8 ], 24 ], [ [ 6, 6, 6, 6 ], 32 ], [ [ 6, 6, 6, 6 ], 32 ], [ [ 4, 4, 8, 8 ], 24 ], [ [ 4, 4, 8, 8 ], 24 ], [ [ 2, 2, 2, 2, 4, 4, 4, 4 ], 12 ], [ [ 2, 2, 2, 2, 4, 4, 4, 4 ], 6 ], [ [ 2, 2, 2, 2, 4, 4, 4, 4 ], 6 ], [ [ 2, 2, 2, 2, 2, 2, 2, 2, 2, 2, 2, 2 ], 1 ] ]
1214|384|[ 384, 17949 ]|[ [ [ 1, 1, 1, 1, 1, 1, 1, 1, 1, 1, 1, 1, 1, 1, 1, 1, 1, 1, 1, 1, 1, 1, 1, 1 ], 1 ], [ [ 1, 1, 1, 1, 1, 1, 1, 1, 1, 1, 1, 1, 2, 2, 2, 2, 2, 2 ], 4 ], [ [ 1, 1, 1, 1, 1, 1, 1, 1, 2, 2, 2, 2, 2, 2, 2, 2 ], 3 ], [ [ 1, 1, 1, 1, 2, 2, 2, 2, 2, 2, 2, 2, 2, 2 ], 12 ], [ [ 1, 1, 1, 1, 2, 2, 2, 2, 2, 2, 2, 2, 2, 2 ], 12 ], [ [ 1, 1, 1, 1, 1, 1, 1, 1, 4, 4, 4, 4 ], 6 ], [ [ 1, 1, 1, 1, 2, 2, 2, 2, 2, 2, 2, 2, 2, 2 ], 12 ], [ [ 1, 1, 1, 1, 2, 2, 4, 4, 4, 4 ], 12 ], [ [ 1, 1, 1, 1, 2, 2, 2, 2, 2, 2, 2, 2, 2, 2 ], 12 ], [ [ 2, 2, 2, 2, 2, 2, 2, 2, 2, 2, 2, 2 ], 3 ], [ [ 2, 2, 2, 2, 2, 2, 2, 2, 2, 2, 2, 2 ], 4 ], [ [ 2, 2, 2, 2, 4, 4, 4, 4 ], 12 ], [ [ 2, 2, 2, 2, 4, 4, 4, 4 ], 6 ], [ [ 2, 2, 2, 2, 2, 2, 2, 2, 2, 2, 2, 2 ], 12 ], [ [ 2, 2, 2, 2, 4, 4, 4, 4 ], 12 ], [ [ 3, 3, 3, 3, 3, 3, 3, 3 ], 32 ], [ [ 3, 3, 3, 3, 6, 6 ], 32 ], [ [ 4, 4, 8, 8 ], 24 ], [ [ 4, 4, 8, 8 ], 24 ], [ [ 6, 6, 6, 6 ], 32 ], [ [ 6, 6, 6, 6 ], 32 ], [ [ 2, 2, 2, 2, 4, 4, 4, 4 ], 12 ], [ [ 2, 2, 2, 2, 2, 2, 2, 2, 2, 2, 2, 2 ], 12 ], [ [ 4, 4, 8, 8 ], 24 ], [ [ 4, 4, 8, 8 ], 24 ], [ [ 2, 2, 2, 2, 4, 4, 4, 4 ], 6 ], [ [ 2, 2, 2, 2, 4, 4, 4, 4 ], 6 ], [ [ 2, 2, 2, 2, 2, 2, 2, 2, 2, 2, 2, 2 ], 1 ] ]
1215|384|[ 384, 5797 ]|[ [ [ 1, 1, 1, 1, 1, 1, 1, 1, 1, 1, 1, 1, 1, 1, 1, 1, 1, 1, 1, 1, 1, 1, 1, 1 ], 1 ], [ [ 1, 1, 1, 1, 1, 1, 1, 1, 1, 1, 1, 1, 1, 1, 1, 1, 4, 4 ], 6 ], [ [ 1, 1, 1, 1, 1, 1, 1, 1, 1, 1, 1, 1, 1, 1, 1, 1, 2, 2, 2, 2 ], 3 ], [ [ 1, 1, 1, 1, 1, 1, 1, 1, 4, 4, 4, 4 ], 6 ], [ [ 1, 1, 1, 1, 1, 1, 1, 1, 2, 2, 2, 2, 4, 4 ], 6 ], [ [ 1, 1, 1, 1, 1, 1, 1, 1, 4, 4, 4, 4 ], 6 ], [ [ 1, 1, 1, 1, 1, 1, 1, 1, 2, 2, 2, 2, 4, 4 ], 6 ], [ [ 1, 1, 1, 1, 1, 1, 1, 1, 2, 2, 2, 2, 2, 2, 2, 2 ], 3 ], [ [ 2, 2, 2, 2, 2, 2, 2, 2, 2, 2, 2, 2 ], 8 ], [ [ 2, 2, 2, 2, 2, 2, 2, 2, 2, 2, 2, 2 ], 24 ], [ [ 2, 2, 2, 2, 2, 2, 2, 2, 2, 2, 2, 2 ], 24 ], [ [ 3, 3, 3, 3, 3, 3, 3, 3 ], 16 ], [ [ 12, 12 ], 32 ], [ [ 6, 6, 6, 6 ], 16 ], [ [ 6, 6, 6, 6 ], 32 ], [ [ 6, 6, 6, 6 ], 32 ], [ [ 3, 3, 3, 3, 3, 3, 3, 3 ], 16 ], [ [ 12, 12 ], 32 ], [ [ 6, 6, 6, 6 ], 16 ], [ [ 6, 6, 6, 6 ], 32 ], [ [ 6, 6, 6, 6 ], 32 ], [ [ 2, 2, 2, 2, 2, 2, 2, 2, 2, 2, 2, 2 ], 8 ], [ [ 4, 4, 4, 4, 4, 4 ], 2 ], [ [ 2, 2, 2, 2, 4, 4, 4, 4 ], 6 ], [ [ 4, 4, 4, 4, 4, 4 ], 6 ], [ [ 2, 2, 2, 2, 2, 2, 2, 2, 4, 4 ], 6 ], [ [ 2, 2, 2, 2, 4, 4, 4, 4 ], 6 ], [ [ 2, 2, 2, 2, 2, 2, 2, 2, 2, 2, 2, 2 ], 1 ] ]
1216|384|[ 384, 5797 ]|[ [ [ 1, 1, 1, 1, 1, 1, 1, 1, 1, 1, 1, 1, 1, 1, 1, 1, 1, 1, 1, 1, 1, 1, 1, 1 ], 1 ], [ [ 1, 1, 1, 1, 1, 1, 1, 1, 1, 1, 1, 1, 2, 2, 2, 2, 2, 2 ], 8 ], [ [ 1, 1, 1, 1, 1, 1, 1, 1, 1, 1, 1, 1, 1, 1, 1, 1, 2, 2, 2, 2 ], 3 ], [ [ 1, 1, 1, 1, 1, 1, 1, 1, 2, 2, 2, 2, 4, 4 ], 6 ], [ [ 1, 1, 1, 1, 2, 2, 2, 2, 2, 2, 2, 2, 2, 2 ], 24 ], [ [ 1, 1, 1, 1, 1, 1, 1, 1, 2, 2, 2, 2, 2, 2, 2, 2 ], 3 ], [ [ 1, 1, 1, 1, 1, 1, 1, 1, 2, 2, 2, 2, 4, 4 ], 6 ], [ [ 2, 2, 2, 2, 2, 2, 2, 2, 4, 4 ], 6 ], [ [ 2, 2, 2, 2, 4, 4, 4, 4 ], 6 ], [ [ 2, 2, 2, 2, 2, 2, 2, 2, 2, 2, 2, 2 ], 24 ], [ [ 2, 2, 2, 2, 4, 4, 4, 4 ], 6 ], [ [ 6, 6, 6, 6 ], 16 ], [ [ 3, 3, 3, 3, 6, 6 ], 32 ], [ [ 3, 3, 3, 3, 3, 3, 3, 3 ], 16 ], [ [ 12, 12 ], 32 ], [ [ 6, 6, 6, 6 ], 32 ], [ [ 12, 12 ], 32 ], [ [ 6, 6, 6, 6 ], 32 ], [ [ 3, 3, 3, 3, 3, 3, 3, 3 ], 16 ], [ [ 3, 3, 3, 3, 6, 6 ], 32 ], [ [ 6, 6, 6, 6 ], 16 ], [ [ 2, 2, 2, 2, 2, 2, 2, 2, 4, 4 ], 6 ], [ [ 2, 2, 2, 2, 4, 4, 4, 4 ], 6 ], [ [ 2, 2, 2, 2, 4, 4, 4, 4 ], 6 ], [ [ 2, 2, 2, 2, 2, 2, 2, 2, 2, 2, 2, 2 ], 8 ], [ [ 4, 4, 4, 4, 4, 4 ], 2 ], [ [ 4, 4, 4, 4, 4, 4 ], 6 ], [ [ 2, 2, 2, 2, 2, 2, 2, 2, 2, 2, 2, 2 ], 1 ] ]
1217|384|[ 384, 5797 ]|[ [ [ 1, 1, 1, 1, 1, 1, 1, 1, 1, 1, 1, 1, 1, 1, 1, 1, 1, 1, 1, 1, 1, 1, 1, 1 ], 1 ], [ [ 1, 1, 1, 1, 1, 1, 1, 1, 1, 1, 1, 1, 1, 1, 1, 1, 2, 2, 2, 2 ], 3 ], [ [ 1, 1, 1, 1, 1, 1, 1, 1, 2, 2, 2, 2, 4, 4 ], 6 ], [ [ 1, 1, 1, 1, 2, 2, 2, 2, 2, 2, 2, 2, 2, 2 ], 24 ], [ [ 1, 1, 1, 1, 2, 2, 2, 2, 2, 2, 2, 2, 2, 2 ], 24 ], [ [ 1, 1, 1, 1, 1, 1, 1, 1, 2, 2, 2, 2, 2, 2, 2, 2 ], 3 ], [ [ 1, 1, 1, 1, 1, 1, 1, 1, 2, 2, 2, 2, 4, 4 ], 6 ], [ [ 2, 2, 2, 2, 2, 2, 2, 2, 2, 2, 2, 2 ], 8 ], [ [ 2, 2, 2, 2, 2, 2, 2, 2, 4, 4 ], 6 ], [ [ 2, 2, 2, 2, 4, 4, 4, 4 ], 6 ], [ [ 2, 2, 2, 2, 4, 4, 4, 4 ], 6 ], [ [ 6, 6, 6, 6 ], 32 ], [ [ 6, 6, 6, 6 ], 32 ], [ [ 6, 6, 6, 6 ], 16 ], [ [ 3, 3, 3, 3, 3, 3, 3, 3 ], 16 ], [ [ 12, 12 ], 32 ], [ [ 12, 12 ], 32 ], [ [ 3, 3, 3, 3, 3, 3, 3, 3 ], 16 ], [ [ 6, 6, 6, 6 ], 16 ], [ [ 6, 6, 6, 6 ], 32 ], [ [ 6, 6, 6, 6 ], 32 ], [ [ 2, 2, 2, 2, 2, 2, 2, 2, 2, 2, 2, 2 ], 8 ], [ [ 2, 2, 2, 2, 2, 2, 2, 2, 4, 4 ], 6 ], [ [ 2, 2, 2, 2, 4, 4, 4, 4 ], 6 ], [ [ 2, 2, 2, 2, 4, 4, 4, 4 ], 6 ], [ [ 4, 4, 4, 4, 4, 4 ], 2 ], [ [ 4, 4, 4, 4, 4, 4 ], 6 ], [ [ 2, 2, 2, 2, 2, 2, 2, 2, 2, 2, 2, 2 ], 1 ] ]
1218|384|[ 384, 5797 ]|[ [ [ 1, 1, 1, 1, 1, 1, 1, 1, 1, 1, 1, 1, 1, 1, 1, 1, 1, 1, 1, 1, 1, 1, 1, 1 ], 1 ], [ [ 1, 1, 1, 1, 1, 1, 1, 1, 1, 1, 1, 1, 2, 2, 2, 2, 2, 2 ], 8 ], [ [ 1, 1, 1, 1, 1, 1, 1, 1, 1, 1, 1, 1, 1, 1, 1, 1, 2, 2, 2, 2 ], 3 ], [ [ 1, 1, 1, 1, 1, 1, 1, 1, 4, 4, 4, 4 ], 6 ], [ [ 1, 1, 1, 1, 2, 2, 2, 2, 2, 2, 2, 2, 2, 2 ], 24 ], [ [ 1, 1, 1, 1, 1, 1, 1, 1, 4, 4, 4, 4 ], 6 ], [ [ 1, 1, 1, 1, 1, 1, 1, 1, 2, 2, 2, 2, 2, 2, 2, 2 ], 3 ], [ [ 2, 2, 2, 2, 2, 2, 2, 2, 4, 4 ], 6 ], [ [ 2, 2, 2, 2, 2, 2, 2, 2, 2, 2, 2, 2 ], 24 ], [ [ 2, 2, 2, 2, 2, 2, 2, 2, 4, 4 ], 6 ], [ [ 2, 2, 2, 2, 2, 2, 2, 2, 4, 4 ], 6 ], [ [ 12, 12 ], 32 ], [ [ 6, 6, 6, 6 ], 32 ], [ [ 3, 3, 3, 3, 3, 3, 3, 3 ], 16 ], [ [ 3, 3, 3, 3, 6, 6 ], 32 ], [ [ 6, 6, 6, 6 ], 16 ], [ [ 12, 12 ], 32 ], [ [ 6, 6, 6, 6 ], 32 ], [ [ 3, 3, 3, 3, 3, 3, 3, 3 ], 16 ], [ [ 3, 3, 3, 3, 6, 6 ], 32 ], [ [ 6, 6, 6, 6 ], 16 ], [ [ 2, 2, 2, 2, 2, 2, 2, 2, 2, 2, 2, 2 ], 8 ], [ [ 4, 4, 4, 4, 4, 4 ], 2 ], [ [ 4, 4, 4, 4, 4, 4 ], 6 ], [ [ 2, 2, 2, 2, 2, 2, 2, 2, 4, 4 ], 6 ], [ [ 2, 2, 2, 2, 4, 4, 4, 4 ], 6 ], [ [ 2, 2, 2, 2, 4, 4, 4, 4 ], 6 ], [ [ 2, 2, 2, 2, 2, 2, 2, 2, 2, 2, 2, 2 ], 1 ] ]
1219|384|[ 384, 5797 ]|[ [ [ 1, 1, 1, 1, 1, 1, 1, 1, 1, 1, 1, 1, 1, 1, 1, 1, 1, 1, 1, 1, 1, 1, 1, 1 ], 1 ], [ [ 1, 1, 1, 1, 1, 1, 1, 1, 2, 2, 2, 2, 2, 2, 2, 2 ], 24 ], [ [ 1, 1, 1, 1, 1, 1, 1, 1, 1, 1, 1, 1, 1, 1, 1, 1, 2, 2, 2, 2 ], 3 ], [ [ 1, 1, 1, 1, 1, 1, 1, 1, 4, 4, 4, 4 ], 6 ], [ [ 1, 1, 1, 1, 1, 1, 1, 1, 4, 4, 4, 4 ], 6 ], [ [ 1, 1, 1, 1, 1, 1, 1, 1, 2, 2, 2, 2, 2, 2, 2, 2 ], 3 ], [ [ 2, 2, 2, 2, 2, 2, 2, 2, 2, 2, 2, 2 ], 8 ], [ [ 2, 2, 2, 2, 2, 2, 2, 2, 4, 4 ], 6 ], [ [ 2, 2, 2, 2, 2, 2, 2, 2, 2, 2, 2, 2 ], 24 ], [ [ 2, 2, 2, 2, 2, 2, 2, 2, 4, 4 ], 6 ], [ [ 2, 2, 2, 2, 2, 2, 2, 2, 4, 4 ], 6 ], [ [ 6, 6, 6, 6 ], 32 ], [ [ 12, 12 ], 32 ], [ [ 3, 3, 3, 3, 3, 3, 3, 3 ], 16 ], [ [ 6, 6, 6, 6 ], 32 ], [ [ 6, 6, 6, 6 ], 16 ], [ [ 6, 6, 6, 6 ], 32 ], [ [ 12, 12 ], 32 ], [ [ 3, 3, 3, 3, 3, 3, 3, 3 ], 16 ], [ [ 6, 6, 6, 6 ], 32 ], [ [ 6, 6, 6, 6 ], 16 ], [ [ 4, 4, 4, 4, 4, 4 ], 2 ], [ [ 4, 4, 4, 4, 4, 4 ], 6 ], [ [ 2, 2, 2, 2, 2, 2, 2, 2, 4, 4 ], 6 ], [ [ 2, 2, 2, 2, 2, 2, 2, 2, 2, 2, 2, 2 ], 8 ], [ [ 2, 2, 2, 2, 4, 4, 4, 4 ], 6 ], [ [ 2, 2, 2, 2, 4, 4, 4, 4 ], 6 ], [ [ 2, 2, 2, 2, 2, 2, 2, 2, 2, 2, 2, 2 ], 1 ] ]
1220|384|[ 384, 5790 ]|[ [ [ 1, 1, 1, 1, 1, 1, 1, 1, 1, 1, 1, 1, 1, 1, 1, 1, 1, 1, 1, 1, 1, 1, 1, 1 ], 1 ], [ [ 1, 1, 1, 1, 1, 1, 1, 1, 1, 1, 1, 1, 2, 2, 2, 2, 2, 2 ], 8 ], [ [ 1, 1, 1, 1, 1, 1, 1, 1, 1, 1, 1, 1, 1, 1, 1, 1, 2, 2, 2, 2 ], 3 ], [ [ 1, 1, 1, 1, 1, 1, 1, 1, 2, 2, 2, 2, 2, 2, 2, 2 ], 6 ], [ [ 1, 1, 1, 1, 2, 2, 2, 2, 2, 2, 4, 4 ], 24 ], [ [ 1, 1, 1, 1, 1, 1, 1, 1, 2, 2, 2, 2, 2, 2, 2, 2 ], 3 ], [ [ 1, 1, 1, 1, 1, 1, 1, 1, 2, 2, 2, 2, 2, 2, 2, 2 ], 6 ], [ [ 2, 2, 2, 2, 2, 2, 2, 2, 2, 2, 2, 2 ], 6 ], [ [ 2, 2, 2, 2, 2, 2, 2, 2, 2, 2, 2, 2 ], 6 ], [ [ 2, 2, 2, 2, 4, 4, 4, 4 ], 24 ], [ [ 2, 2, 2, 2, 2, 2, 2, 2, 2, 2, 2, 2 ], 6 ], [ [ 3, 3, 3, 3, 6, 6 ], 32 ], [ [ 3, 3, 3, 3, 3, 3, 3, 3 ], 16 ], [ [ 6, 6, 6, 6 ], 16 ], [ [ 12, 12 ], 32 ], [ [ 6, 6, 6, 6 ], 32 ], [ [ 3, 3, 3, 3, 3, 3, 3, 3 ], 16 ], [ [ 3, 3, 3, 3, 6, 6 ], 32 ], [ [ 6, 6, 6, 6 ], 16 ], [ [ 6, 6, 6, 6 ], 32 ], [ [ 12, 12 ], 32 ], [ [ 2, 2, 2, 2, 2, 2, 2, 2, 2, 2, 2, 2 ], 6 ], [ [ 2, 2, 2, 2, 2, 2, 2, 2, 2, 2, 2, 2 ], 6 ], [ [ 2, 2, 2, 2, 2, 2, 2, 2, 2, 2, 2, 2 ], 6 ], [ [ 2, 2, 2, 2, 2, 2, 2, 2, 2, 2, 2, 2 ], 6 ], [ [ 4, 4, 4, 4, 4, 4 ], 8 ], [ [ 2, 2, 2, 2, 2, 2, 2, 2, 2, 2, 2, 2 ], 2 ], [ [ 2, 2, 2, 2, 2, 2, 2, 2, 2, 2, 2, 2 ], 1 ] ]
1221|384|[ 384, 5790 ]|[ [ [ 1, 1, 1, 1, 1, 1, 1, 1, 1, 1, 1, 1, 1, 1, 1, 1, 1, 1, 1, 1, 1, 1, 1, 1 ], 1 ], [ [ 1, 1, 1, 1, 1, 1, 1, 1, 1, 1, 1, 1, 1, 1, 1, 1, 2, 2, 2, 2 ], 3 ], [ [ 1, 1, 1, 1, 1, 1, 1, 1, 2, 2, 2, 2, 2, 2, 2, 2 ], 6 ], [ [ 1, 1, 1, 1, 2, 2, 4, 4, 4, 4 ], 24 ], [ [ 1, 1, 1, 1, 2, 2, 2, 2, 2, 2, 4, 4 ], 24 ], [ [ 1, 1, 1, 1, 1, 1, 1, 1, 2, 2, 2, 2, 2, 2, 2, 2 ], 3 ], [ [ 1, 1, 1, 1, 1, 1, 1, 1, 2, 2, 2, 2, 2, 2, 2, 2 ], 6 ], [ [ 2, 2, 2, 2, 2, 2, 2, 2, 2, 2, 2, 2 ], 8 ], [ [ 2, 2, 2, 2, 2, 2, 2, 2, 2, 2, 2, 2 ], 6 ], [ [ 2, 2, 2, 2, 2, 2, 2, 2, 2, 2, 2, 2 ], 6 ], [ [ 2, 2, 2, 2, 2, 2, 2, 2, 2, 2, 2, 2 ], 6 ], [ [ 3, 3, 3, 3, 3, 3, 3, 3 ], 16 ], [ [ 6, 6, 6, 6 ], 16 ], [ [ 6, 6, 6, 6 ], 32 ], [ [ 6, 6, 6, 6 ], 32 ], [ [ 12, 12 ], 32 ], [ [ 3, 3, 3, 3, 3, 3, 3, 3 ], 16 ], [ [ 6, 6, 6, 6 ], 16 ], [ [ 6, 6, 6, 6 ], 32 ], [ [ 6, 6, 6, 6 ], 32 ], [ [ 12, 12 ], 32 ], [ [ 4, 4, 4, 4, 4, 4 ], 8 ], [ [ 2, 2, 2, 2, 2, 2, 2, 2, 2, 2, 2, 2 ], 6 ], [ [ 2, 2, 2, 2, 2, 2, 2, 2, 2, 2, 2, 2 ], 6 ], [ [ 2, 2, 2, 2, 2, 2, 2, 2, 2, 2, 2, 2 ], 6 ], [ [ 2, 2, 2, 2, 2, 2, 2, 2, 2, 2, 2, 2 ], 6 ], [ [ 2, 2, 2, 2, 2, 2, 2, 2, 2, 2, 2, 2 ], 2 ], [ [ 2, 2, 2, 2, 2, 2, 2, 2, 2, 2, 2, 2 ], 1 ] ]
1222|384|[ 384, 5790 ]|[ [ [ 1, 1, 1, 1, 1, 1, 1, 1, 1, 1, 1, 1, 1, 1, 1, 1, 1, 1, 1, 1, 1, 1, 1, 1 ], 1 ], [ [ 1, 1, 1, 1, 1, 1, 1, 1, 1, 1, 1, 1, 2, 2, 2, 2, 2, 2 ], 8 ], [ [ 1, 1, 1, 1, 1, 1, 1, 1, 1, 1, 1, 1, 1, 1, 1, 1, 2, 2, 2, 2 ], 3 ], [ [ 1, 1, 1, 1, 1, 1, 1, 1, 2, 2, 2, 2, 2, 2, 2, 2 ], 6 ], [ [ 1, 1, 1, 1, 2, 2, 4, 4, 4, 4 ], 24 ], [ [ 1, 1, 1, 1, 1, 1, 1, 1, 2, 2, 2, 2, 2, 2, 2, 2 ], 6 ], [ [ 1, 1, 1, 1, 1, 1, 1, 1, 2, 2, 2, 2, 2, 2, 2, 2 ], 3 ], [ [ 2, 2, 2, 2, 2, 2, 2, 2, 2, 2, 2, 2 ], 6 ], [ [ 2, 2, 2, 2, 2, 2, 2, 2, 4, 4 ], 24 ], [ [ 2, 2, 2, 2, 2, 2, 2, 2, 2, 2, 2, 2 ], 6 ], [ [ 2, 2, 2, 2, 2, 2, 2, 2, 2, 2, 2, 2 ], 6 ], [ [ 3, 3, 3, 3, 6, 6 ], 32 ], [ [ 3, 3, 3, 3, 3, 3, 3, 3 ], 16 ], [ [ 6, 6, 6, 6 ], 16 ], [ [ 12, 12 ], 32 ], [ [ 6, 6, 6, 6 ], 32 ], [ [ 6, 6, 6, 6 ], 32 ], [ [ 12, 12 ], 32 ], [ [ 3, 3, 3, 3, 3, 3, 3, 3 ], 16 ], [ [ 3, 3, 3, 3, 6, 6 ], 32 ], [ [ 6, 6, 6, 6 ], 16 ], [ [ 2, 2, 2, 2, 2, 2, 2, 2, 2, 2, 2, 2 ], 6 ], [ [ 4, 4, 4, 4, 4, 4 ], 8 ], [ [ 2, 2, 2, 2, 2, 2, 2, 2, 2, 2, 2, 2 ], 6 ], [ [ 2, 2, 2, 2, 2, 2, 2, 2, 2, 2, 2, 2 ], 2 ], [ [ 2, 2, 2, 2, 2, 2, 2, 2, 2, 2, 2, 2 ], 6 ], [ [ 2, 2, 2, 2, 2, 2, 2, 2, 2, 2, 2, 2 ], 6 ], [ [ 2, 2, 2, 2, 2, 2, 2, 2, 2, 2, 2, 2 ], 1 ] ]
1223|384|[ 384, 5790 ]|[ [ [ 1, 1, 1, 1, 1, 1, 1, 1, 1, 1, 1, 1, 1, 1, 1, 1, 1, 1, 1, 1, 1, 1, 1, 1 ], 1 ], [ [ 1, 1, 1, 1, 1, 1, 1, 1, 2, 2, 2, 2, 4, 4 ], 24 ], [ [ 1, 1, 1, 1, 1, 1, 1, 1, 1, 1, 1, 1, 1, 1, 1, 1, 2, 2, 2, 2 ], 3 ], [ [ 1, 1, 1, 1, 1, 1, 1, 1, 2, 2, 2, 2, 2, 2, 2, 2 ], 6 ], [ [ 1, 1, 1, 1, 1, 1, 1, 1, 2, 2, 2, 2, 2, 2, 2, 2 ], 6 ], [ [ 1, 1, 1, 1, 1, 1, 1, 1, 2, 2, 2, 2, 2, 2, 2, 2 ], 3 ], [ [ 2, 2, 2, 2, 2, 2, 2, 2, 2, 2, 2, 2 ], 8 ], [ [ 2, 2, 2, 2, 2, 2, 2, 2, 2, 2, 2, 2 ], 6 ], [ [ 2, 2, 2, 2, 4, 4, 4, 4 ], 24 ], [ [ 2, 2, 2, 2, 2, 2, 2, 2, 2, 2, 2, 2 ], 6 ], [ [ 2, 2, 2, 2, 2, 2, 2, 2, 2, 2, 2, 2 ], 6 ], [ [ 3, 3, 3, 3, 3, 3, 3, 3 ], 16 ], [ [ 12, 12 ], 32 ], [ [ 6, 6, 6, 6 ], 16 ], [ [ 6, 6, 6, 6 ], 32 ], [ [ 6, 6, 6, 6 ], 32 ], [ [ 6, 6, 6, 6 ], 32 ], [ [ 6, 6, 6, 6 ], 32 ], [ [ 3, 3, 3, 3, 3, 3, 3, 3 ], 16 ], [ [ 12, 12 ], 32 ], [ [ 6, 6, 6, 6 ], 16 ], [ [ 2, 2, 2, 2, 2, 2, 2, 2, 2, 2, 2, 2 ], 6 ], [ [ 2, 2, 2, 2, 2, 2, 2, 2, 2, 2, 2, 2 ], 6 ], [ [ 2, 2, 2, 2, 2, 2, 2, 2, 2, 2, 2, 2 ], 2 ], [ [ 4, 4, 4, 4, 4, 4 ], 8 ], [ [ 2, 2, 2, 2, 2, 2, 2, 2, 2, 2, 2, 2 ], 6 ], [ [ 2, 2, 2, 2, 2, 2, 2, 2, 2, 2, 2, 2 ], 6 ], [ [ 2, 2, 2, 2, 2, 2, 2, 2, 2, 2, 2, 2 ], 1 ] ]
1224|384|[ 384, 5775 ]|[ [ [ 1, 1, 1, 1, 1, 1, 1, 1, 1, 1, 1, 1, 1, 1, 1, 1, 1, 1, 1, 1, 1, 1, 1, 1 ], 1 ], [ [ 1, 1, 1, 1, 1, 1, 1, 1, 1, 1, 1, 1, 2, 2, 2, 2, 2, 2 ], 8 ], [ [ 1, 1, 1, 1, 1, 1, 1, 1, 1, 1, 1, 1, 1, 1, 1, 1, 2, 2, 2, 2 ], 3 ], [ [ 1, 1, 1, 1, 1, 1, 1, 1, 2, 2, 2, 2, 2, 2, 2, 2 ], 3 ], [ [ 1, 1, 1, 1, 1, 1, 1, 1, 2, 2, 2, 2, 4, 4 ], 12 ], [ [ 1, 1, 1, 1, 2, 2, 2, 2, 2, 2, 4, 4 ], 24 ], [ [ 2, 2, 2, 2, 2, 2, 2, 2, 4, 4 ], 12 ], [ [ 2, 2, 2, 2, 2, 2, 2, 2, 2, 2, 2, 2 ], 12 ], [ [ 2, 2, 2, 2, 2, 2, 2, 2, 2, 2, 2, 2 ], 12 ], [ [ 2, 2, 2, 2, 2, 2, 2, 2, 4, 4 ], 12 ], [ [ 12, 12 ], 32 ], [ [ 6, 6, 6, 6 ], 32 ], [ [ 3, 3, 3, 3, 6, 6 ], 32 ], [ [ 3, 3, 3, 3, 3, 3, 3, 3 ], 16 ], [ [ 6, 6, 6, 6 ], 16 ], [ [ 6, 6, 6, 6 ], 32 ], [ [ 12, 12 ], 32 ], [ [ 3, 3, 3, 3, 3, 3, 3, 3 ], 16 ], [ [ 3, 3, 3, 3, 6, 6 ], 32 ], [ [ 6, 6, 6, 6 ], 16 ], [ [ 2, 2, 2, 2, 2, 2, 2, 2, 2, 2, 2, 2 ], 8 ], [ [ 4, 4, 4, 4, 4, 4 ], 8 ], [ [ 2, 2, 2, 2, 2, 2, 2, 2, 4, 4 ], 12 ], [ [ 2, 2, 2, 2, 2, 2, 2, 2, 2, 2, 2, 2 ], 1 ] ]
1225|384|[ 384, 5775 ]|[ [ [ 1, 1, 1, 1, 1, 1, 1, 1, 1, 1, 1, 1, 1, 1, 1, 1, 1, 1, 1, 1, 1, 1, 1, 1 ], 1 ], [ [ 1, 1, 1, 1, 1, 1, 1, 1, 1, 1, 1, 1, 2, 2, 2, 2, 2, 2 ], 8 ], [ [ 1, 1, 1, 1, 1, 1, 1, 1, 1, 1, 1, 1, 1, 1, 1, 1, 2, 2, 2, 2 ], 3 ], [ [ 1, 1, 1, 1, 1, 1, 1, 1, 2, 2, 2, 2, 4, 4 ], 12 ], [ [ 1, 1, 1, 1, 2, 2, 2, 2, 2, 2, 2, 2, 2, 2 ], 12 ], [ [ 1, 1, 1, 1, 1, 1, 1, 1, 2, 2, 2, 2, 2, 2, 2, 2 ], 3 ], [ [ 1, 1, 1, 1, 2, 2, 2, 2, 2, 2, 2, 2, 2, 2 ], 12 ], [ [ 2, 2, 2, 2, 2, 2, 2, 2, 4, 4 ], 12 ], [ [ 2, 2, 2, 2, 2, 2, 2, 2, 4, 4 ], 12 ], [ [ 2, 2, 2, 2, 2, 2, 2, 2, 4, 4 ], 24 ], [ [ 3, 3, 3, 3, 6, 6 ], 32 ], [ [ 3, 3, 3, 3, 3, 3, 3, 3 ], 16 ], [ [ 6, 6, 6, 6 ], 16 ], [ [ 12, 12 ], 32 ], [ [ 6, 6, 6, 6 ], 32 ], [ [ 3, 3, 3, 3, 3, 3, 3, 3 ], 16 ], [ [ 3, 3, 3, 3, 6, 6 ], 32 ], [ [ 6, 6, 6, 6 ], 16 ], [ [ 6, 6, 6, 6 ], 32 ], [ [ 12, 12 ], 32 ], [ [ 2, 2, 2, 2, 2, 2, 2, 2, 4, 4 ], 12 ], [ [ 2, 2, 2, 2, 2, 2, 2, 2, 2, 2, 2, 2 ], 8 ], [ [ 4, 4, 4, 4, 4, 4 ], 8 ], [ [ 2, 2, 2, 2, 2, 2, 2, 2, 2, 2, 2, 2 ], 1 ] ]
1226|384|[ 384, 5775 ]|[ [ [ 1, 1, 1, 1, 1, 1, 1, 1, 1, 1, 1, 1, 1, 1, 1, 1, 1, 1, 1, 1, 1, 1, 1, 1 ], 1 ], [ [ 1, 1, 1, 1, 1, 1, 1, 1, 1, 1, 1, 1, 2, 2, 2, 2, 2, 2 ], 8 ], [ [ 1, 1, 1, 1, 1, 1, 1, 1, 1, 1, 1, 1, 1, 1, 1, 1, 2, 2, 2, 2 ], 3 ], [ [ 1, 1, 1, 1, 1, 1, 1, 1, 2, 2, 2, 2, 2, 2, 2, 2 ], 3 ], [ [ 1, 1, 1, 1, 1, 1, 1, 1, 2, 2, 2, 2, 2, 2, 2, 2 ], 12 ], [ [ 1, 1, 1, 1, 2, 2, 2, 2, 2, 2, 4, 4 ], 12 ], [ [ 1, 1, 1, 1, 2, 2, 2, 2, 2, 2, 4, 4 ], 12 ], [ [ 2, 2, 2, 2, 2, 2, 2, 2, 2, 2, 2, 2 ], 12 ], [ [ 2, 2, 2, 2, 2, 2, 2, 2, 4, 4 ], 12 ], [ [ 2, 2, 2, 2, 2, 2, 2, 2, 4, 4 ], 24 ], [ [ 12, 12 ], 32 ], [ [ 6, 6, 6, 6 ], 32 ], [ [ 6, 6, 6, 6 ], 16 ], [ [ 3, 3, 3, 3, 6, 6 ], 32 ], [ [ 3, 3, 3, 3, 3, 3, 3, 3 ], 16 ], [ [ 3, 3, 3, 3, 3, 3, 3, 3 ], 16 ], [ [ 3, 3, 3, 3, 6, 6 ], 32 ], [ [ 6, 6, 6, 6 ], 16 ], [ [ 12, 12 ], 32 ], [ [ 6, 6, 6, 6 ], 32 ], [ [ 2, 2, 2, 2, 2, 2, 2, 2, 4, 4 ], 12 ], [ [ 2, 2, 2, 2, 2, 2, 2, 2, 2, 2, 2, 2 ], 8 ], [ [ 4, 4, 4, 4, 4, 4 ], 8 ], [ [ 2, 2, 2, 2, 2, 2, 2, 2, 2, 2, 2, 2 ], 1 ] ]
1227|384|[ 384, 5775 ]|[ [ [ 1, 1, 1, 1, 1, 1, 1, 1, 1, 1, 1, 1, 1, 1, 1, 1, 1, 1, 1, 1, 1, 1, 1, 1 ], 1 ], [ [ 1, 1, 1, 1, 1, 1, 1, 1, 1, 1, 1, 1, 1, 1, 1, 1, 2, 2, 2, 2 ], 3 ], [ [ 1, 1, 1, 1, 1, 1, 1, 1, 1, 1, 1, 1, 2, 2, 4, 4 ], 12 ], [ [ 1, 1, 1, 1, 1, 1, 1, 1, 2, 2, 2, 2, 2, 2, 2, 2 ], 3 ], [ [ 1, 1, 1, 1, 2, 2, 2, 2, 2, 2, 4, 4 ], 12 ], [ [ 1, 1, 1, 1, 2, 2, 2, 2, 2, 2, 4, 4 ], 24 ], [ [ 2, 2, 2, 2, 2, 2, 2, 2, 2, 2, 2, 2 ], 8 ], [ [ 2, 2, 2, 2, 2, 2, 2, 2, 2, 2, 2, 2 ], 12 ], [ [ 2, 2, 2, 2, 2, 2, 2, 2, 2, 2, 2, 2 ], 12 ], [ [ 2, 2, 2, 2, 2, 2, 2, 2, 4, 4 ], 12 ], [ [ 6, 6, 6, 6 ], 32 ], [ [ 12, 12 ], 32 ], [ [ 3, 3, 3, 3, 3, 3, 3, 3 ], 16 ], [ [ 6, 6, 6, 6 ], 32 ], [ [ 6, 6, 6, 6 ], 16 ], [ [ 6, 6, 6, 6 ], 32 ], [ [ 12, 12 ], 32 ], [ [ 3, 3, 3, 3, 3, 3, 3, 3 ], 16 ], [ [ 6, 6, 6, 6 ], 16 ], [ [ 6, 6, 6, 6 ], 32 ], [ [ 2, 2, 2, 2, 2, 2, 2, 2, 4, 4 ], 12 ], [ [ 4, 4, 4, 4, 4, 4 ], 8 ], [ [ 2, 2, 2, 2, 2, 2, 2, 2, 2, 2, 2, 2 ], 8 ], [ [ 2, 2, 2, 2, 2, 2, 2, 2, 2, 2, 2, 2 ], 1 ] ]
1228|384|[ 384, 5775 ]|[ [ [ 1, 1, 1, 1, 1, 1, 1, 1, 1, 1, 1, 1, 1, 1, 1, 1, 1, 1, 1, 1, 1, 1, 1, 1 ], 1 ], [ [ 1, 1, 1, 1, 1, 1, 1, 1, 1, 1, 1, 1, 1, 1, 1, 1, 2, 2, 2, 2 ], 3 ], [ [ 1, 1, 1, 1, 1, 1, 1, 1, 1, 1, 1, 1, 2, 2, 2, 2, 2, 2 ], 12 ], [ [ 1, 1, 1, 1, 1, 1, 1, 1, 2, 2, 2, 2, 2, 2, 2, 2 ], 3 ], [ [ 1, 1, 1, 1, 2, 2, 2, 2, 2, 2, 2, 2, 2, 2 ], 12 ], [ [ 1, 1, 1, 1, 2, 2, 2, 2, 2, 2, 4, 4 ], 24 ], [ [ 2, 2, 2, 2, 2, 2, 2, 2, 2, 2, 2, 2 ], 8 ], [ [ 2, 2, 2, 2, 2, 2, 2, 2, 4, 4 ], 12 ], [ [ 2, 2, 2, 2, 2, 2, 2, 2, 4, 4 ], 12 ], [ [ 2, 2, 2, 2, 2, 2, 2, 2, 4, 4 ], 12 ], [ [ 3, 3, 3, 3, 3, 3, 3, 3 ], 16 ], [ [ 12, 12 ], 32 ], [ [ 6, 6, 6, 6 ], 16 ], [ [ 6, 6, 6, 6 ], 32 ], [ [ 6, 6, 6, 6 ], 32 ], [ [ 6, 6, 6, 6 ], 32 ], [ [ 6, 6, 6, 6 ], 32 ], [ [ 3, 3, 3, 3, 3, 3, 3, 3 ], 16 ], [ [ 6, 6, 6, 6 ], 16 ], [ [ 12, 12 ], 32 ], [ [ 2, 2, 2, 2, 2, 2, 2, 2, 4, 4 ], 12 ], [ [ 2, 2, 2, 2, 2, 2, 2, 2, 2, 2, 2, 2 ], 8 ], [ [ 4, 4, 4, 4, 4, 4 ], 8 ], [ [ 2, 2, 2, 2, 2, 2, 2, 2, 2, 2, 2, 2 ], 1 ] ]
1229|384|[ 384, 5775 ]|[ [ [ 1, 1, 1, 1, 1, 1, 1, 1, 1, 1, 1, 1, 1, 1, 1, 1, 1, 1, 1, 1, 1, 1, 1, 1 ], 1 ], [ [ 1, 1, 1, 1, 1, 1, 1, 1, 1, 1, 1, 1, 1, 1, 1, 1, 2, 2, 2, 2 ], 3 ], [ [ 1, 1, 1, 1, 1, 1, 1, 1, 2, 2, 2, 2, 4, 4 ], 12 ], [ [ 1, 1, 1, 1, 1, 1, 1, 1, 2, 2, 2, 2, 2, 2, 2, 2 ], 3 ], [ [ 1, 1, 1, 1, 1, 1, 1, 1, 2, 2, 2, 2, 2, 2, 2, 2 ], 12 ], [ [ 1, 1, 1, 1, 1, 1, 1, 1, 2, 2, 2, 2, 4, 4 ], 12 ], [ [ 2, 2, 2, 2, 2, 2, 2, 2, 2, 2, 2, 2 ], 8 ], [ [ 2, 2, 2, 2, 2, 2, 2, 2, 2, 2, 2, 2 ], 12 ], [ [ 2, 2, 2, 2, 2, 2, 2, 2, 4, 4 ], 24 ], [ [ 2, 2, 2, 2, 2, 2, 2, 2, 4, 4 ], 12 ], [ [ 6, 6, 6, 6 ], 32 ], [ [ 12, 12 ], 32 ], [ [ 6, 6, 6, 6 ], 32 ], [ [ 6, 6, 6, 6 ], 16 ], [ [ 3, 3, 3, 3, 3, 3, 3, 3 ], 16 ], [ [ 6, 6, 6, 6 ], 32 ], [ [ 3, 3, 3, 3, 3, 3, 3, 3 ], 16 ], [ [ 6, 6, 6, 6 ], 16 ], [ [ 6, 6, 6, 6 ], 32 ], [ [ 12, 12 ], 32 ], [ [ 2, 2, 2, 2, 2, 2, 2, 2, 4, 4 ], 12 ], [ [ 2, 2, 2, 2, 2, 2, 2, 2, 2, 2, 2, 2 ], 8 ], [ [ 4, 4, 4, 4, 4, 4 ], 8 ], [ [ 2, 2, 2, 2, 2, 2, 2, 2, 2, 2, 2, 2 ], 1 ] ]
1230|384|[ 384, 5775 ]|[ [ [ 1, 1, 1, 1, 1, 1, 1, 1, 1, 1, 1, 1, 1, 1, 1, 1, 1, 1, 1, 1, 1, 1, 1, 1 ], 1 ], [ [ 1, 1, 1, 1, 1, 1, 1, 1, 1, 1, 1, 1, 1, 1, 1, 1, 2, 2, 2, 2 ], 3 ], [ [ 1, 1, 1, 1, 2, 2, 2, 2, 2, 2, 2, 2, 2, 2 ], 12 ], [ [ 1, 1, 1, 1, 2, 2, 2, 2, 2, 2, 2, 2, 2, 2 ], 12 ], [ [ 1, 1, 1, 1, 1, 1, 1, 1, 2, 2, 2, 2, 2, 2, 2, 2 ], 3 ], [ [ 1, 1, 1, 1, 2, 2, 2, 2, 2, 2, 4, 4 ], 12 ], [ [ 1, 1, 1, 1, 2, 2, 2, 2, 2, 2, 4, 4 ], 12 ], [ [ 1, 1, 1, 1, 1, 1, 1, 1, 2, 2, 2, 2, 4, 4 ], 12 ], [ [ 2, 2, 2, 2, 2, 2, 2, 2, 2, 2, 2, 2 ], 8 ], [ [ 2, 2, 2, 2, 2, 2, 2, 2, 4, 4 ], 24 ], [ [ 3, 3, 3, 3, 3, 3, 3, 3 ], 16 ], [ [ 6, 6, 6, 6 ], 16 ], [ [ 12, 12 ], 32 ], [ [ 6, 6, 6, 6 ], 32 ], [ [ 6, 6, 6, 6 ], 32 ], [ [ 3, 3, 3, 3, 3, 3, 3, 3 ], 16 ], [ [ 6, 6, 6, 6 ], 16 ], [ [ 12, 12 ], 32 ], [ [ 6, 6, 6, 6 ], 32 ], [ [ 6, 6, 6, 6 ], 32 ], [ [ 2, 2, 2, 2, 2, 2, 2, 2, 4, 4 ], 12 ], [ [ 4, 4, 4, 4, 4, 4 ], 8 ], [ [ 2, 2, 2, 2, 2, 2, 2, 2, 2, 2, 2, 2 ], 8 ], [ [ 2, 2, 2, 2, 2, 2, 2, 2, 2, 2, 2, 2 ], 1 ] ]
1231|384|[ 384, 5863 ]|[ [ [ 1, 1, 1, 1, 1, 1, 1, 1, 1, 1, 1, 1, 1, 1, 1, 1, 1, 1, 1, 1, 1, 1, 1, 1 ], 1 ], [ [ 1, 1, 1, 1, 1, 1, 1, 1, 1, 1, 1, 1, 1, 1, 1, 1, 2, 2, 2, 2 ], 12 ], [ [ 1, 1, 1, 1, 1, 1, 1, 1, 1, 1, 1, 1, 1, 1, 1, 1, 2, 2, 2, 2 ], 3 ], [ [ 1, 1, 1, 1, 1, 1, 1, 1, 2, 2, 2, 2, 2, 2, 2, 2 ], 12 ], [ [ 1, 1, 1, 1, 1, 1, 1, 1, 2, 2, 2, 2, 2, 2, 2, 2 ], 3 ], [ [ 2, 2, 2, 2, 2, 2, 2, 2, 2, 2, 2, 2 ], 12 ], [ [ 2, 2, 2, 2, 4, 4, 4, 4 ], 12 ], [ [ 2, 2, 2, 2, 2, 2, 2, 2, 4, 4 ], 24 ], [ [ 2, 2, 2, 2, 2, 2, 2, 2, 4, 4 ], 24 ], [ [ 3, 3, 3, 3, 3, 3, 3, 3 ], 64 ], [ [ 6, 6, 6, 6 ], 64 ], [ [ 3, 3, 3, 3, 3, 3, 3, 3 ], 64 ], [ [ 6, 6, 6, 6 ], 64 ], [ [ 2, 2, 2, 2, 2, 2, 2, 2, 2, 2, 2, 2 ], 12 ], [ [ 2, 2, 2, 2, 4, 4, 4, 4 ], 12 ], [ [ 2, 2, 2, 2, 2, 2, 2, 2, 2, 2, 2, 2 ], 1 ] ]
1232|384|[ 384, 5863 ]|[ [ [ 1, 1, 1, 1, 1, 1, 1, 1, 1, 1, 1, 1, 1, 1, 1, 1, 1, 1, 1, 1, 1, 1, 1, 1 ], 1 ], [ [ 1, 1, 1, 1, 1, 1, 1, 1, 1, 1, 1, 1, 1, 1, 1, 1, 2, 2, 2, 2 ], 3 ], [ [ 1, 1, 1, 1, 2, 2, 2, 2, 2, 2, 2, 2, 2, 2 ], 12 ], [ [ 1, 1, 1, 1, 2, 2, 2, 2, 2, 2, 2, 2, 2, 2 ], 12 ], [ [ 1, 1, 1, 1, 1, 1, 1, 1, 2, 2, 2, 2, 2, 2, 2, 2 ], 3 ], [ [ 1, 1, 1, 1, 1, 1, 1, 1, 2, 2, 2, 2, 2, 2, 2, 2 ], 12 ], [ [ 1, 1, 1, 1, 2, 2, 2, 2, 2, 2, 4, 4 ], 24 ], [ [ 2, 2, 2, 2, 2, 2, 2, 2, 4, 4 ], 24 ], [ [ 2, 2, 2, 2, 4, 4, 4, 4 ], 12 ], [ [ 3, 3, 3, 3, 3, 3, 3, 3 ], 64 ], [ [ 6, 6, 6, 6 ], 64 ], [ [ 3, 3, 3, 3, 3, 3, 3, 3 ], 64 ], [ [ 6, 6, 6, 6 ], 64 ], [ [ 2, 2, 2, 2, 4, 4, 4, 4 ], 12 ], [ [ 2, 2, 2, 2, 2, 2, 2, 2, 2, 2, 2, 2 ], 12 ], [ [ 2, 2, 2, 2, 2, 2, 2, 2, 2, 2, 2, 2 ], 1 ] ]
1233|384|[ 384, 5863 ]|[ [ [ 1, 1, 1, 1, 1, 1, 1, 1, 1, 1, 1, 1, 1, 1, 1, 1, 1, 1, 1, 1, 1, 1, 1, 1 ], 1 ], [ [ 1, 1, 1, 1, 1, 1, 1, 1, 1, 1, 1, 1, 1, 1, 1, 1, 2, 2, 2, 2 ], 3 ], [ [ 1, 1, 1, 1, 2, 2, 2, 2, 2, 2, 2, 2, 2, 2 ], 12 ], [ [ 1, 1, 1, 1, 2, 2, 2, 2, 2, 2, 2, 2, 2, 2 ], 12 ], [ [ 1, 1, 1, 1, 1, 1, 1, 1, 2, 2, 2, 2, 2, 2, 2, 2 ], 3 ], [ [ 1, 1, 1, 1, 2, 2, 2, 2, 2, 2, 4, 4 ], 24 ], [ [ 1, 1, 1, 1, 1, 1, 1, 1, 4, 4, 4, 4 ], 12 ], [ [ 2, 2, 2, 2, 2, 2, 2, 2, 2, 2, 2, 2 ], 12 ], [ [ 2, 2, 2, 2, 2, 2, 2, 2, 4, 4 ], 24 ], [ [ 3, 3, 3, 3, 3, 3, 3, 3 ], 64 ], [ [ 6, 6, 6, 6 ], 64 ], [ [ 3, 3, 3, 3, 3, 3, 3, 3 ], 64 ], [ [ 6, 6, 6, 6 ], 64 ], [ [ 2, 2, 2, 2, 2, 2, 2, 2, 2, 2, 2, 2 ], 12 ], [ [ 2, 2, 2, 2, 4, 4, 4, 4 ], 12 ], [ [ 2, 2, 2, 2, 2, 2, 2, 2, 2, 2, 2, 2 ], 1 ] ]
1234|384|[ 384, 5863 ]|[ [ [ 1, 1, 1, 1, 1, 1, 1, 1, 1, 1, 1, 1, 1, 1, 1, 1, 1, 1, 1, 1, 1, 1, 1, 1 ], 1 ], [ [ 1, 1, 1, 1, 1, 1, 1, 1, 1, 1, 1, 1, 1, 1, 1, 1, 2, 2, 2, 2 ], 3 ], [ [ 1, 1, 1, 1, 1, 1, 1, 1, 2, 2, 2, 2, 2, 2, 2, 2 ], 12 ], [ [ 1, 1, 1, 1, 1, 1, 1, 1, 2, 2, 2, 2, 2, 2, 2, 2 ], 3 ], [ [ 1, 1, 1, 1, 1, 1, 1, 1, 2, 2, 2, 2, 2, 2, 2, 2 ], 12 ], [ [ 1, 1, 1, 1, 1, 1, 1, 1, 4, 4, 4, 4 ], 12 ], [ [ 2, 2, 2, 2, 2, 2, 2, 2, 2, 2, 2, 2 ], 12 ], [ [ 2, 2, 2, 2, 2, 2, 2, 2, 4, 4 ], 24 ], [ [ 2, 2, 2, 2, 2, 2, 2, 2, 4, 4 ], 24 ], [ [ 3, 3, 3, 3, 3, 3, 3, 3 ], 64 ], [ [ 6, 6, 6, 6 ], 64 ], [ [ 3, 3, 3, 3, 3, 3, 3, 3 ], 64 ], [ [ 6, 6, 6, 6 ], 64 ], [ [ 2, 2, 2, 2, 4, 4, 4, 4 ], 12 ], [ [ 2, 2, 2, 2, 2, 2, 2, 2, 2, 2, 2, 2 ], 12 ], [ [ 2, 2, 2, 2, 2, 2, 2, 2, 2, 2, 2, 2 ], 1 ] ]
1235|384|[ 384, 5863 ]|[ [ [ 1, 1, 1, 1, 1, 1, 1, 1, 1, 1, 1, 1, 1, 1, 1, 1, 1, 1, 1, 1, 1, 1, 1, 1 ], 1 ], [ [ 1, 1, 1, 1, 1, 1, 1, 1, 1, 1, 1, 1, 1, 1, 1, 1, 2, 2, 2, 2 ], 3 ], [ [ 1, 1, 1, 1, 1, 1, 1, 1, 2, 2, 2, 2, 2, 2, 2, 2 ], 12 ], [ [ 1, 1, 1, 1, 1, 1, 1, 1, 2, 2, 2, 2, 2, 2, 2, 2 ], 3 ], [ [ 1, 1, 1, 1, 2, 2, 2, 2, 2, 2, 4, 4 ], 24 ], [ [ 1, 1, 1, 1, 2, 2, 2, 2, 2, 2, 4, 4 ], 24 ], [ [ 2, 2, 2, 2, 2, 2, 2, 2, 2, 2, 2, 2 ], 12 ], [ [ 2, 2, 2, 2, 2, 2, 2, 2, 2, 2, 2, 2 ], 12 ], [ [ 2, 2, 2, 2, 4, 4, 4, 4 ], 12 ], [ [ 3, 3, 3, 3, 3, 3, 3, 3 ], 64 ], [ [ 6, 6, 6, 6 ], 64 ], [ [ 3, 3, 3, 3, 3, 3, 3, 3 ], 64 ], [ [ 6, 6, 6, 6 ], 64 ], [ [ 2, 2, 2, 2, 2, 2, 2, 2, 2, 2, 2, 2 ], 12 ], [ [ 2, 2, 2, 2, 4, 4, 4, 4 ], 12 ], [ [ 2, 2, 2, 2, 2, 2, 2, 2, 2, 2, 2, 2 ], 1 ] ]
1236|384|[ 384, 5657 ]|[ [ [ 1, 1, 1, 1, 1, 1, 1, 1, 1, 1, 1, 1, 1, 1, 1, 1, 1, 1, 1, 1, 1, 1, 1, 1 ], 1 ], [ [ 1, 1, 1, 1, 1, 1, 1, 1, 1, 1, 1, 1, 1, 1, 1, 1, 2, 2, 2, 2 ], 6 ], [ [ 1, 1, 1, 1, 1, 1, 1, 1, 1, 1, 1, 1, 1, 1, 1, 1, 2, 2, 2, 2 ], 6 ], [ [ 1, 1, 1, 1, 1, 1, 1, 1, 1, 1, 1, 1, 1, 1, 1, 1, 2, 2, 2, 2 ], 3 ], [ [ 1, 1, 1, 1, 1, 1, 1, 1, 2, 2, 2, 2, 2, 2, 2, 2 ], 6 ], [ [ 1, 1, 1, 1, 1, 1, 1, 1, 2, 2, 2, 2, 2, 2, 2, 2 ], 6 ], [ [ 1, 1, 1, 1, 1, 1, 1, 1, 2, 2, 2, 2, 2, 2, 2, 2 ], 3 ], [ [ 2, 2, 2, 2, 2, 2, 2, 2, 4, 4 ], 24 ], [ [ 2, 2, 2, 2, 2, 2, 2, 2, 2, 2, 2, 2 ], 24 ], [ [ 2, 2, 2, 2, 4, 4, 4, 4 ], 24 ], [ [ 6, 6, 6, 6 ], 32 ], [ [ 6, 6, 6, 6 ], 32 ], [ [ 2, 2, 2, 2, 2, 2, 2, 2, 4, 4 ], 24 ], [ [ 2, 2, 2, 2, 2, 2, 2, 2, 4, 4 ], 24 ], [ [ 2, 2, 2, 2, 2, 2, 2, 2, 4, 4 ], 24 ], [ [ 4, 4, 4, 4, 4, 4 ], 24 ], [ [ 2, 2, 2, 2, 2, 2, 2, 2, 4, 4 ], 24 ], [ [ 3, 3, 3, 3, 3, 3, 3, 3 ], 32 ], [ [ 6, 6, 6, 6 ], 32 ], [ [ 2, 2, 2, 2, 2, 2, 2, 2, 2, 2, 2, 2 ], 8 ], [ [ 2, 2, 2, 2, 4, 4, 4, 4 ], 24 ], [ [ 2, 2, 2, 2, 2, 2, 2, 2, 2, 2, 2, 2 ], 1 ] ]
1237|384|[ 384, 5657 ]|[ [ [ 1, 1, 1, 1, 1, 1, 1, 1, 1, 1, 1, 1, 1, 1, 1, 1, 1, 1, 1, 1, 1, 1, 1, 1 ], 1 ], [ [ 1, 1, 1, 1, 1, 1, 1, 1, 1, 1, 1, 1, 1, 1, 1, 1, 2, 2, 2, 2 ], 3 ], [ [ 1, 1, 1, 1, 1, 1, 1, 1, 2, 2, 2, 2, 2, 2, 2, 2 ], 6 ], [ [ 1, 1, 1, 1, 1, 1, 1, 1, 2, 2, 2, 2, 2, 2, 2, 2 ], 6 ], [ [ 1, 1, 1, 1, 1, 1, 1, 1, 2, 2, 2, 2, 2, 2, 2, 2 ], 3 ], [ [ 1, 1, 1, 1, 1, 1, 1, 1, 4, 4, 4, 4 ], 24 ], [ [ 2, 2, 2, 2, 2, 2, 2, 2, 2, 2, 2, 2 ], 6 ], [ [ 2, 2, 2, 2, 2, 2, 2, 2, 2, 2, 2, 2 ], 6 ], [ [ 2, 2, 2, 2, 2, 2, 2, 2, 2, 2, 2, 2 ], 24 ], [ [ 2, 2, 2, 2, 4, 4, 4, 4 ], 24 ], [ [ 2, 2, 2, 2, 2, 2, 2, 2, 4, 4 ], 24 ], [ [ 2, 2, 2, 2, 4, 4, 4, 4 ], 24 ], [ [ 2, 2, 2, 2, 4, 4, 4, 4 ], 24 ], [ [ 6, 6, 6, 6 ], 32 ], [ [ 6, 6, 6, 6 ], 32 ], [ [ 4, 4, 4, 4, 4, 4 ], 24 ], [ [ 2, 2, 2, 2, 4, 4, 4, 4 ], 24 ], [ [ 3, 3, 3, 3, 3, 3, 3, 3 ], 32 ], [ [ 6, 6, 6, 6 ], 32 ], [ [ 2, 2, 2, 2, 2, 2, 2, 2, 2, 2, 2, 2 ], 8 ], [ [ 2, 2, 2, 2, 4, 4, 4, 4 ], 24 ], [ [ 2, 2, 2, 2, 2, 2, 2, 2, 2, 2, 2, 2 ], 1 ] ]
1238|384|[ 384, 5657 ]|[ [ [ 1, 1, 1, 1, 1, 1, 1, 1, 1, 1, 1, 1, 1, 1, 1, 1, 1, 1, 1, 1, 1, 1, 1, 1 ], 1 ], [ [ 1, 1, 1, 1, 1, 1, 1, 1, 1, 1, 1, 1, 1, 1, 1, 1, 2, 2, 2, 2 ], 3 ], [ [ 1, 1, 1, 1, 1, 1, 1, 1, 2, 2, 2, 2, 2, 2, 2, 2 ], 6 ], [ [ 1, 1, 1, 1, 1, 1, 1, 1, 2, 2, 2, 2, 2, 2, 2, 2 ], 6 ], [ [ 1, 1, 1, 1, 1, 1, 1, 1, 2, 2, 2, 2, 2, 2, 2, 2 ], 3 ], [ [ 1, 1, 1, 1, 2, 2, 4, 4, 4, 4 ], 24 ], [ [ 1, 1, 1, 1, 2, 2, 2, 2, 2, 2, 2, 2, 2, 2 ], 24 ], [ [ 2, 2, 2, 2, 2, 2, 2, 2, 2, 2, 2, 2 ], 6 ], [ [ 2, 2, 2, 2, 2, 2, 2, 2, 2, 2, 2, 2 ], 6 ], [ [ 2, 2, 2, 2, 4, 4, 4, 4 ], 24 ], [ [ 2, 2, 2, 2, 2, 2, 2, 2, 4, 4 ], 24 ], [ [ 2, 2, 2, 2, 4, 4, 4, 4 ], 24 ], [ [ 2, 2, 2, 2, 4, 4, 4, 4 ], 24 ], [ [ 6, 6, 6, 6 ], 32 ], [ [ 6, 6, 6, 6 ], 32 ], [ [ 4, 4, 4, 4, 4, 4 ], 24 ], [ [ 2, 2, 2, 2, 4, 4, 4, 4 ], 24 ], [ [ 3, 3, 3, 3, 3, 3, 3, 3 ], 32 ], [ [ 6, 6, 6, 6 ], 32 ], [ [ 2, 2, 2, 2, 2, 2, 2, 2, 2, 2, 2, 2 ], 8 ], [ [ 2, 2, 2, 2, 4, 4, 4, 4 ], 24 ], [ [ 2, 2, 2, 2, 2, 2, 2, 2, 2, 2, 2, 2 ], 1 ] ]
1239|384|[ 384, 5657 ]|[ [ [ 1, 1, 1, 1, 1, 1, 1, 1, 1, 1, 1, 1, 1, 1, 1, 1, 1, 1, 1, 1, 1, 1, 1, 1 ], 1 ], [ [ 1, 1, 1, 1, 1, 1, 1, 1, 2, 2, 2, 2, 2, 2, 2, 2 ], 6 ], [ [ 1, 1, 1, 1, 1, 1, 1, 1, 2, 2, 2, 2, 2, 2, 2, 2 ], 6 ], [ [ 1, 1, 1, 1, 1, 1, 1, 1, 2, 2, 2, 2, 2, 2, 2, 2 ], 3 ], [ [ 1, 1, 1, 1, 1, 1, 1, 1, 2, 2, 2, 2, 2, 2, 2, 2 ], 6 ], [ [ 1, 1, 1, 1, 2, 2, 4, 4, 4, 4 ], 24 ], [ [ 1, 1, 1, 1, 2, 2, 4, 4, 4, 4 ], 24 ], [ [ 2, 2, 2, 2, 2, 2, 2, 2, 2, 2, 2, 2 ], 6 ], [ [ 2, 2, 2, 2, 2, 2, 2, 2, 2, 2, 2, 2 ], 3 ], [ [ 2, 2, 2, 2, 2, 2, 2, 2, 2, 2, 2, 2 ], 24 ], [ [ 2, 2, 2, 2, 4, 4, 4, 4 ], 24 ], [ [ 2, 2, 2, 2, 4, 4, 4, 4 ], 24 ], [ [ 4, 4, 4, 4, 4, 4 ], 24 ], [ [ 6, 6, 6, 6 ], 32 ], [ [ 6, 6, 6, 6 ], 32 ], [ [ 4, 4, 4, 4, 4, 4 ], 24 ], [ [ 2, 2, 2, 2, 4, 4, 4, 4 ], 24 ], [ [ 3, 3, 3, 3, 3, 3, 3, 3 ], 32 ], [ [ 6, 6, 6, 6 ], 32 ], [ [ 2, 2, 2, 2, 4, 4, 4, 4 ], 24 ], [ [ 2, 2, 2, 2, 2, 2, 2, 2, 2, 2, 2, 2 ], 8 ], [ [ 2, 2, 2, 2, 2, 2, 2, 2, 2, 2, 2, 2 ], 1 ] ]
1240|384|[ 384, 5657 ]|[ [ [ 1, 1, 1, 1, 1, 1, 1, 1, 1, 1, 1, 1, 1, 1, 1, 1, 1, 1, 1, 1, 1, 1, 1, 1 ], 1 ], [ [ 1, 1, 1, 1, 1, 1, 1, 1, 2, 2, 2, 2, 2, 2, 2, 2 ], 6 ], [ [ 1, 1, 1, 1, 1, 1, 1, 1, 2, 2, 2, 2, 2, 2, 2, 2 ], 6 ], [ [ 1, 1, 1, 1, 1, 1, 1, 1, 2, 2, 2, 2, 2, 2, 2, 2 ], 3 ], [ [ 1, 1, 1, 1, 1, 1, 1, 1, 2, 2, 2, 2, 2, 2, 2, 2 ], 6 ], [ [ 1, 1, 1, 1, 2, 2, 2, 2, 2, 2, 2, 2, 2, 2 ], 24 ], [ [ 1, 1, 1, 1, 2, 2, 4, 4, 4, 4 ], 24 ], [ [ 2, 2, 2, 2, 2, 2, 2, 2, 2, 2, 2, 2 ], 6 ], [ [ 2, 2, 2, 2, 2, 2, 2, 2, 2, 2, 2, 2 ], 3 ], [ [ 2, 2, 2, 2, 4, 4, 4, 4 ], 24 ], [ [ 2, 2, 2, 2, 4, 4, 4, 4 ], 24 ], [ [ 2, 2, 2, 2, 4, 4, 4, 4 ], 24 ], [ [ 4, 4, 4, 4, 4, 4 ], 24 ], [ [ 6, 6, 6, 6 ], 32 ], [ [ 6, 6, 6, 6 ], 32 ], [ [ 4, 4, 4, 4, 4, 4 ], 24 ], [ [ 2, 2, 2, 2, 4, 4, 4, 4 ], 24 ], [ [ 3, 3, 3, 3, 3, 3, 3, 3 ], 32 ], [ [ 6, 6, 6, 6 ], 32 ], [ [ 2, 2, 2, 2, 4, 4, 4, 4 ], 24 ], [ [ 2, 2, 2, 2, 2, 2, 2, 2, 2, 2, 2, 2 ], 8 ], [ [ 2, 2, 2, 2, 2, 2, 2, 2, 2, 2, 2, 2 ], 1 ] ]
1241|384|[ 384, 5657 ]|[ [ [ 1, 1, 1, 1, 1, 1, 1, 1, 1, 1, 1, 1, 1, 1, 1, 1, 1, 1, 1, 1, 1, 1, 1, 1 ], 1 ], [ [ 1, 1, 1, 1, 1, 1, 1, 1, 1, 1, 1, 1, 1, 1, 1, 1, 2, 2, 2, 2 ], 6 ], [ [ 1, 1, 1, 1, 1, 1, 1, 1, 2, 2, 2, 2, 2, 2, 2, 2 ], 6 ], [ [ 1, 1, 1, 1, 1, 1, 1, 1, 2, 2, 2, 2, 2, 2, 2, 2 ], 3 ], [ [ 1, 1, 1, 1, 2, 2, 2, 2, 2, 2, 4, 4 ], 24 ], [ [ 1, 1, 1, 1, 2, 2, 2, 2, 2, 2, 2, 2, 2, 2 ], 24 ], [ [ 2, 2, 2, 2, 2, 2, 2, 2, 2, 2, 2, 2 ], 6 ], [ [ 2, 2, 2, 2, 2, 2, 2, 2, 2, 2, 2, 2 ], 3 ], [ [ 2, 2, 2, 2, 2, 2, 2, 2, 2, 2, 2, 2 ], 6 ], [ [ 2, 2, 2, 2, 4, 4, 4, 4 ], 24 ], [ [ 4, 4, 4, 4, 4, 4 ], 24 ], [ [ 4, 4, 4, 4, 4, 4 ], 24 ], [ [ 6, 6, 6, 6 ], 32 ], [ [ 4, 4, 4, 4, 4, 4 ], 24 ], [ [ 4, 4, 4, 4, 4, 4 ], 24 ], [ [ 6, 6, 6, 6 ], 32 ], [ [ 2, 2, 2, 2, 2, 2, 2, 2, 4, 4 ], 24 ], [ [ 3, 3, 3, 3, 3, 3, 3, 3 ], 32 ], [ [ 6, 6, 6, 6 ], 32 ], [ [ 2, 2, 2, 2, 2, 2, 2, 2, 2, 2, 2, 2 ], 8 ], [ [ 2, 2, 2, 2, 4, 4, 4, 4 ], 24 ], [ [ 2, 2, 2, 2, 2, 2, 2, 2, 2, 2, 2, 2 ], 1 ] ]
1242|384|[ 384, 5657 ]|[ [ [ 1, 1, 1, 1, 1, 1, 1, 1, 1, 1, 1, 1, 1, 1, 1, 1, 1, 1, 1, 1, 1, 1, 1, 1 ], 1 ], [ [ 1, 1, 1, 1, 1, 1, 1, 1, 1, 1, 1, 1, 1, 1, 1, 1, 2, 2, 2, 2 ], 6 ], [ [ 1, 1, 1, 1, 1, 1, 1, 1, 2, 2, 2, 2, 2, 2, 2, 2 ], 6 ], [ [ 1, 1, 1, 1, 1, 1, 1, 1, 2, 2, 2, 2, 2, 2, 2, 2 ], 3 ], [ [ 1, 1, 1, 1, 2, 2, 2, 2, 2, 2, 4, 4 ], 24 ], [ [ 1, 1, 1, 1, 2, 2, 4, 4, 4, 4 ], 24 ], [ [ 2, 2, 2, 2, 2, 2, 2, 2, 2, 2, 2, 2 ], 6 ], [ [ 2, 2, 2, 2, 2, 2, 2, 2, 2, 2, 2, 2 ], 3 ], [ [ 2, 2, 2, 2, 2, 2, 2, 2, 2, 2, 2, 2 ], 6 ], [ [ 2, 2, 2, 2, 2, 2, 2, 2, 2, 2, 2, 2 ], 24 ], [ [ 4, 4, 4, 4, 4, 4 ], 24 ], [ [ 4, 4, 4, 4, 4, 4 ], 24 ], [ [ 6, 6, 6, 6 ], 32 ], [ [ 4, 4, 4, 4, 4, 4 ], 24 ], [ [ 4, 4, 4, 4, 4, 4 ], 24 ], [ [ 6, 6, 6, 6 ], 32 ], [ [ 2, 2, 2, 2, 2, 2, 2, 2, 4, 4 ], 24 ], [ [ 3, 3, 3, 3, 3, 3, 3, 3 ], 32 ], [ [ 6, 6, 6, 6 ], 32 ], [ [ 2, 2, 2, 2, 2, 2, 2, 2, 2, 2, 2, 2 ], 8 ], [ [ 2, 2, 2, 2, 4, 4, 4, 4 ], 24 ], [ [ 2, 2, 2, 2, 2, 2, 2, 2, 2, 2, 2, 2 ], 1 ] ]
1243|384|[ 384, 5657 ]|[ [ [ 1, 1, 1, 1, 1, 1, 1, 1, 1, 1, 1, 1, 1, 1, 1, 1, 1, 1, 1, 1, 1, 1, 1, 1 ], 1 ], [ [ 1, 1, 1, 1, 1, 1, 1, 1, 1, 1, 1, 1, 2, 2, 2, 2, 2, 2 ], 8 ], [ [ 1, 1, 1, 1, 1, 1, 1, 1, 1, 1, 1, 1, 1, 1, 1, 1, 2, 2, 2, 2 ], 3 ], [ [ 1, 1, 1, 1, 1, 1, 1, 1, 2, 2, 2, 2, 2, 2, 2, 2 ], 3 ], [ [ 1, 1, 1, 1, 1, 1, 1, 1, 2, 2, 2, 2, 2, 2, 2, 2 ], 6 ], [ [ 1, 1, 1, 1, 2, 2, 4, 4, 4, 4 ], 24 ], [ [ 1, 1, 1, 1, 1, 1, 1, 1, 2, 2, 2, 2, 2, 2, 2, 2 ], 6 ], [ [ 2, 2, 2, 2, 4, 4, 4, 4 ], 24 ], [ [ 2, 2, 2, 2, 4, 4, 4, 4 ], 24 ], [ [ 2, 2, 2, 2, 4, 4, 4, 4 ], 24 ], [ [ 3, 3, 3, 3, 6, 6 ], 32 ], [ [ 3, 3, 3, 3, 3, 3, 3, 3 ], 32 ], [ [ 3, 3, 3, 3, 6, 6 ], 32 ], [ [ 6, 6, 6, 6 ], 32 ], [ [ 2, 2, 2, 2, 2, 2, 2, 2, 4, 4 ], 24 ], [ [ 2, 2, 2, 2, 2, 2, 2, 2, 2, 2, 2, 2 ], 24 ], [ [ 2, 2, 2, 2, 4, 4, 4, 4 ], 24 ], [ [ 4, 4, 4, 4, 4, 4 ], 24 ], [ [ 2, 2, 2, 2, 4, 4, 4, 4 ], 24 ], [ [ 2, 2, 2, 2, 2, 2, 2, 2, 2, 2, 2, 2 ], 6 ], [ [ 2, 2, 2, 2, 2, 2, 2, 2, 2, 2, 2, 2 ], 6 ], [ [ 2, 2, 2, 2, 2, 2, 2, 2, 2, 2, 2, 2 ], 1 ] ]
1244|384|[ 384, 5657 ]|[ [ [ 1, 1, 1, 1, 1, 1, 1, 1, 1, 1, 1, 1, 1, 1, 1, 1, 1, 1, 1, 1, 1, 1, 1, 1 ], 1 ], [ [ 1, 1, 1, 1, 1, 1, 1, 1, 1, 1, 1, 1, 1, 1, 1, 1, 2, 2, 2, 2 ], 3 ], [ [ 1, 1, 1, 1, 1, 1, 1, 1, 2, 2, 2, 2, 2, 2, 2, 2 ], 3 ], [ [ 1, 1, 1, 1, 2, 2, 4, 4, 4, 4 ], 24 ], [ [ 1, 1, 1, 1, 1, 1, 1, 1, 2, 2, 2, 2, 2, 2, 2, 2 ], 6 ], [ [ 1, 1, 1, 1, 1, 1, 1, 1, 2, 2, 2, 2, 2, 2, 2, 2 ], 6 ], [ [ 1, 1, 1, 1, 2, 2, 4, 4, 4, 4 ], 24 ], [ [ 2, 2, 2, 2, 2, 2, 2, 2, 2, 2, 2, 2 ], 8 ], [ [ 2, 2, 2, 2, 4, 4, 4, 4 ], 24 ], [ [ 2, 2, 2, 2, 4, 4, 4, 4 ], 24 ], [ [ 2, 2, 2, 2, 2, 2, 2, 2, 2, 2, 2, 2 ], 24 ], [ [ 6, 6, 6, 6 ], 32 ], [ [ 6, 6, 6, 6 ], 32 ], [ [ 2, 2, 2, 2, 4, 4, 4, 4 ], 24 ], [ [ 2, 2, 2, 2, 4, 4, 4, 4 ], 24 ], [ [ 2, 2, 2, 2, 2, 2, 2, 2, 4, 4 ], 24 ], [ [ 3, 3, 3, 3, 3, 3, 3, 3 ], 32 ], [ [ 6, 6, 6, 6 ], 32 ], [ [ 4, 4, 4, 4, 4, 4 ], 24 ], [ [ 2, 2, 2, 2, 2, 2, 2, 2, 2, 2, 2, 2 ], 6 ], [ [ 2, 2, 2, 2, 2, 2, 2, 2, 2, 2, 2, 2 ], 6 ], [ [ 2, 2, 2, 2, 2, 2, 2, 2, 2, 2, 2, 2 ], 1 ] ]
1245|384|[ 384, 5660 ]|[ [ [ 1, 1, 1, 1, 1, 1, 1, 1, 1, 1, 1, 1, 1, 1, 1, 1, 1, 1, 1, 1, 1, 1, 1, 1 ], 1 ], [ [ 1, 1, 1, 1, 1, 1, 1, 1, 1, 1, 1, 1, 1, 1, 1, 1, 2, 2, 2, 2 ], 3 ], [ [ 1, 1, 1, 1, 1, 1, 1, 1, 2, 2, 2, 2, 2, 2, 2, 2 ], 3 ], [ [ 1, 1, 1, 1, 1, 1, 1, 1, 4, 4, 4, 4 ], 6 ], [ [ 1, 1, 1, 1, 1, 1, 1, 1, 4, 4, 4, 4 ], 6 ], [ [ 1, 1, 1, 1, 1, 1, 1, 1, 2, 2, 2, 2, 2, 2, 2, 2 ], 24 ], [ [ 2, 2, 2, 2, 8, 8 ], 24 ], [ [ 2, 2, 2, 2, 2, 2, 2, 2, 2, 2, 2, 2 ], 24 ], [ [ 2, 2, 2, 2, 4, 4, 4, 4 ], 24 ], [ [ 2, 2, 2, 2, 2, 2, 2, 2, 2, 2, 2, 2 ], 8 ], [ [ 2, 2, 2, 2, 4, 4, 4, 4 ], 6 ], [ [ 2, 2, 2, 2, 4, 4, 4, 4 ], 6 ], [ [ 2, 2, 2, 2, 8, 8 ], 24 ], [ [ 2, 2, 2, 2, 8, 8 ], 24 ], [ [ 2, 2, 2, 2, 2, 2, 2, 2, 4, 4 ], 24 ], [ [ 4, 4, 4, 4, 4, 4 ], 24 ], [ [ 2, 2, 2, 2, 8, 8 ], 24 ], [ [ 6, 6, 6, 6 ], 32 ], [ [ 6, 6, 6, 6 ], 32 ], [ [ 3, 3, 3, 3, 3, 3, 3, 3 ], 32 ], [ [ 6, 6, 6, 6 ], 32 ], [ [ 2, 2, 2, 2, 2, 2, 2, 2, 2, 2, 2, 2 ], 1 ] ]
1246|384|[ 384, 5660 ]|[ [ [ 1, 1, 1, 1, 1, 1, 1, 1, 1, 1, 1, 1, 1, 1, 1, 1, 1, 1, 1, 1, 1, 1, 1, 1 ], 1 ], [ [ 1, 1, 1, 1, 1, 1, 1, 1, 1, 1, 1, 1, 1, 1, 1, 1, 2, 2, 2, 2 ], 3 ], [ [ 1, 1, 1, 1, 1, 1, 1, 1, 2, 2, 2, 2, 2, 2, 2, 2 ], 3 ], [ [ 1, 1, 1, 1, 1, 1, 1, 1, 4, 4, 4, 4 ], 6 ], [ [ 1, 1, 1, 1, 1, 1, 1, 1, 4, 4, 4, 4 ], 6 ], [ [ 1, 1, 1, 1, 1, 1, 1, 1, 8, 8 ], 24 ], [ [ 2, 2, 2, 2, 2, 2, 2, 2, 2, 2, 2, 2 ], 24 ], [ [ 2, 2, 2, 2, 2, 2, 2, 2, 2, 2, 2, 2 ], 24 ], [ [ 2, 2, 2, 2, 4, 4, 4, 4 ], 24 ], [ [ 2, 2, 2, 2, 2, 2, 2, 2, 2, 2, 2, 2 ], 8 ], [ [ 2, 2, 2, 2, 8, 8 ], 24 ], [ [ 2, 2, 2, 2, 8, 8 ], 24 ], [ [ 2, 2, 2, 2, 4, 4, 4, 4 ], 6 ], [ [ 2, 2, 2, 2, 4, 4, 4, 4 ], 6 ], [ [ 2, 2, 2, 2, 2, 2, 2, 2, 4, 4 ], 24 ], [ [ 4, 4, 4, 4, 4, 4 ], 24 ], [ [ 6, 6, 6, 6 ], 32 ], [ [ 6, 6, 6, 6 ], 32 ], [ [ 2, 2, 2, 2, 8, 8 ], 24 ], [ [ 3, 3, 3, 3, 3, 3, 3, 3 ], 32 ], [ [ 6, 6, 6, 6 ], 32 ], [ [ 2, 2, 2, 2, 2, 2, 2, 2, 2, 2, 2, 2 ], 1 ] ]
1247|384|[ 384, 5660 ]|[ [ [ 1, 1, 1, 1, 1, 1, 1, 1, 1, 1, 1, 1, 1, 1, 1, 1, 1, 1, 1, 1, 1, 1, 1, 1 ], 1 ], [ [ 1, 1, 1, 1, 1, 1, 1, 1, 1, 1, 1, 1, 1, 1, 1, 1, 2, 2, 2, 2 ], 3 ], [ [ 1, 1, 1, 1, 1, 1, 1, 1, 2, 2, 2, 2, 2, 2, 2, 2 ], 3 ], [ [ 1, 1, 1, 1, 1, 1, 1, 1, 4, 4, 4, 4 ], 6 ], [ [ 1, 1, 1, 1, 1, 1, 1, 1, 4, 4, 4, 4 ], 6 ], [ [ 1, 1, 1, 1, 2, 2, 2, 2, 2, 2, 2, 2, 2, 2 ], 24 ], [ [ 1, 1, 1, 1, 2, 2, 4, 4, 4, 4 ], 24 ], [ [ 2, 2, 2, 2, 8, 8 ], 24 ], [ [ 2, 2, 2, 2, 2, 2, 2, 2, 2, 2, 2, 2 ], 24 ], [ [ 2, 2, 2, 2, 2, 2, 2, 2, 2, 2, 2, 2 ], 8 ], [ [ 2, 2, 2, 2, 2, 2, 2, 2, 4, 4 ], 24 ], [ [ 4, 4, 4, 4, 4, 4 ], 24 ], [ [ 2, 2, 2, 2, 8, 8 ], 24 ], [ [ 2, 2, 2, 2, 8, 8 ], 24 ], [ [ 2, 2, 2, 2, 4, 4, 4, 4 ], 6 ], [ [ 2, 2, 2, 2, 4, 4, 4, 4 ], 6 ], [ [ 6, 6, 6, 6 ], 32 ], [ [ 6, 6, 6, 6 ], 32 ], [ [ 2, 2, 2, 2, 8, 8 ], 24 ], [ [ 3, 3, 3, 3, 3, 3, 3, 3 ], 32 ], [ [ 6, 6, 6, 6 ], 32 ], [ [ 2, 2, 2, 2, 2, 2, 2, 2, 2, 2, 2, 2 ], 1 ] ]
1248|384|[ 384, 5660 ]|[ [ [ 1, 1, 1, 1, 1, 1, 1, 1, 1, 1, 1, 1, 1, 1, 1, 1, 1, 1, 1, 1, 1, 1, 1, 1 ], 1 ], [ [ 1, 1, 1, 1, 1, 1, 1, 1, 2, 2, 2, 2, 2, 2, 2, 2 ], 3 ], [ [ 1, 1, 1, 1, 1, 1, 1, 1, 4, 4, 4, 4 ], 6 ], [ [ 1, 1, 1, 1, 2, 2, 8, 8 ], 24 ], [ [ 1, 1, 1, 1, 2, 2, 2, 2, 2, 2, 2, 2, 2, 2 ], 24 ], [ [ 1, 1, 1, 1, 2, 2, 2, 2, 2, 2, 2, 2, 2, 2 ], 24 ], [ [ 2, 2, 2, 2, 2, 2, 2, 2, 2, 2, 2, 2 ], 3 ], [ [ 2, 2, 2, 2, 4, 4, 4, 4 ], 6 ], [ [ 2, 2, 2, 2, 4, 4, 4, 4 ], 24 ], [ [ 2, 2, 2, 2, 2, 2, 2, 2, 2, 2, 2, 2 ], 8 ], [ [ 4, 4, 8, 8 ], 24 ], [ [ 4, 4, 8, 8 ], 24 ], [ [ 4, 4, 4, 4, 4, 4 ], 24 ], [ [ 4, 4, 4, 4, 4, 4 ], 24 ], [ [ 2, 2, 2, 2, 4, 4, 4, 4 ], 6 ], [ [ 2, 2, 2, 2, 4, 4, 4, 4 ], 6 ], [ [ 6, 6, 6, 6 ], 32 ], [ [ 6, 6, 6, 6 ], 32 ], [ [ 3, 3, 3, 3, 3, 3, 3, 3 ], 32 ], [ [ 6, 6, 6, 6 ], 32 ], [ [ 2, 2, 2, 2, 8, 8 ], 24 ], [ [ 2, 2, 2, 2, 2, 2, 2, 2, 2, 2, 2, 2 ], 1 ] ]
1249|384|[ 384, 5660 ]|[ [ [ 1, 1, 1, 1, 1, 1, 1, 1, 1, 1, 1, 1, 1, 1, 1, 1, 1, 1, 1, 1, 1, 1, 1, 1 ], 1 ], [ [ 1, 1, 1, 1, 1, 1, 1, 1, 2, 2, 2, 2, 2, 2, 2, 2 ], 3 ], [ [ 1, 1, 1, 1, 1, 1, 1, 1, 4, 4, 4, 4 ], 6 ], [ [ 1, 1, 1, 1, 2, 2, 8, 8 ], 24 ], [ [ 1, 1, 1, 1, 2, 2, 4, 4, 4, 4 ], 24 ], [ [ 1, 1, 1, 1, 2, 2, 2, 2, 2, 2, 2, 2, 2, 2 ], 24 ], [ [ 2, 2, 2, 2, 2, 2, 2, 2, 2, 2, 2, 2 ], 3 ], [ [ 2, 2, 2, 2, 4, 4, 4, 4 ], 6 ], [ [ 2, 2, 2, 2, 2, 2, 2, 2, 2, 2, 2, 2 ], 24 ], [ [ 2, 2, 2, 2, 2, 2, 2, 2, 2, 2, 2, 2 ], 8 ], [ [ 4, 4, 8, 8 ], 24 ], [ [ 4, 4, 8, 8 ], 24 ], [ [ 4, 4, 4, 4, 4, 4 ], 24 ], [ [ 4, 4, 4, 4, 4, 4 ], 24 ], [ [ 2, 2, 2, 2, 4, 4, 4, 4 ], 6 ], [ [ 2, 2, 2, 2, 4, 4, 4, 4 ], 6 ], [ [ 6, 6, 6, 6 ], 32 ], [ [ 6, 6, 6, 6 ], 32 ], [ [ 3, 3, 3, 3, 3, 3, 3, 3 ], 32 ], [ [ 6, 6, 6, 6 ], 32 ], [ [ 2, 2, 2, 2, 8, 8 ], 24 ], [ [ 2, 2, 2, 2, 2, 2, 2, 2, 2, 2, 2, 2 ], 1 ] ]
1250|384|[ 384, 20100 ]|[ [ [ 1, 1, 1, 1, 1, 1, 1, 1, 1, 1, 1, 1, 1, 1, 1, 1, 1, 1, 1, 1, 1, 1, 1, 1 ], 1 ], [ [ 1, 1, 1, 1, 1, 1, 1, 1, 2, 2, 2, 2, 2, 2, 2, 2 ], 6 ], [ [ 1, 1, 1, 1, 2, 2, 2, 2, 2, 2, 2, 2, 2, 2 ], 24 ], [ [ 1, 1, 1, 1, 2, 2, 4, 4, 4, 4 ], 24 ], [ [ 1, 1, 1, 1, 1, 1, 1, 1, 2, 2, 2, 2, 2, 2, 2, 2 ], 3 ], [ [ 1, 1, 1, 1, 1, 1, 1, 1, 2, 2, 2, 2, 2, 2, 2, 2 ], 6 ], [ [ 1, 1, 1, 1, 1, 1, 1, 1, 2, 2, 2, 2, 2, 2, 2, 2 ], 3 ], [ [ 1, 1, 1, 1, 1, 1, 1, 1, 2, 2, 2, 2, 2, 2, 2, 2 ], 3 ], [ [ 2, 2, 2, 2, 2, 2, 2, 2, 2, 2, 2, 2 ], 3 ], [ [ 2, 2, 2, 2, 4, 4, 4, 4 ], 24 ], [ [ 2, 2, 2, 2, 4, 4, 4, 4 ], 24 ], [ [ 2, 2, 2, 2, 2, 2, 2, 2, 2, 2, 2, 2 ], 6 ], [ [ 2, 2, 2, 2, 2, 2, 2, 2, 2, 2, 2, 2 ], 6 ], [ [ 4, 4, 4, 4, 4, 4 ], 24 ], [ [ 6, 6, 6, 6 ], 32 ], [ [ 6, 6, 6, 6 ], 32 ], [ [ 4, 4, 4, 4, 4, 4 ], 24 ], [ [ 6, 6, 6, 6 ], 32 ], [ [ 3, 3, 3, 3, 3, 3, 3, 3 ], 32 ], [ [ 4, 4, 4, 4, 4, 4 ], 24 ], [ [ 4, 4, 4, 4, 4, 4 ], 24 ], [ [ 2, 2, 2, 2, 2, 2, 2, 2, 2, 2, 2, 2 ], 6 ], [ [ 2, 2, 2, 2, 2, 2, 2, 2, 2, 2, 2, 2 ], 3 ], [ [ 2, 2, 2, 2, 2, 2, 2, 2, 2, 2, 2, 2 ], 6 ], [ [ 2, 2, 2, 2, 2, 2, 2, 2, 2, 2, 2, 2 ], 6 ], [ [ 2, 2, 2, 2, 2, 2, 2, 2, 2, 2, 2, 2 ], 3 ], [ [ 2, 2, 2, 2, 2, 2, 2, 2, 2, 2, 2, 2 ], 2 ], [ [ 2, 2, 2, 2, 2, 2, 2, 2, 2, 2, 2, 2 ], 1 ] ]
1251|384|[ 384, 20100 ]|[ [ [ 1, 1, 1, 1, 1, 1, 1, 1, 1, 1, 1, 1, 1, 1, 1, 1, 1, 1, 1, 1, 1, 1, 1, 1 ], 1 ], [ [ 1, 1, 1, 1, 1, 1, 1, 1, 2, 2, 2, 2, 2, 2, 2, 2 ], 6 ], [ [ 1, 1, 1, 1, 2, 2, 4, 4, 4, 4 ], 24 ], [ [ 1, 1, 1, 1, 2, 2, 4, 4, 4, 4 ], 24 ], [ [ 1, 1, 1, 1, 1, 1, 1, 1, 2, 2, 2, 2, 2, 2, 2, 2 ], 3 ], [ [ 1, 1, 1, 1, 1, 1, 1, 1, 2, 2, 2, 2, 2, 2, 2, 2 ], 6 ], [ [ 1, 1, 1, 1, 1, 1, 1, 1, 2, 2, 2, 2, 2, 2, 2, 2 ], 3 ], [ [ 1, 1, 1, 1, 1, 1, 1, 1, 2, 2, 2, 2, 2, 2, 2, 2 ], 3 ], [ [ 2, 2, 2, 2, 2, 2, 2, 2, 2, 2, 2, 2 ], 3 ], [ [ 2, 2, 2, 2, 4, 4, 4, 4 ], 24 ], [ [ 2, 2, 2, 2, 2, 2, 2, 2, 2, 2, 2, 2 ], 24 ], [ [ 2, 2, 2, 2, 2, 2, 2, 2, 2, 2, 2, 2 ], 6 ], [ [ 2, 2, 2, 2, 2, 2, 2, 2, 2, 2, 2, 2 ], 6 ], [ [ 4, 4, 4, 4, 4, 4 ], 24 ], [ [ 6, 6, 6, 6 ], 32 ], [ [ 6, 6, 6, 6 ], 32 ], [ [ 4, 4, 4, 4, 4, 4 ], 24 ], [ [ 6, 6, 6, 6 ], 32 ], [ [ 3, 3, 3, 3, 3, 3, 3, 3 ], 32 ], [ [ 4, 4, 4, 4, 4, 4 ], 24 ], [ [ 4, 4, 4, 4, 4, 4 ], 24 ], [ [ 2, 2, 2, 2, 2, 2, 2, 2, 2, 2, 2, 2 ], 6 ], [ [ 2, 2, 2, 2, 2, 2, 2, 2, 2, 2, 2, 2 ], 3 ], [ [ 2, 2, 2, 2, 2, 2, 2, 2, 2, 2, 2, 2 ], 6 ], [ [ 2, 2, 2, 2, 2, 2, 2, 2, 2, 2, 2, 2 ], 6 ], [ [ 2, 2, 2, 2, 2, 2, 2, 2, 2, 2, 2, 2 ], 3 ], [ [ 2, 2, 2, 2, 2, 2, 2, 2, 2, 2, 2, 2 ], 2 ], [ [ 2, 2, 2, 2, 2, 2, 2, 2, 2, 2, 2, 2 ], 1 ] ]
1252|384|[ 384, 20100 ]|[ [ [ 1, 1, 1, 1, 1, 1, 1, 1, 1, 1, 1, 1, 1, 1, 1, 1, 1, 1, 1, 1, 1, 1, 1, 1 ], 1 ], [ [ 1, 1, 1, 1, 1, 1, 1, 1, 1, 1, 1, 1, 1, 1, 1, 1, 2, 2, 2, 2 ], 3 ], [ [ 1, 1, 1, 1, 2, 2, 2, 2, 2, 2, 2, 2, 2, 2 ], 24 ], [ [ 1, 1, 1, 1, 2, 2, 4, 4, 4, 4 ], 24 ], [ [ 1, 1, 1, 1, 1, 1, 1, 1, 2, 2, 2, 2, 2, 2, 2, 2 ], 3 ], [ [ 1, 1, 1, 1, 1, 1, 1, 1, 2, 2, 2, 2, 2, 2, 2, 2 ], 6 ], [ [ 1, 1, 1, 1, 1, 1, 1, 1, 2, 2, 2, 2, 2, 2, 2, 2 ], 3 ], [ [ 1, 1, 1, 1, 1, 1, 1, 1, 2, 2, 2, 2, 2, 2, 2, 2 ], 3 ], [ [ 2, 2, 2, 2, 2, 2, 2, 2, 2, 2, 2, 2 ], 6 ], [ [ 2, 2, 2, 2, 4, 4, 4, 4 ], 24 ], [ [ 2, 2, 2, 2, 4, 4, 4, 4 ], 24 ], [ [ 2, 2, 2, 2, 2, 2, 2, 2, 2, 2, 2, 2 ], 6 ], [ [ 2, 2, 2, 2, 2, 2, 2, 2, 2, 2, 2, 2 ], 6 ], [ [ 3, 3, 3, 3, 3, 3, 3, 3 ], 32 ], [ [ 6, 6, 6, 6 ], 32 ], [ [ 4, 4, 4, 4, 4, 4 ], 24 ], [ [ 4, 4, 4, 4, 4, 4 ], 24 ], [ [ 2, 2, 2, 2, 2, 2, 2, 2, 4, 4 ], 24 ], [ [ 6, 6, 6, 6 ], 32 ], [ [ 6, 6, 6, 6 ], 32 ], [ [ 4, 4, 4, 4, 4, 4 ], 24 ], [ [ 2, 2, 2, 2, 2, 2, 2, 2, 2, 2, 2, 2 ], 6 ], [ [ 2, 2, 2, 2, 2, 2, 2, 2, 2, 2, 2, 2 ], 6 ], [ [ 2, 2, 2, 2, 2, 2, 2, 2, 2, 2, 2, 2 ], 2 ], [ [ 2, 2, 2, 2, 2, 2, 2, 2, 2, 2, 2, 2 ], 3 ], [ [ 2, 2, 2, 2, 2, 2, 2, 2, 2, 2, 2, 2 ], 6 ], [ [ 2, 2, 2, 2, 2, 2, 2, 2, 2, 2, 2, 2 ], 3 ], [ [ 2, 2, 2, 2, 2, 2, 2, 2, 2, 2, 2, 2 ], 1 ] ]
1253|384|[ 384, 20100 ]|[ [ [ 1, 1, 1, 1, 1, 1, 1, 1, 1, 1, 1, 1, 1, 1, 1, 1, 1, 1, 1, 1, 1, 1, 1, 1 ], 1 ], [ [ 1, 1, 1, 1, 1, 1, 1, 1, 1, 1, 1, 1, 1, 1, 1, 1, 2, 2, 2, 2 ], 3 ], [ [ 1, 1, 1, 1, 2, 2, 4, 4, 4, 4 ], 24 ], [ [ 1, 1, 1, 1, 2, 2, 4, 4, 4, 4 ], 24 ], [ [ 1, 1, 1, 1, 1, 1, 1, 1, 2, 2, 2, 2, 2, 2, 2, 2 ], 3 ], [ [ 1, 1, 1, 1, 1, 1, 1, 1, 2, 2, 2, 2, 2, 2, 2, 2 ], 6 ], [ [ 1, 1, 1, 1, 1, 1, 1, 1, 2, 2, 2, 2, 2, 2, 2, 2 ], 3 ], [ [ 1, 1, 1, 1, 1, 1, 1, 1, 2, 2, 2, 2, 2, 2, 2, 2 ], 3 ], [ [ 2, 2, 2, 2, 2, 2, 2, 2, 2, 2, 2, 2 ], 6 ], [ [ 2, 2, 2, 2, 2, 2, 2, 2, 2, 2, 2, 2 ], 24 ], [ [ 2, 2, 2, 2, 4, 4, 4, 4 ], 24 ], [ [ 2, 2, 2, 2, 2, 2, 2, 2, 2, 2, 2, 2 ], 6 ], [ [ 2, 2, 2, 2, 2, 2, 2, 2, 2, 2, 2, 2 ], 6 ], [ [ 2, 2, 2, 2, 2, 2, 2, 2, 4, 4 ], 24 ], [ [ 3, 3, 3, 3, 3, 3, 3, 3 ], 32 ], [ [ 6, 6, 6, 6 ], 32 ], [ [ 4, 4, 4, 4, 4, 4 ], 24 ], [ [ 6, 6, 6, 6 ], 32 ], [ [ 6, 6, 6, 6 ], 32 ], [ [ 4, 4, 4, 4, 4, 4 ], 24 ], [ [ 4, 4, 4, 4, 4, 4 ], 24 ], [ [ 2, 2, 2, 2, 2, 2, 2, 2, 2, 2, 2, 2 ], 6 ], [ [ 2, 2, 2, 2, 2, 2, 2, 2, 2, 2, 2, 2 ], 6 ], [ [ 2, 2, 2, 2, 2, 2, 2, 2, 2, 2, 2, 2 ], 2 ], [ [ 2, 2, 2, 2, 2, 2, 2, 2, 2, 2, 2, 2 ], 3 ], [ [ 2, 2, 2, 2, 2, 2, 2, 2, 2, 2, 2, 2 ], 6 ], [ [ 2, 2, 2, 2, 2, 2, 2, 2, 2, 2, 2, 2 ], 3 ], [ [ 2, 2, 2, 2, 2, 2, 2, 2, 2, 2, 2, 2 ], 1 ] ]
1254|384|[ 384, 5660 ]|[ [ [ 1, 1, 1, 1, 1, 1, 1, 1, 1, 1, 1, 1, 1, 1, 1, 1, 1, 1, 1, 1, 1, 1, 1, 1 ], 1 ], [ [ 1, 1, 1, 1, 1, 1, 1, 1, 1, 1, 1, 1, 2, 2, 2, 2, 2, 2 ], 8 ], [ [ 1, 1, 1, 1, 1, 1, 1, 1, 1, 1, 1, 1, 1, 1, 1, 1, 2, 2, 2, 2 ], 3 ], [ [ 1, 1, 1, 1, 1, 1, 1, 1, 2, 2, 2, 2, 2, 2, 2, 2 ], 3 ], [ [ 1, 1, 1, 1, 1, 1, 1, 1, 4, 4, 4, 4 ], 6 ], [ [ 1, 1, 1, 1, 2, 2, 2, 2, 2, 2, 2, 2, 2, 2 ], 24 ], [ [ 1, 1, 1, 1, 1, 1, 1, 1, 4, 4, 4, 4 ], 6 ], [ [ 2, 2, 2, 2, 8, 8 ], 24 ], [ [ 2, 2, 2, 2, 8, 8 ], 24 ], [ [ 2, 2, 2, 2, 8, 8 ], 24 ], [ [ 2, 2, 2, 2, 2, 2, 2, 2, 4, 4 ], 24 ], [ [ 2, 2, 2, 2, 2, 2, 2, 2, 2, 2, 2, 2 ], 24 ], [ [ 2, 2, 2, 2, 8, 8 ], 24 ], [ [ 4, 4, 4, 4, 4, 4 ], 24 ], [ [ 2, 2, 2, 2, 4, 4, 4, 4 ], 24 ], [ [ 3, 3, 3, 3, 3, 3, 3, 3 ], 32 ], [ [ 3, 3, 3, 3, 6, 6 ], 32 ], [ [ 6, 6, 6, 6 ], 32 ], [ [ 3, 3, 3, 3, 6, 6 ], 32 ], [ [ 2, 2, 2, 2, 4, 4, 4, 4 ], 6 ], [ [ 2, 2, 2, 2, 4, 4, 4, 4 ], 6 ], [ [ 2, 2, 2, 2, 2, 2, 2, 2, 2, 2, 2, 2 ], 1 ] ]
1255|384|[ 384, 5660 ]|[ [ [ 1, 1, 1, 1, 1, 1, 1, 1, 1, 1, 1, 1, 1, 1, 1, 1, 1, 1, 1, 1, 1, 1, 1, 1 ], 1 ], [ [ 1, 1, 1, 1, 1, 1, 1, 1, 1, 1, 1, 1, 1, 1, 1, 1, 2, 2, 2, 2 ], 3 ], [ [ 1, 1, 1, 1, 1, 1, 1, 1, 2, 2, 2, 2, 2, 2, 2, 2 ], 3 ], [ [ 1, 1, 1, 1, 2, 2, 8, 8 ], 24 ], [ [ 1, 1, 1, 1, 1, 1, 1, 1, 4, 4, 4, 4 ], 6 ], [ [ 1, 1, 1, 1, 1, 1, 1, 1, 4, 4, 4, 4 ], 6 ], [ [ 1, 1, 1, 1, 2, 2, 8, 8 ], 24 ], [ [ 2, 2, 2, 2, 2, 2, 2, 2, 2, 2, 2, 2 ], 8 ], [ [ 2, 2, 2, 2, 8, 8 ], 24 ], [ [ 2, 2, 2, 2, 2, 2, 2, 2, 2, 2, 2, 2 ], 24 ], [ [ 2, 2, 2, 2, 2, 2, 2, 2, 2, 2, 2, 2 ], 24 ], [ [ 3, 3, 3, 3, 3, 3, 3, 3 ], 32 ], [ [ 6, 6, 6, 6 ], 32 ], [ [ 2, 2, 2, 2, 4, 4, 4, 4 ], 24 ], [ [ 2, 2, 2, 2, 2, 2, 2, 2, 4, 4 ], 24 ], [ [ 6, 6, 6, 6 ], 32 ], [ [ 6, 6, 6, 6 ], 32 ], [ [ 2, 2, 2, 2, 8, 8 ], 24 ], [ [ 4, 4, 4, 4, 4, 4 ], 24 ], [ [ 2, 2, 2, 2, 4, 4, 4, 4 ], 6 ], [ [ 2, 2, 2, 2, 4, 4, 4, 4 ], 6 ], [ [ 2, 2, 2, 2, 2, 2, 2, 2, 2, 2, 2, 2 ], 1 ] ]
1256|384|[ 384, 5557 ]|[ [ [ 1, 1, 1, 1, 1, 1, 1, 1, 1, 1, 1, 1, 1, 1, 1, 1, 1, 1, 1, 1, 1, 1, 1, 1 ], 1 ], [ [ 1, 1, 1, 1, 1, 1, 1, 1, 1, 1, 1, 1, 1, 1, 1, 1, 4, 4 ], 3 ], [ [ 1, 1, 1, 1, 1, 1, 1, 1, 1, 1, 1, 1, 1, 1, 1, 1, 2, 2, 2, 2 ], 3 ], [ [ 1, 1, 1, 1, 1, 1, 1, 1, 1, 1, 1, 1, 1, 1, 1, 1, 4, 4 ], 3 ], [ [ 1, 1, 1, 1, 1, 1, 1, 1, 4, 4, 4, 4 ], 3 ], [ [ 1, 1, 1, 1, 1, 1, 1, 1, 2, 2, 2, 2, 4, 4 ], 6 ], [ [ 1, 1, 1, 1, 1, 1, 1, 1, 4, 4, 4, 4 ], 6 ], [ [ 1, 1, 1, 1, 1, 1, 1, 1, 2, 2, 2, 2, 2, 2, 2, 2 ], 3 ], [ [ 1, 1, 1, 1, 1, 1, 1, 1, 2, 2, 2, 2, 4, 4 ], 6 ], [ [ 1, 1, 1, 1, 1, 1, 1, 1, 4, 4, 4, 4 ], 3 ], [ [ 2, 2, 2, 2, 2, 2, 2, 2, 2, 2, 2, 2 ], 12 ], [ [ 2, 2, 2, 2, 8, 8 ], 12 ], [ [ 2, 2, 2, 2, 4, 4, 4, 4 ], 12 ], [ [ 2, 2, 2, 2, 8, 8 ], 12 ], [ [ 3, 3, 3, 3, 3, 3, 3, 3 ], 32 ], [ [ 12, 12 ], 32 ], [ [ 6, 6, 6, 6 ], 32 ], [ [ 12, 12 ], 32 ], [ [ 2, 2, 2, 2, 2, 2, 2, 2, 4, 4 ], 12 ], [ [ 2, 2, 2, 2, 2, 2, 2, 2, 2, 2, 2, 2 ], 12 ], [ [ 2, 2, 2, 2, 2, 2, 2, 2, 4, 4 ], 12 ], [ [ 4, 4, 8, 8 ], 12 ], [ [ 2, 2, 2, 2, 8, 8 ], 12 ], [ [ 4, 4, 8, 8 ], 12 ], [ [ 4, 4, 4, 4, 4, 4 ], 12 ], [ [ 2, 2, 2, 2, 4, 4, 4, 4 ], 12 ], [ [ 4, 4, 4, 4, 4, 4 ], 12 ], [ [ 4, 4, 8, 8 ], 12 ], [ [ 2, 2, 2, 2, 8, 8 ], 12 ], [ [ 4, 4, 8, 8 ], 12 ], [ [ 4, 4, 4, 4, 4, 4 ], 1 ], [ [ 2, 2, 2, 2, 4, 4, 4, 4 ], 3 ], [ [ 4, 4, 4, 4, 4, 4 ], 3 ], [ [ 2, 2, 2, 2, 2, 2, 2, 2, 4, 4 ], 3 ], [ [ 2, 2, 2, 2, 4, 4, 4, 4 ], 6 ], [ [ 4, 4, 4, 4, 4, 4 ], 3 ], [ [ 2, 2, 2, 2, 2, 2, 2, 2, 2, 2, 2, 2 ], 1 ], [ [ 2, 2, 2, 2, 2, 2, 2, 2, 4, 4 ], 3 ], [ [ 2, 2, 2, 2, 4, 4, 4, 4 ], 3 ], [ [ 4, 4, 4, 4, 4, 4 ], 1 ] ]
1257|384|[ 384, 5557 ]|[ [ [ 1, 1, 1, 1, 1, 1, 1, 1, 1, 1, 1, 1, 1, 1, 1, 1, 1, 1, 1, 1, 1, 1, 1, 1 ], 1 ], [ [ 1, 1, 1, 1, 1, 1, 1, 1, 1, 1, 1, 1, 1, 1, 1, 1, 2, 2, 2, 2 ], 3 ], [ [ 1, 1, 1, 1, 1, 1, 1, 1, 2, 2, 2, 2, 2, 2, 2, 2 ], 12 ], [ [ 1, 1, 1, 1, 1, 1, 1, 1, 4, 4, 4, 4 ], 12 ], [ [ 1, 1, 1, 1, 1, 1, 1, 1, 4, 4, 4, 4 ], 3 ], [ [ 1, 1, 1, 1, 1, 1, 1, 1, 4, 4, 4, 4 ], 6 ], [ [ 1, 1, 1, 1, 1, 1, 1, 1, 2, 2, 2, 2, 2, 2, 2, 2 ], 3 ], [ [ 1, 1, 1, 1, 1, 1, 1, 1, 4, 4, 4, 4 ], 3 ], [ [ 2, 2, 2, 2, 2, 2, 2, 2, 4, 4 ], 3 ], [ [ 2, 2, 2, 2, 2, 2, 2, 2, 4, 4 ], 3 ], [ [ 2, 2, 2, 2, 8, 8 ], 12 ], [ [ 2, 2, 2, 2, 8, 8 ], 12 ], [ [ 2, 2, 2, 2, 2, 2, 2, 2, 4, 4 ], 6 ], [ [ 2, 2, 2, 2, 2, 2, 2, 2, 4, 4 ], 6 ], [ [ 2, 2, 2, 2, 2, 2, 2, 2, 4, 4 ], 12 ], [ [ 2, 2, 2, 2, 2, 2, 2, 2, 4, 4 ], 12 ], [ [ 12, 12 ], 32 ], [ [ 12, 12 ], 32 ], [ [ 2, 2, 2, 2, 8, 8 ], 12 ], [ [ 4, 4, 4, 4, 4, 4 ], 12 ], [ [ 4, 4, 4, 4, 4, 4 ], 12 ], [ [ 2, 2, 2, 2, 8, 8 ], 12 ], [ [ 2, 2, 2, 2, 2, 2, 2, 2, 2, 2, 2, 2 ], 12 ], [ [ 3, 3, 3, 3, 3, 3, 3, 3 ], 32 ], [ [ 6, 6, 6, 6 ], 32 ], [ [ 4, 4, 8, 8 ], 12 ], [ [ 4, 4, 8, 8 ], 12 ], [ [ 2, 2, 2, 2, 4, 4, 4, 4 ], 12 ], [ [ 4, 4, 8, 8 ], 12 ], [ [ 4, 4, 8, 8 ], 12 ], [ [ 4, 4, 4, 4, 4, 4 ], 1 ], [ [ 4, 4, 4, 4, 4, 4 ], 3 ], [ [ 2, 2, 2, 2, 2, 2, 2, 2, 4, 4 ], 3 ], [ [ 4, 4, 4, 4, 4, 4 ], 3 ], [ [ 2, 2, 2, 2, 4, 4, 4, 4 ], 3 ], [ [ 2, 2, 2, 2, 4, 4, 4, 4 ], 6 ], [ [ 2, 2, 2, 2, 2, 2, 2, 2, 2, 2, 2, 2 ], 1 ], [ [ 2, 2, 2, 2, 4, 4, 4, 4 ], 3 ], [ [ 2, 2, 2, 2, 2, 2, 2, 2, 4, 4 ], 3 ], [ [ 4, 4, 4, 4, 4, 4 ], 1 ] ]
1258|384|[ 384, 5557 ]|[ [ [ 1, 1, 1, 1, 1, 1, 1, 1, 1, 1, 1, 1, 1, 1, 1, 1, 1, 1, 1, 1, 1, 1, 1, 1 ], 1 ], [ [ 1, 1, 1, 1, 1, 1, 1, 1, 1, 1, 1, 1, 1, 1, 1, 1, 2, 2, 2, 2 ], 3 ], [ [ 1, 1, 1, 1, 1, 1, 1, 1, 8, 8 ], 12 ], [ [ 1, 1, 1, 1, 1, 1, 1, 1, 8, 8 ], 12 ], [ [ 1, 1, 1, 1, 1, 1, 1, 1, 4, 4, 4, 4 ], 3 ], [ [ 1, 1, 1, 1, 1, 1, 1, 1, 4, 4, 4, 4 ], 6 ], [ [ 1, 1, 1, 1, 1, 1, 1, 1, 2, 2, 2, 2, 2, 2, 2, 2 ], 3 ], [ [ 1, 1, 1, 1, 1, 1, 1, 1, 4, 4, 4, 4 ], 3 ], [ [ 2, 2, 2, 2, 2, 2, 2, 2, 4, 4 ], 3 ], [ [ 2, 2, 2, 2, 2, 2, 2, 2, 4, 4 ], 3 ], [ [ 2, 2, 2, 2, 2, 2, 2, 2, 2, 2, 2, 2 ], 12 ], [ [ 2, 2, 2, 2, 4, 4, 4, 4 ], 12 ], [ [ 2, 2, 2, 2, 2, 2, 2, 2, 4, 4 ], 6 ], [ [ 2, 2, 2, 2, 2, 2, 2, 2, 4, 4 ], 6 ], [ [ 2, 2, 2, 2, 2, 2, 2, 2, 2, 2, 2, 2 ], 12 ], [ [ 12, 12 ], 32 ], [ [ 12, 12 ], 32 ], [ [ 4, 4, 8, 8 ], 12 ], [ [ 4, 4, 8, 8 ], 12 ], [ [ 2, 2, 2, 2, 4, 4, 4, 4 ], 12 ], [ [ 4, 4, 8, 8 ], 12 ], [ [ 4, 4, 8, 8 ], 12 ], [ [ 2, 2, 2, 2, 2, 2, 2, 2, 4, 4 ], 12 ], [ [ 2, 2, 2, 2, 2, 2, 2, 2, 4, 4 ], 12 ], [ [ 3, 3, 3, 3, 3, 3, 3, 3 ], 32 ], [ [ 6, 6, 6, 6 ], 32 ], [ [ 2, 2, 2, 2, 8, 8 ], 12 ], [ [ 4, 4, 4, 4, 4, 4 ], 12 ], [ [ 4, 4, 4, 4, 4, 4 ], 12 ], [ [ 2, 2, 2, 2, 8, 8 ], 12 ], [ [ 4, 4, 4, 4, 4, 4 ], 1 ], [ [ 4, 4, 4, 4, 4, 4 ], 3 ], [ [ 2, 2, 2, 2, 2, 2, 2, 2, 4, 4 ], 3 ], [ [ 4, 4, 4, 4, 4, 4 ], 3 ], [ [ 2, 2, 2, 2, 4, 4, 4, 4 ], 3 ], [ [ 2, 2, 2, 2, 4, 4, 4, 4 ], 6 ], [ [ 2, 2, 2, 2, 2, 2, 2, 2, 2, 2, 2, 2 ], 1 ], [ [ 2, 2, 2, 2, 4, 4, 4, 4 ], 3 ], [ [ 2, 2, 2, 2, 2, 2, 2, 2, 4, 4 ], 3 ], [ [ 4, 4, 4, 4, 4, 4 ], 1 ] ]
1259|384|[ 384, 5558 ]|[ [ [ 1, 1, 1, 1, 1, 1, 1, 1, 1, 1, 1, 1, 1, 1, 1, 1, 1, 1, 1, 1, 1, 1, 1, 1 ], 1 ], [ [ 1, 1, 1, 1, 1, 1, 1, 1, 1, 1, 1, 1, 1, 1, 1, 1, 4, 4 ], 6 ], [ [ 1, 1, 1, 1, 1, 1, 1, 1, 1, 1, 1, 1, 1, 1, 1, 1, 2, 2, 2, 2 ], 3 ], [ [ 1, 1, 1, 1, 1, 1, 1, 1, 4, 4, 4, 4 ], 6 ], [ [ 1, 1, 1, 1, 1, 1, 1, 1, 2, 2, 2, 2, 4, 4 ], 6 ], [ [ 1, 1, 1, 1, 1, 1, 1, 1, 4, 4, 4, 4 ], 3 ], [ [ 1, 1, 1, 1, 1, 1, 1, 1, 2, 2, 2, 2, 4, 4 ], 6 ], [ [ 1, 1, 1, 1, 1, 1, 1, 1, 2, 2, 2, 2, 2, 2, 2, 2 ], 3 ], [ [ 1, 1, 1, 1, 1, 1, 1, 1, 4, 4, 4, 4 ], 3 ], [ [ 2, 2, 2, 2, 2, 2, 2, 2, 2, 2, 2, 2 ], 24 ], [ [ 2, 2, 2, 2, 8, 8 ], 24 ], [ [ 2, 2, 2, 2, 4, 4, 4, 4 ], 24 ], [ [ 2, 2, 2, 2, 8, 8 ], 24 ], [ [ 2, 2, 2, 2, 2, 2, 2, 2, 2, 2, 2, 2 ], 24 ], [ [ 2, 2, 2, 2, 8, 8 ], 24 ], [ [ 2, 2, 2, 2, 4, 4, 4, 4 ], 24 ], [ [ 2, 2, 2, 2, 8, 8 ], 24 ], [ [ 3, 3, 3, 3, 3, 3, 3, 3 ], 32 ], [ [ 12, 12 ], 32 ], [ [ 6, 6, 6, 6 ], 32 ], [ [ 12, 12 ], 32 ], [ [ 4, 4, 4, 4, 4, 4 ], 2 ], [ [ 2, 2, 2, 2, 4, 4, 4, 4 ], 6 ], [ [ 4, 4, 4, 4, 4, 4 ], 6 ], [ [ 2, 2, 2, 2, 2, 2, 2, 2, 4, 4 ], 6 ], [ [ 2, 2, 2, 2, 4, 4, 4, 4 ], 3 ], [ [ 2, 2, 2, 2, 4, 4, 4, 4 ], 3 ], [ [ 2, 2, 2, 2, 2, 2, 2, 2, 2, 2, 2, 2 ], 1 ] ]
1260|384|[ 384, 5558 ]|[ [ [ 1, 1, 1, 1, 1, 1, 1, 1, 1, 1, 1, 1, 1, 1, 1, 1, 1, 1, 1, 1, 1, 1, 1, 1 ], 1 ], [ [ 1, 1, 1, 1, 1, 1, 1, 1, 1, 1, 1, 1, 1, 1, 1, 1, 2, 2, 2, 2 ], 3 ], [ [ 1, 1, 1, 1, 2, 2, 2, 2, 2, 2, 2, 2, 2, 2 ], 24 ], [ [ 1, 1, 1, 1, 2, 2, 4, 4, 4, 4 ], 24 ], [ [ 1, 1, 1, 1, 1, 1, 1, 1, 4, 4, 4, 4 ], 6 ], [ [ 1, 1, 1, 1, 1, 1, 1, 1, 4, 4, 4, 4 ], 3 ], [ [ 1, 1, 1, 1, 1, 1, 1, 1, 2, 2, 2, 2, 2, 2, 2, 2 ], 3 ], [ [ 1, 1, 1, 1, 1, 1, 1, 1, 4, 4, 4, 4 ], 3 ], [ [ 2, 2, 2, 2, 2, 2, 2, 2, 4, 4 ], 6 ], [ [ 2, 2, 2, 2, 8, 8 ], 24 ], [ [ 2, 2, 2, 2, 8, 8 ], 24 ], [ [ 2, 2, 2, 2, 2, 2, 2, 2, 4, 4 ], 6 ], [ [ 2, 2, 2, 2, 2, 2, 2, 2, 4, 4 ], 6 ], [ [ 2, 2, 2, 2, 2, 2, 2, 2, 2, 2, 2, 2 ], 24 ], [ [ 12, 12 ], 32 ], [ [ 12, 12 ], 32 ], [ [ 2, 2, 2, 2, 4, 4, 4, 4 ], 24 ], [ [ 3, 3, 3, 3, 3, 3, 3, 3 ], 32 ], [ [ 6, 6, 6, 6 ], 32 ], [ [ 2, 2, 2, 2, 8, 8 ], 24 ], [ [ 2, 2, 2, 2, 8, 8 ], 24 ], [ [ 4, 4, 4, 4, 4, 4 ], 2 ], [ [ 4, 4, 4, 4, 4, 4 ], 6 ], [ [ 2, 2, 2, 2, 2, 2, 2, 2, 4, 4 ], 6 ], [ [ 2, 2, 2, 2, 4, 4, 4, 4 ], 6 ], [ [ 2, 2, 2, 2, 4, 4, 4, 4 ], 3 ], [ [ 2, 2, 2, 2, 4, 4, 4, 4 ], 3 ], [ [ 2, 2, 2, 2, 2, 2, 2, 2, 2, 2, 2, 2 ], 1 ] ]
1261|384|[ 384, 5558 ]|[ [ [ 1, 1, 1, 1, 1, 1, 1, 1, 1, 1, 1, 1, 1, 1, 1, 1, 1, 1, 1, 1, 1, 1, 1, 1 ], 1 ], [ [ 1, 1, 1, 1, 1, 1, 1, 1, 1, 1, 1, 1, 1, 1, 1, 1, 2, 2, 2, 2 ], 3 ], [ [ 1, 1, 1, 1, 2, 2, 8, 8 ], 24 ], [ [ 1, 1, 1, 1, 2, 2, 8, 8 ], 24 ], [ [ 1, 1, 1, 1, 1, 1, 1, 1, 4, 4, 4, 4 ], 6 ], [ [ 1, 1, 1, 1, 1, 1, 1, 1, 4, 4, 4, 4 ], 3 ], [ [ 1, 1, 1, 1, 1, 1, 1, 1, 2, 2, 2, 2, 2, 2, 2, 2 ], 3 ], [ [ 1, 1, 1, 1, 1, 1, 1, 1, 4, 4, 4, 4 ], 3 ], [ [ 2, 2, 2, 2, 2, 2, 2, 2, 4, 4 ], 6 ], [ [ 2, 2, 2, 2, 2, 2, 2, 2, 2, 2, 2, 2 ], 24 ], [ [ 2, 2, 2, 2, 4, 4, 4, 4 ], 24 ], [ [ 2, 2, 2, 2, 2, 2, 2, 2, 4, 4 ], 6 ], [ [ 2, 2, 2, 2, 2, 2, 2, 2, 4, 4 ], 6 ], [ [ 12, 12 ], 32 ], [ [ 12, 12 ], 32 ], [ [ 2, 2, 2, 2, 8, 8 ], 24 ], [ [ 2, 2, 2, 2, 8, 8 ], 24 ], [ [ 2, 2, 2, 2, 2, 2, 2, 2, 2, 2, 2, 2 ], 24 ], [ [ 3, 3, 3, 3, 3, 3, 3, 3 ], 32 ], [ [ 6, 6, 6, 6 ], 32 ], [ [ 2, 2, 2, 2, 4, 4, 4, 4 ], 24 ], [ [ 4, 4, 4, 4, 4, 4 ], 2 ], [ [ 4, 4, 4, 4, 4, 4 ], 6 ], [ [ 2, 2, 2, 2, 2, 2, 2, 2, 4, 4 ], 6 ], [ [ 2, 2, 2, 2, 4, 4, 4, 4 ], 6 ], [ [ 2, 2, 2, 2, 4, 4, 4, 4 ], 3 ], [ [ 2, 2, 2, 2, 4, 4, 4, 4 ], 3 ], [ [ 2, 2, 2, 2, 2, 2, 2, 2, 2, 2, 2, 2 ], 1 ] ]
1262|384|[ 384, 5567 ]|[ [ [ 1, 1, 1, 1, 1, 1, 1, 1, 1, 1, 1, 1, 1, 1, 1, 1, 1, 1, 1, 1, 1, 1, 1, 1 ], 1 ], [ [ 1, 1, 1, 1, 1, 1, 1, 1, 1, 1, 1, 1, 1, 1, 1, 1, 2, 2, 2, 2 ], 3 ], [ [ 1, 1, 1, 1, 1, 1, 1, 1, 2, 2, 2, 2, 2, 2, 2, 2 ], 3 ], [ [ 1, 1, 1, 1, 1, 1, 1, 1, 2, 2, 2, 2, 2, 2, 2, 2 ], 6 ], [ [ 1, 1, 1, 1, 1, 1, 1, 1, 2, 2, 2, 2, 2, 2, 2, 2 ], 6 ], [ [ 1, 1, 1, 1, 1, 1, 1, 1, 2, 2, 2, 2, 4, 4 ], 24 ], [ [ 2, 2, 2, 2, 4, 4, 4, 4 ], 24 ], [ [ 2, 2, 2, 2, 2, 2, 2, 2, 2, 2, 2, 2 ], 24 ], [ [ 2, 2, 2, 2, 4, 4, 4, 4 ], 24 ], [ [ 2, 2, 2, 2, 2, 2, 2, 2, 2, 2, 2, 2 ], 6 ], [ [ 2, 2, 2, 2, 2, 2, 2, 2, 2, 2, 2, 2 ], 6 ], [ [ 4, 4, 4, 4, 4, 4 ], 8 ], [ [ 2, 2, 2, 2, 2, 2, 2, 2, 2, 2, 2, 2 ], 24 ], [ [ 2, 2, 2, 2, 4, 4, 4, 4 ], 24 ], [ [ 4, 4, 4, 4, 4, 4 ], 24 ], [ [ 4, 4, 4, 4, 4, 4 ], 24 ], [ [ 12, 12 ], 32 ], [ [ 12, 12 ], 32 ], [ [ 3, 3, 3, 3, 3, 3, 3, 3 ], 32 ], [ [ 6, 6, 6, 6 ], 32 ], [ [ 2, 2, 2, 2, 4, 4, 4, 4 ], 24 ], [ [ 2, 2, 2, 2, 2, 2, 2, 2, 2, 2, 2, 2 ], 1 ] ]
1263|384|[ 384, 5567 ]|[ [ [ 1, 1, 1, 1, 1, 1, 1, 1, 1, 1, 1, 1, 1, 1, 1, 1, 1, 1, 1, 1, 1, 1, 1, 1 ], 1 ], [ [ 1, 1, 1, 1, 1, 1, 1, 1, 1, 1, 1, 1, 1, 1, 1, 1, 2, 2, 2, 2 ], 3 ], [ [ 1, 1, 1, 1, 1, 1, 1, 1, 2, 2, 2, 2, 2, 2, 2, 2 ], 3 ], [ [ 1, 1, 1, 1, 1, 1, 1, 1, 2, 2, 2, 2, 2, 2, 2, 2 ], 6 ], [ [ 1, 1, 1, 1, 1, 1, 1, 1, 2, 2, 2, 2, 2, 2, 2, 2 ], 6 ], [ [ 1, 1, 1, 1, 2, 2, 2, 2, 2, 2, 2, 2, 2, 2 ], 24 ], [ [ 1, 1, 1, 1, 2, 2, 4, 4, 4, 4 ], 24 ], [ [ 2, 2, 2, 2, 4, 4, 4, 4 ], 24 ], [ [ 2, 2, 2, 2, 2, 2, 2, 2, 4, 4 ], 24 ], [ [ 2, 2, 2, 2, 2, 2, 2, 2, 2, 2, 2, 2 ], 6 ], [ [ 2, 2, 2, 2, 2, 2, 2, 2, 2, 2, 2, 2 ], 6 ], [ [ 4, 4, 4, 4, 4, 4 ], 24 ], [ [ 4, 4, 4, 4, 4, 4 ], 24 ], [ [ 2, 2, 2, 2, 2, 2, 2, 2, 2, 2, 2, 2 ], 24 ], [ [ 2, 2, 2, 2, 4, 4, 4, 4 ], 24 ], [ [ 4, 4, 4, 4, 4, 4 ], 8 ], [ [ 3, 3, 3, 3, 3, 3, 3, 3 ], 32 ], [ [ 6, 6, 6, 6 ], 32 ], [ [ 12, 12 ], 32 ], [ [ 12, 12 ], 32 ], [ [ 2, 2, 2, 2, 4, 4, 4, 4 ], 24 ], [ [ 2, 2, 2, 2, 2, 2, 2, 2, 2, 2, 2, 2 ], 1 ] ]
1264|384|[ 384, 5567 ]|[ [ [ 1, 1, 1, 1, 1, 1, 1, 1, 1, 1, 1, 1, 1, 1, 1, 1, 1, 1, 1, 1, 1, 1, 1, 1 ], 1 ], [ [ 1, 1, 1, 1, 1, 1, 1, 1, 1, 1, 1, 1, 1, 1, 1, 1, 2, 2, 2, 2 ], 3 ], [ [ 1, 1, 1, 1, 1, 1, 1, 1, 2, 2, 2, 2, 2, 2, 2, 2 ], 3 ], [ [ 1, 1, 1, 1, 1, 1, 1, 1, 2, 2, 2, 2, 2, 2, 2, 2 ], 6 ], [ [ 1, 1, 1, 1, 1, 1, 1, 1, 2, 2, 2, 2, 2, 2, 2, 2 ], 6 ], [ [ 1, 1, 1, 1, 1, 1, 1, 1, 4, 4, 4, 4 ], 24 ], [ [ 2, 2, 2, 2, 2, 2, 2, 2, 4, 4 ], 24 ], [ [ 2, 2, 2, 2, 2, 2, 2, 2, 2, 2, 2, 2 ], 24 ], [ [ 2, 2, 2, 2, 4, 4, 4, 4 ], 24 ], [ [ 2, 2, 2, 2, 2, 2, 2, 2, 2, 2, 2, 2 ], 6 ], [ [ 2, 2, 2, 2, 2, 2, 2, 2, 2, 2, 2, 2 ], 6 ], [ [ 2, 2, 2, 2, 2, 2, 2, 2, 2, 2, 2, 2 ], 24 ], [ [ 2, 2, 2, 2, 4, 4, 4, 4 ], 24 ], [ [ 4, 4, 4, 4, 4, 4 ], 8 ], [ [ 4, 4, 4, 4, 4, 4 ], 24 ], [ [ 4, 4, 4, 4, 4, 4 ], 24 ], [ [ 12, 12 ], 32 ], [ [ 12, 12 ], 32 ], [ [ 2, 2, 2, 2, 4, 4, 4, 4 ], 24 ], [ [ 3, 3, 3, 3, 3, 3, 3, 3 ], 32 ], [ [ 6, 6, 6, 6 ], 32 ], [ [ 2, 2, 2, 2, 2, 2, 2, 2, 2, 2, 2, 2 ], 1 ] ]
1265|384|[ 384, 5566 ]|[ [ [ 1, 1, 1, 1, 1, 1, 1, 1, 1, 1, 1, 1, 1, 1, 1, 1, 1, 1, 1, 1, 1, 1, 1, 1 ], 1 ], [ [ 1, 1, 1, 1, 1, 1, 1, 1, 1, 1, 1, 1, 1, 1, 1, 1, 2, 2, 2, 2 ], 3 ], [ [ 1, 1, 1, 1, 1, 1, 1, 1, 2, 2, 2, 2, 2, 2, 2, 2 ], 3 ], [ [ 1, 1, 1, 1, 1, 1, 1, 1, 2, 2, 2, 2, 2, 2, 2, 2 ], 6 ], [ [ 1, 1, 1, 1, 1, 1, 1, 1, 2, 2, 2, 2, 2, 2, 2, 2 ], 6 ], [ [ 1, 1, 1, 1, 1, 1, 1, 1, 2, 2, 2, 2, 2, 2, 2, 2 ], 12 ], [ [ 1, 1, 1, 1, 1, 1, 1, 1, 4, 4, 4, 4 ], 12 ], [ [ 2, 2, 2, 2, 2, 2, 2, 2, 4, 4 ], 12 ], [ [ 2, 2, 2, 2, 2, 2, 2, 2, 4, 4 ], 12 ], [ [ 2, 2, 2, 2, 4, 4, 4, 4 ], 24 ], [ [ 2, 2, 2, 2, 4, 4, 4, 4 ], 24 ], [ [ 2, 2, 2, 2, 2, 2, 2, 2, 2, 2, 2, 2 ], 6 ], [ [ 2, 2, 2, 2, 2, 2, 2, 2, 2, 2, 2, 2 ], 6 ], [ [ 2, 2, 2, 2, 4, 4, 4, 4 ], 24 ], [ [ 2, 2, 2, 2, 4, 4, 4, 4 ], 24 ], [ [ 4, 4, 4, 4, 4, 4 ], 4 ], [ [ 4, 4, 4, 4, 4, 4 ], 4 ], [ [ 2, 2, 2, 2, 2, 2, 2, 2, 4, 4 ], 12 ], [ [ 4, 4, 4, 4, 4, 4 ], 12 ], [ [ 4, 4, 4, 4, 4, 4 ], 12 ], [ [ 2, 2, 2, 2, 2, 2, 2, 2, 4, 4 ], 12 ], [ [ 12, 12 ], 32 ], [ [ 12, 12 ], 32 ], [ [ 2, 2, 2, 2, 2, 2, 2, 2, 2, 2, 2, 2 ], 12 ], [ [ 3, 3, 3, 3, 3, 3, 3, 3 ], 32 ], [ [ 6, 6, 6, 6 ], 32 ], [ [ 2, 2, 2, 2, 4, 4, 4, 4 ], 12 ], [ [ 2, 2, 2, 2, 2, 2, 2, 2, 2, 2, 2, 2 ], 1 ] ]
1266|384|[ 384, 5566 ]|[ [ [ 1, 1, 1, 1, 1, 1, 1, 1, 1, 1, 1, 1, 1, 1, 1, 1, 1, 1, 1, 1, 1, 1, 1, 1 ], 1 ], [ [ 1, 1, 1, 1, 1, 1, 1, 1, 1, 1, 1, 1, 1, 1, 1, 1, 2, 2, 2, 2 ], 3 ], [ [ 1, 1, 1, 1, 1, 1, 1, 1, 2, 2, 2, 2, 2, 2, 2, 2 ], 3 ], [ [ 1, 1, 1, 1, 1, 1, 1, 1, 2, 2, 2, 2, 2, 2, 2, 2 ], 6 ], [ [ 1, 1, 1, 1, 1, 1, 1, 1, 2, 2, 2, 2, 2, 2, 2, 2 ], 6 ], [ [ 1, 1, 1, 1, 1, 1, 1, 1, 2, 2, 2, 2, 4, 4 ], 12 ], [ [ 1, 1, 1, 1, 1, 1, 1, 1, 2, 2, 2, 2, 4, 4 ], 12 ], [ [ 2, 2, 2, 2, 2, 2, 2, 2, 2, 2, 2, 2 ], 12 ], [ [ 2, 2, 2, 2, 4, 4, 4, 4 ], 12 ], [ [ 2, 2, 2, 2, 4, 4, 4, 4 ], 24 ], [ [ 2, 2, 2, 2, 4, 4, 4, 4 ], 24 ], [ [ 2, 2, 2, 2, 2, 2, 2, 2, 2, 2, 2, 2 ], 6 ], [ [ 2, 2, 2, 2, 2, 2, 2, 2, 2, 2, 2, 2 ], 6 ], [ [ 4, 4, 4, 4, 4, 4 ], 4 ], [ [ 4, 4, 4, 4, 4, 4 ], 4 ], [ [ 2, 2, 2, 2, 4, 4, 4, 4 ], 24 ], [ [ 2, 2, 2, 2, 4, 4, 4, 4 ], 24 ], [ [ 2, 2, 2, 2, 2, 2, 2, 2, 4, 4 ], 12 ], [ [ 4, 4, 4, 4, 4, 4 ], 12 ], [ [ 4, 4, 4, 4, 4, 4 ], 12 ], [ [ 2, 2, 2, 2, 2, 2, 2, 2, 4, 4 ], 12 ], [ [ 12, 12 ], 32 ], [ [ 12, 12 ], 32 ], [ [ 3, 3, 3, 3, 3, 3, 3, 3 ], 32 ], [ [ 6, 6, 6, 6 ], 32 ], [ [ 2, 2, 2, 2, 2, 2, 2, 2, 2, 2, 2, 2 ], 12 ], [ [ 2, 2, 2, 2, 4, 4, 4, 4 ], 12 ], [ [ 2, 2, 2, 2, 2, 2, 2, 2, 2, 2, 2, 2 ], 1 ] ]
1267|384|[ 384, 5566 ]|[ [ [ 1, 1, 1, 1, 1, 1, 1, 1, 1, 1, 1, 1, 1, 1, 1, 1, 1, 1, 1, 1, 1, 1, 1, 1 ], 1 ], [ [ 1, 1, 1, 1, 1, 1, 1, 1, 1, 1, 1, 1, 1, 1, 1, 1, 2, 2, 2, 2 ], 3 ], [ [ 1, 1, 1, 1, 1, 1, 1, 1, 2, 2, 2, 2, 2, 2, 2, 2 ], 3 ], [ [ 1, 1, 1, 1, 1, 1, 1, 1, 2, 2, 2, 2, 2, 2, 2, 2 ], 6 ], [ [ 1, 1, 1, 1, 1, 1, 1, 1, 2, 2, 2, 2, 2, 2, 2, 2 ], 6 ], [ [ 1, 1, 1, 1, 2, 2, 4, 4, 4, 4 ], 24 ], [ [ 1, 1, 1, 1, 2, 2, 4, 4, 4, 4 ], 24 ], [ [ 2, 2, 2, 2, 2, 2, 2, 2, 2, 2, 2, 2 ], 12 ], [ [ 2, 2, 2, 2, 4, 4, 4, 4 ], 12 ], [ [ 2, 2, 2, 2, 2, 2, 2, 2, 4, 4 ], 12 ], [ [ 2, 2, 2, 2, 2, 2, 2, 2, 4, 4 ], 12 ], [ [ 2, 2, 2, 2, 2, 2, 2, 2, 2, 2, 2, 2 ], 6 ], [ [ 2, 2, 2, 2, 2, 2, 2, 2, 2, 2, 2, 2 ], 6 ], [ [ 2, 2, 2, 2, 2, 2, 2, 2, 4, 4 ], 12 ], [ [ 4, 4, 4, 4, 4, 4 ], 12 ], [ [ 4, 4, 4, 4, 4, 4 ], 12 ], [ [ 2, 2, 2, 2, 2, 2, 2, 2, 4, 4 ], 12 ], [ [ 2, 2, 2, 2, 4, 4, 4, 4 ], 24 ], [ [ 2, 2, 2, 2, 4, 4, 4, 4 ], 24 ], [ [ 4, 4, 4, 4, 4, 4 ], 4 ], [ [ 4, 4, 4, 4, 4, 4 ], 4 ], [ [ 3, 3, 3, 3, 3, 3, 3, 3 ], 32 ], [ [ 6, 6, 6, 6 ], 32 ], [ [ 12, 12 ], 32 ], [ [ 12, 12 ], 32 ], [ [ 2, 2, 2, 2, 2, 2, 2, 2, 2, 2, 2, 2 ], 12 ], [ [ 2, 2, 2, 2, 4, 4, 4, 4 ], 12 ], [ [ 2, 2, 2, 2, 2, 2, 2, 2, 2, 2, 2, 2 ], 1 ] ]
1268|384|[ 384, 5567 ]|[ [ [ 1, 1, 1, 1, 1, 1, 1, 1, 1, 1, 1, 1, 1, 1, 1, 1, 1, 1, 1, 1, 1, 1, 1, 1 ], 1 ], [ [ 1, 1, 1, 1, 1, 1, 1, 1, 1, 1, 1, 1, 1, 1, 1, 1, 2, 2, 2, 2 ], 3 ], [ [ 1, 1, 1, 1, 1, 1, 1, 1, 1, 1, 1, 1, 1, 1, 1, 1, 2, 2, 2, 2 ], 6 ], [ [ 1, 1, 1, 1, 1, 1, 1, 1, 1, 1, 1, 1, 1, 1, 1, 1, 2, 2, 2, 2 ], 6 ], [ [ 1, 1, 1, 1, 1, 1, 1, 1, 2, 2, 2, 2, 2, 2, 2, 2 ], 3 ], [ [ 1, 1, 1, 1, 1, 1, 1, 1, 2, 2, 2, 2, 2, 2, 2, 2 ], 6 ], [ [ 1, 1, 1, 1, 1, 1, 1, 1, 2, 2, 2, 2, 2, 2, 2, 2 ], 6 ], [ [ 2, 2, 2, 2, 2, 2, 2, 2, 4, 4 ], 24 ], [ [ 2, 2, 2, 2, 2, 2, 2, 2, 2, 2, 2, 2 ], 24 ], [ [ 2, 2, 2, 2, 4, 4, 4, 4 ], 24 ], [ [ 2, 2, 2, 2, 2, 2, 2, 2, 4, 4 ], 24 ], [ [ 4, 4, 4, 4, 4, 4 ], 8 ], [ [ 2, 2, 2, 2, 2, 2, 2, 2, 2, 2, 2, 2 ], 24 ], [ [ 2, 2, 2, 2, 4, 4, 4, 4 ], 24 ], [ [ 2, 2, 2, 2, 4, 4, 4, 4 ], 24 ], [ [ 2, 2, 2, 2, 4, 4, 4, 4 ], 24 ], [ [ 3, 3, 3, 3, 3, 3, 3, 3 ], 32 ], [ [ 6, 6, 6, 6 ], 32 ], [ [ 2, 2, 2, 2, 2, 2, 2, 2, 4, 4 ], 24 ], [ [ 12, 12 ], 32 ], [ [ 12, 12 ], 32 ], [ [ 2, 2, 2, 2, 2, 2, 2, 2, 2, 2, 2, 2 ], 1 ] ]
1269|384|[ 384, 5567 ]|[ [ [ 1, 1, 1, 1, 1, 1, 1, 1, 1, 1, 1, 1, 1, 1, 1, 1, 1, 1, 1, 1, 1, 1, 1, 1 ], 1 ], [ [ 1, 1, 1, 1, 1, 1, 1, 1, 1, 1, 1, 1, 1, 1, 1, 1, 2, 2, 2, 2 ], 3 ], [ [ 1, 1, 1, 1, 1, 1, 1, 1, 2, 2, 2, 2, 2, 2, 2, 2 ], 6 ], [ [ 1, 1, 1, 1, 1, 1, 1, 1, 2, 2, 2, 2, 2, 2, 2, 2 ], 6 ], [ [ 1, 1, 1, 1, 1, 1, 1, 1, 2, 2, 2, 2, 2, 2, 2, 2 ], 3 ], [ [ 1, 1, 1, 1, 2, 2, 2, 2, 2, 2, 2, 2, 2, 2 ], 24 ], [ [ 1, 1, 1, 1, 2, 2, 4, 4, 4, 4 ], 24 ], [ [ 2, 2, 2, 2, 4, 4, 4, 4 ], 24 ], [ [ 2, 2, 2, 2, 2, 2, 2, 2, 2, 2, 2, 2 ], 6 ], [ [ 2, 2, 2, 2, 2, 2, 2, 2, 2, 2, 2, 2 ], 6 ], [ [ 2, 2, 2, 2, 2, 2, 2, 2, 2, 2, 2, 2 ], 24 ], [ [ 2, 2, 2, 2, 4, 4, 4, 4 ], 24 ], [ [ 4, 4, 4, 4, 4, 4 ], 8 ], [ [ 2, 2, 2, 2, 2, 2, 2, 2, 4, 4 ], 24 ], [ [ 4, 4, 4, 4, 4, 4 ], 24 ], [ [ 4, 4, 4, 4, 4, 4 ], 24 ], [ [ 3, 3, 3, 3, 3, 3, 3, 3 ], 32 ], [ [ 6, 6, 6, 6 ], 32 ], [ [ 2, 2, 2, 2, 4, 4, 4, 4 ], 24 ], [ [ 12, 12 ], 32 ], [ [ 12, 12 ], 32 ], [ [ 2, 2, 2, 2, 2, 2, 2, 2, 2, 2, 2, 2 ], 1 ] ]
1270|384|[ 384, 5567 ]|[ [ [ 1, 1, 1, 1, 1, 1, 1, 1, 1, 1, 1, 1, 1, 1, 1, 1, 1, 1, 1, 1, 1, 1, 1, 1 ], 1 ], [ [ 1, 1, 1, 1, 1, 1, 1, 1, 1, 1, 1, 1, 1, 1, 1, 1, 2, 2, 2, 2 ], 6 ], [ [ 1, 1, 1, 1, 1, 1, 1, 1, 2, 2, 2, 2, 2, 2, 2, 2 ], 3 ], [ [ 1, 1, 1, 1, 2, 2, 2, 2, 2, 2, 4, 4 ], 24 ], [ [ 1, 1, 1, 1, 2, 2, 2, 2, 2, 2, 2, 2, 2, 2 ], 24 ], [ [ 1, 1, 1, 1, 1, 1, 1, 1, 2, 2, 2, 2, 2, 2, 2, 2 ], 6 ], [ [ 2, 2, 2, 2, 2, 2, 2, 2, 2, 2, 2, 2 ], 3 ], [ [ 2, 2, 2, 2, 2, 2, 2, 2, 2, 2, 2, 2 ], 6 ], [ [ 2, 2, 2, 2, 2, 2, 2, 2, 2, 2, 2, 2 ], 6 ], [ [ 2, 2, 2, 2, 4, 4, 4, 4 ], 24 ], [ [ 2, 2, 2, 2, 2, 2, 2, 2, 2, 2, 2, 2 ], 24 ], [ [ 2, 2, 2, 2, 4, 4, 4, 4 ], 24 ], [ [ 4, 4, 4, 4, 4, 4 ], 24 ], [ [ 4, 4, 4, 4, 4, 4 ], 8 ], [ [ 2, 2, 2, 2, 4, 4, 4, 4 ], 24 ], [ [ 2, 2, 2, 2, 4, 4, 4, 4 ], 24 ], [ [ 2, 2, 2, 2, 2, 2, 2, 2, 4, 4 ], 24 ], [ [ 6, 6, 6, 6 ], 32 ], [ [ 3, 3, 3, 3, 3, 3, 3, 3 ], 32 ], [ [ 12, 12 ], 32 ], [ [ 12, 12 ], 32 ], [ [ 2, 2, 2, 2, 2, 2, 2, 2, 2, 2, 2, 2 ], 1 ] ]
1271|384|[ 384, 5567 ]|[ [ [ 1, 1, 1, 1, 1, 1, 1, 1, 1, 1, 1, 1, 1, 1, 1, 1, 1, 1, 1, 1, 1, 1, 1, 1 ], 1 ], [ [ 1, 1, 1, 1, 1, 1, 1, 1, 1, 1, 1, 1, 1, 1, 1, 1, 2, 2, 2, 2 ], 6 ], [ [ 1, 1, 1, 1, 1, 1, 1, 1, 2, 2, 2, 2, 2, 2, 2, 2 ], 3 ], [ [ 1, 1, 1, 1, 2, 2, 2, 2, 2, 2, 4, 4 ], 24 ], [ [ 1, 1, 1, 1, 2, 2, 4, 4, 4, 4 ], 24 ], [ [ 1, 1, 1, 1, 1, 1, 1, 1, 2, 2, 2, 2, 2, 2, 2, 2 ], 6 ], [ [ 2, 2, 2, 2, 2, 2, 2, 2, 2, 2, 2, 2 ], 3 ], [ [ 2, 2, 2, 2, 2, 2, 2, 2, 2, 2, 2, 2 ], 6 ], [ [ 2, 2, 2, 2, 2, 2, 2, 2, 2, 2, 2, 2 ], 6 ], [ [ 2, 2, 2, 2, 2, 2, 2, 2, 2, 2, 2, 2 ], 24 ], [ [ 2, 2, 2, 2, 2, 2, 2, 2, 2, 2, 2, 2 ], 24 ], [ [ 2, 2, 2, 2, 4, 4, 4, 4 ], 24 ], [ [ 4, 4, 4, 4, 4, 4 ], 24 ], [ [ 4, 4, 4, 4, 4, 4 ], 8 ], [ [ 2, 2, 2, 2, 4, 4, 4, 4 ], 24 ], [ [ 2, 2, 2, 2, 4, 4, 4, 4 ], 24 ], [ [ 2, 2, 2, 2, 2, 2, 2, 2, 4, 4 ], 24 ], [ [ 6, 6, 6, 6 ], 32 ], [ [ 3, 3, 3, 3, 3, 3, 3, 3 ], 32 ], [ [ 12, 12 ], 32 ], [ [ 12, 12 ], 32 ], [ [ 2, 2, 2, 2, 2, 2, 2, 2, 2, 2, 2, 2 ], 1 ] ]
1272|384|[ 384, 5567 ]|[ [ [ 1, 1, 1, 1, 1, 1, 1, 1, 1, 1, 1, 1, 1, 1, 1, 1, 1, 1, 1, 1, 1, 1, 1, 1 ], 1 ], [ [ 1, 1, 1, 1, 1, 1, 1, 1, 2, 2, 2, 2, 2, 2, 2, 2 ], 6 ], [ [ 1, 1, 1, 1, 1, 1, 1, 1, 2, 2, 2, 2, 2, 2, 2, 2 ], 3 ], [ [ 1, 1, 1, 1, 2, 2, 4, 4, 4, 4 ], 24 ], [ [ 1, 1, 1, 1, 2, 2, 4, 4, 4, 4 ], 24 ], [ [ 1, 1, 1, 1, 1, 1, 1, 1, 2, 2, 2, 2, 2, 2, 2, 2 ], 6 ], [ [ 1, 1, 1, 1, 1, 1, 1, 1, 2, 2, 2, 2, 2, 2, 2, 2 ], 6 ], [ [ 2, 2, 2, 2, 2, 2, 2, 2, 2, 2, 2, 2 ], 3 ], [ [ 2, 2, 2, 2, 2, 2, 2, 2, 2, 2, 2, 2 ], 6 ], [ [ 2, 2, 2, 2, 2, 2, 2, 2, 2, 2, 2, 2 ], 24 ], [ [ 2, 2, 2, 2, 4, 4, 4, 4 ], 24 ], [ [ 2, 2, 2, 2, 2, 2, 2, 2, 2, 2, 2, 2 ], 24 ], [ [ 4, 4, 4, 4, 4, 4 ], 24 ], [ [ 4, 4, 4, 4, 4, 4 ], 8 ], [ [ 4, 4, 4, 4, 4, 4 ], 24 ], [ [ 4, 4, 4, 4, 4, 4 ], 24 ], [ [ 2, 2, 2, 2, 4, 4, 4, 4 ], 24 ], [ [ 3, 3, 3, 3, 3, 3, 3, 3 ], 32 ], [ [ 6, 6, 6, 6 ], 32 ], [ [ 12, 12 ], 32 ], [ [ 12, 12 ], 32 ], [ [ 2, 2, 2, 2, 2, 2, 2, 2, 2, 2, 2, 2 ], 1 ] ]
1273|384|[ 384, 5567 ]|[ [ [ 1, 1, 1, 1, 1, 1, 1, 1, 1, 1, 1, 1, 1, 1, 1, 1, 1, 1, 1, 1, 1, 1, 1, 1 ], 1 ], [ [ 1, 1, 1, 1, 1, 1, 1, 1, 2, 2, 2, 2, 2, 2, 2, 2 ], 6 ], [ [ 1, 1, 1, 1, 1, 1, 1, 1, 2, 2, 2, 2, 2, 2, 2, 2 ], 3 ], [ [ 1, 1, 1, 1, 2, 2, 4, 4, 4, 4 ], 24 ], [ [ 1, 1, 1, 1, 2, 2, 2, 2, 2, 2, 2, 2, 2, 2 ], 24 ], [ [ 1, 1, 1, 1, 1, 1, 1, 1, 2, 2, 2, 2, 2, 2, 2, 2 ], 6 ], [ [ 1, 1, 1, 1, 1, 1, 1, 1, 2, 2, 2, 2, 2, 2, 2, 2 ], 6 ], [ [ 2, 2, 2, 2, 2, 2, 2, 2, 2, 2, 2, 2 ], 3 ], [ [ 2, 2, 2, 2, 2, 2, 2, 2, 2, 2, 2, 2 ], 6 ], [ [ 2, 2, 2, 2, 4, 4, 4, 4 ], 24 ], [ [ 2, 2, 2, 2, 4, 4, 4, 4 ], 24 ], [ [ 2, 2, 2, 2, 2, 2, 2, 2, 2, 2, 2, 2 ], 24 ], [ [ 4, 4, 4, 4, 4, 4 ], 24 ], [ [ 4, 4, 4, 4, 4, 4 ], 8 ], [ [ 4, 4, 4, 4, 4, 4 ], 24 ], [ [ 4, 4, 4, 4, 4, 4 ], 24 ], [ [ 2, 2, 2, 2, 4, 4, 4, 4 ], 24 ], [ [ 3, 3, 3, 3, 3, 3, 3, 3 ], 32 ], [ [ 6, 6, 6, 6 ], 32 ], [ [ 12, 12 ], 32 ], [ [ 12, 12 ], 32 ], [ [ 2, 2, 2, 2, 2, 2, 2, 2, 2, 2, 2, 2 ], 1 ] ]
1274|384|[ 384, 5566 ]|[ [ [ 1, 1, 1, 1, 1, 1, 1, 1, 1, 1, 1, 1, 1, 1, 1, 1, 1, 1, 1, 1, 1, 1, 1, 1 ], 1 ], [ [ 1, 1, 1, 1, 1, 1, 1, 1, 1, 1, 1, 1, 1, 1, 1, 1, 2, 2, 2, 2 ], 3 ], [ [ 1, 1, 1, 1, 1, 1, 1, 1, 1, 1, 1, 1, 1, 1, 1, 1, 2, 2, 2, 2 ], 6 ], [ [ 1, 1, 1, 1, 1, 1, 1, 1, 1, 1, 1, 1, 1, 1, 1, 1, 2, 2, 2, 2 ], 6 ], [ [ 1, 1, 1, 1, 1, 1, 1, 1, 2, 2, 2, 2, 2, 2, 2, 2 ], 3 ], [ [ 1, 1, 1, 1, 1, 1, 1, 1, 2, 2, 2, 2, 2, 2, 2, 2 ], 6 ], [ [ 1, 1, 1, 1, 1, 1, 1, 1, 2, 2, 2, 2, 2, 2, 2, 2 ], 6 ], [ [ 2, 2, 2, 2, 2, 2, 2, 2, 2, 2, 2, 2 ], 12 ], [ [ 2, 2, 2, 2, 4, 4, 4, 4 ], 12 ], [ [ 2, 2, 2, 2, 2, 2, 2, 2, 4, 4 ], 24 ], [ [ 2, 2, 2, 2, 2, 2, 2, 2, 4, 4 ], 24 ], [ [ 2, 2, 2, 2, 2, 2, 2, 2, 4, 4 ], 12 ], [ [ 2, 2, 2, 2, 2, 2, 2, 2, 4, 4 ], 12 ], [ [ 4, 4, 4, 4, 4, 4 ], 4 ], [ [ 4, 4, 4, 4, 4, 4 ], 4 ], [ [ 2, 2, 2, 2, 2, 2, 2, 2, 4, 4 ], 24 ], [ [ 2, 2, 2, 2, 2, 2, 2, 2, 4, 4 ], 24 ], [ [ 2, 2, 2, 2, 2, 2, 2, 2, 4, 4 ], 12 ], [ [ 4, 4, 4, 4, 4, 4 ], 12 ], [ [ 4, 4, 4, 4, 4, 4 ], 12 ], [ [ 2, 2, 2, 2, 2, 2, 2, 2, 4, 4 ], 12 ], [ [ 3, 3, 3, 3, 3, 3, 3, 3 ], 32 ], [ [ 6, 6, 6, 6 ], 32 ], [ [ 2, 2, 2, 2, 2, 2, 2, 2, 2, 2, 2, 2 ], 12 ], [ [ 2, 2, 2, 2, 4, 4, 4, 4 ], 12 ], [ [ 12, 12 ], 32 ], [ [ 12, 12 ], 32 ], [ [ 2, 2, 2, 2, 2, 2, 2, 2, 2, 2, 2, 2 ], 1 ] ]
1275|384|[ 384, 5566 ]|[ [ [ 1, 1, 1, 1, 1, 1, 1, 1, 1, 1, 1, 1, 1, 1, 1, 1, 1, 1, 1, 1, 1, 1, 1, 1 ], 1 ], [ [ 1, 1, 1, 1, 1, 1, 1, 1, 1, 1, 1, 1, 1, 1, 1, 1, 2, 2, 2, 2 ], 3 ], [ [ 1, 1, 1, 1, 1, 1, 1, 1, 2, 2, 2, 2, 2, 2, 2, 2 ], 6 ], [ [ 1, 1, 1, 1, 1, 1, 1, 1, 2, 2, 2, 2, 2, 2, 2, 2 ], 6 ], [ [ 1, 1, 1, 1, 1, 1, 1, 1, 2, 2, 2, 2, 2, 2, 2, 2 ], 3 ], [ [ 1, 1, 1, 1, 2, 2, 4, 4, 4, 4 ], 24 ], [ [ 1, 1, 1, 1, 2, 2, 4, 4, 4, 4 ], 24 ], [ [ 2, 2, 2, 2, 2, 2, 2, 2, 2, 2, 2, 2 ], 12 ], [ [ 2, 2, 2, 2, 4, 4, 4, 4 ], 12 ], [ [ 2, 2, 2, 2, 2, 2, 2, 2, 2, 2, 2, 2 ], 6 ], [ [ 2, 2, 2, 2, 2, 2, 2, 2, 2, 2, 2, 2 ], 6 ], [ [ 2, 2, 2, 2, 4, 4, 4, 4 ], 24 ], [ [ 2, 2, 2, 2, 4, 4, 4, 4 ], 24 ], [ [ 4, 4, 4, 4, 4, 4 ], 4 ], [ [ 4, 4, 4, 4, 4, 4 ], 4 ], [ [ 2, 2, 2, 2, 2, 2, 2, 2, 4, 4 ], 12 ], [ [ 2, 2, 2, 2, 2, 2, 2, 2, 4, 4 ], 12 ], [ [ 2, 2, 2, 2, 2, 2, 2, 2, 4, 4 ], 12 ], [ [ 4, 4, 4, 4, 4, 4 ], 12 ], [ [ 4, 4, 4, 4, 4, 4 ], 12 ], [ [ 2, 2, 2, 2, 2, 2, 2, 2, 4, 4 ], 12 ], [ [ 3, 3, 3, 3, 3, 3, 3, 3 ], 32 ], [ [ 6, 6, 6, 6 ], 32 ], [ [ 2, 2, 2, 2, 2, 2, 2, 2, 2, 2, 2, 2 ], 12 ], [ [ 2, 2, 2, 2, 4, 4, 4, 4 ], 12 ], [ [ 12, 12 ], 32 ], [ [ 12, 12 ], 32 ], [ [ 2, 2, 2, 2, 2, 2, 2, 2, 2, 2, 2, 2 ], 1 ] ]
1276|384|[ 384, 5566 ]|[ [ [ 1, 1, 1, 1, 1, 1, 1, 1, 1, 1, 1, 1, 1, 1, 1, 1, 1, 1, 1, 1, 1, 1, 1, 1 ], 1 ], [ [ 1, 1, 1, 1, 1, 1, 1, 1, 2, 2, 2, 2, 2, 2, 2, 2 ], 6 ], [ [ 1, 1, 1, 1, 1, 1, 1, 1, 2, 2, 2, 2, 2, 2, 2, 2 ], 3 ], [ [ 1, 1, 1, 1, 1, 1, 1, 1, 2, 2, 2, 2, 2, 2, 2, 2 ], 12 ], [ [ 1, 1, 1, 1, 1, 1, 1, 1, 2, 2, 2, 2, 2, 2, 2, 2 ], 6 ], [ [ 1, 1, 1, 1, 1, 1, 1, 1, 2, 2, 2, 2, 2, 2, 2, 2 ], 6 ], [ [ 1, 1, 1, 1, 2, 2, 4, 4, 4, 4 ], 24 ], [ [ 2, 2, 2, 2, 2, 2, 2, 2, 2, 2, 2, 2 ], 3 ], [ [ 2, 2, 2, 2, 4, 4, 4, 4 ], 12 ], [ [ 2, 2, 2, 2, 2, 2, 2, 2, 2, 2, 2, 2 ], 6 ], [ [ 2, 2, 2, 2, 4, 4, 4, 4 ], 24 ], [ [ 4, 4, 4, 4, 4, 4 ], 12 ], [ [ 2, 2, 2, 2, 4, 4, 4, 4 ], 24 ], [ [ 4, 4, 4, 4, 4, 4 ], 12 ], [ [ 4, 4, 4, 4, 4, 4 ], 4 ], [ [ 4, 4, 4, 4, 4, 4 ], 12 ], [ [ 4, 4, 4, 4, 4, 4 ], 12 ], [ [ 2, 2, 2, 2, 4, 4, 4, 4 ], 24 ], [ [ 4, 4, 4, 4, 4, 4 ], 4 ], [ [ 4, 4, 4, 4, 4, 4 ], 12 ], [ [ 4, 4, 4, 4, 4, 4 ], 12 ], [ [ 3, 3, 3, 3, 3, 3, 3, 3 ], 32 ], [ [ 2, 2, 2, 2, 4, 4, 4, 4 ], 12 ], [ [ 2, 2, 2, 2, 2, 2, 2, 2, 2, 2, 2, 2 ], 12 ], [ [ 6, 6, 6, 6 ], 32 ], [ [ 12, 12 ], 32 ], [ [ 12, 12 ], 32 ], [ [ 2, 2, 2, 2, 2, 2, 2, 2, 2, 2, 2, 2 ], 1 ] ]
1277|384|[ 384, 5566 ]|[ [ [ 1, 1, 1, 1, 1, 1, 1, 1, 1, 1, 1, 1, 1, 1, 1, 1, 1, 1, 1, 1, 1, 1, 1, 1 ], 1 ], [ [ 1, 1, 1, 1, 1, 1, 1, 1, 2, 2, 2, 2, 2, 2, 2, 2 ], 6 ], [ [ 1, 1, 1, 1, 1, 1, 1, 1, 2, 2, 2, 2, 2, 2, 2, 2 ], 3 ], [ [ 1, 1, 1, 1, 1, 1, 1, 1, 4, 4, 4, 4 ], 12 ], [ [ 1, 1, 1, 1, 1, 1, 1, 1, 2, 2, 2, 2, 2, 2, 2, 2 ], 6 ], [ [ 1, 1, 1, 1, 1, 1, 1, 1, 2, 2, 2, 2, 2, 2, 2, 2 ], 6 ], [ [ 1, 1, 1, 1, 2, 2, 4, 4, 4, 4 ], 24 ], [ [ 2, 2, 2, 2, 2, 2, 2, 2, 2, 2, 2, 2 ], 3 ], [ [ 2, 2, 2, 2, 2, 2, 2, 2, 2, 2, 2, 2 ], 12 ], [ [ 2, 2, 2, 2, 2, 2, 2, 2, 2, 2, 2, 2 ], 6 ], [ [ 2, 2, 2, 2, 4, 4, 4, 4 ], 24 ], [ [ 4, 4, 4, 4, 4, 4 ], 12 ], [ [ 2, 2, 2, 2, 4, 4, 4, 4 ], 24 ], [ [ 4, 4, 4, 4, 4, 4 ], 12 ], [ [ 4, 4, 4, 4, 4, 4 ], 4 ], [ [ 4, 4, 4, 4, 4, 4 ], 12 ], [ [ 4, 4, 4, 4, 4, 4 ], 12 ], [ [ 2, 2, 2, 2, 4, 4, 4, 4 ], 24 ], [ [ 4, 4, 4, 4, 4, 4 ], 4 ], [ [ 4, 4, 4, 4, 4, 4 ], 12 ], [ [ 4, 4, 4, 4, 4, 4 ], 12 ], [ [ 2, 2, 2, 2, 2, 2, 2, 2, 2, 2, 2, 2 ], 12 ], [ [ 3, 3, 3, 3, 3, 3, 3, 3 ], 32 ], [ [ 6, 6, 6, 6 ], 32 ], [ [ 2, 2, 2, 2, 4, 4, 4, 4 ], 12 ], [ [ 12, 12 ], 32 ], [ [ 12, 12 ], 32 ], [ [ 2, 2, 2, 2, 2, 2, 2, 2, 2, 2, 2, 2 ], 1 ] ]
1278|384|[ 384, 5566 ]|[ [ [ 1, 1, 1, 1, 1, 1, 1, 1, 1, 1, 1, 1, 1, 1, 1, 1, 1, 1, 1, 1, 1, 1, 1, 1 ], 1 ], [ [ 1, 1, 1, 1, 1, 1, 1, 1, 1, 1, 1, 1, 1, 1, 1, 1, 2, 2, 2, 2 ], 6 ], [ [ 1, 1, 1, 1, 1, 1, 1, 1, 2, 2, 2, 2, 2, 2, 2, 2 ], 3 ], [ [ 1, 1, 1, 1, 1, 1, 1, 1, 2, 2, 2, 2, 2, 2, 2, 2 ], 12 ], [ [ 1, 1, 1, 1, 1, 1, 1, 1, 2, 2, 2, 2, 2, 2, 2, 2 ], 6 ], [ [ 1, 1, 1, 1, 2, 2, 2, 2, 2, 2, 4, 4 ], 24 ], [ [ 2, 2, 2, 2, 2, 2, 2, 2, 2, 2, 2, 2 ], 3 ], [ [ 2, 2, 2, 2, 2, 2, 2, 2, 2, 2, 2, 2 ], 6 ], [ [ 2, 2, 2, 2, 4, 4, 4, 4 ], 12 ], [ [ 2, 2, 2, 2, 2, 2, 2, 2, 2, 2, 2, 2 ], 6 ], [ [ 2, 2, 2, 2, 2, 2, 2, 2, 4, 4 ], 24 ], [ [ 4, 4, 4, 4, 4, 4 ], 12 ], [ [ 4, 4, 4, 4, 4, 4 ], 24 ], [ [ 4, 4, 4, 4, 4, 4 ], 4 ], [ [ 4, 4, 4, 4, 4, 4 ], 12 ], [ [ 4, 4, 4, 4, 4, 4 ], 12 ], [ [ 4, 4, 4, 4, 4, 4 ], 12 ], [ [ 4, 4, 4, 4, 4, 4 ], 24 ], [ [ 4, 4, 4, 4, 4, 4 ], 4 ], [ [ 4, 4, 4, 4, 4, 4 ], 12 ], [ [ 4, 4, 4, 4, 4, 4 ], 12 ], [ [ 2, 2, 2, 2, 2, 2, 2, 2, 2, 2, 2, 2 ], 12 ], [ [ 6, 6, 6, 6 ], 32 ], [ [ 3, 3, 3, 3, 3, 3, 3, 3 ], 32 ], [ [ 2, 2, 2, 2, 4, 4, 4, 4 ], 12 ], [ [ 12, 12 ], 32 ], [ [ 12, 12 ], 32 ], [ [ 2, 2, 2, 2, 2, 2, 2, 2, 2, 2, 2, 2 ], 1 ] ]
1279|384|[ 384, 5566 ]|[ [ [ 1, 1, 1, 1, 1, 1, 1, 1, 1, 1, 1, 1, 1, 1, 1, 1, 1, 1, 1, 1, 1, 1, 1, 1 ], 1 ], [ [ 1, 1, 1, 1, 1, 1, 1, 1, 1, 1, 1, 1, 1, 1, 1, 1, 2, 2, 2, 2 ], 6 ], [ [ 1, 1, 1, 1, 1, 1, 1, 1, 2, 2, 2, 2, 2, 2, 2, 2 ], 3 ], [ [ 1, 1, 1, 1, 1, 1, 1, 1, 4, 4, 4, 4 ], 12 ], [ [ 1, 1, 1, 1, 1, 1, 1, 1, 2, 2, 2, 2, 2, 2, 2, 2 ], 6 ], [ [ 1, 1, 1, 1, 2, 2, 2, 2, 2, 2, 4, 4 ], 24 ], [ [ 2, 2, 2, 2, 2, 2, 2, 2, 2, 2, 2, 2 ], 3 ], [ [ 2, 2, 2, 2, 2, 2, 2, 2, 2, 2, 2, 2 ], 6 ], [ [ 2, 2, 2, 2, 2, 2, 2, 2, 2, 2, 2, 2 ], 12 ], [ [ 2, 2, 2, 2, 2, 2, 2, 2, 2, 2, 2, 2 ], 6 ], [ [ 2, 2, 2, 2, 2, 2, 2, 2, 4, 4 ], 24 ], [ [ 4, 4, 4, 4, 4, 4 ], 12 ], [ [ 4, 4, 4, 4, 4, 4 ], 24 ], [ [ 4, 4, 4, 4, 4, 4 ], 4 ], [ [ 4, 4, 4, 4, 4, 4 ], 12 ], [ [ 4, 4, 4, 4, 4, 4 ], 12 ], [ [ 4, 4, 4, 4, 4, 4 ], 12 ], [ [ 4, 4, 4, 4, 4, 4 ], 24 ], [ [ 4, 4, 4, 4, 4, 4 ], 4 ], [ [ 4, 4, 4, 4, 4, 4 ], 12 ], [ [ 4, 4, 4, 4, 4, 4 ], 12 ], [ [ 6, 6, 6, 6 ], 32 ], [ [ 2, 2, 2, 2, 4, 4, 4, 4 ], 12 ], [ [ 2, 2, 2, 2, 2, 2, 2, 2, 2, 2, 2, 2 ], 12 ], [ [ 3, 3, 3, 3, 3, 3, 3, 3 ], 32 ], [ [ 12, 12 ], 32 ], [ [ 12, 12 ], 32 ], [ [ 2, 2, 2, 2, 2, 2, 2, 2, 2, 2, 2, 2 ], 1 ] ]
