label|malle_b|malle_turkelli_b|malle_wang_b|malle_b_status|malle_b_prp|malle_turkelli_b_prp|malle_wang_b_prp|malle_b_status_prp
text|smallint|smallint|smallint|smallint|smallint|smallint|smallint|smallint

30T1|1|1|1|0|7|7|7|0
30T2|1|1|1|0|5|5|5|0
30T3|1|1|1|0|4|5|5|1
30T4|1|1|1|0|5|5|5|0
30T5|1|1|1|0|11|11|11|0
30T6|1|1|1|0|6|9|9|1
30T7|1|1|1|0|7|9|9|1
30T8|1|1|1|0|8|8|8|0
30T9|1|1|1|0|3|3|3|0
30T10|1|1|1|0|8|8|8|0
30T11|1|1|1|0|5|5|5|0
30T12|1|1|1|0|11|11|11|0
30T13|1|1|1|0|8|8|8|0
30T14|1|1|1|0|9|11|11|1
30T15|1|2|2|1|11|11|11|0
30T16|1|2|2|1|9|11|11|1
30T17|1|1|1|0|13|19|19|1
30T18|1|1|1|0|11|11|11|0
30T19|1|1|1|0|7|7|7|0
30T20|1|1|1|0|8|8|8|0
30T21|1|1|1|0|17|17|17|0
30T22|1|1|1|0|6|6|6|0
30T23|1|1|1|0|11|14|14|1
30T24|1|1|1|0|11|14|14|1
30T25|1|1|1|0|6|6|6|0
30T26|1|1|1|0|15|19|19|1
30T27|1|1|1|0|6|6|6|0
30T28|1|1|1|0|8|8|8|0
30T29|1|1|1|0|7|7|7|0
30T30|1|1|1|0|7|7|7|0
30T31|1|1|1|0|7|7|7|0
30T32|1|1|1|0|11|14|14|1
30T33|2|2|2|0|9|9|9|0
30T34|1|1|1|0|9|9|9|0
30T35|1|1|1|0|5|5|5|0
30T36|1|2|2|1|11|14|14|1
30T37|1|1|1|0|5|5|5|0
30T38|1|1|1|0|5|5|5|0
30T39|1|2|2|1|13|13|13|0
30T40|1|1|1|0|7|7|7|0
30T41|2|2|2|0|17|17|17|0
30T42|1|2|2|1|14|17|17|1
30T43|2|2|2|0|13|14|14|1
30T44|1|2|2|1|17|17|17|0
30T45|1|1|1|0|7|7|7|0
30T46|1|1|1|0|7|14|14|1
30T47|1|2|1|2|13|19|19|1
30T48|2|2|2|0|8|11|11|1
30T49|2|2|2|0|9|11|11|1
30T50|1|1|1|0|4|4|4|0
30T51|1|1|1|0|23|29|29|1
30T52|2|2|2|0|9|9|9|0
30T53|1|1|1|0|10|14|14|1
30T54|1|1|1|0|14|14|14|0
30T55|1|1|1|0|17|17|17|0
30T56|1|1|1|0|11|14|14|1
30T57|1|1|1|0|11|14|14|1
30T58|1|1|1|0|13|13|13|0
30T59|2|2|2|0|14|14|14|0
30T60|2|2|2|0|13|13|13|0
30T61|1|1|1|0|15|15|15|0
30T62|2|2|2|0|14|14|14|0
30T63|1|1|1|0|14|14|14|0
30T64|1|1|1|0|10|14|14|1
30T65|1|1|1|0|19|19|19|0
30T66|1|1|1|0|9|9|9|0
30T67|1|2|2|1|16|20|20|1
30T68|1|1|1|0|11|11|11|0
30T69|1|1|1|0|8|8|8|0
30T70|1|1|1|0|10|10|10|0
30T71|1|1|1|0|6|7|7|1
30T72|1|1|1|0|9|9|9|0
30T73|2|4|4|1|13|29|29|1
30T74|2|3|3|1|19|19|19|0
30T75|1|1|1|0|20|20|20|0
30T76|2|4|4|1|12|29|29|1
30T77|1|1|1|0|11|11|11|0
30T78|1|1|1|0|7|9|9|1
30T79|2|3|3|1|15|17|17|1
30T80|1|1|1|0|9|9|9|0
30T81|1|1|1|0|11|11|11|0
30T82|1|1|1|0|17|17|17|0
30T83|1|2|2|1|20|29|29|1
30T84|2|2|2|0|26|26|26|0
30T85|2|2|2|0|11|11|11|0
30T86|2|2|2|0|18|29|29|1
30T87|2|2|2|0|15|15|15|0
30T88|1|1|1|0|5|5|5|0
30T89|2|2|2|0|10|11|11|1
30T90|1|1|1|0|13|13|13|0
30T91|1|2|2|1|23|29|29|1
30T92|1|1|1|0|15|15|15|0
30T93|1|1|1|0|10|11|11|1
30T94|1|1|1|0|11|11|11|0
30T95|2|2|2|0|13|13|13|0
30T96|2|2|2|0|14|14|14|0
30T97|2|2|2|0|13|19|19|1
30T98|1|1|1|0|13|13|13|0
30T99|2|2|2|0|14|14|14|0
30T100|1|1|1|0|14|14|14|0
30T101|1|1|1|0|10|11|11|1
30T102|1|1|1|0|11|11|11|0
30T103|2|2|2|0|13|13|13|0
30T104|1|2|2|1|25|35|35|1
30T105|1|1|1|0|19|19|19|0
30T106|2|2|2|0|13|14|14|1
30T107|1|1|1|0|23|29|29|1
30T108|1|1|1|0|9|9|9|0
30T109|1|1|1|0|29|29|29|0
30T110|1|1|1|0|19|24|24|1
30T111|2|2|2|0|14|14|14|0
30T112|1|1|1|0|7|7|7|0
30T113|2|2|2|0|17|17|17|0
30T114|1|1|1|0|19|24|24|1
30T115|2|2|2|0|19|24|24|1
30T116|1|1|1|0|7|7|7|0
30T117|2|2|2|0|19|24|24|1
30T118|2|2|2|0|17|17|17|0
30T119|2|2|2|0|13|14|14|1
30T120|2|2|2|0|14|14|14|0
30T121|1|1|1|0|21|29|29|1
30T122|3|4|4|1|16|20|20|1
30T123|2|4|4|1|21|39|39|1
30T124|2|4|4|1|18|44|44|1
30T125|3|4|4|1|15|20|17|3
30T126|1|1|1|0|5|5|5|0
30T127|1|1|1|0|19|19|19|0
30T128|1|1|1|0|12|12|12|0
30T129|1|1|1|0|16|20|20|1
30T130|2|4|4|1|18|44|44|1
30T131|1|1|1|0|8|8|8|0
30T132|1|1|1|0|19|19|19|0
30T133|2|3|\N|\N|15|16|15|2
30T134|1|1|1|0|12|12|12|0
30T135|1|1|1|0|29|29|29|0
30T136|2|3|\N|\N|13|20|15|3
30T137|2|3|3|1|15|20|17|3
30T138|2|2|2|0|12|12|12|0
30T139|1|1|1|0|13|15|15|1
30T140|1|1|1|0|13|13|13|0
30T141|1|1|1|0|13|13|13|0
30T142|2|2|2|0|12|17|12|2
30T143|1|1|1|0|7|9|7|2
30T144|1|1|1|0|10|10|10|0
30T145|1|1|1|0|13|13|13|0
30T146|1|1|1|0|20|44|44|1
30T147|2|4|4|1|23|39|39|1
30T148|1|1|1|0|21|21|21|0
30T149|1|1|1|0|12|12|12|0
30T150|1|1|1|0|12|13|13|1
30T151|2|3|3|1|19|19|19|0
30T152|1|1|1|0|15|19|19|1
30T153|1|1|1|0|12|13|13|1
30T154|1|1|1|0|12|12|12|0
30T155|1|1|1|0|12|13|13|1
30T156|2|3|3|1|16|20|20|1
30T157|2|3|\N|\N|13|20|15|3
30T158|2|2|2|0|13|14|13|2
30T159|1|1|1|0|26|26|26|0
30T160|2|2|2|0|20|24|24|1
30T161|2|2|2|0|35|44|44|1
30T162|1|1|1|0|6|6|6|0
30T163|1|1|1|0|11|11|11|0
30T164|1|1|1|0|10|10|10|0
30T165|3|3|3|0|20|20|20|0
30T166|1|1|1|0|10|10|10|0
30T167|1|1|1|0|20|20|20|0
30T168|3|3|3|0|21|23|23|1
30T169|1|1|1|0|20|29|29|1
30T170|1|1|1|0|20|20|20|0
30T171|1|1|1|0|7|7|7|0
30T172|1|1|1|0|11|11|11|0
30T173|2|2|2|0|18|24|24|1
30T174|1|1|1|0|20|20|20|0
30T175|2|2|2|0|21|23|23|1
30T176|1|1|1|0|10|10|10|0
30T177|1|1|1|0|23|23|23|0
30T178|2|2|2|0|20|20|20|0
30T179|1|1|1|0|11|11|11|0
30T180|1|1|1|0|27|27|27|0
30T181|2|2|2|0|20|29|29|1
30T182|1|1|1|0|13|13|13|0
30T183|1|1|1|0|13|13|13|0
30T184|1|1|1|0|18|18|18|0
30T185|1|1|1|0|18|18|18|0
30T186|1|1|1|0|13|13|13|0
30T187|1|1|1|0|13|13|13|0
30T188|1|1|1|0|15|15|15|0
30T189|1|1|1|0|27|27|27|0
30T190|2|4|4|1|11|17|17|1
30T191|2|4|4|1|14|14|14|0
30T192|2|2|2|0|14|14|14|0
30T193|2|2|2|0|19|19|19|0
30T194|1|2|2|1|30|59|59|1
30T195|2|2|2|0|34|59|59|1
30T196|1|2|1|2|27|69|69|1
30T197|1|2|2|1|33|41|41|1
30T198|2|2|2|0|25|56|56|1
30T199|1|1|1|0|20|64|64|1
30T200|1|1|1|0|29|29|29|0
30T201|1|1|1|0|27|29|29|1
30T202|1|1|1|0|15|20|15|2
30T203|1|1|1|0|9|10|10|1
30T204|2|2|2|0|9|9|9|0
30T205|3|3|3|0|14|14|14|0
30T206|2|2|2|0|26|26|26|0
30T207|2|2|2|0|26|26|26|0
30T208|1|1|1|0|15|20|15|2
30T209|2|2|2|0|26|26|26|0
30T210|1|1|1|0|7|7|7|0
30T211|1|1|1|0|17|17|17|0
30T212|1|1|1|0|15|15|15|0
30T213|1|1|1|0|39|49|49|1
30T214|1|1|1|0|9|9|9|0
30T215|2|2|2|0|26|26|26|0
30T216|1|1|1|0|7|7|7|0
30T217|1|1|1|0|9|9|9|0
30T218|1|1|1|0|35|35|35|0
30T219|1|1|1|0|17|17|17|0
30T220|1|1|1|0|9|10|10|1
30T221|1|2|2|1|21|23|23|1
30T222|1|2|2|1|23|23|23|0
30T223|1|1|1|0|11|11|11|0
30T224|1|2|2|1|23|23|23|0
30T225|1|2|2|1|21|23|23|1
30T226|1|1|1|0|29|29|29|0
30T227|1|1|1|0|23|29|\N|\N
30T228|1|1|1|0|25|27|27|1
30T229|1|1|1|0|29|29|29|0
30T230|1|1|1|0|35|59|59|1
30T231|1|1|1|0|24|29|29|1
30T232|3|4|4|1|23|29|\N|\N
30T233|2|2|2|0|9|9|9|0
30T234|2|2|2|0|19|19|19|0
30T235|1|1|1|0|27|27|27|0
30T236|2|2|2|0|19|19|19|0
30T237|3|4|4|1|24|29|29|1
30T238|3|4|4|1|22|23|23|1
30T239|2|2|2|0|12|12|12|0
30T240|1|1|1|0|16|34|34|1
30T241|1|1|1|0|23|23|23|0
30T242|1|1|1|0|20|20|20|0
30T243|1|1|1|0|25|25|25|0
30T244|1|1|1|0|16|34|34|1
30T245|1|1|1|0|15|19|19|1
30T246|1|1|1|0|13|22|22|1
30T247|1|1|1|0|19|19|19|0
30T248|1|1|1|0|17|23|17|2
30T249|1|1|1|0|19|19|19|0
30T250|1|1|1|0|15|24|24|1
30T251|3|3|3|0|15|17|17|1
30T252|1|1|1|0|20|20|20|0
30T253|1|1|1|0|29|29|29|0
30T254|1|1|1|0|13|22|22|1
30T255|1|1|1|0|19|19|19|0
30T256|1|1|1|0|25|25|25|0
30T257|1|1|1|0|35|44|44|1
30T258|1|1|1|0|19|19|19|0
30T259|1|1|1|0|20|20|20|0
30T260|1|1|1|0|21|21|21|0
30T261|1|1|1|0|21|21|21|0
30T262|2|2|2|0|19|19|19|0
30T263|1|1|1|0|41|41|41|0
30T264|1|1|1|0|12|12|12|0
30T265|1|1|1|0|17|17|17|0
30T266|1|1|1|0|20|20|20|0
30T267|1|1|1|0|17|17|17|0
30T268|1|1|1|0|23|23|23|0
30T269|1|1|1|0|37|37|37|0
30T270|1|1|1|0|45|45|45|0
30T271|1|1|1|0|9|9|9|0
30T272|1|1|1|0|20|20|20|0
30T273|1|1|1|0|22|22|22|0
30T274|1|1|1|0|17|17|17|0
30T275|1|1|1|0|22|22|22|0
30T276|1|1|1|0|23|23|23|0
30T277|1|1|1|0|9|9|9|0
30T278|1|1|1|0|27|27|27|0
30T279|1|1|1|0|9|9|9|0
30T280|1|1|1|0|22|22|22|0
30T281|1|1|1|0|9|9|9|0
30T282|1|1|1|0|14|39|39|1
30T283|1|1|1|0|31|31|31|0
30T284|1|1|1|0|22|22|22|0
30T285|1|1|1|0|13|29|29|1
30T286|1|1|1|0|19|19|19|0
30T287|1|4|4|1|17|49|49|1
30T288|1|4|4|1|14|39|39|1
30T289|1|1|1|0|20|20|20|0
30T290|2|4|4|1|21|22|22|1
30T291|2|4|4|1|21|22|22|1
30T292|2|4|4|1|23|35|35|1
30T293|1|1|1|0|8|8|8|0
30T294|2|4|4|1|29|29|29|0
30T295|1|1|1|0|12|14|12|2
30T296|1|1|1|0|12|14|12|2
30T297|2|4|4|1|21|22|22|1
30T298|1|1|1|0|12|14|12|2
30T299|1|2|1|2|12|14|12|2
30T300|1|1|1|0|9|9|9|0
30T301|2|2|2|0|29|29|29|0
30T302|5|6|5|2|12|14|12|2
30T303|1|2|2|1|28|50|38|3
30T304|2|2|2|0|35|119|119|1
30T305|2|2|2|0|31|57|57|1
30T306|2|2|2|0|12|12|12|0
30T307|2|2|2|0|29|35|35|1
30T308|1|2|2|1|36|119|119|1
30T309|1|2|2|1|29|50|38|3
30T310|2|2|2|0|47|65|65|1
30T311|1|2|2|1|39|119|119|1
30T312|1|2|1|2|25|50|32|3
30T313|1|1|1|0|36|50|50|1
30T314|1|2|1|2|28|44|28|2
30T315|1|1|1|0|23|28|28|1
30T316|1|1|1|0|23|28|28|1
30T317|2|2|2|0|29|79|79|1
30T318|1|2|2|1|32|50|38|3
30T319|1|1|1|0|41|59|59|1
30T320|1|2|1|2|28|50|32|3
30T321|1|1|1|0|22|33|22|2
30T322|1|1|1|0|35|35|35|0
30T323|1|1|1|0|31|41|31|2
30T324|1|1|1|0|15|15|15|0
30T325|1|1|1|0|19|21|21|1
30T326|1|1|1|0|29|29|29|0
30T327|2|2|2|0|19|19|19|0
30T328|1|1|1|0|15|15|15|0
30T329|1|1|1|0|17|17|17|0
30T330|3|3|3|0|24|24|24|0
30T331|2|2|2|0|16|16|16|0
30T332|1|1|1|0|17|17|17|0
30T333|1|1|1|0|17|17|17|0
30T334|1|1|1|0|26|26|26|0
30T335|1|1|1|0|15|15|15|0
30T336|1|1|1|0|15|15|15|0
30T337|1|1|1|0|26|26|26|0
30T338|1|1|1|0|11|11|11|0
30T339|1|1|1|0|15|15|15|0
30T340|1|1|1|0|11|11|11|0
30T341|1|1|1|0|17|17|17|0
30T342|3|3|3|0|24|24|24|0
30T343|1|1|1|0|11|11|11|0
30T344|1|1|1|0|19|19|19|0
30T345|3|3|3|0|26|26|26|0
30T346|1|1|1|0|15|15|15|0
30T347|1|1|1|0|11|11|11|0
30T348|3|3|3|0|22|22|22|0
30T349|3|3|3|0|22|22|22|0
30T350|2|2|2|0|16|16|16|0
30T351|1|1|1|0|26|26|26|0
30T352|1|1|1|0|26|26|26|0
30T353|1|1|1|0|15|15|15|0
30T354|1|1|1|0|19|19|19|0
30T355|1|1|1|0|15|15|15|0
30T356|1|1|1|0|53|53|53|0
30T357|3|3|3|0|26|26|26|0
30T358|1|1|1|0|17|17|17|0
30T359|1|1|1|0|11|14|11|2
30T360|1|1|1|0|41|41|41|0
30T361|2|2|2|0|21|21|21|0
30T362|1|1|1|0|16|17|17|1
30T363|1|1|1|0|13|13|13|0
30T364|2|2|2|0|18|19|\N|\N
30T365|2|2|2|0|31|32|32|1
30T366|1|2|2|1|32|35|35|1
30T367|2|2|2|0|19|19|19|0
30T368|1|1|1|0|12|14|14|1
30T369|1|2|2|1|32|35|35|1
30T370|1|1|1|0|15|15|15|0
30T371|2|2|2|0|35|35|35|0
30T372|1|1|1|0|44|44|44|0
30T373|1|1|1|0|23|26|26|1
30T374|1|1|1|0|39|39|39|0
30T375|1|1|1|0|27|45|45|1
30T376|2|2|2|0|13|13|13|0
30T377|1|1|1|0|25|32|25|2
30T378|1|1|1|0|25|32|32|1
30T379|2|2|2|0|24|32|32|1
30T380|1|1|1|0|27|34|34|1
30T381|1|1|1|0|29|29|29|0
30T382|1|1|1|0|33|69|69|1
30T383|1|1|1|0|29|29|29|0
30T384|1|1|1|0|24|32|32|1
30T385|1|1|1|0|24|32|32|1
30T386|2|2|2|0|24|32|32|1
30T387|1|1|1|0|55|55|55|0
30T388|2|2|2|0|37|37|37|0
30T389|1|2|2|1|28|41|41|1
30T390|2|4|4|1|23|35|35|1
30T391|1|1|1|0|37|37|37|0
30T392|2|4|4|1|28|41|41|1
30T393|2|2|2|0|29|29|29|0
30T394|1|2|2|1|29|53|53|1
30T395|1|1|1|0|20|20|20|0
30T396|1|1|1|0|35|35|35|0
30T397|1|1|1|0|34|34|34|0
30T398|1|1|1|0|34|34|34|0
30T399|1|1|1|0|41|41|41|0
30T400|1|1|1|0|34|34|34|0
30T401|1|1|1|0|10|10|10|0
30T402|1|1|1|0|20|20|20|0
30T403|1|1|1|0|34|34|34|0
30T404|1|1|1|0|39|39|39|0
30T405|1|1|1|0|48|48|48|0
30T406|1|1|1|0|45|45|45|0
30T407|1|1|1|0|19|19|19|0
30T408|2|2|2|0|16|16|16|0
30T409|1|1|1|0|23|39|39|1
30T410|1|1|1|0|33|33|33|0
30T411|1|1|1|0|45|45|45|0
30T412|1|1|1|0|19|19|19|0
30T413|2|2|2|0|13|13|13|0
30T414|2|2|2|0|15|15|15|0
30T415|1|4|4|1|35|99|99|1
30T416|2|2|2|0|15|15|15|0
30T417|1|1|1|0|21|44|44|1
30T418|1|1|1|0|16|16|16|0
30T419|1|1|1|0|16|16|16|0
30T420|1|1|1|0|16|16|16|0
30T421|1|1|1|0|16|16|16|0
30T422|1|1|1|0|21|39|39|1
30T423|1|1|1|0|45|45|45|0
30T424|2|2|2|0|13|13|13|0
30T425|1|1|1|0|16|16|16|0
30T426|1|1|1|0|16|16|16|0
30T427|1|1|1|0|35|45|45|1
30T428|1|1|1|0|8|8|8|0
30T429|1|1|1|0|15|15|15|0
30T430|1|1|1|0|15|15|15|0
30T431|1|1|1|0|13|13|13|0
30T432|1|1|1|0|13|13|13|0
30T433|1|4|4|1|25|64|64|1
30T434|2|2|2|0|19|19|19|0
30T435|1|1|1|0|25|64|64|1
30T436|1|1|1|0|21|44|44|1
30T437|1|1|1|0|91|91|91|0
30T438|1|4|4|1|25|64|64|1
30T439|1|1|1|0|15|15|15|0
30T440|1|1|1|0|13|13|13|0
30T441|1|4|4|1|29|79|79|1
30T442|1|4|4|1|25|64|64|1
30T443|1|1|1|0|35|45|45|1
30T444|1|1|1|0|48|48|48|0
30T445|1|1|1|0|25|29|25|2
30T446|1|1|1|0|25|29|25|2
30T447|1|1|1|0|19|19|19|0
30T448|1|1|1|0|19|19|19|0
30T449|1|1|1|0|19|19|19|0
30T450|2|4|4|1|43|45|45|1
30T451|1|1|1|0|16|16|16|0
30T452|1|1|1|0|19|19|19|0
30T453|1|2|2|1|19|19|19|0
30T454|1|1|1|0|53|65|65|1
30T455|2|2|2|0|36|47|47|1
30T456|2|2|2|0|38|53|\N|\N
30T457|1|2|2|1|39|59|\N|\N
30T458|1|2|2|1|39|59|\N|\N
30T459|2|2|2|0|46|59|59|1
30T460|2|2|2|0|27|37|37|1
30T461|2|2|2|0|56|134|134|1
30T462|2|2|2|0|33|45|45|1
30T463|2|2|2|0|18|18|18|0
30T464|1|1|1|0|44|77|\N|\N
30T465|1|1|1|0|36|51|51|1
30T466|2|2|2|0|16|16|16|0
30T467|2|2|2|0|33|74|74|1
30T468|1|1|1|0|39|43|43|1
30T469|1|1|1|0|50|77|\N|\N
30T470|1|1|1|0|21|21|21|0
30T471|1|1|1|0|44|119|119|1
30T472|1|1|1|0|16|16|16|0
30T473|2|2|2|0|27|34|\N|\N
30T474|2|2|2|0|29|36|\N|\N
30T475|2|2|2|0|31|34|34|1
30T476|1|2|2|1|28|38|38|1
30T477|1|1|1|0|29|39|29|2
30T478|1|1|1|0|39|59|39|2
30T479|2|2|2|0|36|79|79|1
30T480|1|1|1|0|33|45|45|1
30T481|2|2|2|0|37|84|84|1
30T482|1|1|1|0|49|77|77|1
30T483|1|1|1|0|23|25|25|1
30T484|1|1|1|0|53|63|63|1
30T485|1|1|1|0|43|63|63|1
30T486|1|1|1|0|46|63|63|1
30T487|1|2|2|1|40|53|53|1
30T488|1|2|2|1|33|53|53|1
30T489|1|1|1|0|46|63|63|1
30T490|2|2|2|0|20|20|20|0
30T491|2|2|2|0|31|31|31|0
30T492|1|1|1|0|18|18|18|0
30T493|1|1|1|0|53|53|53|0
30T494|2|2|2|0|24|27|24|2
30T495|1|1|1|0|53|53|53|0
30T496|1|1|1|0|18|18|18|0
30T497|1|1|1|0|31|31|31|0
30T498|1|1|1|0|23|23|23|0
30T499|1|1|1|0|23|23|23|0
30T500|1|1|1|0|49|49|49|0
30T501|1|1|1|0|23|23|23|0
30T502|1|1|1|0|45|45|45|0
30T503|3|3|3|0|44|44|44|0
30T504|1|1|1|0|23|23|23|0
30T505|1|1|1|0|23|23|23|0
30T506|1|1|1|0|23|23|23|0
30T507|3|3|3|0|31|31|31|0
30T508|1|1|1|0|23|23|23|0
30T509|3|3|3|0|44|44|44|0
30T510|2|2|2|0|31|31|31|0
30T511|3|3|3|0|44|44|44|0
30T512|2|2|2|0|26|26|26|0
30T513|2|2|2|0|33|33|33|0
30T514|1|1|1|0|18|18|18|0
30T515|1|1|1|0|18|18|18|0
30T516|2|2|2|0|31|31|31|0
30T517|1|1|1|0|35|35|35|0
30T518|1|1|1|0|31|31|31|0
30T519|1|1|1|0|23|23|23|0
30T520|1|1|1|0|18|18|18|0
30T521|3|3|3|0|44|44|44|0
30T522|3|3|3|0|31|31|31|0
30T523|1|1|1|0|18|18|18|0
30T524|1|1|1|0|35|35|35|0
30T525|1|1|1|0|31|31|31|0
30T526|1|1|1|0|25|25|25|0
30T527|2|2|2|0|26|26|26|0
30T528|2|2|2|0|24|27|24|2
30T529|1|1|1|0|35|35|35|0
30T530|1|1|1|0|23|23|23|0
30T531|1|1|1|0|32|32|32|0
30T532|1|1|1|0|34|34|34|0
30T533|1|1|1|0|19|20|\N|\N
30T534|1|1|1|0|25|25|25|0
30T535|2|2|2|0|32|32|32|0
30T536|1|1|1|0|20|23|\N|\N
30T537|1|1|1|0|62|62|62|0
30T538|1|1|1|0|20|20|20|0
30T539|1|1|1|0|32|32|32|0
30T540|1|1|1|0|31|31|31|0
30T541|1|1|1|0|20|23|\N|\N
30T542|1|1|1|0|49|65|65|1
30T543|1|1|1|0|44|44|44|0
30T544|1|1|1|0|75|75|75|0
30T545|2|4|4|1|35|53|53|1
30T546|2|4|4|1|43|45|45|1
30T547|2|4|4|1|33|36|36|1
30T548|2|4|4|1|44|44|44|0
30T549|4|4|4|0|11|11|11|0
30T550|1|2|2|1|57|83|83|1
30T551|2|3|2|2|30|37|30|2
30T552|1|1|1|0|30|37|30|2
30T553|1|2|2|1|44|68|68|1
30T554|1|2|2|1|44|68|68|1
30T555|1|1|1|0|30|37|30|2
30T556|1|2|2|1|59|107|107|1
30T557|2|2|2|0|44|44|44|0
30T558|4|4|4|0|15|15|15|0
30T559|1|1|1|0|27|44|27|2
30T560|1|2|1|2|27|44|27|2
30T561|1|2|2|1|44|68|68|1
30T562|1|1|1|0|15|15|15|0
30T563|2|4|4|1|44|68|68|1
30T564|2|4|2|2|27|44|27|2
30T565|1|1|1|0|14|14|14|0
30T566|1|1|1|0|15|15|15|0
30T567|1|1|1|0|35|35|35|0
30T568|1|1|1|0|41|41|41|0
30T569|1|1|1|0|21|21|21|0
30T570|2|2|2|0|35|35|35|0
30T571|1|1|1|0|28|32|32|1
30T572|1|1|1|0|29|29|29|0
30T573|1|1|1|0|69|69|69|0
30T574|1|1|1|0|28|32|32|1
30T575|1|1|1|0|29|29|29|0
30T576|1|1|1|0|15|15|15|0
30T577|1|1|1|0|28|32|32|1
30T578|1|1|1|0|28|32|32|1
30T579|1|1|1|0|10|10|10|0
30T580|1|1|1|0|15|15|15|0
30T581|1|1|1|0|41|41|41|0
30T582|1|1|1|0|10|10|10|0
30T583|1|1|1|0|91|91|91|0
30T584|1|1|1|0|33|33|33|0
30T585|1|1|1|0|19|27|27|1
30T586|2|2|2|0|27|27|27|0
30T587|1|1|1|0|39|69|69|1
30T588|2|2|2|0|10|10|10|0
30T589|2|2|2|0|10|10|10|0
30T590|1|4|4|1|51|174|174|1
30T591|1|1|1|0|18|23|23|1
30T592|1|1|1|0|52|52|52|0
30T593|1|1|1|0|25|25|25|0
30T594|1|1|1|0|25|25|25|0
30T595|1|1|1|0|25|25|25|0
30T596|1|4|4|1|51|174|174|1
30T597|1|1|1|0|33|33|33|0
30T598|1|1|1|0|27|27|27|0
30T599|2|2|2|0|31|31|31|0
30T600|1|4|4|1|36|114|114|1
30T601|1|1|1|0|25|25|25|0
30T602|2|2|2|0|13|13|13|0
30T603|1|2|2|1|19|27|27|1
30T604|1|1|1|0|18|23|23|1
30T605|1|1|1|0|19|27|27|1
30T606|1|1|1|0|52|52|52|0
30T607|1|1|1|0|18|23|23|1
30T608|1|1|1|0|31|31|31|0
30T609|1|4|4|1|51|129|129|1
30T610|1|1|1|0|25|25|25|0
30T611|1|1|1|0|33|33|33|0
30T612|1|1|1|0|25|25|25|0
30T613|1|2|2|1|19|27|27|1
30T614|2|2|2|0|25|25|25|0
30T615|2|2|2|0|25|25|25|0
30T616|1|2|2|1|18|23|23|1
30T617|1|1|1|0|71|91|91|1
30T618|1|1|1|0|19|27|27|1
30T619|1|2|2|1|19|27|27|1
30T620|1|1|1|0|97|97|97|0
30T621|1|1|1|0|52|52|52|0
30T622|1|2|2|1|19|27|27|1
30T623|1|1|1|0|25|25|25|0
30T624|1|2|2|1|18|23|23|1
30T625|2|2|2|0|29|29|29|0
30T626|1|4|4|1|36|114|114|1
30T627|1|1|1|0|52|52|52|0
30T628|1|1|1|0|18|18|18|0
30T629|2|2|2|0|132|132|132|0
30T630|1|1|1|0|39|39|39|0
30T631|1|1|1|0|47|55|\N|\N
30T632|1|1|1|0|62|134|134|1
30T633|1|1|1|0|49|59|59|1
30T634|1|1|1|0|59|77|77|1
30T635|1|1|1|0|47|47|47|0
30T636|1|1|1|0|71|89|89|1
30T637|1|1|1|0|51|68|65|3
30T638|1|1|1|0|45|65|59|3
30T639|1|1|1|0|35|35|35|0
30T640|1|1|1|0|44|53|53|1
30T641|1|1|1|0|25|25|25|0
30T642|1|1|1|0|27|27|27|0
30T643|1|1|1|0|42|47|47|1
30T644|1|1|1|0|43|53|\N|\N
30T645|2|2|2|0|23|29|29|1
30T646|1|1|1|0|57|83|83|1
30T647|1|1|1|0|32|32|32|0
30T648|1|1|1|0|27|27|27|0
30T649|1|1|1|0|44|49|49|1
30T650|1|1|1|0|36|36|36|0
30T651|1|1|1|0|43|45|43|2
30T652|1|1|1|0|14|14|14|0
30T653|2|2|2|0|23|34|34|1
30T654|1|1|1|0|36|36|36|0
30T655|1|1|1|0|50|59|59|1
30T656|1|2|2|1|59|107|107|1
30T657|1|1|1|0|69|95|95|1
30T658|1|2|2|1|69|95|95|1
30T659|1|1|1|0|83|83|83|0
30T660|1|2|2|1|35|40|40|1
30T661|1|1|1|0|52|58|58|1
30T662|1|4|4|1|36|117|117|1
30T663|1|1|1|0|12|12|12|0
30T664|1|1|1|0|32|32|32|0
30T665|1|4|4|1|42|139|139|1
30T666|1|1|1|0|59|65|65|1
30T667|1|1|1|0|46|58|58|1
30T668|1|1|1|0|12|12|12|0
30T669|1|2|2|1|39|55|55|1
30T670|1|2|2|1|49|55|55|1
30T671|1|4|4|1|43|149|149|1
30T672|1|1|1|0|72|83|83|1
30T673|1|1|1|0|55|65|65|1
30T674|1|4|4|1|33|109|109|1
30T675|1|2|2|1|35|40|40|1
30T676|1|1|1|0|62|83|83|1
30T677|1|1|1|0|51|51|51|0
30T678|2|2|2|0|35|35|35|0
30T679|1|1|1|0|53|53|53|0
30T680|1|1|1|0|49|55|49|2
30T681|2|2|2|0|44|44|44|0
30T682|2|2|2|0|41|41|41|0
30T683|2|2|2|0|44|44|44|0
30T684|2|2|2|0|31|31|31|0
30T685|1|1|1|0|31|31|31|0
30T686|1|1|1|0|31|31|31|0
30T687|3|3|3|0|63|63|63|0
30T688|1|1|1|0|47|47|47|0
30T689|1|1|1|0|47|47|47|0
30T690|1|1|1|0|37|37|37|0
30T691|2|2|2|0|21|21|21|0
30T692|2|2|2|0|18|18|18|0
30T693|2|2|2|0|21|21|21|0
30T694|2|2|2|0|31|31|31|0
30T695|2|2|2|0|35|35|35|0
30T696|1|1|1|0|37|37|37|0
30T697|2|2|2|0|44|44|44|0
30T698|1|1|1|0|31|31|31|0
30T699|2|2|2|0|44|44|44|0
30T700|2|2|2|0|18|18|18|0
30T701|2|2|2|0|37|37|37|0
30T702|1|1|1|0|31|31|31|0
30T703|2|2|2|0|31|31|31|0
30T704|1|1|1|0|89|89|89|0
30T705|3|3|3|0|63|63|63|0
30T706|2|2|2|0|31|31|31|0
30T707|1|1|1|0|31|31|31|0
30T708|1|1|1|0|31|31|31|0
30T709|1|1|1|0|38|38|38|0
30T710|1|1|1|0|62|62|62|0
30T711|1|1|1|0|20|20|20|0
30T712|1|1|1|0|38|44|38|2
30T713|2|4|4|1|65|68|68|1
30T714|1|1|1|0|23|23|23|0
30T715|1|2|2|1|89|137|137|1
30T716|1|2|2|1|37|53|53|1
30T717|1|1|1|0|20|20|20|0
30T718|1|1|1|0|38|44|38|2
30T719|4|5|5|1|16|16|16|0
30T720|1|1|1|0|22|22|22|0
30T721|1|1|1|0|23|23|23|0
30T722|1|1|1|0|31|31|31|0
30T723|1|1|1|0|61|75|61|2
30T724|1|1|1|0|39|39|39|0
30T725|2|4|4|1|37|53|53|1
30T726|1|2|2|1|37|53|53|1
30T727|1|1|1|0|23|23|23|0
30T728|4|5|5|1|22|22|22|0
30T729|1|1|1|0|37|53|53|1
30T730|1|1|1|0|20|20|20|0
30T731|1|2|2|1|22|22|22|0
30T732|1|1|1|0|23|23|23|0
30T733|1|2|2|1|20|20|20|0
30T734|1|2|1|2|55|89|55|2
30T735|1|2|2|1|37|53|53|1
30T736|1|1|1|0|35|47|35|2
30T737|1|2|2|1|21|27|27|1
30T738|1|1|1|0|20|20|20|0
30T739|1|1|1|0|20|20|20|0
30T740|1|1|1|0|20|20|20|0
30T741|1|1|1|0|21|21|21|0
30T742|1|1|1|0|21|21|21|0
30T743|2|2|2|0|30|30|30|0
30T744|1|1|1|0|59|59|59|0
30T745|1|1|1|0|18|18|18|0
30T746|1|1|1|0|20|20|20|0
30T747|1|1|1|0|53|53|53|0
30T748|1|1|1|0|57|65|65|1
30T749|1|1|1|0|21|21|21|0
30T750|2|2|2|0|53|53|53|0
30T751|1|1|1|0|71|71|71|0
30T752|2|2|2|0|53|53|53|0
30T753|1|1|1|0|21|21|21|0
30T754|2|2|2|0|20|20|20|0
30T755|1|1|1|0|21|21|21|0
30T756|1|1|1|0|20|20|20|0
30T757|1|1|1|0|31|31|31|0
30T758|1|1|1|0|57|65|65|1
30T759|1|1|1|0|53|53|53|0
30T760|1|1|1|0|20|20|20|0
30T761|1|1|1|0|21|21|21|0
30T762|1|1|1|0|20|20|20|0
30T763|1|1|1|0|59|59|59|0
30T764|1|1|1|0|39|55|55|1
30T765|1|4|4|1|57|164|164|1
30T766|1|1|1|0|52|52|52|0
30T767|1|1|1|0|51|51|51|0
30T768|2|2|2|0|21|21|21|0
30T769|2|2|2|0|35|35|35|0
30T770|1|1|1|0|19|19|19|0
30T771|2|2|2|0|19|19|19|0
30T772|1|1|1|0|31|39|39|1
30T773|1|1|1|0|52|52|52|0
30T774|1|1|1|0|37|47|47|1
30T775|2|2|2|0|16|16|16|0
30T776|2|2|2|0|15|15|15|0
30T777|2|2|2|0|16|16|16|0
30T778|2|2|2|0|15|15|15|0
30T779|1|1|1|0|31|39|39|1
30T780|1|1|1|0|31|39|39|1
30T781|2|2|2|0|16|16|16|0
30T782|2|2|2|0|15|15|15|0
30T783|1|4|4|1|57|164|164|1
30T784|1|1|1|0|31|39|39|1
30T785|1|4|4|1|57|164|164|1
30T786|1|1|1|0|73|229|229|1
30T787|1|1|1|0|51|51|51|0
30T788|2|2|2|0|31|31|31|0
30T789|2|2|2|0|21|21|21|0
30T790|1|1|1|0|105|105|105|0
30T791|2|2|2|0|21|21|21|0
30T792|1|1|1|0|19|19|19|0
30T793|1|1|1|0|103|349|349|1
30T794|2|2|2|0|31|31|31|0
30T795|2|2|2|0|18|18|18|0
30T796|1|1|1|0|39|55|55|1
30T797|1|4|4|1|57|164|164|1
30T798|1|1|1|0|31|39|39|1
30T799|1|2|2|1|31|39|39|1
30T800|2|2|2|0|35|35|35|0
30T801|2|2|2|0|19|19|19|0
30T802|2|2|2|0|19|19|19|0
30T803|1|2|2|1|39|55|55|1
30T804|1|2|2|1|31|39|39|1
30T805|1|2|2|1|31|39|39|1
30T806|1|2|2|1|31|39|39|1
30T807|1|1|1|0|37|47|47|1
30T808|1|1|1|0|7|7|7|0
30T809|2|2|2|0|137|260|260|1
30T810|2|2|2|0|104|148|148|1
30T811|2|2|2|0|104|148|148|1
30T812|1|1|1|0|265|265|265|0
30T813|2|2|2|0|104|148|148|1
30T814|2|2|2|0|104|148|148|1
30T815|2|2|2|0|137|260|260|1
30T816|1|1|1|0|80|89|89|1
30T817|1|1|1|0|18|18|18|0
30T818|1|1|1|0|61|64|64|1
30T819|1|1|1|0|24|24|24|0
30T820|1|1|1|0|43|54|54|1
30T821|1|1|1|0|48|48|48|0
30T822|1|1|1|0|65|68|65|2
30T823|1|1|1|0|53|63|53|2
30T824|1|1|1|0|76|119|119|1
30T825|1|1|1|0|60|79|60|2
30T826|3|3|3|0|45|47|47|1
30T827|1|1|1|0|113|113|113|0
30T828|2|2|2|0|28|28|28|0
30T829|1|1|1|0|25|25|25|0
30T830|1|1|1|0|68|113|68|2
30T831|1|2|1|2|68|113|68|2
30T832|2|2|2|0|38|38|38|0
30T833|1|1|1|0|25|25|25|0
30T834|1|1|1|0|40|50|43|3
30T835|1|2|2|1|89|137|137|1
30T836|1|2|2|1|85|122|122|1
30T837|2|2|2|0|25|25|25|0
30T838|1|2|2|1|89|161|161|1
30T839|4|7|4|2|68|113|68|2
30T840|3|3|3|0|44|47|47|1
30T841|1|1|1|0|40|50|43|3
30T842|1|2|2|1|86|125|125|1
30T843|1|2|2|1|70|110|110|1
30T844|2|2|2|0|25|25|25|0
30T845|1|1|1|0|44|44|44|0
30T846|5|5|5|0|38|39|38|2
30T847|1|2|2|1|35|54|54|1
30T848|1|2|2|1|51|51|51|0
30T849|1|4|4|1|36|82|82|1
30T850|1|1|1|0|85|87|87|1
30T851|1|4|4|1|50|144|144|1
30T852|1|2|2|1|35|54|54|1
30T853|1|1|1|0|17|18|18|1
30T854|1|2|2|1|29|39|39|1
30T855|1|1|1|0|35|38|38|1
30T856|1|4|4|1|53|159|159|1
30T857|1|4|4|1|60|194|194|1
30T858|1|1|1|0|16|16|16|0
30T859|1|1|1|0|36|36|36|0
30T860|1|4|4|1|63|199|199|1
30T861|1|4|4|1|43|119|119|1
30T862|1|2|2|1|39|50|50|1
30T863|1|2|\N|\N|25|35|35|1
30T864|1|4|4|1|58|164|164|1
30T865|1|4|4|1|33|75|75|1
30T866|5|5|5|0|30|30|30|0
30T867|1|1|1|0|35|35|35|0
30T868|1|1|1|0|18|18|18|0
30T869|1|4|4|1|36|82|82|1
30T870|1|2|\N|\N|27|43|43|1
30T871|1|1|1|0|33|33|33|0
30T872|5|5|5|0|37|42|37|2
30T873|1|1|1|0|29|39|39|1
30T874|1|4|4|1|52|142|142|1
30T875|1|1|1|0|53|53|53|0
30T876|1|1|1|0|32|34|32|2
30T877|1|1|1|0|35|54|54|1
30T878|1|1|1|0|39|39|39|0
30T879|1|1|1|0|31|33|33|1
30T880|1|1|1|0|16|16|16|0
30T881|1|2|2|1|39|50|50|1
30T882|1|2|\N|\N|27|43|43|1
30T883|1|1|1|0|73|73|73|0
30T884|7|7|7|0|78|78|78|0
30T885|2|2|2|0|34|34|34|0
30T886|1|1|1|0|20|20|20|0
30T887|1|1|1|0|26|29|26|2
30T888|1|1|1|0|89|89|89|0
30T889|2|2|2|0|71|71|71|0
30T890|1|1|1|0|25|25|25|0
30T891|2|2|2|0|43|43|43|0
30T892|2|2|2|0|34|34|34|0
30T893|2|2|2|0|63|63|63|0
30T894|2|2|2|0|34|34|34|0
30T895|1|1|1|0|26|29|26|2
30T896|2|2|2|0|34|34|34|0
30T897|1|1|1|0|17|17|17|0
30T898|2|2|2|0|63|63|63|0
30T899|1|1|1|0|25|25|25|0
30T900|1|1|1|0|20|20|20|0
30T901|1|1|1|0|17|17|17|0
30T902|2|2|2|0|37|37|37|0
30T903|1|1|1|0|63|63|63|0
30T904|3|5|5|1|143|263|263|1
30T905|4|5|5|1|183|263|263|1
30T906|4|5|5|1|158|263|263|1
30T907|3|5|5|1|153|263|263|1
30T908|1|1|1|0|27|27|27|0
30T909|1|1|1|0|27|27|27|0
30T910|1|1|1|0|35|35|35|0
30T911|1|1|1|0|27|27|27|0
30T912|1|1|1|0|27|27|27|0
30T913|1|1|1|0|35|35|35|0
30T914|1|1|1|0|47|47|47|0
30T915|1|1|1|0|35|35|35|0
30T916|1|1|1|0|45|45|45|0
30T917|1|1|1|0|35|35|35|0
30T918|1|1|1|0|35|35|35|0
30T919|1|2|2|1|35|35|35|0
30T920|2|2|2|0|27|27|27|0
30T921|1|1|1|0|41|41|41|0
30T922|1|2|2|1|75|107|107|1
30T923|1|1|1|0|393|393|393|0
30T924|1|1|1|0|27|27|27|0
30T925|1|1|1|0|59|59|59|0
30T926|1|1|1|0|29|29|29|0
30T927|1|1|1|0|25|32|32|1
30T928|2|2|2|0|29|29|29|0
30T929|2|2|2|0|24|24|24|0
30T930|2|2|2|0|25|32|32|1
30T931|1|2|2|1|28|30|30|1
30T932|1|2|2|1|29|31|31|1
30T933|1|4|4|1|21|36|36|1
30T934|1|2|2|1|28|30|30|1
30T935|1|2|2|1|21|36|36|1
30T936|1|4|4|1|23|55|55|1
30T937|1|1|1|0|41|41|41|0
30T938|1|1|1|0|41|41|41|0
30T939|1|1|1|0|41|41|41|0
30T940|1|1|1|0|107|107|107|0
30T941|1|1|1|0|41|41|41|0
30T942|1|1|1|0|37|37|37|0
30T943|1|1|1|0|43|43|43|0
30T944|1|1|1|0|41|41|41|0
30T945|1|1|1|0|41|41|41|0
30T946|1|1|1|0|41|41|41|0
30T947|1|1|1|0|41|41|41|0
30T948|1|1|1|0|27|27|27|0
30T949|1|1|1|0|41|41|41|0
30T950|1|1|1|0|43|43|43|0
30T951|3|3|3|0|53|53|53|0
30T952|1|1|1|0|41|41|41|0
30T953|1|1|1|0|41|41|41|0
30T954|2|2|2|0|49|49|49|0
30T955|1|1|1|0|61|61|61|0
30T956|1|1|1|0|41|41|41|0
30T957|2|2|2|0|46|46|46|0
30T958|2|2|2|0|49|49|49|0
30T959|1|1|1|0|27|27|27|0
30T960|2|2|2|0|53|53|53|0
30T961|2|2|2|0|46|46|46|0
30T962|1|1|1|0|105|105|105|0
30T963|1|1|1|0|59|91|91|1
30T964|1|1|1|0|59|59|59|0
30T965|2|2|2|0|33|33|33|0
30T966|1|1|1|0|115|329|329|1
30T967|1|1|1|0|71|71|71|0
30T968|1|1|1|0|24|24|24|0
30T969|1|1|1|0|63|79|79|1
30T970|1|1|1|0|59|59|59|0
30T971|1|1|1|0|59|91|91|1
30T972|1|1|1|0|39|39|39|0
30T973|1|1|1|0|39|39|39|0
30T974|1|1|1|0|31|31|31|0
30T975|1|1|1|0|45|63|63|1
30T976|1|1|1|0|29|29|29|0
30T977|2|2|2|0|29|29|29|0
30T978|1|1|1|0|63|63|63|0
30T979|2|2|2|0|33|33|33|0
30T980|1|1|1|0|39|39|39|0
30T981|1|1|1|0|29|29|29|0
30T982|2|2|2|0|29|29|29|0
30T983|1|1|1|0|29|29|29|0
30T984|2|2|2|0|31|31|31|0
30T985|2|2|2|0|31|31|31|0
30T986|1|1|1|0|24|24|24|0
30T987|1|1|1|0|59|59|59|0
30T988|1|1|1|0|31|31|31|0
30T989|1|1|1|0|31|31|31|0
30T990|1|1|1|0|31|31|31|0
30T991|1|1|1|0|31|31|31|0
30T992|1|1|1|0|24|24|24|0
30T993|2|2|2|0|29|29|29|0
30T994|2|2|2|0|33|33|33|0
30T995|1|1|1|0|63|79|79|1
30T996|2|2|2|0|29|29|29|0
30T997|1|1|1|0|45|63|63|1
30T998|1|1|1|0|59|59|59|0
30T999|1|1|1|0|13|13|13|0
30T1000|1|1|1|0|209|297|297|1
30T1001|2|2|2|0|129|184|184|1
30T1002|1|1|1|0|275|521|521|1
30T1003|2|2|2|0|129|184|184|1
30T1004|1|1|1|0|62|98|62|2
30T1005|1|1|1|0|62|98|62|2
30T1006|2|2|2|0|129|184|184|1
30T1007|1|1|1|0|62|98|62|2
30T1008|1|1|1|0|209|297|297|1
30T1009|2|2|2|0|129|184|184|1
30T1010|1|1|1|0|62|98|62|2
30T1011|2|2|2|0|34|34|34|0
30T1012|1|1|1|0|95|119|119|1
30T1013|3|3|3|0|62|62|62|0
30T1014|1|1|1|0|47|47|47|0
30T1015|1|1|1|0|30|30|30|0
30T1016|1|1|1|0|59|59|59|0
30T1017|1|1|1|0|77|77|77|0
30T1018|1|2|2|1|134|206|206|1
30T1019|3|3|3|0|17|17|17|0
30T1020|1|2|2|1|45|68|68|1
30T1021|1|1|1|0|30|30|30|0
30T1022|1|1|1|0|38|44|44|1
30T1023|1|2|2|1|32|44|44|1
30T1024|2|4|4|1|45|68|68|1
30T1025|4|7|7|1|78|122|122|1
30T1026|1|1|1|0|65|65|65|0
30T1027|3|4|4|1|32|44|44|1
30T1028|1|1|1|0|42|42|42|0
30T1029|1|2|2|1|40|59|59|1
30T1030|1|2|2|1|78|122|122|1
30T1031|1|2|2|1|31|31|31|0
30T1032|2|4|4|1|33|50|\N|\N
30T1033|2|2|2|0|59|59|59|0
30T1034|1|1|1|0|38|44|44|1
30T1035|1|2|2|1|40|59|59|1
30T1036|2|4|4|1|40|59|59|1
30T1037|1|1|1|0|42|42|42|0
30T1038|1|1|1|0|59|59|59|0
30T1039|1|2|1|2|83|134|83|2
30T1040|1|1|1|0|45|45|45|0
30T1041|1|2|2|1|68|98|98|1
30T1042|1|2|2|1|75|107|107|1
30T1043|1|1|1|0|92|113|92|2
30T1044|1|1|1|0|46|54|54|1
30T1045|1|1|1|0|35|43|43|1
30T1046|1|2|2|1|39|47|47|1
30T1047|1|2|\N|\N|34|42|42|1
30T1048|1|2|2|1|46|54|54|1
30T1049|1|1|1|0|39|47|47|1
30T1050|1|1|1|0|28|28|28|0
30T1051|1|1|1|0|61|61|61|0
30T1052|1|2|2|1|47|69|69|1
30T1053|1|1|1|0|63|63|63|0
30T1054|6|7|7|1|39|50|\N|\N
30T1055|1|2|2|1|35|43|43|1
30T1056|1|2|2|1|40|109|109|1
30T1057|1|1|1|0|57|57|57|0
30T1058|1|1|1|0|21|27|\N|\N
30T1059|1|1|1|0|65|65|65|0
30T1060|1|4|4|1|91|259|259|1
30T1061|1|1|1|0|29|29|29|0
30T1062|1|1|1|0|49|49|49|0
30T1063|1|1|1|0|33|33|33|0
30T1064|1|2|2|1|42|114|114|1
30T1065|1|1|1|0|47|69|69|1
30T1066|1|1|1|0|27|30|27|2
30T1067|1|1|1|0|20|25|\N|\N
30T1068|1|1|1|0|49|49|49|0
30T1069|1|2|2|1|36|84|84|1
30T1070|1|1|1|0|47|47|47|0
30T1071|5|5|5|0|35|35|35|0
30T1072|1|1|1|0|32|32|32|0
30T1073|1|2|2|1|34|79|79|1
30T1074|1|4|4|1|57|105|105|1
30T1075|1|1|1|0|30|30|30|0
30T1076|1|1|1|0|35|35|35|0
30T1077|3|3|3|0|157|157|157|0
30T1078|1|1|1|0|147|147|147|0
30T1079|1|1|1|0|30|30|30|0
30T1080|1|1|1|0|52|52|52|0
30T1081|5|5|5|0|82|82|82|0
30T1082|1|1|1|0|51|51|51|0
30T1083|1|1|1|0|30|30|30|0
30T1084|1|1|1|0|37|37|37|0
30T1085|2|2|2|0|51|51|51|0
30T1086|2|2|2|0|51|51|51|0
30T1087|1|1|1|0|37|37|37|0
30T1088|1|1|1|0|51|51|51|0
30T1089|1|1|1|0|53|59|53|2
30T1090|1|1|1|0|37|37|37|0
30T1091|1|1|1|0|72|72|72|0
30T1092|1|1|1|0|86|86|86|0
30T1093|1|1|1|0|37|37|37|0
30T1094|1|1|1|0|51|51|51|0
30T1095|1|1|1|0|72|72|72|0
30T1096|5|5|5|0|82|82|82|0
30T1097|2|2|2|0|69|69|69|0
30T1098|1|1|1|0|41|41|41|0
30T1099|1|1|1|0|51|51|51|0
30T1100|1|1|1|0|86|86|86|0
30T1101|2|2|2|0|51|51|51|0
30T1102|1|1|1|0|51|51|51|0
30T1103|1|1|1|0|30|30|30|0
30T1104|1|1|1|0|52|52|52|0
30T1105|3|12|12|1|143|549|549|1
30T1106|4|16|16|1|154|589|589|1
30T1107|3|4|4|1|111|158|158|1
30T1108|4|5|5|1|192|265|265|1
30T1109|3|4|4|1|118|183|183|1
30T1110|2|2|2|0|97|97|97|0
30T1111|3|4|4|1|118|183|183|1
30T1112|3|5|5|1|159|265|265|1
30T1113|3|4|4|1|141|183|183|1
30T1114|1|2|2|1|398|782|782|1
30T1115|1|1|1|0|289|409|409|1
30T1116|3|3|3|0|55|55|55|0
30T1117|3|3|3|0|53|53|53|0
30T1118|1|1|1|0|55|55|55|0
30T1119|1|1|1|0|55|55|55|0
30T1120|1|1|1|0|53|53|53|0
30T1121|1|1|1|0|53|53|53|0
30T1122|1|1|1|0|53|53|53|0
30T1123|1|1|1|0|53|53|53|0
30T1124|1|1|1|0|55|55|55|0
30T1125|1|2|2|1|398|782|782|1
30T1126|1|1|1|0|55|55|55|0
30T1127|1|1|1|0|53|53|53|0
30T1128|1|1|1|0|53|53|53|0
30T1129|1|1|1|0|289|409|409|1
30T1130|1|2|2|1|253|446|446|1
30T1131|1|2|2|1|253|446|446|1
30T1132|1|1|1|0|71|71|71|0
30T1133|1|1|1|0|53|53|53|0
30T1134|3|3|3|0|36|36|36|0
30T1135|1|1|1|0|36|36|36|0
30T1136|1|1|1|0|36|36|36|0
30T1137|1|1|1|0|37|37|37|0
30T1138|1|1|1|0|37|37|37|0
30T1139|1|1|1|0|36|36|36|0
30T1140|1|1|1|0|37|37|37|0
30T1141|1|1|1|0|36|36|36|0
30T1142|1|1|1|0|55|55|55|0
30T1143|1|1|1|0|787|787|787|0
30T1144|1|1|1|0|37|37|37|0
30T1145|3|3|3|0|37|37|37|0
30T1146|1|1|1|0|53|53|53|0
30T1147|1|1|1|0|53|53|53|0
30T1148|2|2|2|0|37|37|37|0
30T1149|1|1|1|0|53|53|53|0
30T1150|2|2|2|0|36|36|36|0
30T1151|1|1|1|0|53|53|53|0
30T1152|1|1|1|0|12|12|12|0
30T1153|1|1|1|0|21|21|21|0
30T1154|1|1|1|0|23|23|23|0
30T1155|3|3|3|0|49|49|49|0
30T1156|3|3|3|0|37|41|37|2
30T1157|3|3|3|0|41|50|\N|\N
30T1158|2|2|2|0|39|44|\N|\N
30T1159|1|1|1|0|39|44|\N|\N
30T1160|1|1|1|0|41|41|41|0
30T1161|1|1|1|0|43|43|43|0
30T1162|3|3|3|0|34|47|34|2
30T1163|1|1|1|0|39|39|39|0
30T1164|2|2|2|0|44|44|44|0
30T1165|3|3|3|0|70|70|70|0
30T1166|3|3|3|0|70|70|70|0
30T1167|1|1|1|0|39|39|39|0
30T1168|1|1|1|0|39|39|39|0
30T1169|1|1|1|0|36|50|50|1
30T1170|1|4|4|1|33|54|54|1
30T1171|1|2|2|1|32|42|42|1
30T1172|1|2|2|1|45|45|45|0
30T1173|1|2|2|1|31|51|51|1
30T1174|1|4|4|1|30|47|47|1
30T1175|1|2|\N|\N|24|37|31|3
30T1176|1|1|1|0|36|50|50|1
30T1177|1|4|4|1|35|65|65|1
30T1178|1|2|2|1|28|37|35|3
30T1179|1|1|1|0|32|38|38|1
30T1180|1|1|1|0|17|18|17|2
30T1181|1|1|1|0|25|31|25|2
30T1182|1|4|4|1|31|51|51|1
30T1183|1|2|\N|\N|25|33|27|3
30T1184|1|2|2|1|28|34|34|1
30T1185|1|2|2|1|29|33|31|3
30T1186|1|2|2|1|28|34|34|1
30T1187|3|3|3|0|89|89|89|0
30T1188|1|1|1|0|83|83|83|0
30T1189|1|1|1|0|83|83|83|0
30T1190|1|1|1|0|55|55|55|0
30T1191|1|1|1|0|93|93|93|0
30T1192|1|1|1|0|19|19|19|0
30T1193|3|3|3|0|89|89|89|0
30T1194|2|2|2|0|89|89|89|0
30T1195|2|2|2|0|89|89|89|0
30T1196|1|1|1|0|107|107|107|0
30T1197|1|1|1|0|99|99|99|0
30T1198|1|1|1|0|32|32|32|0
30T1199|1|1|1|0|64|64|64|0
30T1200|1|1|1|0|59|59|59|0
30T1201|1|1|1|0|67|67|67|0
30T1202|1|1|1|0|71|95|95|1
30T1203|1|1|1|0|63|63|63|0
30T1204|1|1|1|0|64|64|64|0
30T1205|1|1|1|0|44|44|44|0
30T1206|1|1|1|0|44|44|44|0
30T1207|2|2|2|0|38|38|38|0
30T1208|1|1|1|0|71|95|95|1
30T1209|1|1|1|0|49|49|49|0
30T1210|1|1|1|0|91|127|127|1
30T1211|2|2|2|0|36|36|36|0
30T1212|1|1|1|0|44|44|44|0
30T1213|1|1|1|0|49|49|49|0
30T1214|1|1|1|0|119|183|183|1
30T1215|1|1|1|0|44|44|44|0
30T1216|1|1|1|0|71|95|95|1
30T1217|1|1|1|0|63|63|63|0
30T1218|1|1|1|0|44|44|44|0
30T1219|1|1|1|0|44|44|44|0
30T1220|1|1|1|0|44|44|44|0
30T1221|1|1|1|0|63|63|63|0
30T1222|2|2|2|0|36|36|36|0
30T1223|2|2|2|0|38|38|38|0
30T1224|1|1|1|0|71|95|95|1
30T1225|1|1|1|0|119|119|119|0
30T1226|1|1|1|0|59|59|59|0
30T1227|1|1|1|0|81|104|104|1
30T1228|1|1|1|0|81|104|104|1
30T1229|1|1|1|0|125|197|125|2
30T1230|1|1|1|0|81|104|104|1
30T1231|1|1|1|0|125|197|125|2
30T1232|1|1|1|0|81|104|104|1
30T1233|1|1|1|0|259|369|369|1
30T1234|2|3|3|1|77|128|128|1
30T1235|2|3|3|1|87|128|128|1
30T1236|1|1|1|0|119|119|119|0
30T1237|1|2|2|1|71|107|107|1
30T1238|1|2|2|1|81|119|119|1
30T1239|1|1|1|0|71|71|71|0
30T1240|1|1|1|0|71|71|71|0
30T1241|1|1|1|0|62|62|62|0
30T1242|1|1|1|0|55|59|59|1
30T1243|1|2|2|1|71|107|107|1
30T1244|1|2|2|1|71|107|107|1
30T1245|1|1|1|0|26|26|26|0
30T1246|2|4|4|1|71|107|107|1
30T1247|1|1|1|0|68|68|68|0
30T1248|1|1|1|0|29|29|29|0
30T1249|1|1|1|0|57|57|57|0
30T1250|1|1|1|0|56|62|62|1
30T1251|1|1|1|0|56|62|62|1
30T1252|1|2|2|1|113|161|161|1
30T1253|1|2|2|1|91|137|137|1
30T1254|1|2|2|1|71|107|107|1
30T1255|1|2|2|1|46|46|46|0
30T1256|2|2|2|0|54|54|54|0
30T1257|2|2|2|0|14|14|14|0
30T1258|1|1|1|0|64|72|72|1
30T1259|1|1|1|0|40|40|40|0
30T1260|1|1|1|0|31|33|31|2
30T1261|4|4|4|0|30|31|30|2
30T1262|1|2|2|1|53|109|109|1
30T1263|1|1|1|0|67|139|139|1
30T1264|1|1|1|0|61|119|119|1
30T1265|1|1|1|0|91|91|91|0
30T1266|1|1|1|0|35|38|\N|\N
30T1267|1|1|1|0|36|36|36|0
30T1268|1|1|1|0|37|37|37|0
30T1269|1|2|2|1|69|189|189|1
30T1270|1|2|2|1|57|129|129|1
30T1271|1|2|2|1|53|109|109|1
30T1272|1|1|1|0|34|34|34|0
30T1273|1|1|1|0|145|145|145|0
30T1274|3|3|3|0|60|60|60|0
30T1275|1|1|1|0|54|54|54|0
30T1276|2|2|2|0|59|59|59|0
30T1277|1|1|1|0|75|75|75|0
30T1278|1|1|1|0|82|82|82|0
30T1279|1|1|1|0|54|54|54|0
30T1280|2|2|2|0|75|75|75|0
30T1281|2|2|2|0|103|103|103|0
30T1282|1|1|1|0|61|61|61|0
30T1283|1|1|1|0|82|82|82|0
30T1284|2|2|2|0|59|59|59|0
30T1285|1|1|1|0|105|105|105|0
30T1286|1|1|1|0|82|82|82|0
30T1287|1|1|1|0|82|82|82|0
30T1288|1|1|1|0|75|75|75|0
30T1289|1|1|1|0|83|83|83|0
30T1290|2|2|2|0|59|59|59|0
30T1291|2|2|2|0|103|103|103|0
30T1292|2|2|2|0|103|103|103|0
30T1293|3|3|3|0|60|60|60|0
30T1294|2|2|2|0|75|75|75|0
30T1295|2|2|2|0|103|103|103|0
30T1296|2|2|2|0|103|103|103|0
30T1297|2|2|2|0|75|75|75|0
30T1298|1|1|1|0|51|51|51|0
30T1299|4|4|4|0|103|103|103|0
30T1300|2|2|2|0|59|59|59|0
30T1301|2|2|2|0|75|75|75|0
30T1302|2|2|2|0|281|281|281|0
30T1303|1|1|1|0|75|75|75|0
30T1304|1|1|1|0|75|75|75|0
30T1305|2|2|2|0|103|103|103|0
30T1306|4|4|4|0|103|103|103|0
30T1307|3|3|3|0|165|165|165|0
30T1308|1|1|1|0|173|173|173|0
30T1309|1|1|1|0|51|51|51|0
30T1310|2|2|2|0|57|83|83|1
30T1311|1|1|1|0|57|83|83|1
30T1312|2|4|4|1|410|697|697|1
30T1313|2|4|4|1|347|665|665|1
30T1314|3|4|4|1|157|192|192|1
30T1315|2|2|2|0|87|98|98|1
30T1316|2|2|2|0|75|98|98|1
30T1317|3|3|3|0|19|19|19|0
30T1318|2|2|2|0|87|98|98|1
30T1319|3|10|10|1|119|414|414|1
30T1320|3|10|10|1|119|414|414|1
30T1321|2|2|2|0|104|104|104|0
30T1322|2|2|2|0|91|97|97|1
30T1323|1|1|1|0|144|144|144|0
30T1324|3|12|12|1|163|599|599|1
30T1325|4|16|16|1|195|714|714|1
30T1326|3|10|10|1|109|379|379|1
30T1327|2|2|2|0|75|98|98|1
30T1328|1|1|1|0|167|283|167|2
30T1329|1|1|1|0|107|107|107|0
30T1330|1|1|1|0|107|107|107|0
30T1331|1|1|1|0|107|107|107|0
30T1332|1|1|1|0|797|1565|1565|1
30T1333|1|2|1|2|161|296|161|2
30T1334|2|2|2|0|29|30|29|2
30T1335|1|1|1|0|167|283|167|2
30T1336|1|2|2|1|314|554|554|1
30T1337|1|1|1|0|107|107|107|0
30T1338|1|1|1|0|75|75|75|0
30T1339|1|1|1|0|61|61|61|0
30T1340|1|1|1|0|29|30|29|2
30T1341|1|1|1|0|30|30|30|0
30T1342|1|1|1|0|29|30|29|2
30T1343|1|1|1|0|30|30|30|0
30T1344|1|1|1|0|68|68|68|0
30T1345|1|1|1|0|68|68|68|0
30T1346|3|3|3|0|68|68|68|0
30T1347|1|1|1|0|68|68|68|0
30T1348|1|1|1|0|68|68|68|0
30T1349|1|1|1|0|73|73|73|0
30T1350|2|2|2|0|30|30|30|0
30T1351|1|1|1|0|107|107|107|0
30T1352|1|2|1|2|161|296|161|2
30T1353|1|1|1|0|579|819|819|1
30T1354|1|1|1|0|75|75|75|0
30T1355|1|1|1|0|68|68|68|0
30T1356|3|3|3|0|68|68|68|0
30T1357|1|1|1|0|68|68|68|0
30T1358|3|3|3|0|75|75|75|0
30T1359|1|1|1|0|507|893|893|1
30T1360|3|3|3|0|73|73|73|0
30T1361|1|1|1|0|107|107|107|0
30T1362|1|1|1|0|68|68|68|0
30T1363|1|2|2|1|314|554|554|1
30T1364|1|1|1|0|68|68|68|0
30T1365|1|1|1|0|68|68|68|0
30T1366|1|2|2|1|314|554|554|1
30T1367|1|1|1|0|68|68|68|0
30T1368|1|1|1|0|73|73|73|0
30T1369|1|2|2|1|314|554|554|1
30T1370|1|1|1|0|25|25|25|0
30T1371|1|1|1|0|76|76|76|0
30T1372|3|3|3|0|74|74|74|0
30T1373|1|1|1|0|62|83|83|1
30T1374|3|3|3|0|56|56|56|0
30T1375|1|1|1|0|69|76|76|1
30T1376|3|3|3|0|53|56|\N|\N
30T1377|3|3|3|0|54|59|\N|\N
30T1378|3|6|6|1|77|134|134|1
30T1379|1|1|1|0|116|116|116|0
30T1380|1|1|1|0|97|113|113|1
30T1381|3|5|5|1|61|92|92|1
30T1382|1|1|1|0|37|37|37|0
30T1383|1|1|1|0|21|21|21|0
30T1384|1|1|1|0|22|22|22|0
30T1385|1|1|1|0|63|63|63|0
30T1386|1|2|2|1|85|128|128|1
30T1387|1|1|1|0|37|37|37|0
30T1388|1|2|2|1|85|128|128|1
30T1389|1|1|1|0|27|27|27|0
30T1390|3|5|5|1|61|92|\N|\N
30T1391|1|2|2|1|91|137|137|1
30T1392|1|1|1|0|37|37|37|0
30T1393|1|1|1|0|97|113|113|1
30T1394|1|1|1|0|32|32|32|0
30T1395|3|4|4|1|78|78|78|0
30T1396|1|1|1|0|53|65|65|1
30T1397|1|1|1|0|33|33|33|0
30T1398|1|1|1|0|40|54|\N|\N
30T1399|1|1|1|0|34|34|34|0
30T1400|1|1|1|0|45|90|90|1
30T1401|1|1|1|0|46|54|\N|\N
30T1402|1|2|\N|\N|38|41|41|1
30T1403|1|4|4|1|33|55|55|1
30T1404|1|4|4|1|54|73|73|1
30T1405|1|1|1|0|41|57|57|1
30T1406|1|1|1|0|36|48|36|2
30T1407|1|2|2|1|43|50|50|1
30T1408|1|1|1|0|51|59|59|1
30T1409|1|4|4|1|39|56|56|1
30T1410|1|4|4|1|37|58|58|1
30T1411|1|1|1|0|29|29|29|0
30T1412|1|2|2|1|39|42|42|1
30T1413|1|1|1|0|45|90|90|1
30T1414|1|2|2|1|46|49|49|1
30T1415|1|1|1|0|24|26|\N|\N
30T1416|1|1|1|0|26|28|26|2
30T1417|1|2|\N|\N|31|38|\N|\N
30T1418|1|2|\N|\N|31|38|\N|\N
30T1419|1|2|2|1|33|55|55|1
30T1420|1|2|2|1|37|58|58|1
30T1421|1|1|1|0|53|65|65|1
30T1422|1|1|1|0|179|179|179|0
30T1423|1|1|1|0|33|33|33|0
30T1424|1|1|1|0|48|48|48|0
30T1425|1|1|1|0|33|33|33|0
30T1426|1|1|1|0|39|39|39|0
30T1427|1|1|1|0|35|35|35|0
30T1428|1|1|1|0|65|65|65|0
30T1429|1|1|1|0|31|31|31|0
30T1430|1|1|1|0|48|48|48|0
30T1431|1|1|1|0|31|31|31|0
30T1432|1|1|1|0|35|35|35|0
30T1433|1|2|2|1|721|1313|1313|1
30T1434|1|2|2|1|683|1313|1313|1
30T1435|1|1|1|0|143|191|191|1
30T1436|1|1|1|0|129|129|129|0
30T1437|1|1|1|0|89|89|89|0
30T1438|1|1|1|0|107|107|107|0
30T1439|1|1|1|0|107|107|107|0
30T1440|1|1|1|0|89|89|89|0
30T1441|1|1|1|0|60|60|60|0
30T1442|1|1|1|0|73|73|73|0
30T1443|1|1|1|0|70|70|70|0
30T1444|1|1|1|0|70|70|70|0
30T1445|1|1|1|0|60|60|60|0
30T1446|1|1|1|0|70|70|70|0
30T1447|1|1|1|0|77|77|77|0
30T1448|1|1|1|0|70|70|70|0
30T1449|1|1|1|0|163|209|209|1
30T1450|2|3|3|1|83|124|124|1
30T1451|2|3|3|1|95|132|132|1
30T1452|2|8|8|1|79|279|279|1
30T1453|2|5|5|1|73|137|137|1
30T1454|2|6|6|1|58|184|184|1
30T1455|2|5|5|1|78|137|137|1
30T1456|2|3|3|1|76|114|114|1
30T1457|2|3|3|1|99|124|124|1
30T1458|1|2|2|1|143|215|215|1
30T1459|1|1|1|0|83|89|89|1
30T1460|1|1|1|0|22|22|22|0
30T1461|1|1|1|0|107|107|107|0
30T1462|1|1|1|0|24|24|24|0
30T1463|1|1|1|0|83|83|83|0
30T1464|2|2|2|0|50|50|50|0
30T1465|1|1|1|0|73|73|73|0
30T1466|1|1|1|0|82|82|82|0
30T1467|1|1|1|0|61|71|71|1
30T1468|1|1|1|0|107|107|107|0
30T1469|1|1|1|0|62|77|77|1
30T1470|1|1|1|0|56|56|56|0
30T1471|1|1|1|0|103|199|199|1
30T1472|2|2|2|0|563|563|563|0
30T1473|1|1|1|0|165|165|165|0
30T1474|1|1|1|0|109|109|109|0
30T1475|4|4|4|0|207|207|207|0
30T1476|2|2|2|0|151|151|151|0
30T1477|1|1|1|0|103|103|103|0
30T1478|2|2|2|0|239|239|239|0
30T1479|2|2|2|0|239|239|239|0
30T1480|1|1|1|0|101|101|101|0
30T1481|4|4|4|0|207|207|207|0
30T1482|1|1|1|0|101|101|101|0
30T1483|3|3|3|0|101|101|101|0
30T1484|2|2|2|0|119|119|119|0
30T1485|1|1|1|0|101|101|101|0
30T1486|1|1|1|0|101|101|101|0
30T1487|2|2|2|0|183|183|183|0
30T1488|1|1|1|0|167|167|167|0
30T1489|1|1|1|0|70|70|70|0
30T1490|3|3|3|0|101|101|101|0
30T1491|2|2|2|0|119|119|119|0
30T1492|1|1|1|0|67|67|67|0
30T1493|2|2|2|0|151|151|151|0
30T1494|3|3|3|0|101|101|101|0
30T1495|1|1|1|0|70|70|70|0
30T1496|2|2|2|0|222|222|222|0
30T1497|2|2|2|0|222|222|222|0
30T1498|1|1|1|0|67|67|67|0
30T1499|1|1|1|0|67|67|67|0
30T1500|3|3|3|0|101|101|101|0
30T1501|2|2|2|0|183|183|183|0
30T1502|1|1|1|0|67|67|67|0
30T1503|2|2|2|0|121|121|121|0
30T1504|1|1|1|0|71|119|\N|\N
30T1505|2|2|2|0|59|79|\N|\N
30T1506|3|3|3|0|92|128|\N|\N
30T1507|3|3|3|0|79|125|79|2
30T1508|2|2|2|0|52|65|52|2
30T1509|1|1|1|0|52|65|52|2
30T1510|2|2|2|0|76|119|\N|\N
30T1511|2|2|2|0|71|119|\N|\N
30T1512|2|2|2|0|333|333|333|0
30T1513|2|4|4|1|359|683|683|1
30T1514|2|2|2|0|332|332|332|0
30T1515|2|4|4|1|269|418|418|1
30T1516|2|4|4|1|269|418|418|1
30T1517|2|2|2|0|219|398|219|2
30T1518|2|4|4|1|453|778|778|1
30T1519|2|4|2|2|219|398|219|2
30T1520|1|1|1|0|121|146|146|1
30T1521|1|1|1|0|161|161|161|0
30T1522|2|6|6|1|91|304|304|1
30T1523|2|6|6|1|107|374|374|1
30T1524|4|4|4|0|29|29|29|0
30T1525|2|6|6|1|74|229|229|1
30T1526|2|6|6|1|74|229|229|1
30T1527|2|2|2|0|87|93|93|1
30T1528|2|2|2|0|103|106|106|1
30T1529|1|1|1|0|121|146|146|1
30T1530|2|2|2|0|99|99|99|0
30T1531|2|2|2|0|103|106|106|1
30T1532|3|10|10|1|163|529|529|1
30T1533|2|2|2|0|59|61|59|2
30T1534|1|1|1|0|137|137|137|0
30T1535|1|1|1|0|629|1109|1109|1
30T1536|1|1|1|0|78|99|99|1
30T1537|1|2|2|1|186|314|314|1
30T1538|2|2|2|0|53|53|53|0
30T1539|1|2|2|1|186|314|314|1
30T1540|1|1|1|0|53|53|53|0
30T1541|1|2|2|1|186|314|314|1
30T1542|2|2|2|0|61|61|61|0
30T1543|1|1|1|0|123|123|123|0
30T1544|1|1|1|0|78|99|99|1
30T1545|1|1|1|0|73|85|85|1
30T1546|2|2|2|0|92|92|92|0
30T1547|1|1|1|0|137|137|137|0
30T1548|1|1|1|0|137|137|137|0
30T1549|2|2|2|0|53|53|53|0
30T1550|1|1|1|0|53|53|53|0
30T1551|1|1|1|0|73|85|85|1
30T1552|1|1|1|0|323|593|323|2
30T1553|1|1|1|0|61|61|61|0
30T1554|1|1|1|0|92|92|92|0
30T1555|1|1|1|0|335|567|335|2
30T1556|1|1|1|0|59|61|59|2
30T1557|1|1|1|0|53|53|53|0
30T1558|1|1|1|0|53|53|53|0
30T1559|1|1|1|0|53|53|53|0
30T1560|1|2|2|1|186|314|314|1
30T1561|1|1|1|0|104|104|104|0
30T1562|1|2|2|1|111|167|167|1
30T1563|1|1|1|0|25|25|25|0
30T1564|1|1|1|0|52|52|52|0
30T1565|1|1|1|0|179|179|179|0
30T1566|1|2|1|2|22|30|22|2
30T1567|1|2|2|1|143|215|215|1
30T1568|1|2|2|1|115|176|176|1
30T1569|2|2|2|0|38|43|43|1
30T1570|1|2|2|1|137|206|206|1
30T1571|1|2|2|1|122|179|179|1
30T1572|1|2|2|1|115|176|176|1
30T1573|1|1|1|0|22|22|22|0
30T1574|3|5|5|1|93|140|140|1
30T1575|1|2|2|1|41|48|48|1
30T1576|1|1|1|0|62|62|62|0
30T1577|1|2|2|1|33|33|33|0
30T1578|1|2|2|1|44|48|48|1
30T1579|1|1|1|0|63|103|103|1
30T1580|1|1|1|0|74|104|104|1
30T1581|1|1|1|0|51|64|64|1
30T1582|1|1|1|0|43|56|50|3
30T1583|1|1|1|0|63|103|103|1
30T1584|1|1|1|0|51|64|64|1
30T1585|1|1|1|0|53|57|54|3
30T1586|1|1|1|0|53|71|71|1
30T1587|1|1|1|0|50|64|\N|\N
30T1588|1|1|1|0|35|35|35|0
30T1589|1|1|1|0|73|75|75|1
30T1590|1|1|1|0|55|68|68|1
30T1591|1|1|1|0|45|47|45|2
30T1592|1|1|1|0|37|39|39|1
30T1593|1|1|1|0|53|63|\N|\N
30T1594|1|1|1|0|46|46|46|0
30T1595|1|1|1|0|55|68|68|1
30T1596|1|1|1|0|46|46|46|0
30T1597|1|1|1|0|42|42|42|0
30T1598|1|1|1|0|63|63|63|0
30T1599|1|1|1|0|41|41|41|0
30T1600|1|1|1|0|71|71|71|0
30T1601|1|1|1|0|41|41|41|0
30T1602|1|1|1|0|59|59|59|0
30T1603|1|1|1|0|54|54|54|0
30T1604|2|2|2|0|58|58|58|0
30T1605|1|1|1|0|59|59|59|0
30T1606|1|1|1|0|59|59|59|0
30T1607|1|1|1|0|59|59|59|0
30T1608|1|1|1|0|67|67|67|0
30T1609|1|1|1|0|97|97|97|0
30T1610|1|4|4|1|673|2649|2649|1
30T1611|1|2|2|1|430|748|748|1
30T1612|1|1|1|0|48|48|48|0
30T1613|1|2|2|1|699|1315|1315|1
30T1614|1|2|2|1|510|898|898|1
30T1615|1|4|4|1|692|2689|2689|1
30T1616|1|1|1|0|384|384|384|0
30T1617|1|1|1|0|472|472|472|0
30T1618|1|2|2|1|755|1315|1315|1
30T1619|1|1|1|0|215|215|215|0
30T1620|1|1|1|0|121|121|121|0
30T1621|1|1|1|0|109|109|109|0
30T1622|1|1|1|0|141|141|141|0
30T1623|1|1|1|0|109|109|109|0
30T1624|1|1|1|0|109|109|109|0
30T1625|1|1|1|0|109|109|109|0
30T1626|7|9|9|1|1189|2011|2011|1
30T1627|5|10|10|1|1013|1997|1997|1
30T1628|5|9|9|1|1031|1979|1979|1
30T1629|7|14|14|1|1108|2093|2093|1
30T1630|2|6|6|1|88|274|274|1
30T1631|1|1|1|0|127|219|219|1
30T1632|2|5|5|1|88|152|152|1
30T1633|1|1|1|0|140|219|219|1
30T1634|2|8|8|1|101|329|329|1
30T1635|2|6|6|1|78|239|239|1
30T1636|2|6|6|1|83|259|259|1
30T1637|2|3|3|1|116|135|135|1
30T1638|2|3|3|1|84|123|123|1
30T1639|2|3|3|1|87|123|123|1
30T1640|1|1|1|0|162|162|162|0
30T1641|1|1|1|0|58|83|58|2
30T1642|1|1|1|0|113|113|113|0
30T1643|1|1|1|0|33|33|33|0
30T1644|1|1|1|0|105|110|110|1
30T1645|1|1|1|0|113|134|134|1
30T1646|1|1|1|0|60|92|61|3
30T1647|1|1|1|0|33|33|33|0
30T1648|1|1|1|0|161|161|161|0
30T1649|1|1|1|0|110|125|125|1
30T1650|1|1|1|0|37|37|37|0
30T1651|1|1|1|0|137|137|137|0
30T1652|1|1|1|0|68|72|68|2
30T1653|1|1|1|0|110|110|110|0
30T1654|1|1|1|0|62|75|62|2
30T1655|1|1|1|0|135|135|135|0
30T1656|2|2|2|0|479|479|479|0
30T1657|2|2|2|0|445|445|445|0
30T1658|7|7|7|0|1102|1102|1102|0
30T1659|1|1|1|0|141|141|141|0
30T1660|2|2|2|0|208|208|208|0
30T1661|1|1|1|0|104|104|104|0
30T1662|2|2|2|0|208|208|208|0
30T1663|3|3|3|0|203|203|203|0
30T1664|2|2|2|0|208|208|208|0
30T1665|2|2|2|0|367|367|367|0
30T1666|1|1|1|0|110|110|110|0
30T1667|2|2|2|0|208|208|208|0
30T1668|3|3|3|0|203|203|203|0
30T1669|1|1|1|0|104|104|104|0
30T1670|1|1|1|0|110|110|110|0
30T1671|1|1|1|0|146|230|230|1
30T1672|2|2|2|0|77|77|77|0
30T1673|3|3|3|0|93|93|93|0
30T1674|3|3|3|0|98|134|\N|\N
30T1675|3|3|3|0|89|89|89|0
30T1676|3|3|3|0|125|152|\N|\N
30T1677|2|2|2|0|77|77|77|0
30T1678|3|3|3|0|77|77|77|0
30T1679|2|2|2|0|79|79|79|0
30T1680|1|1|1|0|95|119|119|1
30T1681|1|1|1|0|27|27|27|0
30T1682|3|3|3|0|101|134|\N|\N
30T1683|2|2|2|0|197|197|197|0
30T1684|1|1|1|0|155|251|224|3
30T1685|2|2|2|0|291|291|291|0
30T1686|2|2|2|0|232|232|232|0
30T1687|2|4|4|1|331|477|477|1
30T1688|2|2|2|0|53|53|53|0
30T1689|2|2|2|0|53|53|53|0
30T1690|2|4|4|1|247|407|407|1
30T1691|2|2|2|0|243|243|243|0
30T1692|2|2|2|0|243|243|243|0
30T1693|2|2|2|0|247|407|407|1
30T1694|1|1|1|0|155|251|224|3
30T1695|2|2|2|0|71|71|71|0
30T1696|1|2|2|1|345|633|633|1
30T1697|1|1|1|0|167|539|539|1
30T1698|1|1|1|0|163|165|165|1
30T1699|2|6|6|1|95|233|233|1
30T1700|2|6|6|1|95|233|233|1
30T1701|1|1|1|0|117|311|311|1
30T1702|2|6|6|1|109|309|309|1
30T1703|3|3|3|0|28|28|28|0
30T1704|2|6|6|1|109|309|309|1
30T1705|2|2|2|0|88|88|88|0
30T1706|1|1|1|0|107|107|107|0
30T1707|1|1|1|0|373|629|629|1
30T1708|2|2|2|0|125|152|152|1
30T1709|1|1|1|0|157|199|199|1
30T1710|2|2|2|0|125|152|152|1
30T1711|1|1|1|0|107|107|107|0
30T1712|1|1|1|0|125|152|152|1
30T1713|1|1|1|0|185|185|185|0
30T1714|1|1|1|0|147|171|171|1
30T1715|3|3|3|0|393|393|393|0
30T1716|1|1|1|0|125|152|152|1
30T1717|2|2|2|0|21|21|21|0
30T1718|1|1|1|0|21|21|21|0
30T1719|2|4|4|1|102|172|172|1
30T1720|1|2|2|1|215|323|323|1
30T1721|2|2|2|0|36|39|\N|\N
30T1722|1|2|2|1|75|82|82|1
30T1723|1|1|1|0|78|81|78|2
30T1724|1|1|1|0|96|118|118|1
30T1725|1|1|1|0|66|71|71|1
30T1726|1|1|1|0|77|104|104|1
30T1727|1|1|1|0|63|81|63|2
30T1728|1|1|1|0|60|71|60|2
30T1729|1|1|1|0|53|53|53|0
30T1730|1|1|1|0|83|83|83|0
30T1731|1|1|1|0|76|76|76|0
30T1732|1|1|1|0|66|66|66|0
30T1733|1|1|1|0|109|109|109|0
30T1734|2|2|2|0|86|86|86|0
30T1735|1|1|1|0|83|83|83|0
30T1736|1|1|1|0|98|98|98|0
30T1737|1|1|1|0|66|66|66|0
30T1738|1|1|1|0|76|76|76|0
30T1739|1|1|1|0|66|66|66|0
30T1740|1|1|1|0|76|76|76|0
30T1741|2|2|2|0|86|86|86|0
30T1742|1|1|1|0|72|72|72|0
30T1743|2|2|2|0|75|75|75|0
30T1744|1|1|1|0|72|72|72|0
30T1745|1|1|1|0|68|68|68|0
30T1746|1|1|1|0|98|98|98|0
30T1747|1|1|1|0|75|75|75|0
30T1748|2|2|2|0|117|117|117|0
30T1749|1|1|1|0|68|68|68|0
30T1750|1|1|1|0|85|85|85|0
30T1751|1|1|1|0|119|119|119|0
30T1752|1|1|1|0|53|53|53|0
30T1753|2|2|2|0|75|75|75|0
30T1754|1|1|1|0|66|66|66|0
30T1755|1|1|1|0|75|75|75|0
30T1756|1|1|1|0|76|76|76|0
30T1757|1|1|1|0|44|50|50|1
30T1758|1|2|2|1|379|709|709|1
30T1759|1|1|1|0|355|355|355|0
30T1760|1|1|1|0|228|384|384|1
30T1761|1|2|2|1|549|907|907|1
30T1762|1|1|1|0|313|473|473|1
30T1763|1|2|2|1|379|709|709|1
30T1764|1|1|1|0|684|684|684|0
30T1765|1|1|1|0|479|479|479|0
30T1766|1|2|\N|\N|355|686|685|3
30T1767|1|4|4|1|421|1559|1559|1
30T1768|1|2|2|1|228|384|384|1
30T1769|1|1|1|0|56|56|56|0
30T1770|1|1|1|0|397|473|473|1
30T1771|1|2|2|1|416|786|786|1
30T1772|1|4|4|1|488|1844|1844|1
30T1773|1|1|1|0|305|473|473|1
30T1774|1|1|1|0|396|472|472|1
30T1775|1|1|1|0|236|390|390|1
30T1776|1|2|\N|\N|373|726|725|3
30T1777|1|1|1|0|471|471|471|0
30T1778|1|2|2|1|236|390|390|1
30T1779|1|2|2|1|236|390|390|1
30T1780|1|2|\N|\N|373|726|725|3
30T1781|1|2|2|1|435|766|766|1
30T1782|1|4|4|1|758|2814|2814|1
30T1783|1|1|1|0|662|667|662|2
30T1784|1|4|4|1|703|2699|2699|1
30T1785|1|1|1|0|49|50|50|1
30T1786|1|1|1|0|295|473|473|1
30T1787|1|4|4|1|438|1594|1594|1
30T1788|1|2|2|1|416|786|786|1
30T1789|1|2|2|1|435|766|766|1
30T1790|1|1|1|0|663|664|663|2
30T1791|1|2|2|1|416|786|786|1
30T1792|1|1|1|0|219|219|219|0
30T1793|5|10|10|1|1043|2051|2051|1
30T1794|5|9|9|1|657|1163|1163|1
30T1795|4|5|4|2|627|1177|627|2
30T1796|5|9|9|1|688|1256|1256|1
30T1797|7|14|14|1|1232|2336|2336|1
30T1798|5|9|9|1|747|1197|1197|1
30T1799|5|8|8|1|688|1256|1256|1
30T1800|4|6|4|2|618|1196|618|2
30T1801|1|1|1|0|44|44|44|0
30T1802|1|1|1|0|136|454|454|1
30T1803|1|1|1|0|157|234|234|1
30T1804|2|6|6|1|96|284|284|1
30T1805|2|6|6|1|125|354|354|1
30T1806|2|6|6|1|89|279|279|1
30T1807|2|6|6|1|96|294|294|1
30T1808|1|2|2|1|178|299|299|1
30T1809|1|1|1|0|86|98|98|1
30T1810|1|1|1|0|55|55|55|0
30T1811|2|2|2|0|59|59|59|0
30T1812|1|1|1|0|67|67|67|0
30T1813|1|1|1|0|107|113|107|2
30T1814|1|1|1|0|59|59|59|0
30T1815|1|1|1|0|206|206|206|0
30T1816|1|1|1|0|91|113|113|1
30T1817|1|2|2|1|159|257|257|1
30T1818|1|1|1|0|325|325|325|0
30T1819|1|1|1|0|89|92|89|2
30T1820|1|1|1|0|59|59|59|0
30T1821|1|2|2|1|178|299|299|1
30T1822|1|1|1|0|59|59|59|0
30T1823|1|1|1|0|59|59|59|0
30T1824|2|2|2|0|55|55|55|0
30T1825|1|1|1|0|59|59|59|0
30T1826|1|2|2|1|159|257|257|1
30T1827|1|1|1|0|59|59|59|0
30T1828|1|1|1|0|98|134|98|2
30T1829|2|2|2|0|59|59|59|0
30T1830|1|1|1|0|245|245|245|0
30T1831|1|1|1|0|245|245|245|0
30T1832|1|1|1|0|92|92|92|0
30T1833|1|1|1|0|55|55|55|0
30T1834|1|1|1|0|55|55|55|0
30T1835|2|2|2|0|67|67|67|0
30T1836|1|1|1|0|2205|2205|2205|0
30T1837|1|1|1|0|129|129|129|0
30T1838|7|7|7|0|746|746|746|0
30T1839|7|7|7|0|746|746|746|0
30T1840|1|1|1|0|129|129|129|0
30T1841|1|1|1|0|129|129|129|0
30T1842|1|1|1|0|209|209|209|0
30T1843|5|5|5|0|712|712|712|0
30T1844|1|1|1|0|129|129|129|0
30T1845|1|1|1|0|221|221|221|0
30T1846|2|2|2|0|417|417|417|0
30T1847|5|5|5|0|712|712|712|0
30T1848|5|5|5|0|690|690|690|0
30T1849|5|5|5|0|690|690|690|0
30T1850|1|1|1|0|160|160|160|0
30T1851|1|1|1|0|48|48|48|0
30T1852|4|4|4|0|130|130|130|0
30T1853|1|1|1|0|188|251|\N|\N
30T1854|1|1|1|0|40|40|40|0
30T1855|4|4|4|0|143|143|143|0
30T1856|1|1|1|0|134|134|134|0
30T1857|1|1|1|0|152|152|152|0
30T1858|2|2|2|0|222|222|222|0
30T1859|2|3|3|1|67|67|67|0
30T1860|1|1|1|0|199|263|263|1
30T1861|2|3|3|1|78|85|85|1
30T1862|1|2|1|2|41|56|41|2
30T1863|2|4|4|1|82|131|131|1
30T1864|1|2|1|2|50|74|50|2
30T1865|1|1|1|0|140|140|140|0
30T1866|1|1|1|0|138|138|138|0
30T1867|2|2|2|0|186|186|186|0
30T1868|1|1|1|0|186|186|186|0
30T1869|1|2|2|1|262|539|539|1
30T1870|1|2|2|1|342|594|594|1
30T1871|1|2|2|1|363|637|637|1
30T1872|1|4|4|1|233|874|874|1
30T1873|1|4|4|1|337|1289|1289|1
30T1874|1|2|2|1|318|642|642|1
30T1875|1|2|2|1|3011|5939|5939|1
30T1876|1|2|2|1|3201|6035|6035|1
30T1877|1|1|1|0|175|391|391|1
30T1878|2|2|2|0|133|133|133|0
30T1879|2|2|2|0|133|133|133|0
30T1880|2|2|2|0|88|88|88|0
30T1881|2|2|2|0|88|88|88|0
30T1882|2|2|2|0|76|76|76|0
30T1883|2|2|2|0|177|177|177|0
30T1884|2|2|2|0|76|76|76|0
30T1885|1|1|1|0|787|787|787|0
30T1886|1|1|1|0|782|782|782|0
30T1887|1|1|1|0|251|305|305|1
30T1888|3|3|3|0|285|285|285|0
30T1889|3|3|3|0|285|285|285|0
30T1890|3|3|3|0|289|289|289|0
30T1891|1|1|1|0|782|782|782|0
30T1892|3|3|3|0|289|289|289|0
30T1893|1|1|1|0|43|43|43|0
30T1894|1|1|1|0|43|43|43|0
30T1895|\N|\N|\N|\N|31|31|31|0
30T1896|\N|\N|\N|\N|121|161|161|1
30T1897|\N|\N|\N|\N|117|190|190|1
30T1898|\N|\N|\N|\N|91|110|110|1
30T1899|\N|\N|\N|\N|121|161|161|1
30T1900|\N|\N|\N|\N|102|157|109|3
30T1901|\N|\N|\N|\N|102|157|109|3
30T1902|\N|\N|\N|\N|78|78|78|0
30T1903|\N|\N|\N|\N|78|78|78|0
30T1904|\N|\N|\N|\N|109|135|135|1
30T1905|\N|\N|\N|\N|122|122|122|0
30T1906|\N|\N|\N|\N|122|122|122|0
30T1907|\N|\N|\N|\N|83|83|83|0
30T1908|\N|\N|\N|\N|151|151|151|0
30T1909|\N|\N|\N|\N|122|122|122|0
30T1910|1|1|1|0|128|128|128|0
30T1911|1|1|1|0|145|145|145|0
30T1912|1|1|1|0|122|122|122|0
30T1913|1|1|1|0|133|133|133|0
30T1914|1|1|1|0|137|137|137|0
30T1915|1|1|1|0|122|122|122|0
30T1916|1|1|1|0|122|122|122|0
30T1917|1|1|1|0|128|128|128|0
30T1918|2|2|2|0|151|151|151|0
30T1919|1|1|1|0|128|128|128|0
30T1920|2|2|2|0|122|122|122|0
30T1921|1|1|1|0|122|122|122|0
30T1922|1|1|1|0|153|153|153|0
30T1923|2|2|2|0|173|173|173|0
30T1924|1|1|1|0|153|153|153|0
30T1925|1|1|1|0|107|107|107|0
30T1926|1|1|1|0|197|197|197|0
30T1927|1|1|1|0|128|128|128|0
30T1928|1|1|1|0|133|133|133|0
30T1929|1|1|1|0|359|359|359|0
30T1930|\N|\N|\N|\N|301|471|471|1
30T1931|\N|\N|\N|\N|260|708|708|1
30T1932|\N|\N|\N|\N|701|701|701|0
30T1933|\N|\N|\N|\N|59|171|171|1
30T1934|\N|\N|\N|\N|399|737|737|1
30T1935|1|2|2|1|270|479|479|1
30T1936|1|1|1|0|65|65|65|0
30T1937|1|1|1|0|413|481|481|1
30T1938|1|1|1|0|389|675|\N|\N
30T1939|1|4|4|1|304|1149|1149|1
30T1940|1|1|1|0|385|385|385|0
30T1941|1|2|2|1|273|718|718|1
30T1942|1|2|2|1|453|851|851|1
30T1943|1|2|2|1|453|851|851|1
30T1944|1|1|1|0|120|120|120|0
30T1945|1|2|2|1|47|111|111|1
30T1946|2|3|3|1|309|483|483|1
30T1947|1|1|1|0|333|398|398|1
30T1948|1|2|2|1|341|575|575|1
30T1949|1|4|4|1|555|1959|1959|1
30T1950|2|3|\N|\N|273|718|718|1
30T1951|1|1|1|0|341|481|481|1
30T1952|1|1|1|0|433|686|686|1
30T1953|1|1|1|0|301|398|398|1
30T1954|1|2|2|1|309|483|483|1
30T1955|1|2|2|1|270|479|479|1
30T1956|1|2|2|1|474|1362|1362|1
30T1957|1|4|4|1|396|1524|1524|1
30T1958|1|1|1|0|513|686|686|1
30T1959|1|1|1|0|309|483|483|1
30T1960|1|1|1|0|301|471|471|1
30T1961|1|2|2|1|224|330|330|1
30T1962|1|2|2|1|184|258|258|1
30T1963|1|1|1|0|357|363|357|2
30T1964|1|1|1|0|118|118|118|0
30T1965|1|2|2|1|341|575|575|1
30T1966|1|4|4|1|482|1874|1874|1
30T1967|1|1|1|0|240|240|240|0
30T1968|1|2|2|1|260|708|708|1
30T1969|1|4|4|1|282|1039|1039|1
30T1970|1|1|1|0|273|718|718|1
30T1971|1|2|2|1|288|497|497|1
30T1972|1|2|\N|\N|283|517|517|1
30T1973|1|1|1|0|462|462|462|0
30T1974|5|9|9|1|809|1433|1433|1
30T1975|1|1|1|0|122|161|161|1
30T1976|3|5|5|1|380|674|674|1
30T1977|1|1|1|0|130|163|163|1
30T1978|4|6|6|1|655|1223|1223|1
30T1979|3|5|3|2|407|755|623|3
30T1980|3|4|3|2|419|729|632|3
30T1981|3|5|5|1|380|674|674|1
30T1982|1|1|1|0|52|73|73|1
30T1983|1|1|1|0|55|56|56|1
30T1984|1|1|1|0|52|73|73|1
30T1985|1|1|1|0|56|56|56|0
30T1986|1|1|1|0|56|56|56|0
30T1987|1|1|1|0|89|89|89|0
30T1988|1|1|1|0|55|56|56|1
30T1989|1|1|1|0|167|519|519|1
30T1990|1|1|1|0|107|107|107|0
30T1991|1|1|1|0|491|491|491|0
30T1992|2|2|2|0|111|111|111|0
30T1993|1|1|1|0|107|107|107|0
30T1994|1|1|1|0|319|515|515|1
30T1995|1|1|1|0|107|107|107|0
30T1996|1|2|2|1|278|458|458|1
30T1997|1|1|1|0|357|599|599|1
30T1998|2|2|2|0|119|119|119|0
30T1999|1|1|1|0|161|161|161|0
30T2000|1|2|2|1|278|458|458|1
30T2001|1|2|2|1|278|458|458|1
30T2002|2|2|2|0|107|107|107|0
30T2003|1|1|1|0|119|119|119|0
30T2004|1|2|2|1|278|458|458|1
30T2005|1|1|1|0|111|111|111|0
30T2006|1|1|1|0|107|107|107|0
30T2007|1|1|1|0|119|119|119|0
30T2008|1|1|1|0|119|119|119|0
30T2009|1|1|1|0|107|107|107|0
30T2010|1|1|1|0|107|107|107|0
30T2011|2|2|2|0|107|107|107|0
30T2012|1|1|1|0|149|149|149|0
30T2013|1|1|1|0|225|225|225|0
30T2014|1|1|1|0|259|259|259|0
30T2015|1|1|1|0|1381|1381|1381|0
30T2016|1|1|1|0|1493|1493|1493|0
30T2017|3|3|3|0|380|380|380|0
30T2018|5|5|5|0|574|574|574|0
30T2019|5|5|5|0|574|574|574|0
30T2020|5|5|5|0|574|574|574|0
30T2021|4|4|4|0|503|503|503|0
30T2022|5|5|5|0|574|574|574|0
30T2023|1|1|1|0|1425|1425|1425|0
30T2024|3|3|3|0|380|380|380|0
30T2025|\N|\N|\N|\N|374|374|374|0
30T2026|\N|\N|\N|\N|374|374|374|0
30T2027|\N|\N|\N|\N|275|518|518|1
30T2028|\N|\N|\N|\N|293|499|499|1
30T2029|\N|\N|\N|\N|76|76|76|0
30T2030|1|1|1|0|251|251|251|0
30T2031|1|1|1|0|147|147|147|0
30T2032|1|2|2|1|64|83|\N|\N
30T2033|2|3|3|1|112|122|122|1
30T2034|1|1|1|0|50|50|50|0
30T2035|1|2|2|1|229|460|406|3
30T2036|1|2|2|1|248|460|443|3
30T2037|1|2|2|1|321|586|568|3
30T2038|1|4|4|1|323|1199|1199|1
30T2039|1|4|4|1|264|1089|1089|1
30T2040|1|2|2|1|569|1064|1064|1
30T2041|1|2|2|1|375|605|605|1
30T2042|1|2|2|1|175|301|301|1
30T2043|1|2|\N|\N|205|460|382|3
30T2044|1|2|2|1|201|353|353|1
30T2045|1|2|2|1|222|440|386|3
30T2046|1|4|4|1|369|1539|1539|1
30T2047|1|1|1|0|224|321|224|2
30T2048|1|1|1|0|44|44|44|0
30T2049|1|4|4|1|331|1214|1214|1
30T2050|\N|\N|\N|\N|328|394|328|2
30T2051|\N|\N|\N|\N|198|440|362|3
30T2052|\N|\N|\N|\N|236|415|415|1
30T2053|\N|\N|\N|\N|333|657|657|1
30T2054|\N|\N|\N|\N|3041|5993|5993|1
30T2055|\N|\N|\N|\N|1774|3350|3350|1
30T2056|\N|\N|\N|\N|296|296|296|0
30T2057|\N|\N|\N|\N|1945|3593|3593|1
30T2058|\N|\N|\N|\N|2961|2963|2963|1
30T2059|\N|\N|\N|\N|1615|3026|1615|2
30T2060|\N|\N|\N|\N|2960|2963|2963|1
30T2061|\N|\N|\N|\N|3325|6278|6278|1
30T2062|\N|\N|\N|\N|1805|3533|1805|2
30T2063|\N|\N|\N|\N|133|133|133|0
30T2064|\N|\N|\N|\N|267|267|267|0
30T2065|\N|\N|\N|\N|177|177|177|0
30T2066|\N|\N|\N|\N|63|64|63|2
30T2067|\N|\N|\N|\N|153|153|153|0
30T2068|\N|\N|\N|\N|133|133|133|0
30T2069|\N|\N|\N|\N|275|275|275|0
30T2070|1|1|1|0|63|64|63|2
30T2071|1|1|1|0|57|57|57|0
30T2072|2|2|2|0|133|133|133|0
30T2073|1|1|1|0|57|57|57|0
30T2074|2|2|2|0|133|133|133|0
30T2075|1|1|1|0|1565|1565|1565|0
30T2076|1|1|1|0|579|579|579|0
30T2077|1|1|1|0|554|554|554|0
30T2078|1|1|1|0|571|571|571|0
30T2079|2|2|2|0|167|167|167|0
30T2080|1|1|1|0|110|110|110|0
30T2081|1|1|1|0|554|554|554|0
30T2082|2|2|2|0|165|172|165|2
30T2083|2|2|2|0|167|167|167|0
30T2084|2|2|2|0|165|172|165|2
30T2085|1|1|1|0|554|554|554|0
30T2086|1|1|1|0|554|554|554|0
30T2087|2|2|2|0|39|39|39|0
30T2088|2|2|2|0|45|49|\N|\N
30T2089|2|2|2|0|44|44|44|0
30T2090|\N|\N|\N|\N|45|49|\N|\N
30T2091|\N|\N|\N|\N|44|44|44|0
30T2092|\N|\N|\N|\N|63|63|63|0
30T2093|\N|\N|\N|\N|39|39|39|0
30T2094|\N|\N|\N|\N|171|276|276|1
30T2095|\N|\N|\N|\N|84|110|103|3
30T2096|\N|\N|\N|\N|130|130|130|0
30T2097|\N|\N|\N|\N|119|127|127|1
30T2098|\N|\N|\N|\N|115|164|164|1
30T2099|\N|\N|\N|\N|71|98|71|2
30T2100|\N|\N|\N|\N|71|98|71|2
30T2101|\N|\N|\N|\N|\N|\N|\N|\N
30T2102|\N|\N|\N|\N|\N|\N|\N|\N
30T2103|\N|\N|\N|\N|\N|\N|\N|\N
30T2104|\N|\N|\N|\N|\N|\N|\N|\N
30T2105|\N|\N|\N|\N|\N|\N|\N|\N
30T2106|\N|\N|\N|\N|\N|\N|\N|\N
30T2107|\N|\N|\N|\N|\N|\N|\N|\N
30T2108|\N|\N|\N|\N|\N|\N|\N|\N
30T2109|\N|\N|\N|\N|\N|\N|\N|\N
30T2110|\N|\N|\N|\N|\N|\N|\N|\N
30T2111|\N|\N|\N|\N|\N|\N|\N|\N
30T2112|\N|\N|\N|\N|\N|\N|\N|\N
30T2113|\N|\N|\N|\N|\N|\N|\N|\N
30T2114|\N|\N|\N|\N|\N|\N|\N|\N
30T2115|\N|\N|\N|\N|\N|\N|\N|\N
30T2116|\N|\N|\N|\N|\N|\N|\N|\N
30T2117|\N|\N|\N|\N|\N|\N|\N|\N
30T2118|\N|\N|\N|\N|\N|\N|\N|\N
30T2119|\N|\N|\N|\N|\N|\N|\N|\N
30T2120|1|1|1|0|\N|\N|\N|\N
30T2121|1|1|1|0|99|131|131|1
30T2122|1|1|1|0|257|257|257|0
30T2123|1|1|1|0|119|119|119|0
30T2124|1|1|1|0|121|121|121|0
30T2125|1|1|1|0|140|140|140|0
30T2126|2|2|2|0|245|245|245|0
30T2127|2|2|2|0|245|245|245|0
30T2128|1|1|1|0|140|140|140|0
30T2129|1|1|1|0|167|167|167|0
30T2130|\N|\N|\N|\N|121|121|121|0
30T2131|\N|\N|\N|\N|119|119|119|0
30T2132|\N|\N|\N|\N|234|234|234|0
30T2133|\N|\N|\N|\N|138|242|242|1
30T2134|\N|\N|\N|\N|208|325|325|1
30T2135|1|1|1|0|98|118|118|1
30T2136|2|3|3|1|197|317|317|1
30T2137|1|2|2|1|138|242|242|1
30T2138|2|3|\N|\N|242|636|636|1
30T2139|2|2|2|0|375|375|375|0
30T2140|1|2|2|1|98|140|140|1
30T2141|1|2|2|1|382|639|639|1
30T2142|1|1|1|0|94|120|120|1
30T2143|1|1|1|0|289|289|289|0
30T2144|1|1|1|0|90|116|116|1
30T2145|2|3|3|1|221|503|503|1
30T2146|1|1|1|0|400|400|400|0
30T2147|2|2|2|0|244|244|244|0
30T2148|1|1|1|0|159|251|251|1
30T2149|2|3|3|1|307|763|763|1
30T2150|1|2|\N|\N|173|294|294|1
30T2151|2|2|2|0|155|155|155|0
30T2152|2|3|3|1|159|251|251|1
30T2153|1|1|1|0|260|260|260|0
30T2154|1|2|2|1|307|763|763|1
30T2155|1|2|2|1|92|125|125|1
30T2156|2|3|3|1|197|317|317|1
30T2157|1|1|1|0|215|215|215|0
30T2158|1|1|1|0|250|250|250|0
30T2159|2|3|3|1|301|395|395|1
30T2160|1|1|1|0|104|119|119|1
30T2161|2|3|3|1|208|325|325|1
30T2162|1|1|1|0|90|116|116|1
30T2163|2|2|2|0|159|159|159|0
30T2164|1|2|2|1|205|326|326|1
30T2165|2|2|2|0|149|149|149|0
30T2166|1|1|1|0|208|325|325|1
30T2167|2|3|\N|\N|173|294|294|1
30T2168|1|4|4|1|329|1169|1169|1
30T2169|2|3|3|1|205|326|326|1
30T2170|1|2|2|1|73|153|153|1
30T2171|1|2|2|1|159|251|251|1
30T2172|1|1|1|0|222|223|222|2
30T2173|1|4|4|1|419|1549|1549|1
30T2174|2|2|2|0|159|159|159|0
30T2175|2|3|3|1|205|326|326|1
30T2176|1|1|1|0|555|705|705|1
30T2177|1|4|4|1|309|1069|1069|1
30T2178|1|4|4|1|347|1189|1189|1
30T2179|1|1|1|0|97|113|113|1
30T2180|1|1|1|0|189|245|245|1
30T2181|1|2|2|1|208|325|325|1
30T2182|1|2|2|1|320|786|786|1
30T2183|2|3|\N|\N|159|279|279|1
30T2184|2|3|3|1|208|325|325|1
30T2185|2|3|3|1|214|508|508|1
30T2186|1|1|1|0|78|112|112|1
30T2187|1|1|1|0|140|140|140|0
30T2188|2|3|\N|\N|173|294|294|1
30T2189|1|1|1|0|237|245|245|1
30T2190|1|1|1|0|189|245|245|1
30T2191|2|2|2|0|149|149|149|0
30T2192|2|2|2|0|243|247|243|2
30T2193|1|1|1|0|102|119|119|1
30T2194|2|3|3|1|320|786|786|1
30T2195|1|4|4|1|707|2699|2699|1
30T2196|1|1|1|0|90|116|116|1
30T2197|1|1|1|0|78|112|112|1
30T2198|1|1|1|0|97|113|113|1
30T2199|1|1|1|0|97|113|113|1
30T2200|1|4|4|1|429|1559|1559|1
30T2201|1|2|2|1|320|786|786|1
30T2202|1|1|1|0|78|112|112|1
30T2203|1|1|1|0|138|242|242|1
30T2204|2|2|2|0|66|66|66|0
30T2205|1|1|1|0|98|99|98|2
30T2206|1|1|1|0|188|241|241|1
30T2207|1|1|1|0|91|95|91|2
30T2208|1|1|1|0|149|176|176|1
30T2209|3|3|3|0|1011|1011|1011|0
30T2210|1|1|1|0|165|186|186|1
30T2211|1|1|1|0|156|193|193|1
30T2212|3|5|5|1|463|791|791|1
30T2213|1|1|1|0|82|86|86|1
30T2214|1|1|1|0|45|49|45|2
30T2215|1|1|1|0|105|147|147|1
30T2216|1|1|1|0|45|49|45|2
30T2217|1|1|1|0|41|44|41|2
30T2218|1|1|1|0|82|86|86|1
30T2219|1|1|1|0|111|113|113|1
30T2220|1|1|1|0|113|113|113|0
30T2221|1|1|1|0|41|44|41|2
30T2222|1|1|1|0|82|86|86|1
30T2223|1|1|1|0|82|86|86|1
30T2224|1|1|1|0|557|917|917|1
30T2225|1|1|1|0|215|215|215|0
30T2226|1|1|1|0|215|215|215|0
30T2227|1|1|1|0|233|233|233|0
30T2228|1|1|1|0|172|227|227|1
30T2229|1|1|1|0|101|101|101|0
30T2230|1|2|2|1|103|160|160|1
30T2231|1|2|2|1|103|160|160|1
30T2232|1|1|1|0|154|227|227|1
30T2233|1|1|1|0|101|101|101|0
30T2234|1|1|1|0|225|225|225|0
30T2235|1|1|1|0|749|749|749|0
30T2236|3|3|3|0|337|337|337|0
30T2237|1|1|1|0|1149|1149|1149|0
30T2238|3|3|3|0|369|369|369|0
30T2239|3|3|3|0|337|337|337|0
30T2240|1|1|1|0|1007|1007|1007|0
30T2241|3|3|3|0|\N|\N|\N|\N
30T2242|3|3|3|0|\N|\N|\N|\N
30T2243|3|3|3|0|\N|\N|\N|\N
30T2244|1|1|1|0|\N|\N|\N|\N
30T2245|\N|\N|\N|\N|\N|\N|\N|\N
30T2246|\N|\N|\N|\N|\N|\N|\N|\N
30T2247|\N|\N|\N|\N|\N|\N|\N|\N
30T2248|\N|\N|\N|\N|\N|\N|\N|\N
30T2249|\N|\N|\N|\N|\N|\N|\N|\N
30T2250|\N|\N|\N|\N|\N|\N|\N|\N
30T2251|\N|\N|\N|\N|\N|\N|\N|\N
30T2252|\N|\N|\N|\N|\N|\N|\N|\N
30T2253|\N|\N|\N|\N|\N|\N|\N|\N
30T2254|\N|\N|\N|\N|\N|\N|\N|\N
30T2255|\N|\N|\N|\N|\N|\N|\N|\N
30T2256|\N|\N|\N|\N|\N|\N|\N|\N
30T2257|\N|\N|\N|\N|\N|\N|\N|\N
30T2258|\N|\N|\N|\N|\N|\N|\N|\N
30T2259|\N|\N|\N|\N|\N|\N|\N|\N
30T2260|1|1|1|0|\N|\N|\N|\N
30T2261|1|1|1|0|316|324|316|2
30T2262|1|2|2|1|262|563|563|1
30T2263|1|1|1|0|79|79|79|0
30T2264|1|2|2|1|252|413|413|1
30T2265|1|1|1|0|219|279|219|2
30T2266|1|1|1|0|57|57|57|0
30T2267|1|4|4|1|323|1194|1169|3
30T2268|1|2|2|1|269|491|\N|\N
30T2269|1|2|2|1|199|365|\N|\N
30T2270|\N|\N|\N|\N|246|447|447|1
30T2271|\N|\N|\N|\N|228|248|238|3
30T2272|\N|\N|\N|\N|341|1249|1224|3
30T2273|\N|\N|\N|\N|311|383|322|3
30T2274|\N|\N|\N|\N|333|1194|1184|3
30T2275|1|2|2|1|599|1079|1079|1
30T2276|1|4|4|1|384|1294|1294|1
30T2277|1|2|\N|\N|209|374|\N|\N
30T2278|1|2|\N|\N|199|373|\N|3
30T2279|1|2|2|1|202|415|\N|\N
30T2280|1|2|\N|\N|212|381|373|3
30T2281|3|3|3|0|\N|\N|\N|\N
30T2282|2|2|2|0|\N|\N|\N|\N
30T2283|3|5|5|1|\N|\N|\N|\N
30T2284|2|2|2|0|\N|\N|\N|\N
30T2285|1|1|1|0|\N|\N|\N|\N
30T2286|2|2|2|0|\N|\N|\N|\N
30T2287|1|1|1|0|\N|\N|\N|\N
30T2288|3|5|5|1|\N|\N|\N|\N
30T2289|1|2|2|1|\N|\N|\N|\N
30T2290|1|1|1|0|\N|\N|\N|\N
30T2291|1|2|2|1|\N|\N|\N|\N
30T2292|1|2|2|1|\N|\N|\N|\N
30T2293|1|2|2|1|\N|\N|\N|\N
30T2294|1|1|1|0|\N|\N|\N|\N
30T2295|\N|\N|\N|\N|\N|\N|\N|\N
30T2296|\N|\N|\N|\N|\N|\N|\N|\N
30T2297|\N|\N|\N|\N|\N|\N|\N|\N
30T2298|\N|\N|\N|\N|\N|\N|\N|\N
30T2299|\N|\N|\N|\N|\N|\N|\N|\N
30T2300|\N|\N|\N|\N|\N|\N|\N|\N
30T2301|3|3|3|0|200|200|200|0
30T2302|1|1|1|0|115|115|115|0
30T2303|1|1|1|0|551|551|551|0
30T2304|3|3|3|0|308|308|308|0
30T2305|3|3|3|0|285|285|285|0
30T2306|1|1|1|0|93|93|93|0
30T2307|3|3|3|0|308|308|308|0
30T2308|2|2|2|0|267|267|267|0
30T2309|1|1|1|0|93|93|93|0
30T2310|3|3|3|0|200|200|200|0
30T2311|1|1|1|0|127|129|127|2
30T2312|1|1|1|0|120|211|211|1
30T2313|1|1|1|0|120|211|211|1
30T2314|1|1|1|0|1109|1109|1109|0
30T2315|1|1|1|0|116|122|122|1
30T2316|1|1|1|0|314|314|314|0
30T2317|1|1|1|0|100|139|139|1
30T2318|1|1|1|0|314|314|314|0
30T2319|1|1|1|0|314|314|314|0
30T2320|1|1|1|0|335|335|335|0
30T2321|1|1|1|0|100|139|139|1
30T2322|1|1|1|0|314|314|314|0
30T2323|1|1|1|0|331|345|331|2
30T2324|1|1|1|0|116|122|122|1
30T2325|1|1|1|0|221|221|221|0
30T2326|1|1|1|0|52|52|52|0
30T2327|2|2|2|0|69|69|69|0
30T2328|2|2|2|0|79|79|79|0
30T2329|2|2|2|0|91|99|\N|\N
30T2330|2|2|2|0|89|89|89|0
30T2331|2|2|2|0|69|69|69|0
30T2332|1|1|1|0|69|69|69|0
30T2333|2|2|2|0|69|69|69|0
30T2334|2|2|2|0|107|107|107|0
30T2335|2|2|2|0|63|63|63|0
30T2336|1|1|1|0|63|63|63|0
30T2337|2|2|2|0|63|63|63|0
30T2338|1|1|1|0|126|171|171|1
30T2339|2|2|2|0|184|199|199|1
30T2340|2|2|2|0|163|165|165|1
30T2341|\N|\N|\N|\N|\N|\N|\N|\N
30T2342|\N|\N|\N|\N|\N|\N|\N|\N
30T2343|\N|\N|\N|\N|\N|\N|\N|\N
30T2344|\N|\N|\N|\N|\N|\N|\N|\N
30T2345|\N|\N|\N|\N|\N|\N|\N|\N
30T2346|\N|\N|\N|\N|\N|\N|\N|\N
30T2347|\N|\N|\N|\N|\N|\N|\N|\N
30T2348|\N|\N|\N|\N|\N|\N|\N|\N
30T2349|\N|\N|\N|\N|\N|\N|\N|\N
30T2350|2|2|2|0|\N|\N|\N|\N
30T2351|1|1|1|0|\N|\N|\N|\N
30T2352|1|1|1|0|\N|\N|\N|\N
30T2353|1|1|1|0|\N|\N|\N|\N
30T2354|1|1|1|0|\N|\N|\N|\N
30T2355|1|1|1|0|\N|\N|\N|\N
30T2356|2|2|2|0|\N|\N|\N|\N
30T2357|1|1|1|0|\N|\N|\N|\N
30T2358|1|1|1|0|\N|\N|\N|\N
30T2359|1|1|1|0|\N|\N|\N|\N
30T2360|\N|\N|\N|\N|\N|\N|\N|\N
30T2361|1|1|1|0|\N|\N|\N|\N
30T2362|1|1|1|0|\N|\N|\N|\N
30T2363|1|1|1|0|\N|\N|\N|\N
30T2364|1|1|1|0|\N|\N|\N|\N
30T2365|1|1|1|0|\N|\N|\N|\N
30T2366|1|1|1|0|\N|\N|\N|\N
30T2367|1|1|1|0|\N|\N|\N|\N
30T2368|1|1|1|0|\N|\N|\N|\N
30T2369|1|1|1|0|\N|\N|\N|\N
30T2370|1|1|1|0|\N|\N|\N|\N
30T2371|1|1|1|0|\N|\N|\N|\N
30T2372|1|1|1|0|\N|\N|\N|\N
30T2373|2|2|2|0|\N|\N|\N|\N
30T2374|1|1|1|0|\N|\N|\N|\N
30T2375|1|1|1|0|\N|\N|\N|\N
30T2376|3|3|3|0|\N|\N|\N|\N
30T2377|1|1|1|0|\N|\N|\N|\N
30T2378|1|1|1|0|\N|\N|\N|\N
30T2379|1|1|1|0|\N|\N|\N|\N
30T2380|1|1|1|0|\N|\N|\N|\N
30T2381|\N|\N|\N|\N|793|1499|1499|1
30T2382|\N|\N|\N|\N|218|257|\N|\N
30T2383|\N|\N|\N|\N|208|385|385|1
30T2384|\N|\N|\N|\N|709|709|709|0
30T2385|2|2|2|0|145|159|159|1
30T2386|2|2|2|0|147|147|147|0
30T2387|2|3|3|1|228|319|319|1
30T2388|2|2|2|0|131|151|151|1
30T2389|1|1|1|0|125|135|135|1
30T2390|2|3|3|1|242|377|377|1
30T2391|2|3|3|1|242|377|377|1
30T2392|2|2|2|0|103|151|\N|\N
30T2393|2|2|2|0|113|143|143|1
30T2394|1|1|1|0|125|140|140|1
30T2395|2|2|2|0|100|200|200|1
30T2396|2|2|2|0|106|223|223|1
30T2397|2|3|\N|\N|237|407|407|1
30T2398|2|3|\N|\N|253|483|483|1
30T2399|2|2|2|0|136|206|206|1
30T2400|2|3|\N|\N|98|178|\N|\N
30T2401|1|1|1|0|161|241|241|1
30T2402|2|2|2|0|261|397|397|1
30T2403|2|3|\N|\N|368|709|709|1
30T2404|2|2|2|0|179|179|179|0
30T2405|2|2|2|0|116|137|137|1
30T2406|2|3|\N|\N|107|218|218|1
30T2407|1|1|1|0|241|241|241|0
30T2408|2|2|2|0|132|204|204|1
30T2409|2|3|3|1|228|319|319|1
30T2410|2|3|\N|\N|176|268|268|1
30T2411|2|3|3|1|261|397|397|1
30T2412|1|1|1|0|125|135|135|1
30T2413|1|1|1|0|311|410|410|1
30T2414|1|1|1|0|135|193|193|1
30T2415|1|2|2|1|125|156|156|1
30T2416|2|3|\N|\N|127|291|291|1
30T2417|2|2|2|0|131|151|151|1
30T2418|2|3|\N|\N|156|287|\N|\N
30T2419|2|3|3|1|319|727|727|1
30T2420|1|1|1|0|57|57|57|0
30T2421|2|2|2|0|208|385|385|1
30T2422|2|2|2|0|116|137|137|1
30T2423|5|6|6|1|261|397|397|1
30T2424|2|3|3|1|136|217|217|1
30T2425|5|6|\N|\N|237|407|407|1
30T2426|2|3|3|1|182|258|258|1
30T2427|2|3|3|1|174|253|253|1
30T2428|2|2|2|0|113|143|143|1
30T2429|2|3|\N|\N|106|223|223|1
30T2430|2|2|2|0|185|185|185|0
30T2431|2|3|\N|\N|382|737|737|1
30T2432|2|2|2|0|103|151|\N|\N
30T2433|2|2|2|0|185|185|185|0
30T2434|2|2|2|0|297|385|385|1
30T2435|2|2|2|0|124|148|148|1
30T2436|2|2|2|0|100|200|200|1
30T2437|2|2|2|0|98|178|\N|\N
30T2438|2|2|2|0|107|218|218|1
30T2439|2|2|2|0|153|155|155|1
30T2440|2|2|2|0|136|217|217|1
30T2441|1|1|1|0|103|103|103|0
30T2442|2|2|2|0|190|378|378|1
30T2443|4|5|5|1|221|379|379|1
30T2444|2|3|\N|\N|174|386|386|1
30T2445|2|3|3|1|221|379|379|1
30T2446|2|3|3|1|161|241|241|1
30T2447|2|3|\N|\N|107|218|218|1
30T2448|2|2|2|0|147|147|147|0
30T2449|1|1|1|0|128|128|128|0
30T2450|1|1|1|0|105|105|105|0
30T2451|2|3|3|1|135|193|193|1
30T2452|2|2|2|0|160|206|206|1
30T2453|1|4|4|1|567|1959|1959|1
30T2454|2|3|\N|\N|106|223|223|1
30T2455|2|2|2|0|131|151|151|1
30T2456|1|2|2|1|105|120|120|1
30T2457|1|2|2|1|242|377|377|1
30T2458|2|3|\N|\N|208|385|385|1
30T2459|2|2|2|0|170|170|170|0
30T2460|2|2|2|0|113|143|143|1
30T2461|2|2|2|0|163|167|163|2
30T2462|2|2|2|0|237|407|407|1
30T2463|1|2|2|1|135|193|193|1
30T2464|2|2|2|0|155|155|155|0
30T2465|2|2|2|0|133|215|215|1
30T2466|1|1|1|0|343|410|410|1
30T2467|2|3|\N|\N|98|178|\N|\N
30T2468|2|3|3|1|228|361|361|1
30T2469|2|2|2|0|117|215|215|1
30T2470|2|3|\N|\N|243|443|443|1
30T2471|2|2|2|0|124|148|148|1
30T2472|2|2|2|0|147|147|147|0
30T2473|2|2|2|0|221|379|379|1
30T2474|2|3|3|1|182|258|258|1
30T2475|1|2|2|1|161|241|241|1
30T2476|2|2|2|0|124|148|148|1
30T2477|1|1|1|0|103|103|103|0
30T2478|2|2|2|0|100|200|200|1
30T2479|1|1|1|0|103|103|103|0
30T2480|2|2|2|0|215|215|215|0
30T2481|2|2|2|0|156|287|\N|\N
30T2482|2|2|2|0|335|385|385|1
30T2483|2|3|3|1|153|199|199|1
30T2484|2|2|2|0|165|165|165|0
30T2485|1|1|1|0|125|135|135|1
30T2486|2|3|3|1|133|163|163|1
30T2487|2|2|2|0|94|94|94|0
30T2488|2|2|2|0|94|94|94|0
30T2489|2|2|2|0|133|133|133|0
30T2490|2|2|2|0|71|71|71|0
30T2491|2|2|2|0|79|79|79|0
30T2492|2|2|2|0|79|79|79|0
30T2493|2|2|2|0|71|71|71|0
30T2494|3|5|5|1|652|1085|1085|1
30T2495|1|1|1|0|1997|1997|1997|0
30T2496|1|1|1|0|146|146|146|0
30T2497|1|1|1|0|257|308|308|1
30T2498|1|1|1|0|129|129|129|0
30T2499|3|3|3|0|677|1075|1075|1
30T2500|3|5|5|1|1037|1997|1997|1
30T2501|1|1|1|0|113|113|113|0
30T2502|1|1|1|0|125|125|125|0
30T2503|3|3|3|0|652|1085|1085|1
30T2504|3|5|5|1|1031|1979|1979|1
30T2505|1|1|1|0|125|125|125|0
30T2506|3|5|5|1|677|1075|1075|1
30T2507|1|1|1|0|165|173|173|1
30T2508|1|1|1|0|67|67|67|0
30T2509|1|1|1|0|67|67|67|0
30T2510|1|1|1|0|67|67|67|0
30T2511|1|1|1|0|91|99|91|2
30T2512|1|1|1|0|83|89|83|2
30T2513|1|1|1|0|67|67|67|0
30T2514|1|1|1|0|695|695|695|0
30T2515|\N|\N|\N|\N|860|860|860|0
30T2516|\N|\N|\N|\N|140|140|140|0
30T2517|\N|\N|\N|\N|223|431|\N|\N
30T2518|\N|\N|\N|\N|193|237|237|1
30T2519|\N|\N|\N|\N|231|859|859|1
30T2520|\N|\N|\N|\N|134|157|\N|\N
30T2521|\N|\N|\N|\N|\N|\N|\N|\N
30T2522|\N|\N|\N|\N|\N|\N|\N|\N
30T2523|\N|\N|\N|\N|\N|\N|\N|\N
30T2524|\N|\N|\N|\N|\N|\N|\N|\N
30T2525|\N|\N|\N|\N|\N|\N|\N|\N
30T2526|\N|\N|\N|\N|\N|\N|\N|\N
30T2527|\N|\N|\N|\N|\N|\N|\N|\N
30T2528|\N|\N|\N|\N|\N|\N|\N|\N
30T2529|\N|\N|\N|\N|\N|\N|\N|\N
30T2530|\N|\N|\N|\N|\N|\N|\N|\N
30T2531|\N|\N|\N|\N|\N|\N|\N|\N
30T2532|\N|\N|\N|\N|\N|\N|\N|\N
30T2533|\N|\N|\N|\N|\N|\N|\N|\N
30T2534|\N|\N|\N|\N|\N|\N|\N|\N
30T2535|\N|\N|\N|\N|\N|\N|\N|\N
30T2536|\N|\N|\N|\N|\N|\N|\N|\N
30T2537|\N|\N|\N|\N|\N|\N|\N|\N
30T2538|\N|\N|\N|\N|\N|\N|\N|\N
30T2539|\N|\N|\N|\N|\N|\N|\N|\N
30T2540|\N|\N|\N|\N|\N|\N|\N|\N
30T2541|\N|\N|\N|\N|\N|\N|\N|\N
30T2542|\N|\N|\N|\N|\N|\N|\N|\N
30T2543|\N|\N|\N|\N|\N|\N|\N|\N
30T2544|\N|\N|\N|\N|\N|\N|\N|\N
30T2545|\N|\N|\N|\N|\N|\N|\N|\N
30T2546|\N|\N|\N|\N|\N|\N|\N|\N
30T2547|\N|\N|\N|\N|\N|\N|\N|\N
30T2548|\N|\N|\N|\N|\N|\N|\N|\N
30T2549|\N|\N|\N|\N|\N|\N|\N|\N
30T2550|\N|\N|\N|\N|\N|\N|\N|\N
30T2551|\N|\N|\N|\N|\N|\N|\N|\N
30T2552|\N|\N|\N|\N|\N|\N|\N|\N
30T2553|\N|\N|\N|\N|\N|\N|\N|\N
30T2554|\N|\N|\N|\N|\N|\N|\N|\N
30T2555|1|1|1|0|\N|\N|\N|\N
30T2556|1|2|2|1|\N|\N|\N|\N
30T2557|1|1|1|0|\N|\N|\N|\N
30T2558|1|1|1|0|\N|\N|\N|\N
30T2559|1|1|1|0|\N|\N|\N|\N
30T2560|1|4|4|1|\N|\N|\N|\N
30T2561|1|1|1|0|139|174|154|3
30T2562|1|1|1|0|243|243|243|0
30T2563|1|2|\N|\N|263|463|\N|\N
30T2564|1|2|\N|\N|260|460|459|3
30T2565|1|2|2|1|63|136|136|1
30T2566|1|1|1|0|245|250|245|2
30T2567|1|1|1|0|954|954|954|0
30T2568|1|1|1|0|1072|1072|1072|0
30T2569|1|1|1|0|1178|1178|1178|0
30T2570|3|5|5|1|347|572|572|1
30T2571|1|1|1|0|956|969|956|2
30T2572|3|5|5|1|430|725|725|1
30T2573|3|5|5|1|350|581|581|1
30T2574|3|3|3|0|497|658|658|1
30T2575|3|5|5|1|352|560|560|1
30T2576|3|5|5|1|326|530|530|1
30T2577|1|1|1|0|561|561|561|0
30T2578|1|1|1|0|561|561|561|0
30T2579|1|1|1|0|3009|3009|3009|0
30T2580|1|1|1|0|888|888|888|0
30T2581|1|2|2|1|1135|2015|2015|1
30T2582|2|2|2|0|334|556|556|1
30T2583|1|1|1|0|1072|1072|1072|0
30T2584|3|3|3|0|314|314|314|0
30T2585|1|1|1|0|187|187|187|0
30T2586|2|2|2|0|176|178|178|1
30T2587|1|1|1|0|571|571|571|0
30T2588|3|3|3|0|314|314|314|0
30T2589|2|2|2|0|179|179|179|0
30T2590|2|2|2|0|176|178|178|1
30T2591|3|3|3|0|314|314|314|0
30T2592|3|3|3|0|314|314|314|0
30T2593|1|1|1|0|617|617|617|0
30T2594|2|2|2|0|179|179|179|0
30T2595|1|1|1|0|401|401|401|0
30T2596|1|1|1|0|146|203|203|1
30T2597|1|1|1|0|146|203|203|1
30T2598|1|1|1|0|77|119|77|2
30T2599|1|1|1|0|53|53|53|0
30T2600|1|1|1|0|241|423|423|1
30T2601|1|1|1|0|629|629|629|0
30T2602|1|1|1|0|233|245|245|1
30T2603|1|1|1|0|146|203|203|1
30T2604|1|1|1|0|81|110|81|2
30T2605|1|1|1|0|201|279|279|1
30T2606|1|1|1|0|146|203|203|1
30T2607|1|1|1|0|81|110|81|2
30T2608|1|1|1|0|77|119|77|2
30T2609|1|1|1|0|105|105|105|0
30T2610|3|3|3|0|72|72|72|0
30T2611|3|3|3|0|125|125|125|0
30T2612|1|1|1|0|72|72|72|0
30T2613|2|2|2|0|148|174|\N|\N
30T2614|2|2|2|0|72|72|72|0
30T2615|2|2|2|0|125|125|125|0
30T2616|3|3|3|0|127|127|127|0
30T2617|2|2|2|0|109|109|109|0
30T2618|2|2|2|0|127|127|127|0
30T2619|2|2|2|0|72|72|72|0
30T2620|2|2|2|0|99|114|\N|\N
30T2621|2|2|2|0|125|125|125|0
30T2622|2|2|2|0|109|109|109|0
30T2623|2|2|2|0|215|215|215|0
30T2624|2|2|2|0|71|71|71|0
30T2625|3|3|3|0|71|71|71|0
30T2626|2|2|2|0|99|114|\N|\N
30T2627|1|1|1|0|71|71|71|0
30T2628|2|2|2|0|71|71|71|0
30T2629|2|2|2|0|127|127|127|0
30T2630|2|2|2|0|125|125|125|0
30T2631|2|2|2|0|139|139|139|0
30T2632|2|2|2|0|125|125|125|0
30T2633|2|2|2|0|148|174|\N|\N
30T2634|1|1|1|0|125|125|125|0
30T2635|1|1|1|0|126|140|140|1
30T2636|1|1|1|0|145|147|147|1
30T2637|1|1|1|0|127|128|128|1
30T2638|1|1|1|0|121|121|121|0
30T2639|1|1|1|0|122|176|176|1
30T2640|1|1|1|0|141|143|\N|\N
30T2641|2|2|2|0|\N|\N|\N|\N
30T2642|1|1|1|0|\N|\N|\N|\N
30T2643|1|1|1|0|\N|\N|\N|\N
30T2644|1|1|1|0|\N|\N|\N|\N
30T2645|1|1|1|0|\N|\N|\N|\N
30T2646|1|1|1|0|\N|\N|\N|\N
30T2647|1|1|1|0|\N|\N|\N|\N
30T2648|1|1|1|0|\N|\N|\N|\N
30T2649|1|1|1|0|\N|\N|\N|\N
30T2650|1|1|1|0|\N|\N|\N|\N
30T2651|1|1|1|0|\N|\N|\N|\N
30T2652|1|1|1|0|\N|\N|\N|\N
30T2653|2|2|2|0|\N|\N|\N|\N
30T2654|1|1|1|0|\N|\N|\N|\N
30T2655|\N|\N|\N|\N|\N|\N|\N|\N
30T2656|\N|\N|\N|\N|\N|\N|\N|\N
30T2657|\N|\N|\N|\N|\N|\N|\N|\N
30T2658|\N|\N|\N|\N|\N|\N|\N|\N
30T2659|\N|\N|\N|\N|\N|\N|\N|\N
30T2660|\N|\N|\N|\N|\N|\N|\N|\N
30T2661|\N|\N|\N|\N|\N|\N|\N|\N
30T2662|\N|\N|\N|\N|\N|\N|\N|\N
30T2663|\N|\N|\N|\N|\N|\N|\N|\N
30T2664|\N|\N|\N|\N|\N|\N|\N|\N
30T2665|\N|\N|\N|\N|\N|\N|\N|\N
30T2666|\N|\N|\N|\N|\N|\N|\N|\N
30T2667|\N|\N|\N|\N|\N|\N|\N|\N
30T2668|\N|\N|\N|\N|\N|\N|\N|\N
30T2669|\N|\N|\N|\N|\N|\N|\N|\N
30T2670|\N|\N|\N|\N|\N|\N|\N|\N
30T2671|\N|\N|\N|\N|\N|\N|\N|\N
30T2672|\N|\N|\N|\N|\N|\N|\N|\N
30T2673|\N|\N|\N|\N|\N|\N|\N|\N
30T2674|\N|\N|\N|\N|\N|\N|\N|\N
30T2675|2|2|2|0|\N|\N|\N|\N
30T2676|2|2|2|0|\N|\N|\N|\N
30T2677|2|2|2|0|\N|\N|\N|\N
30T2678|2|2|2|0|\N|\N|\N|\N
30T2679|1|1|1|0|\N|\N|\N|\N
30T2680|4|4|4|0|\N|\N|\N|\N
30T2681|2|2|2|0|161|161|161|0
30T2682|2|2|2|0|247|343|343|1
30T2683|1|1|1|0|98|98|98|0
30T2684|4|5|5|1|198|304|304|1
30T2685|2|2|2|0|109|119|119|1
30T2686|2|2|2|0|223|223|223|0
30T2687|1|1|1|0|122|122|122|0
30T2688|2|2|2|0|123|123|123|0
30T2689|2|2|2|0|87|99|\N|\N
30T2690|3|3|3|0|191|191|191|0
30T2691|2|2|2|0|148|177|148|2
30T2692|2|3|\N|\N|123|199|199|1
30T2693|2|2|2|0|101|108|108|1
30T2694|2|2|2|0|137|222|222|1
30T2695|4|5|\N|\N|215|395|395|1
30T2696|2|2|2|0|142|190|190|1
30T2697|2|2|2|0|120|209|209|1
30T2698|4|5|5|1|233|419|419|1
30T2699|2|2|2|0|148|148|148|0
30T2700|2|3|\N|\N|161|278|278|1
30T2701|2|2|2|0|209|345|345|1
30T2702|2|3|3|1|233|419|419|1
30T2703|1|1|1|0|98|98|98|0
30T2704|2|2|2|0|93|113|113|1
30T2705|2|2|2|0|102|115|115|1
30T2706|2|2|2|0|81|81|81|0
30T2707|2|3|3|1|424|729|729|1
30T2708|2|3|3|1|286|390|390|1
30T2709|2|3|3|1|127|187|187|1
30T2710|2|3|\N|\N|213|379|379|1
30T2711|2|2|2|0|131|216|216|1
30T2712|2|2|2|0|123|123|123|0
30T2713|2|3|3|1|121|159|159|1
30T2714|2|3|\N|\N|215|395|395|1
30T2715|2|2|2|0|424|729|729|1
30T2716|2|2|2|0|121|159|159|1
30T2717|2|2|2|0|95|111|111|1
30T2718|2|2|2|0|124|154|154|1
30T2719|2|3|3|1|385|709|709|1
30T2720|2|2|2|0|159|185|159|2
30T2721|2|3|\N|\N|186|307|307|1
30T2722|2|2|2|0|161|278|278|1
30T2723|2|2|2|0|137|222|222|1
30T2724|2|2|2|0|124|154|154|1
30T2725|2|2|2|0|102|115|115|1
30T2726|2|2|2|0|141|141|141|0
30T2727|4|5|\N|\N|163|260|260|1
30T2728|2|2|2|0|179|179|179|0
30T2729|2|2|2|0|155|188|\N|\N
30T2730|1|1|1|0|83|83|83|0
30T2731|2|2|2|0|133|269|269|1
30T2732|2|3|\N|\N|182|291|291|1
30T2733|2|2|2|0|93|113|113|1
30T2734|2|2|2|0|81|81|81|0
30T2735|2|2|2|0|155|188|\N|\N
30T2736|2|3|\N|\N|723|1391|1391|1
30T2737|2|3|\N|\N|131|216|216|1
30T2738|5|6|\N|\N|252|416|416|1
30T2739|2|2|2|0|198|304|304|1
30T2740|2|2|2|0|156|254|254|1
30T2741|2|2|2|0|112|178|178|1
30T2742|2|2|2|0|123|199|199|1
30T2743|2|2|2|0|139|149|149|1
30T2744|3|3|3|0|135|135|135|0
30T2745|1|1|1|0|228|228|228|0
30T2746|2|3|3|1|145|188|188|1
30T2747|2|2|2|0|94|94|94|0
30T2748|2|2|2|0|199|233|233|1
30T2749|2|2|2|0|191|191|191|0
30T2750|2|3|3|1|109|148|148|1
30T2751|2|3|\N|\N|351|739|739|1
30T2752|2|2|2|0|109|119|119|1
30T2753|2|2|2|0|123|131|131|1
30T2754|2|2|2|0|119|162|162|1
30T2755|2|3|3|1|215|266|266|1
30T2756|2|3|\N|\N|202|456|456|1
30T2757|2|2|2|0|161|161|161|0
30T2758|4|5|5|1|192|306|306|1
30T2759|2|3|3|1|247|343|343|1
30T2760|2|2|2|0|575|729|729|1
30T2761|4|5|5|1|186|307|307|1
30T2762|2|2|2|0|152|259|259|1
30T2763|2|2|2|0|73|73|73|0
30T2764|1|1|1|0|52|52|52|0
30T2765|2|3|\N|\N|311|559|559|1
30T2766|2|2|2|0|145|188|188|1
30T2767|2|3|3|1|112|178|178|1
30T2768|2|3|\N|\N|459|831|831|1
30T2769|4|5|5|1|182|291|291|1
30T2770|2|3|\N|\N|131|216|216|1
30T2771|1|1|1|0|146|146|146|0
30T2772|2|3|\N|\N|152|259|259|1
30T2773|2|2|2|0|124|154|154|1
30T2774|2|2|2|0|96|109|96|2
30T2775|2|3|3|1|119|162|162|1
30T2776|2|2|2|0|109|148|148|1
30T2777|2|2|2|0|93|111|111|1
30T2778|2|3|\N|\N|133|230|\N|\N
30T2779|2|2|2|0|139|149|149|1
30T2780|2|3|3|1|109|148|148|1
30T2781|2|2|2|0|206|252|252|1
30T2782|2|3|\N|\N|161|278|278|1
30T2783|1|1|1|0|424|729|729|1
30T2784|2|3|\N|\N|152|259|259|1
30T2785|2|2|2|0|123|131|131|1
30T2786|2|3|3|1|121|159|159|1
30T2787|2|2|2|0|158|158|158|0
30T2788|2|3|3|1|219|385|385|1
30T2789|2|2|2|0|87|87|87|0
30T2790|2|2|2|0|385|709|709|1
30T2791|2|2|2|0|109|109|109|0
30T2792|1|1|1|0|99|99|99|0
30T2793|2|2|2|0|156|156|156|0
30T2794|2|2|2|0|123|131|131|1
30T2795|2|2|2|0|121|171|171|1
30T2796|2|3|\N|\N|252|416|416|1
30T2797|2|2|2|0|96|138|138|1
30T2798|4|5|5|1|219|385|385|1
30T2799|2|2|2|0|127|127|127|0
30T2800|2|3|3|1|198|304|304|1
30T2801|2|3|3|1|154|190|190|1
30T2802|2|3|\N|\N|133|269|269|1
30T2803|2|2|2|0|152|152|152|0
30T2804|5|6|6|1|260|424|424|1
30T2805|2|2|2|0|127|187|187|1
30T2806|2|2|2|0|159|181|181|1
30T2807|2|2|2|0|135|135|135|0
30T2808|2|2|2|0|103|109|103|2
30T2809|2|3|\N|\N|313|563|563|1
30T2810|4|5|5|1|247|343|343|1
30T2811|2|3|3|1|209|345|345|1
30T2812|2|2|2|0|127|217|\N|\N
30T2813|2|2|2|0|102|115|115|1
30T2814|1|1|1|0|65|65|65|0
30T2815|2|3|3|1|182|291|291|1
30T2816|4|5|\N|\N|213|379|379|1
30T2817|2|3|\N|\N|120|209|209|1
30T2818|1|1|1|0|120|120|120|0
30T2819|2|2|2|0|215|395|395|1
30T2820|2|3|\N|\N|96|138|138|1
30T2821|2|2|2|0|101|108|108|1
30T2822|2|3|\N|\N|283|479|479|1
30T2823|2|2|2|0|127|127|127|0
30T2824|2|3|3|1|186|307|307|1
30T2825|2|3|\N|\N|133|269|269|1
30T2826|1|1|1|0|48|49|49|1
30T2827|2|2|2|0|99|99|99|0
30T2828|2|2|2|0|87|114|114|1
30T2829|2|2|2|0|192|306|306|1
30T2830|2|3|\N|\N|233|419|419|1
30T2831|2|3|\N|\N|120|209|209|1
30T2832|2|3|\N|\N|163|260|260|1
30T2833|2|3|\N|\N|163|260|260|1
30T2834|2|2|2|0|159|181|181|1
30T2835|2|3|3|1|160|252|252|1
30T2836|2|2|2|0|133|230|\N|\N
30T2837|4|5|5|1|177|282|282|1
30T2838|5|5|5|0|202|204|202|2
30T2839|2|2|2|0|95|111|111|1
30T2840|2|3|3|1|127|187|187|1
30T2841|2|3|\N|\N|121|171|171|1
30T2842|2|3|\N|\N|319|575|575|1
30T2843|2|3|\N|\N|133|230|\N|\N
30T2844|2|3|3|1|119|162|162|1
30T2845|2|3|3|1|112|178|178|1
30T2846|2|3|3|1|192|306|306|1
30T2847|2|2|2|0|109|109|109|0
30T2848|2|3|\N|\N|127|217|\N|\N
30T2849|2|3|\N|\N|96|138|138|1
30T2850|2|2|2|0|87|87|87|0
30T2851|2|2|2|0|172|254|254|1
30T2852|2|2|2|0|137|222|222|1
30T2853|2|3|3|1|191|209|209|1
30T2854|1|1|1|0|99|99|99|0
30T2855|2|3|3|1|177|282|282|1
30T2856|2|3|3|1|260|424|424|1
30T2857|2|3|3|1|283|479|479|1
30T2858|2|2|2|0|215|233|233|1
30T2859|2|2|2|0|102|117|102|2
30T2860|2|3|3|1|177|282|282|1
30T2861|5|6|6|1|283|479|479|1
30T2862|1|1|1|0|68|132|132|1
30T2863|1|1|1|0|68|132|132|1
30T2864|2|2|2|0|159|159|159|0
30T2865|3|3|3|0|242|242|242|0
30T2866|1|1|1|0|71|118|118|1
30T2867|1|1|1|0|71|118|118|1
30T2868|2|2|2|0|123|123|123|0
30T2869|2|2|2|0|134|134|134|0
30T2870|2|2|2|0|134|134|134|0
30T2871|2|2|2|0|143|143|143|0
30T2872|2|2|2|0|123|123|123|0
30T2873|2|2|2|0|123|123|123|0
30T2874|2|2|2|0|134|134|134|0
30T2875|2|2|2|0|123|123|123|0
30T2876|2|2|2|0|189|189|189|0
30T2877|1|1|1|0|1256|2093|2093|1
30T2878|3|5|5|1|737|1188|1188|1
30T2879|2|2|2|0|366|650|366|2
30T2880|3|5|5|1|747|1197|1197|1
30T2881|1|1|1|0|1256|2093|2093|1
30T2882|2|2|2|0|369|643|369|2
30T2883|3|5|5|1|760|1256|1256|1
30T2884|1|1|1|0|206|206|206|0
30T2885|3|5|5|1|760|1256|1256|1
30T2886|2|2|2|0|366|650|366|2
30T2887|1|1|1|0|2051|3941|3941|1
30T2888|2|2|2|0|369|643|369|2
30T2889|3|3|3|0|611|611|611|0
30T2890|1|1|1|0|135|135|135|0
30T2891|1|2|2|1|874|1664|1664|1
30T2892|1|2|2|1|610|1148|1148|1
30T2893|1|1|1|0|480|596|596|1
30T2894|1|1|1|0|855|864|864|1
30T2895|\N|\N|\N|\N|430|668|668|1
30T2896|\N|\N|\N|\N|766|1337|1337|1
30T2897|\N|\N|\N|\N|868|1123|1123|1
30T2898|\N|\N|\N|\N|786|1343|1343|1
30T2899|\N|\N|\N|\N|125|125|125|0
30T2900|\N|\N|\N|\N|234|234|234|0
30T2901|\N|\N|\N|\N|\N|\N|\N|\N
30T2902|\N|\N|\N|\N|\N|\N|\N|\N
30T2903|\N|\N|\N|\N|\N|\N|\N|\N
30T2904|\N|\N|\N|\N|\N|\N|\N|\N
30T2905|\N|\N|\N|\N|\N|\N|\N|\N
30T2906|\N|\N|\N|\N|\N|\N|\N|\N
30T2907|\N|\N|\N|\N|\N|\N|\N|\N
30T2908|\N|\N|\N|\N|\N|\N|\N|\N
30T2909|\N|\N|\N|\N|\N|\N|\N|\N
30T2910|\N|\N|\N|\N|\N|\N|\N|\N
30T2911|\N|\N|\N|\N|\N|\N|\N|\N
30T2912|\N|\N|\N|\N|\N|\N|\N|\N
30T2913|\N|\N|\N|\N|\N|\N|\N|\N
30T2914|\N|\N|\N|\N|\N|\N|\N|\N
30T2915|\N|\N|\N|\N|\N|\N|\N|\N
30T2916|\N|\N|\N|\N|\N|\N|\N|\N
30T2917|\N|\N|\N|\N|\N|\N|\N|\N
30T2918|\N|\N|\N|\N|\N|\N|\N|\N
30T2919|\N|\N|\N|\N|\N|\N|\N|\N
30T2920|\N|\N|\N|\N|\N|\N|\N|\N
30T2921|\N|\N|\N|\N|\N|\N|\N|\N
30T2922|\N|\N|\N|\N|\N|\N|\N|\N
30T2923|\N|\N|\N|\N|\N|\N|\N|\N
30T2924|\N|\N|\N|\N|\N|\N|\N|\N
30T2925|\N|\N|\N|\N|\N|\N|\N|\N
30T2926|\N|\N|\N|\N|\N|\N|\N|\N
30T2927|\N|\N|\N|\N|\N|\N|\N|\N
30T2928|\N|\N|\N|\N|\N|\N|\N|\N
30T2929|\N|\N|\N|\N|\N|\N|\N|\N
30T2930|\N|\N|\N|\N|\N|\N|\N|\N
30T2931|\N|\N|\N|\N|\N|\N|\N|\N
30T2932|\N|\N|\N|\N|\N|\N|\N|\N
30T2933|\N|\N|\N|\N|\N|\N|\N|\N
30T2934|\N|\N|\N|\N|\N|\N|\N|\N
30T2935|2|3|3|1|\N|\N|\N|\N
30T2936|1|1|1|0|\N|\N|\N|\N
30T2937|1|1|1|0|\N|\N|\N|\N
30T2938|1|2|2|1|\N|\N|\N|\N
30T2939|1|1|1|0|\N|\N|\N|\N
30T2940|1|1|1|0|\N|\N|\N|\N
30T2941|1|1|1|0|731|953|953|1
30T2942|1|1|1|0|603|603|603|0
30T2943|1|1|1|0|603|603|603|0
30T2944|1|2|2|1|1738|3257|3257|1
30T2945|1|1|1|0|605|605|605|0
30T2946|1|1|1|0|489|517|517|1
30T2947|1|1|1|0|571|605|605|1
30T2948|1|1|1|0|571|605|605|1
30T2949|1|2|2|1|1753|3227|3227|1
30T2950|1|1|1|0|731|953|953|1
30T2951|1|2|2|1|3035|5993|5993|1
30T2952|1|1|1|0|1565|1565|1565|0
30T2953|1|1|1|0|675|675|675|0
30T2954|1|1|1|0|5939|5939|5939|0
30T2955|1|1|1|0|1845|3083|3083|1
30T2956|1|1|1|0|603|603|603|0
30T2957|1|1|1|0|397|531|531|1
30T2958|3|5|5|1|566|926|926|1
30T2959|1|1|1|0|409|597|597|1
30T2960|1|1|1|0|353|357|357|1
30T2961|1|1|1|0|359|359|359|0
30T2962|1|1|1|0|629|629|629|0
30T2963|2|2|2|0|212|212|212|0
30T2964|2|2|2|0|212|212|212|0
30T2965|2|2|2|0|212|212|212|0
30T2966|2|2|2|0|212|212|212|0
30T2967|1|1|1|0|293|407|407|1
30T2968|1|1|1|0|107|107|107|0
30T2969|1|1|1|0|107|135|135|1
30T2970|1|1|1|0|87|87|87|0
30T2971|1|1|1|0|155|239|155|2
30T2972|1|1|1|0|107|135|135|1
30T2973|1|1|1|0|72|72|72|0
30T2974|1|1|1|0|107|135|135|1
30T2975|1|1|1|0|72|72|72|0
30T2976|1|1|1|0|74|74|74|0
30T2977|1|1|1|0|87|87|87|0
30T2978|1|1|1|0|74|74|74|0
30T2979|1|1|1|0|107|135|135|1
30T2980|1|1|1|0|163|221|163|2
30T2981|1|1|1|0|139|139|139|0
30T2982|2|2|2|0|164|164|164|0
30T2983|1|1|1|0|251|251|251|0
30T2984|2|2|2|0|139|139|139|0
30T2985|2|2|2|0|139|139|139|0
30T2986|2|2|2|0|139|139|139|0
30T2987|2|2|2|0|143|143|143|0
30T2988|3|3|3|0|145|145|145|0
30T2989|3|3|3|0|139|139|139|0
30T2990|2|2|2|0|139|139|139|0
30T2991|2|2|2|0|219|219|219|0
30T2992|2|2|2|0|251|251|251|0
30T2993|2|2|2|0|164|164|164|0
30T2994|1|1|1|0|139|139|139|0
30T2995|2|2|2|0|145|145|145|0
30T2996|3|3|3|0|235|235|235|0
30T2997|2|2|2|0|199|229|\N|\N
30T2998|3|3|3|0|139|139|139|0
30T2999|2|2|2|0|251|251|251|0
30T3000|3|3|3|0|143|143|143|0
30T3001|2|2|2|0|\N|\N|\N|\N
30T3002|2|2|2|0|\N|\N|\N|\N
30T3003|2|2|2|0|\N|\N|\N|\N
30T3004|1|1|1|0|\N|\N|\N|\N
30T3005|1|1|1|0|\N|\N|\N|\N
30T3006|1|1|1|0|\N|\N|\N|\N
30T3007|1|1|1|0|\N|\N|\N|\N
30T3008|1|1|1|0|\N|\N|\N|\N
30T3009|1|1|1|0|\N|\N|\N|\N
30T3010|1|1|1|0|\N|\N|\N|\N
30T3011|2|2|2|0|\N|\N|\N|\N
30T3012|2|2|2|0|\N|\N|\N|\N
30T3013|1|1|1|0|\N|\N|\N|\N
30T3014|1|1|1|0|\N|\N|\N|\N
30T3015|\N|\N|\N|\N|\N|\N|\N|\N
30T3016|\N|\N|\N|\N|\N|\N|\N|\N
30T3017|\N|\N|\N|\N|\N|\N|\N|\N
30T3018|\N|\N|\N|\N|\N|\N|\N|\N
30T3019|\N|\N|\N|\N|\N|\N|\N|\N
30T3020|\N|\N|\N|\N|\N|\N|\N|\N
30T3021|\N|\N|\N|\N|\N|\N|\N|\N
30T3022|\N|\N|\N|\N|\N|\N|\N|\N
30T3023|\N|\N|\N|\N|\N|\N|\N|\N
30T3024|\N|\N|\N|\N|\N|\N|\N|\N
30T3025|\N|\N|\N|\N|\N|\N|\N|\N
30T3026|\N|\N|\N|\N|\N|\N|\N|\N
30T3027|\N|\N|\N|\N|\N|\N|\N|\N
30T3028|\N|\N|\N|\N|\N|\N|\N|\N
30T3029|\N|\N|\N|\N|\N|\N|\N|\N
30T3030|\N|\N|\N|\N|\N|\N|\N|\N
30T3031|\N|\N|\N|\N|\N|\N|\N|\N
30T3032|\N|\N|\N|\N|\N|\N|\N|\N
30T3033|\N|\N|\N|\N|\N|\N|\N|\N
30T3034|\N|\N|\N|\N|\N|\N|\N|\N
30T3035|\N|\N|\N|\N|\N|\N|\N|\N
30T3036|\N|\N|\N|\N|\N|\N|\N|\N
30T3037|\N|\N|\N|\N|\N|\N|\N|\N
30T3038|\N|\N|\N|\N|\N|\N|\N|\N
30T3039|\N|\N|\N|\N|\N|\N|\N|\N
30T3040|\N|\N|\N|\N|\N|\N|\N|\N
30T3041|\N|\N|\N|\N|\N|\N|\N|\N
30T3042|\N|\N|\N|\N|\N|\N|\N|\N
30T3043|\N|\N|\N|\N|\N|\N|\N|\N
30T3044|\N|\N|\N|\N|\N|\N|\N|\N
30T3045|\N|\N|\N|\N|\N|\N|\N|\N
30T3046|\N|\N|\N|\N|\N|\N|\N|\N
30T3047|\N|\N|\N|\N|\N|\N|\N|\N
30T3048|\N|\N|\N|\N|\N|\N|\N|\N
30T3049|\N|\N|\N|\N|\N|\N|\N|\N
30T3050|\N|\N|\N|\N|\N|\N|\N|\N
30T3051|\N|\N|\N|\N|\N|\N|\N|\N
30T3052|\N|\N|\N|\N|\N|\N|\N|\N
30T3053|\N|\N|\N|\N|\N|\N|\N|\N
30T3054|\N|\N|\N|\N|\N|\N|\N|\N
30T3055|3|3|3|0|\N|\N|\N|\N
30T3056|2|2|2|0|\N|\N|\N|\N
30T3057|2|2|2|0|\N|\N|\N|\N
30T3058|2|2|2|0|\N|\N|\N|\N
30T3059|1|1|1|0|\N|\N|\N|\N
30T3060|1|1|1|0|\N|\N|\N|\N
30T3061|1|1|1|0|297|479|479|1
30T3062|2|2|2|0|194|194|194|0
30T3063|2|3|3|1|223|335|335|1
30T3064|1|1|1|0|472|793|793|1
30T3065|2|3|3|1|171|218|218|1
30T3066|2|2|2|0|143|143|143|0
30T3067|2|3|3|1|159|205|205|1
30T3068|3|4|\N|\N|182|317|\N|\N
30T3069|2|2|2|0|196|281|281|1
30T3070|2|2|2|0|112|112|112|0
30T3071|4|4|4|0|152|161|161|1
30T3072|4|4|4|0|177|177|177|0
30T3073|2|2|2|0|140|140|140|0
30T3074|2|2|2|0|260|260|260|0
30T3075|2|3|3|1|143|180|180|1
30T3076|2|2|2|0|169|169|169|0
30T3077|2|2|2|0|204|361|\N|\N
30T3078|2|2|2|0|112|117|\N|\N
30T3079|2|2|2|0|317|317|317|0
30T3080|2|2|2|0|184|225|225|1
30T3081|2|3|3|1|253|306|306|1
30T3082|2|2|2|0|108|108|108|0
30T3083|1|1|1|0|126|126|126|0
30T3084|1|1|1|0|112|112|112|0
30T3085|4|5|5|1|243|359|359|1
30T3086|2|2|2|0|148|153|153|1
30T3087|3|4|\N|\N|182|317|\N|\N
30T3088|2|2|2|0|120|137|\N|\N
30T3089|2|2|2|0|249|249|249|0
30T3090|2|2|2|0|77|77|77|0
30T3091|2|2|2|0|128|133|133|1
30T3092|2|2|2|0|97|108|97|2
30T3093|2|2|2|0|324|324|324|0
30T3094|2|2|2|0|91|130|130|1
30T3095|2|2|2|0|116|116|116|0
30T3096|2|2|2|0|152|161|161|1
30T3097|4|5|5|1|275|447|447|1
30T3098|2|3|3|1|158|206|206|1
30T3099|2|2|2|0|158|206|206|1
30T3100|2|3|\N|\N|275|447|447|1
30T3101|2|2|2|0|197|197|197|0
30T3102|2|2|2|0|116|116|116|0
30T3103|2|2|2|0|108|108|108|0
30T3104|2|2|2|0|112|112|112|0
30T3105|2|2|2|0|130|130|130|0
30T3106|2|2|2|0|112|112|112|0
30T3107|2|3|3|1|412|737|737|1
30T3108|2|2|2|0|145|231|\N|\N
30T3109|2|3|3|1|230|350|350|1
30T3110|2|2|2|0|116|116|116|0
30T3111|2|3|\N|\N|227|343|343|1
30T3112|2|2|2|0|207|207|207|0
30T3113|2|2|2|0|143|180|180|1
30T3114|2|2|2|0|175|279|279|1
30T3115|2|2|2|0|214|214|214|0
30T3116|2|2|2|0|253|306|306|1
30T3117|2|2|2|0|130|130|130|0
30T3118|3|3|3|0|260|260|260|0
30T3119|3|4|4|1|175|279|279|1
30T3120|2|2|2|0|171|218|218|1
30T3121|2|2|2|0|117|117|117|0
30T3122|2|2|2|0|179|219|\N|\N
30T3123|2|3|3|1|181|287|287|1
30T3124|2|3|\N|\N|151|209|209|1
30T3125|2|2|2|0|71|81|81|1
30T3126|2|2|2|0|112|112|112|0
30T3127|2|2|2|0|143|143|143|0
30T3128|1|1|1|0|379|379|379|0
30T3129|2|2|2|0|130|130|130|0
30T3130|2|2|2|0|73|86|86|1
30T3131|2|2|2|0|188|188|188|0
30T3132|2|3|3|1|275|447|447|1
30T3133|2|2|2|0|182|317|\N|\N
30T3134|2|2|2|0|78|83|\N|\N
30T3135|2|2|2|0|109|109|109|0
30T3136|2|2|2|0|429|429|429|0
30T3137|2|2|2|0|184|184|184|0
30T3138|2|2|2|0|126|126|126|0
30T3139|2|2|2|0|359|575|575|1
30T3140|4|4|4|0|169|176|169|2
30T3141|2|2|2|0|62|62|62|0
30T3142|3|4|\N|\N|145|231|\N|\N
30T3143|2|2|2|0|159|205|205|1
30T3144|2|2|2|0|179|207|\N|\N
30T3145|2|2|2|0|114|114|114|0
30T3146|2|3|3|1|143|180|180|1
30T3147|2|3|3|1|223|335|335|1
30T3148|2|2|2|0|123|162|123|2
30T3149|3|4|\N|\N|154|255|\N|\N
30T3150|2|2|2|0|116|116|116|0
30T3151|2|2|2|0|120|120|120|0
30T3152|2|2|2|0|227|227|227|0
30T3153|2|2|2|0|125|125|125|0
30T3154|4|5|\N|\N|227|343|343|1
30T3155|1|1|1|0|112|112|112|0
30T3156|2|2|2|0|205|205|205|0
30T3157|2|2|2|0|131|154|131|2
30T3158|2|3|3|1|196|281|281|1
30T3159|2|3|3|1|184|225|225|1
30T3160|1|1|1|0|373|374|373|2
30T3161|1|1|1|0|126|126|126|0
30T3162|2|2|2|0|177|177|177|0
30T3163|2|3|3|1|145|191|191|1
30T3164|1|1|1|0|77|77|77|0
30T3165|2|3|3|1|297|479|479|1
30T3166|2|2|2|0|65|73|\N|\N
30T3167|2|3|3|1|230|350|350|1
30T3168|3|3|3|0|317|317|317|0
30T3169|2|2|2|0|112|117|\N|\N
30T3170|2|2|2|0|75|75|75|0
30T3171|2|2|2|0|143|143|143|0
30T3172|2|2|2|0|143|166|143|2
30T3173|2|2|2|0|78|83|\N|\N
30T3174|2|2|2|0|175|189|189|1
30T3175|2|3|3|1|243|359|359|1
30T3176|3|4|\N|\N|145|231|\N|\N
30T3177|2|3|3|1|297|479|479|1
30T3178|3|3|3|0|177|201|201|1
30T3179|5|5|5|0|161|169|169|1
30T3180|2|2|2|0|133|133|133|0
30T3181|2|2|2|0|181|287|287|1
30T3182|2|3|3|1|171|218|218|1
30T3183|2|2|2|0|117|117|117|0
30T3184|2|2|2|0|81|81|81|0
30T3185|2|2|2|0|181|202|202|1
30T3186|2|2|2|0|103|103|103|0
30T3187|2|2|2|0|179|179|179|0
30T3188|2|2|2|0|188|188|188|0
30T3189|5|5|5|0|179|179|179|0
30T3190|4|5|5|1|223|335|335|1
30T3191|2|2|2|0|161|169|169|1
30T3192|2|2|2|0|330|330|330|0
30T3193|2|3|\N|\N|213|348|348|1
30T3194|2|3|\N|\N|607|1087|1087|1
30T3195|1|1|1|0|412|737|737|1
30T3196|2|2|2|0|177|201|201|1
30T3197|2|2|2|0|128|133|133|1
30T3198|2|2|2|0|67|69|\N|\N
30T3199|2|2|2|0|162|173|162|2
30T3200|1|1|1|0|224|224|224|0
30T3201|4|5|5|1|230|350|350|1
30T3202|2|3|3|1|158|206|206|1
30T3203|2|2|2|0|177|177|177|0
30T3204|2|3|3|1|359|575|575|1
30T3205|2|2|2|0|141|141|141|0
30T3206|1|1|1|0|67|67|67|0
30T3207|4|5|5|1|223|335|335|1
30T3208|2|2|2|0|148|211|\N|\N
30T3209|2|2|2|0|141|141|141|0
30T3210|2|2|2|0|169|169|169|0
30T3211|2|2|2|0|88|88|88|0
30T3212|2|2|2|0|148|153|153|1
30T3213|2|2|2|0|160|213|213|1
30T3214|2|2|2|0|90|103|\N|\N
30T3215|2|2|2|0|133|162|133|2
30T3216|2|3|\N|\N|213|348|348|1
30T3217|2|3|3|1|472|793|793|1
30T3218|2|2|2|0|129|141|141|1
30T3219|2|2|2|0|111|142|111|2
30T3220|2|2|2|0|88|88|88|0
30T3221|4|4|4|0|190|190|190|0
30T3222|2|2|2|0|120|127|120|2
30T3223|2|2|2|0|179|179|179|0
30T3224|2|2|2|0|112|112|112|0
30T3225|3|3|3|0|214|214|214|0
30T3226|3|3|3|0|177|201|201|1
30T3227|1|1|1|0|208|208|208|0
30T3228|2|2|2|0|151|209|209|1
30T3229|2|2|2|0|154|255|\N|\N
30T3230|2|2|2|0|145|191|191|1
30T3231|3|3|3|0|148|211|\N|\N
30T3232|3|4|4|1|160|213|213|1
30T3233|2|2|2|0|161|169|169|1
30T3234|2|2|2|0|119|129|\N|\N
30T3235|2|2|2|0|129|142|129|2
30T3236|2|2|2|0|266|266|266|0
30T3237|2|2|2|0|266|266|266|0
30T3238|2|2|2|0|269|269|269|0
30T3239|2|2|2|0|266|266|266|0
30T3240|2|2|2|0|134|134|134|0
30T3241|2|2|2|0|269|269|269|0
30T3242|2|2|2|0|134|134|134|0
30T3243|3|3|3|0|334|334|334|0
30T3244|1|1|1|0|143|237|237|1
30T3245|2|2|2|0|266|266|266|0
30T3246|3|3|3|0|211|214|214|1
30T3247|2|2|2|0|134|134|134|0
30T3248|2|2|2|0|266|266|266|0
30T3249|3|3|3|0|211|214|214|1
30T3250|3|3|3|0|334|334|334|0
30T3251|2|2|2|0|266|266|266|0
30T3252|3|3|3|0|195|214|214|1
30T3253|2|2|2|0|269|269|269|0
30T3254|1|1|1|0|137|265|265|1
30T3255|2|2|2|0|247|247|247|0
30T3256|1|1|1|0|98|147|147|1
30T3257|2|2|2|0|134|134|134|0
30T3258|1|1|1|0|98|147|147|1
30T3259|3|3|3|0|195|214|214|1
30T3260|1|1|1|0|98|147|147|1
30T3261|1|1|1|0|485|485|485|0
30T3262|1|1|1|0|98|147|147|1
30T3263|2|2|2|0|136|136|136|0
30T3264|2|2|2|0|136|136|136|0
30T3265|2|2|2|0|136|136|136|0
30T3266|2|2|2|0|136|136|136|0
30T3267|2|2|2|0|415|629|629|1
30T3268|1|1|1|0|674|1196|674|2
30T3269|2|2|2|0|419|632|632|1
30T3270|2|2|2|0|423|671|671|1
30T3271|2|2|2|0|423|671|671|1
30T3272|1|1|1|0|674|1196|674|2
30T3273|1|1|1|0|1433|2336|2336|1
30T3274|1|1|1|0|44|44|44|0
30T3275|3|3|3|0|712|1102|1102|1
30T3276|3|3|3|0|712|1102|1102|1
30T3277|3|3|3|0|440|598|598|1
30T3278|1|1|1|0|1223|1223|1223|0
30T3279|3|3|3|0|433|623|623|1
30T3280|3|3|3|0|433|623|623|1
30T3281|3|3|3|0|\N|\N|\N|\N
30T3282|1|1|1|0|\N|\N|\N|\N
30T3283|1|1|1|0|\N|\N|\N|\N
30T3284|1|1|1|0|\N|\N|\N|\N
30T3285|1|2|2|1|\N|\N|\N|\N
30T3286|1|1|1|0|\N|\N|\N|\N
30T3287|1|2|2|1|\N|\N|\N|\N
30T3288|1|1|1|0|\N|\N|\N|\N
30T3289|1|2|2|1|\N|\N|\N|\N
30T3290|1|1|1|0|\N|\N|\N|\N
30T3291|1|1|1|0|\N|\N|\N|\N
30T3292|1|2|2|1|\N|\N|\N|\N
30T3293|1|1|1|0|\N|\N|\N|\N
30T3294|1|2|2|1|\N|\N|\N|\N
30T3295|\N|\N|\N|\N|\N|\N|\N|\N
30T3296|\N|\N|\N|\N|\N|\N|\N|\N
30T3297|\N|\N|\N|\N|\N|\N|\N|\N
30T3298|\N|\N|\N|\N|\N|\N|\N|\N
30T3299|\N|\N|\N|\N|\N|\N|\N|\N
30T3300|\N|\N|\N|\N|\N|\N|\N|\N
30T3301|\N|\N|\N|\N|\N|\N|\N|\N
30T3302|\N|\N|\N|\N|\N|\N|\N|\N
30T3303|\N|\N|\N|\N|\N|\N|\N|\N
30T3304|\N|\N|\N|\N|\N|\N|\N|\N
30T3305|\N|\N|\N|\N|\N|\N|\N|\N
30T3306|\N|\N|\N|\N|\N|\N|\N|\N
30T3307|\N|\N|\N|\N|\N|\N|\N|\N
30T3308|\N|\N|\N|\N|\N|\N|\N|\N
30T3309|\N|\N|\N|\N|\N|\N|\N|\N
30T3310|\N|\N|\N|\N|\N|\N|\N|\N
30T3311|\N|\N|\N|\N|\N|\N|\N|\N
30T3312|\N|\N|\N|\N|\N|\N|\N|\N
30T3313|\N|\N|\N|\N|\N|\N|\N|\N
30T3314|\N|\N|\N|\N|\N|\N|\N|\N
30T3315|3|4|4|1|\N|\N|\N|\N
30T3316|3|4|\N|\N|\N|\N|\N|\N
30T3317|3|3|3|0|\N|\N|\N|\N
30T3318|2|3|3|1|\N|\N|\N|\N
30T3319|3|4|4|1|\N|\N|\N|\N
30T3320|3|4|\N|\N|\N|\N|\N|\N
30T3321|1|1|1|0|382|434|434|1
30T3322|2|3|3|1|242|416|416|1
30T3323|2|3|3|1|156|254|254|1
30T3324|3|4|4|1|213|293|293|1
30T3325|1|1|1|0|242|415|415|1
30T3326|3|4|4|1|173|398|398|1
30T3327|2|3|3|1|148|238|238|1
30T3328|3|4|4|1|152|287|242|3
30T3329|3|4|4|1|157|245|245|1
30T3330|2|2|2|0|792|792|792|0
30T3331|1|1|1|0|953|953|953|0
30T3332|1|1|1|0|533|533|533|0
30T3333|1|1|1|0|557|626|626|1
30T3334|1|2|2|1|1926|3566|3566|1
30T3335|1|2|1|2|1013|1931|1013|2
30T3336|2|2|2|0|1100|1100|1100|0
30T3337|1|1|1|0|226|300|226|2
30T3338|1|1|1|0|1025|1907|1025|2
30T3339|1|1|1|0|635|829|829|1
30T3340|1|1|1|0|278|436|278|2
30T3341|1|2|2|1|1945|3593|3593|1
30T3342|2|2|2|0|855|855|855|0
30T3343|1|1|1|0|481|541|541|1
30T3344|1|2|1|2|1017|1952|1017|2
30T3345|1|1|1|0|369|479|369|2
30T3346|1|1|1|0|3593|6035|6035|1
30T3347|1|2|2|1|1953|3578|3578|1
30T3348|1|1|1|0|855|855|855|0
30T3349|1|1|1|0|529|529|529|0
30T3350|2|2|2|0|1000|1000|1000|0
30T3351|1|2|2|1|5993|11825|11825|1
30T3352|2|2|2|0|280|280|280|0
30T3353|1|1|1|0|1041|1900|1041|2
30T3354|1|1|1|0|497|497|497|0
30T3355|1|1|1|0|318|348|318|2
30T3356|1|2|2|1|2017|3770|3770|1
30T3357|1|1|1|0|226|300|226|2
30T3358|1|1|1|0|1100|1100|1100|0
30T3359|1|2|2|1|3350|6281|6281|1
30T3360|1|1|1|0|953|953|953|0
30T3361|1|1|1|0|278|436|278|2
30T3362|1|1|1|0|1000|1000|1000|0
30T3363|1|1|1|0|425|425|425|0
30T3364|1|1|1|0|317|317|317|0
30T3365|1|1|1|0|317|317|317|0
30T3366|1|1|1|0|175|175|175|0
30T3367|1|1|1|0|215|271|271|1
30T3368|1|1|1|0|128|128|128|0
30T3369|1|1|1|0|149|149|149|0
30T3370|1|1|1|0|145|145|145|0
30T3371|1|1|1|0|128|128|128|0
30T3372|1|1|1|0|317|317|317|0
30T3373|1|1|1|0|128|128|128|0
30T3374|3|3|3|0|1694|1694|1694|0
30T3375|1|1|1|0|317|317|317|0
30T3376|1|1|1|0|128|128|128|0
30T3377|1|1|1|0|317|317|317|0
30T3378|1|1|1|0|317|317|317|0
30T3379|1|1|1|0|82|82|82|0
30T3380|1|1|1|0|468|468|468|0
30T3381|2|2|2|0|\N|\N|\N|\N
30T3382|2|2|2|0|\N|\N|\N|\N
30T3383|3|3|3|0|\N|\N|\N|\N
30T3384|3|3|3|0|\N|\N|\N|\N
30T3385|3|3|3|0|\N|\N|\N|\N
30T3386|3|3|3|0|\N|\N|\N|\N
30T3387|3|3|3|0|\N|\N|\N|\N
30T3388|1|1|1|0|\N|\N|\N|\N
30T3389|3|3|3|0|\N|\N|\N|\N
30T3390|1|1|1|0|\N|\N|\N|\N
30T3391|1|1|1|0|\N|\N|\N|\N
30T3392|1|1|1|0|\N|\N|\N|\N
30T3393|1|1|1|0|\N|\N|\N|\N
30T3394|1|4|4|1|\N|\N|\N|\N
30T3395|\N|\N|\N|\N|\N|\N|\N|\N
30T3396|\N|\N|\N|\N|\N|\N|\N|\N
30T3397|\N|\N|\N|\N|\N|\N|\N|\N
30T3398|\N|\N|\N|\N|\N|\N|\N|\N
30T3399|\N|\N|\N|\N|\N|\N|\N|\N
30T3400|\N|\N|\N|\N|\N|\N|\N|\N
30T3401|\N|\N|\N|\N|\N|\N|\N|\N
30T3402|\N|\N|\N|\N|\N|\N|\N|\N
30T3403|\N|\N|\N|\N|\N|\N|\N|\N
30T3404|\N|\N|\N|\N|\N|\N|\N|\N
30T3405|\N|\N|\N|\N|\N|\N|\N|\N
30T3406|\N|\N|\N|\N|\N|\N|\N|\N
30T3407|\N|\N|\N|\N|\N|\N|\N|\N
30T3408|\N|\N|\N|\N|\N|\N|\N|\N
30T3409|\N|\N|\N|\N|\N|\N|\N|\N
30T3410|\N|\N|\N|\N|\N|\N|\N|\N
30T3411|\N|\N|\N|\N|\N|\N|\N|\N
30T3412|\N|\N|\N|\N|\N|\N|\N|\N
30T3413|\N|\N|\N|\N|\N|\N|\N|\N
30T3414|\N|\N|\N|\N|\N|\N|\N|\N
30T3415|\N|\N|\N|\N|\N|\N|\N|\N
30T3416|\N|\N|\N|\N|\N|\N|\N|\N
30T3417|\N|\N|\N|\N|\N|\N|\N|\N
30T3418|\N|\N|\N|\N|\N|\N|\N|\N
30T3419|\N|\N|\N|\N|\N|\N|\N|\N
30T3420|\N|\N|\N|\N|\N|\N|\N|\N
30T3421|\N|\N|\N|\N|\N|\N|\N|\N
30T3422|\N|\N|\N|\N|\N|\N|\N|\N
30T3423|\N|\N|\N|\N|\N|\N|\N|\N
30T3424|\N|\N|\N|\N|\N|\N|\N|\N
30T3425|\N|\N|\N|\N|\N|\N|\N|\N
30T3426|\N|\N|\N|\N|\N|\N|\N|\N
30T3427|\N|\N|\N|\N|\N|\N|\N|\N
30T3428|\N|\N|\N|\N|\N|\N|\N|\N
30T3429|\N|\N|\N|\N|\N|\N|\N|\N
30T3430|\N|\N|\N|\N|\N|\N|\N|\N
30T3431|\N|\N|\N|\N|\N|\N|\N|\N
30T3432|\N|\N|\N|\N|\N|\N|\N|\N
30T3433|\N|\N|\N|\N|\N|\N|\N|\N
30T3434|\N|\N|\N|\N|\N|\N|\N|\N
30T3435|1|1|1|0|\N|\N|\N|\N
30T3436|3|3|3|0|\N|\N|\N|\N
30T3437|1|1|1|0|\N|\N|\N|\N
30T3438|1|1|1|0|\N|\N|\N|\N
30T3439|3|3|3|0|\N|\N|\N|\N
30T3440|3|4|\N|\N|\N|\N|\N|\N
30T3441|1|1|1|0|305|509|509|1
30T3442|3|4|\N|\N|283|471|\N|\N
30T3443|1|1|1|0|287|308|308|1
30T3444|3|3|3|0|319|325|325|1
30T3445|2|2|2|0|277|277|277|0
30T3446|2|2|2|0|259|260|260|1
30T3447|2|2|2|0|176|199|199|1
30T3448|2|2|2|0|179|179|179|0
30T3449|2|2|2|0|101|113|113|1
30T3450|4|4|4|0|259|260|260|1
30T3451|2|2|2|0|226|247|247|1
30T3452|2|2|2|0|123|123|123|0
30T3453|2|2|2|0|177|208|208|1
30T3454|2|2|2|0|129|129|129|0
30T3455|2|2|2|0|179|179|179|0
30T3456|3|4|4|1|169|241|\N|\N
30T3457|2|2|2|0|179|179|179|0
30T3458|2|2|2|0|187|187|187|0
30T3459|3|4|\N|\N|237|390|\N|\N
30T3460|2|2|2|0|191|191|191|0
30T3461|2|2|2|0|231|231|231|0
30T3462|2|3|3|1|260|319|319|1
30T3463|3|4|\N|\N|343|591|\N|\N
30T3464|3|4|4|1|206|268|268|1
30T3465|2|2|2|0|127|127|127|0
30T3466|2|2|2|0|193|193|193|0
30T3467|2|2|2|0|191|191|191|0
30T3468|2|2|2|0|143|143|143|0
30T3469|1|1|1|0|341|403|\N|\N
30T3470|2|2|2|0|237|390|\N|\N
30T3471|2|2|2|0|176|199|199|1
30T3472|2|2|2|0|110|110|110|0
30T3473|2|2|2|0|163|163|163|0
30T3474|3|4|4|1|170|226|\N|\N
30T3475|2|2|2|0|123|123|123|0
30T3476|2|2|2|0|123|123|123|0
30T3477|2|2|2|0|201|312|\N|\N
30T3478|2|2|2|0|125|125|125|0
30T3479|2|2|2|0|171|171|171|0
30T3480|2|2|2|0|171|180|171|2
30T3481|2|2|2|0|170|171|171|1
30T3482|3|4|\N|\N|190|299|\N|\N
30T3483|2|3|3|1|423|639|639|1
30T3484|4|4|4|0|237|276|276|1
30T3485|2|2|2|0|169|169|169|0
30T3486|1|1|1|0|347|367|367|1
30T3487|2|2|2|0|260|268|268|1
30T3488|1|1|1|0|343|591|\N|\N
30T3489|2|2|2|0|148|194|194|1
30T3490|2|2|2|0|261|261|261|0
30T3491|2|2|2|0|280|285|285|1
30T3492|2|2|2|0|77|77|77|0
30T3493|2|2|2|0|96|97|97|1
30T3494|2|2|2|0|305|509|509|1
30T3495|3|4|4|1|169|241|\N|\N
30T3496|2|2|2|0|397|397|397|0
30T3497|2|2|2|0|237|276|276|1
30T3498|2|2|2|0|231|231|231|0
30T3499|2|2|2|0|319|325|325|1
30T3500|4|4|4|0|231|276|231|2
30T3501|3|4|\N|\N|201|312|\N|\N
30T3502|2|2|2|0|183|183|183|0
30T3503|2|2|2|0|187|187|187|0
30T3504|2|2|2|0|183|183|183|0
30T3505|2|2|2|0|242|268|268|1
30T3506|2|2|2|0|187|187|187|0
30T3507|2|2|2|0|226|247|247|1
30T3508|4|4|4|0|163|163|163|0
30T3509|2|2|2|0|148|202|202|1
30T3510|2|2|2|0|259|260|260|1
30T3511|2|2|2|0|343|591|\N|\N
30T3512|3|4|4|1|233|349|349|1
30T3513|2|2|2|0|295|474|474|1
30T3514|2|2|2|0|158|158|158|0
30T3515|5|5|5|0|201|253|201|2
30T3516|1|1|1|0|319|325|325|1
30T3517|2|2|2|0|173|173|173|0
30T3518|2|2|2|0|310|334|334|1
30T3519|2|2|2|0|643|643|643|0
30T3520|2|2|2|0|173|173|173|0
30T3521|2|2|2|0|341|403|\N|\N
30T3522|2|2|2|0|191|191|191|0
30T3523|2|2|2|0|183|183|183|0
30T3524|2|2|2|0|233|280|233|2
30T3525|2|2|2|0|233|265|265|1
30T3526|2|2|2|0|201|319|\N|\N
30T3527|2|2|2|0|99|99|99|0
30T3528|2|2|2|0|280|285|285|1
30T3529|2|2|2|0|82|82|82|0
30T3530|2|2|2|0|97|99|97|2
30T3531|4|4|4|0|163|171|171|1
30T3532|1|1|1|0|314|317|317|1
30T3533|2|2|2|0|509|509|509|0
30T3534|3|3|3|0|183|183|183|0
30T3535|2|2|2|0|286|286|286|0
30T3536|3|4|4|1|305|509|509|1
30T3537|3|4|4|1|191|266|\N|\N
30T3538|2|2|2|0|187|187|187|0
30T3539|3|4|\N|\N|244|391|\N|\N
30T3540|3|3|3|0|233|265|265|1
30T3541|2|2|2|0|131|134|\N|\N
30T3542|2|2|2|0|283|471|\N|\N
30T3543|2|2|2|0|171|171|171|0
30T3544|2|2|2|0|173|220|220|1
30T3545|4|4|4|0|176|199|199|1
30T3546|2|2|2|0|106|106|106|0
30T3547|2|2|2|0|125|125|125|0
30T3548|2|2|2|0|175|248|\N|\N
30T3549|2|2|2|0|106|106|106|0
30T3550|2|2|2|0|214|298|298|1
30T3551|2|2|2|0|141|148|148|1
30T3552|2|2|2|0|85|85|85|0
30T3553|1|1|1|0|244|391|\N|\N
30T3554|2|2|2|0|160|160|160|0
30T3555|2|2|2|0|174|230|230|1
30T3556|3|3|3|0|187|187|187|0
30T3557|2|2|2|0|183|183|183|0
30T3558|3|3|3|0|116|116|116|0
30T3559|3|4|4|1|295|474|474|1
30T3560|2|2|2|0|244|391|\N|\N
30T3561|3|4|\N|\N|197|295|\N|\N
30T3562|4|4|4|0|170|171|171|1
30T3563|2|2|2|0|86|86|86|0
30T3564|2|2|2|0|158|186|158|2
30T3565|3|4|\N|\N|201|319|\N|\N
30T3566|2|2|2|0|158|158|158|0
30T3567|2|2|2|0|169|241|\N|\N
30T3568|2|2|2|0|119|119|119|0
30T3569|3|4|4|1|175|248|\N|\N
30T3570|2|2|2|0|143|143|143|0
30T3571|2|2|2|0|102|102|102|0
30T3572|1|1|1|0|233|349|349|1
30T3573|2|2|2|0|110|110|110|0
30T3574|1|1|1|0|509|509|509|0
30T3575|2|2|2|0|105|126|126|1
30T3576|2|2|2|0|260|268|268|1
30T3577|2|2|2|0|163|171|171|1
30T3578|2|2|2|0|329|351|351|1
30T3579|2|2|2|0|110|110|110|0
30T3580|2|2|2|0|126|184|184|1
30T3581|2|2|2|0|75|75|75|0
30T3582|2|2|2|0|89|89|89|0
30T3583|2|2|2|0|109|109|109|0
30T3584|2|2|2|0|215|215|215|0
30T3585|2|2|2|0|120|131|131|1
30T3586|2|2|2|0|129|129|129|0
30T3587|3|3|3|0|248|325|325|1
30T3588|3|4|\N|\N|162|232|\N|\N
30T3589|2|2|2|0|123|129|\N|\N
30T3590|2|2|2|0|123|129|\N|\N
30T3591|4|4|4|0|215|215|215|0
30T3592|2|2|2|0|180|220|220|1
30T3593|2|2|2|0|191|266|\N|\N
30T3594|5|5|5|0|233|280|233|2
30T3595|4|4|4|0|160|160|160|0
30T3596|2|2|2|0|162|232|\N|\N
30T3597|2|2|2|0|98|98|98|0
30T3598|2|2|2|0|277|277|277|0
30T3599|2|2|2|0|159|176|\N|\N
30T3600|2|2|2|0|107|107|107|0
30T3601|2|2|2|0|190|299|\N|\N
30T3602|4|4|4|0|158|158|158|0
30T3603|2|2|2|0|179|179|179|0
30T3604|2|2|2|0|155|155|155|0
30T3605|3|4|4|1|214|298|298|1
30T3606|2|2|2|0|191|191|191|0
30T3607|2|2|2|0|93|93|93|0
30T3608|1|1|1|0|193|243|243|1
30T3609|2|2|2|0|122|130|130|1
30T3610|2|2|2|0|169|169|169|0
30T3611|5|5|5|0|260|268|268|1
30T3612|2|2|2|0|111|121|111|2
30T3613|1|1|1|0|280|285|285|1
30T3614|2|2|2|0|197|295|\N|\N
30T3615|2|2|2|0|170|226|\N|\N
30T3616|5|5|5|0|237|280|280|1
30T3617|2|2|2|0|231|276|231|2
30T3618|2|2|2|0|117|117|117|0
30T3619|3|4|4|1|175|248|\N|\N
30T3620|2|2|2|0|146|164|164|1
30T3621|2|2|2|0|288|288|288|0
30T3622|2|2|2|0|123|123|123|0
30T3623|2|2|2|0|171|171|171|0
30T3624|2|2|2|0|98|98|98|0
30T3625|2|2|2|0|99|113|100|3
30T3626|2|2|2|0|206|268|268|1
30T3627|2|2|2|0|171|171|171|0
30T3628|2|2|2|0|143|151|143|2
30T3629|2|2|2|0|110|110|110|0
30T3630|2|2|2|0|131|134|\N|\N
30T3631|2|2|2|0|163|163|163|0
30T3632|3|4|\N|\N|201|312|\N|\N
30T3633|2|2|2|0|155|155|155|0
30T3634|2|2|2|0|170|171|171|1
30T3635|2|2|2|0|237|280|280|1
30T3636|2|2|2|0|135|154|154|1
30T3637|2|2|2|0|72|72|72|0
30T3638|2|2|2|0|290|290|290|0
30T3639|2|2|2|0|160|160|160|0
30T3640|2|2|2|0|165|215|215|1
30T3641|3|4|\N|\N|190|299|\N|\N
30T3642|4|4|4|0|143|143|143|0
30T3643|2|2|2|0|150|158|150|2
30T3644|2|2|2|0|163|171|171|1
30T3645|2|2|2|0|110|110|110|0
30T3646|2|2|2|0|215|215|215|0
30T3647|3|4|\N|\N|201|319|\N|\N
30T3648|2|2|2|0|264|264|264|0
30T3649|1|1|1|0|95|95|95|0
30T3650|1|1|1|0|174|215|215|1
30T3651|3|3|3|0|514|514|514|0
30T3652|1|1|1|0|174|215|215|1
30T3653|2|2|2|0|264|264|264|0
30T3654|1|1|1|0|197|295|295|1
30T3655|1|1|1|0|178|207|207|1
30T3656|1|1|1|0|174|215|215|1
30T3657|2|2|2|0|533|533|533|0
30T3658|2|2|2|0|213|398|398|1
30T3659|1|1|1|0|669|669|669|0
30T3660|1|1|1|0|174|215|215|1
30T3661|1|1|1|0|174|215|215|1
30T3662|1|1|1|0|95|95|95|0
30T3663|2|2|2|0|264|264|264|0
30T3664|1|1|1|0|178|207|207|1
30T3665|1|1|1|0|391|429|429|1
30T3666|2|2|2|0|273|273|273|0
30T3667|1|1|1|0|174|215|215|1
30T3668|1|1|1|0|95|95|95|0
30T3669|2|2|2|0|230|496|496|1
30T3670|3|3|3|0|315|315|315|0
30T3671|1|1|1|0|178|207|207|1
30T3672|3|3|3|0|315|315|315|0
30T3673|2|2|2|0|269|269|269|0
30T3674|2|2|2|0|264|264|264|0
30T3675|2|2|2|0|230|496|496|1
30T3676|2|2|2|0|264|264|264|0
30T3677|2|2|2|0|533|533|533|0
30T3678|2|2|2|0|273|273|273|0
30T3679|2|2|2|0|264|264|264|0
30T3680|2|2|2|0|213|398|398|1
30T3681|3|3|3|0|315|315|315|0
30T3682|3|3|3|0|315|315|315|0
30T3683|2|2|2|0|533|533|533|0
30T3684|2|2|2|0|269|269|269|0
30T3685|2|2|2|0|264|264|264|0
30T3686|2|2|2|0|264|264|264|0
30T3687|1|1|1|0|423|429|429|1
30T3688|1|1|1|0|178|207|207|1
30T3689|1|1|1|0|791|1223|1223|1
30T3690|3|3|3|0|574|746|746|1
30T3691|2|2|2|0|243|362|243|2
30T3692|3|3|3|0|574|746|746|1
30T3693|1|1|1|0|1425|2205|2205|1
30T3694|2|2|2|0|243|362|243|2
30T3695|2|2|2|0|250|371|250|2
30T3696|1|1|1|0|881|1197|1197|1
30T3697|3|3|3|0|574|746|746|1
30T3698|2|2|2|0|250|371|250|2
30T3699|1|1|1|0|867|1247|1247|1
30T3700|3|3|3|0|574|746|746|1
30T3701|1|1|1|0|467|467|467|0
30T3702|1|1|1|0|106|130|\N|\N
30T3703|1|1|1|0|111|150|\N|\N
30T3704|1|1|1|0|237|354|354|1
30T3705|1|1|1|0|489|489|489|0
30T3706|1|1|1|0|144|195|\N|\N
30T3707|1|1|1|0|139|197|\N|\N
30T3708|1|2|2|1|1292|2177|2177|1
30T3709|1|1|1|0|137|180|\N|\N
30T3710|1|1|1|0|503|503|503|0
30T3711|1|1|1|0|489|489|489|0
30T3712|1|1|1|0|980|980|980|0
30T3713|1|1|1|0|115|143|\N|\N
30T3714|1|1|1|0|917|917|917|0
30T3715|\N|\N|\N|\N|112|139|139|1
30T3716|\N|\N|\N|\N|122|163|163|1
30T3717|\N|\N|\N|\N|193|193|193|0
30T3718|\N|\N|\N|\N|122|163|163|1
30T3719|\N|\N|\N|\N|150|150|150|0
30T3720|\N|\N|\N|\N|150|150|150|0
30T3721|\N|\N|\N|\N|\N|\N|\N|\N
30T3722|\N|\N|\N|\N|\N|\N|\N|\N
30T3723|\N|\N|\N|\N|\N|\N|\N|\N
30T3724|\N|\N|\N|\N|\N|\N|\N|\N
30T3725|\N|\N|\N|\N|\N|\N|\N|\N
30T3726|\N|\N|\N|\N|\N|\N|\N|\N
30T3727|\N|\N|\N|\N|\N|\N|\N|\N
30T3728|\N|\N|\N|\N|\N|\N|\N|\N
30T3729|\N|\N|\N|\N|\N|\N|\N|\N
30T3730|\N|\N|\N|\N|\N|\N|\N|\N
30T3731|\N|\N|\N|\N|\N|\N|\N|\N
30T3732|\N|\N|\N|\N|\N|\N|\N|\N
30T3733|\N|\N|\N|\N|\N|\N|\N|\N
30T3734|\N|\N|\N|\N|\N|\N|\N|\N
30T3735|3|3|3|0|\N|\N|\N|\N
30T3736|3|4|\N|\N|\N|\N|\N|\N
30T3737|3|4|4|1|\N|\N|\N|\N
30T3738|3|3|3|0|\N|\N|\N|\N
30T3739|3|4|4|1|\N|\N|\N|\N
30T3740|3|4|4|1|\N|\N|\N|\N
30T3741|1|1|1|0|273|527|\N|\N
30T3742|1|1|1|0|263|447|447|1
30T3743|3|4|\N|\N|169|263|\N|\N
30T3744|1|1|1|0|193|249|\N|\N
30T3745|3|4|\N|\N|188|404|404|1
30T3746|3|4|4|1|187|269|269|1
30T3747|3|4|4|1|239|448|448|1
30T3748|3|3|3|0|148|157|148|2
30T3749|1|1|1|0|233|295|233|2
30T3750|3|4|\N|\N|191|277|277|1
30T3751|2|2|2|0|604|604|604|0
30T3752|2|2|2|0|306|396|396|1
30T3753|1|2|1|2|1871|3590|1871|2
30T3754|1|2|2|1|1095|2015|2015|1
30T3755|1|1|1|0|367|456|456|1
30T3756|1|1|1|0|351|351|351|0
30T3757|1|1|1|0|491|491|491|0
30T3758|2|2|2|0|375|375|375|0
30T3759|1|1|1|0|351|351|351|0
30T3760|2|2|2|0|703|703|703|0
30T3761|1|1|1|0|367|456|456|1
30T3762|2|2|2|0|616|616|616|0
30T3763|1|1|1|0|1898|3533|1898|2
30T3764|1|2|2|1|3770|7010|7010|1
30T3765|1|2|2|1|1082|1976|1976|1
30T3766|1|1|1|0|319|385|319|2
30T3767|1|2|2|1|1045|1889|1889|1
30T3768|2|2|2|0|310|431|431|1
30T3769|2|2|2|0|306|434|434|1
30T3770|2|2|2|0|312|463|463|1
30T3771|2|2|2|0|604|604|604|0
30T3772|1|1|1|0|329|362|329|2
30T3773|2|2|2|0|411|411|411|0
30T3774|1|1|1|0|703|703|703|0
30T3775|1|2|2|1|1052|1898|1898|1
30T3776|2|2|2|0|920|920|920|0
30T3777|1|1|1|0|829|829|829|0
30T3778|2|2|2|0|716|716|716|0
30T3779|2|2|2|0|579|579|579|0
30T3780|2|2|2|0|703|703|703|0
30T3781|1|1|1|0|635|635|635|0
30T3782|1|1|1|0|633|633|633|0
30T3783|1|1|1|0|633|633|633|0
30T3784|1|1|1|0|633|633|633|0
30T3785|1|1|1|0|635|635|635|0
30T3786|1|1|1|0|633|633|633|0
30T3787|1|1|1|0|259|259|259|0
30T3788|1|1|1|0|635|635|635|0
30T3789|3|3|3|0|1800|3283|3283|1
30T3790|1|1|1|0|633|633|633|0
30T3791|1|1|1|0|633|633|633|0
30T3792|1|1|1|0|635|635|635|0
30T3793|1|1|1|0|259|259|259|0
30T3794|1|1|1|0|635|635|635|0
30T3795|1|1|1|0|259|259|259|0
30T3796|3|3|3|0|1024|1771|1771|1
30T3797|1|1|1|0|633|633|633|0
30T3798|2|2|2|0|633|633|633|0
30T3799|3|3|3|0|1024|1771|1771|1
30T3800|1|1|1|0|633|633|633|0
30T3801|1|1|1|0|633|633|633|0
30T3802|1|1|1|0|633|633|633|0
30T3803|1|1|1|0|259|259|259|0
30T3804|1|1|1|0|3389|3389|3389|0
30T3805|3|3|3|0|1088|1706|1706|1
30T3806|1|1|1|0|260|260|260|0
30T3807|1|1|1|0|260|260|260|0
30T3808|1|1|1|0|260|260|260|0
30T3809|1|1|1|0|259|259|259|0
30T3810|1|1|1|0|260|260|260|0
30T3811|1|1|1|0|633|633|633|0
30T3812|1|1|1|0|260|260|260|0
30T3813|1|1|1|0|257|257|257|0
30T3814|1|1|1|0|259|259|259|0
30T3815|3|3|3|0|1800|3283|3283|1
30T3816|3|3|3|0|1088|1706|1706|1
30T3817|1|1|1|0|260|260|260|0
30T3818|1|1|1|0|635|635|635|0
30T3819|1|1|1|0|165|165|165|0
30T3820|1|1|1|0|114|114|114|0
30T3821|1|1|1|0|\N|\N|\N|\N
30T3822|1|1|1|0|\N|\N|\N|\N
30T3823|3|3|3|0|\N|\N|\N|\N
30T3824|3|3|3|0|\N|\N|\N|\N
30T3825|1|1|1|0|\N|\N|\N|\N
30T3826|3|3|3|0|\N|\N|\N|\N
30T3827|3|3|3|0|\N|\N|\N|\N
30T3828|1|1|1|0|\N|\N|\N|\N
30T3829|1|1|1|0|\N|\N|\N|\N
30T3830|1|1|1|0|\N|\N|\N|\N
30T3831|1|1|1|0|\N|\N|\N|\N
30T3832|1|2|2|1|\N|\N|\N|\N
30T3833|1|2|2|1|\N|\N|\N|\N
30T3834|1|2|2|1|\N|\N|\N|\N
30T3835|\N|\N|\N|\N|\N|\N|\N|\N
30T3836|\N|\N|\N|\N|\N|\N|\N|\N
30T3837|\N|\N|\N|\N|\N|\N|\N|\N
30T3838|\N|\N|\N|\N|\N|\N|\N|\N
30T3839|\N|\N|\N|\N|\N|\N|\N|\N
30T3840|\N|\N|\N|\N|\N|\N|\N|\N
30T3841|\N|\N|\N|\N|\N|\N|\N|\N
30T3842|\N|\N|\N|\N|\N|\N|\N|\N
30T3843|\N|\N|\N|\N|\N|\N|\N|\N
30T3844|\N|\N|\N|\N|\N|\N|\N|\N
30T3845|\N|\N|\N|\N|\N|\N|\N|\N
30T3846|\N|\N|\N|\N|\N|\N|\N|\N
30T3847|\N|\N|\N|\N|\N|\N|\N|\N
30T3848|\N|\N|\N|\N|\N|\N|\N|\N
30T3849|\N|\N|\N|\N|\N|\N|\N|\N
30T3850|\N|\N|\N|\N|\N|\N|\N|\N
30T3851|\N|\N|\N|\N|\N|\N|\N|\N
30T3852|\N|\N|\N|\N|\N|\N|\N|\N
30T3853|\N|\N|\N|\N|\N|\N|\N|\N
30T3854|\N|\N|\N|\N|\N|\N|\N|\N
30T3855|\N|\N|\N|\N|\N|\N|\N|\N
30T3856|\N|\N|\N|\N|\N|\N|\N|\N
30T3857|\N|\N|\N|\N|\N|\N|\N|\N
30T3858|\N|\N|\N|\N|\N|\N|\N|\N
30T3859|\N|\N|\N|\N|\N|\N|\N|\N
30T3860|\N|\N|\N|\N|\N|\N|\N|\N
30T3861|\N|\N|\N|\N|286|409|\N|\N
30T3862|\N|\N|\N|\N|179|179|179|0
30T3863|\N|\N|\N|\N|316|316|316|0
30T3864|\N|\N|\N|\N|230|271|271|1
30T3865|\N|\N|\N|\N|292|295|295|1
30T3866|\N|\N|\N|\N|187|187|187|0
30T3867|\N|\N|\N|\N|349|482|349|2
30T3868|\N|\N|\N|\N|159|159|159|0
30T3869|\N|\N|\N|\N|445|513|513|1
30T3870|\N|\N|\N|\N|444|509|509|1
30T3871|\N|\N|\N|\N|339|339|339|0
30T3872|\N|\N|\N|\N|316|316|316|0
30T3873|\N|\N|\N|\N|316|316|316|0
30T3874|\N|\N|\N|\N|339|339|339|0
30T3875|2|2|2|0|296|296|296|0
30T3876|3|3|3|0|165|165|165|0
30T3877|1|1|1|0|362|567|\N|\N
30T3878|4|4|4|0|238|351|351|1
30T3879|4|4|4|0|241|241|241|0
30T3880|2|2|2|0|379|573|573|1
30T3881|3|3|3|0|183|183|183|0
30T3882|3|4|4|1|275|391|\N|\N
30T3883|2|2|2|0|118|118|118|0
30T3884|2|2|2|0|163|177|177|1
30T3885|2|2|2|0|187|187|187|0
30T3886|4|4|4|0|259|259|259|0
30T3887|3|3|3|0|155|155|155|0
30T3888|2|2|2|0|301|429|\N|\N
30T3889|2|2|2|0|227|227|227|0
30T3890|2|2|2|0|445|513|513|1
30T3891|3|3|3|0|324|324|324|0
30T3892|2|2|2|0|275|391|\N|\N
30T3893|2|2|2|0|135|135|135|0
30T3894|2|2|2|0|356|356|356|0
30T3895|4|4|4|0|228|351|231|3
30T3896|1|1|1|0|379|573|573|1
30T3897|1|1|1|0|438|513|513|1
30T3898|2|2|2|0|181|181|181|0
30T3899|3|4|4|1|282|397|\N|\N
30T3900|2|2|2|0|101|101|101|0
30T3901|2|2|2|0|179|181|179|2
30T3902|2|2|2|0|259|259|259|0
30T3903|3|3|3|0|96|96|96|0
30T3904|2|2|2|0|292|295|295|1
30T3905|3|4|4|1|311|406|406|1
30T3906|2|2|2|0|564|937|937|1
30T3907|2|2|2|0|183|183|183|0
30T3908|3|4|\N|\N|277|395|\N|\N
30T3909|2|2|2|0|160|160|160|0
30T3910|2|2|2|0|444|509|509|1
30T3911|2|2|2|0|184|184|184|0
30T3912|4|4|4|0|237|238|238|1
30T3913|4|4|4|0|296|296|296|0
30T3914|2|2|2|0|282|397|\N|\N
30T3915|2|2|2|0|134|134|134|0
30T3916|2|2|2|0|208|208|208|0
30T3917|2|2|2|0|137|137|137|0
30T3918|5|5|5|0|267|371|267|2
30T3919|2|2|2|0|559|559|559|0
30T3920|2|2|2|0|157|157|157|0
30T3921|2|2|2|0|159|195|195|1
30T3922|3|3|3|0|183|183|183|0
30T3923|2|2|2|0|183|183|183|0
30T3924|2|2|2|0|112|113|112|2
30T3925|3|3|3|0|177|177|177|0
30T3926|2|2|2|0|312|312|312|0
30T3927|2|2|2|0|227|227|227|0
30T3928|4|4|4|0|243|258|243|2
30T3929|3|4|4|1|301|429|\N|\N
30T3930|2|2|2|0|184|184|184|0
30T3931|2|2|2|0|334|334|334|0
30T3932|2|2|2|0|312|312|312|0
30T3933|2|2|2|0|142|151|151|1
30T3934|2|2|2|0|292|295|295|1
30T3935|2|2|2|0|237|238|238|1
30T3936|4|4|4|0|249|249|249|0
30T3937|2|2|2|0|286|409|\N|\N
30T3938|3|3|3|0|111|111|111|0
30T3939|4|4|4|0|192|223|192|2
30T3940|4|4|4|0|177|216|177|2
30T3941|1|1|1|0|222|222|222|0
30T3942|2|2|2|0|156|156|156|0
30T3943|2|2|2|0|438|513|513|1
30T3944|2|2|2|0|256|256|256|0
30T3945|3|3|3|0|112|112|112|0
30T3946|1|1|1|0|356|395|395|1
30T3947|2|2|2|0|362|567|\N|\N
30T3948|2|2|2|0|118|118|118|0
30T3949|2|2|2|0|145|164|164|1
30T3950|2|2|2|0|117|123|117|2
30T3951|2|2|2|0|204|204|204|0
30T3952|3|3|3|0|122|122|122|0
30T3953|3|4|\N|\N|362|567|\N|\N
30T3954|2|2|2|0|133|149|149|1
30T3955|3|4|4|1|310|445|445|1
30T3956|2|2|2|0|181|181|181|0
30T3957|2|2|2|0|182|182|182|0
30T3958|2|2|2|0|124|124|124|0
30T3959|2|2|2|0|201|201|201|0
30T3960|3|3|3|0|129|129|129|0
30T3961|3|3|3|0|89|89|89|0
30T3962|2|2|2|0|249|249|249|0
30T3963|2|2|2|0|113|116|116|1
30T3964|2|2|2|0|132|132|132|0
30T3965|2|2|2|0|168|175|168|2
30T3966|2|2|2|0|191|191|191|0
30T3967|2|2|2|0|243|258|243|2
30T3968|2|2|2|0|237|254|254|1
30T3969|2|2|2|0|311|406|406|1
30T3970|1|1|1|0|301|429|\N|\N
30T3971|2|2|2|0|140|142|142|1
30T3972|2|2|2|0|256|256|256|0
30T3973|2|2|2|0|310|445|445|1
30T3974|2|2|2|0|139|139|139|0
30T3975|3|3|3|0|215|215|215|0
30T3976|2|2|2|0|277|395|\N|\N
30T3977|2|2|2|0|129|129|129|0
30T3978|5|5|5|0|282|371|371|1
30T3979|2|2|2|0|150|150|150|0
30T3980|1|1|1|0|256|256|256|0
30T3981|3|3|3|0|165|165|165|0
30T3982|1|1|1|0|379|498|379|2
30T3983|2|2|2|0|241|241|241|0
30T3984|2|2|2|0|249|249|249|0
30T3985|3|4|4|1|286|409|\N|\N
30T3986|2|2|2|0|201|201|201|0
30T3987|1|1|1|0|279|283|\N|\N
30T3988|2|2|2|0|296|296|296|0
30T3989|2|2|2|0|149|149|149|0
30T3990|3|3|3|0|99|99|99|0
30T3991|3|3|3|0|104|104|104|0
30T3992|1|1|1|0|356|356|356|0
30T3993|1|1|1|0|349|431|431|1
30T3994|1|1|1|0|1029|1029|1029|0
30T3995|1|1|1|0|189|189|189|0
30T3996|3|3|3|0|389|389|389|0
30T3997|3|3|3|0|1022|1022|1022|0
30T3998|2|2|2|0|529|529|529|0
30T3999|2|2|2|0|529|529|529|0
30T4000|1|1|1|0|349|431|431|1
30T4001|1|1|1|0|189|189|189|0
30T4002|1|1|1|0|107|107|107|0
30T4003|1|1|1|0|189|189|189|0
30T4004|2|2|2|0|239|407|407|1
30T4005|1|1|1|0|108|108|108|0
30T4006|1|1|1|0|108|108|108|0
30T4007|1|1|1|0|349|431|431|1
30T4008|1|1|1|0|198|219|219|1
30T4009|3|3|3|0|393|393|393|0
30T4010|2|2|2|0|239|407|407|1
30T4011|1|1|1|0|189|189|189|0
30T4012|1|1|1|0|189|189|189|0
30T4013|1|1|1|0|357|415|415|1
30T4014|3|3|3|0|393|393|393|0
30T4015|3|3|3|0|1022|1022|1022|0
30T4016|1|1|1|0|191|191|191|0
30T4017|1|1|1|0|191|191|191|0
30T4018|1|1|1|0|198|219|219|1
30T4019|1|1|1|0|191|191|191|0
30T4020|1|1|1|0|198|219|219|1
30T4021|1|1|1|0|189|189|189|0
30T4022|1|1|1|0|427|797|797|1
30T4023|1|1|1|0|198|219|219|1
30T4024|1|1|1|0|461|993|993|1
30T4025|1|1|1|0|198|219|219|1
30T4026|1|1|1|0|631|631|631|0
30T4027|1|1|1|0|357|415|415|1
30T4028|1|1|1|0|198|219|219|1
30T4029|2|2|2|0|239|407|407|1
30T4030|1|1|1|0|107|107|107|0
30T4031|1|1|1|0|198|219|219|1
30T4032|1|1|1|0|198|219|219|1
30T4033|1|1|1|0|108|108|108|0
30T4034|3|3|3|0|389|389|389|0
30T4035|2|2|2|0|239|407|407|1
30T4036|1|1|1|0|108|108|108|0
30T4037|1|1|1|0|107|107|107|0
30T4038|1|1|1|0|107|107|107|0
30T4039|1|1|1|0|1149|1493|1493|1
30T4040|2|2|2|0|337|380|380|1
30T4041|2|2|2|0|337|380|380|1
30T4042|1|1|1|0|501|743|501|2
30T4043|2|2|2|0|337|380|380|1
30T4044|2|2|2|0|337|380|380|1
30T4045|1|1|1|0|487|725|487|2
30T4046|1|1|1|0|824|824|824|0
30T4047|1|1|1|0|190|235|\N|\N
30T4048|1|1|1|0|207|207|207|0
30T4049|1|1|1|0|772|772|772|0
30T4050|1|1|1|0|169|169|169|0
30T4051|1|1|1|0|225|279|279|1
30T4052|1|1|1|0|200|251|251|1
30T4053|1|1|1|0|245|327|327|1
30T4054|1|1|1|0|200|251|251|1
30T4055|1|1|1|0|200|251|251|1
30T4056|1|1|1|0|200|251|251|1
30T4057|1|1|1|0|301|301|301|0
30T4058|2|3|3|1|116|153|153|1
30T4059|2|3|\N|\N|109|177|\N|\N
30T4060|2|2|2|0|131|137|137|1
30T4061|2|2|2|0|111|111|111|0
30T4062|1|1|1|0|121|121|121|0
30T4063|2|2|2|0|106|145|\N|\N
30T4064|2|3|\N|\N|140|233|\N|\N
30T4065|2|3|\N|\N|120|193|\N|\N
30T4066|1|1|1|0|195|195|195|0
30T4067|2|2|2|0|117|117|117|0
30T4068|1|1|1|0|353|503|503|1
30T4069|3|4|4|1|308|481|481|1
30T4070|1|1|1|0|236|262|262|1
30T4071|3|4|4|1|354|778|778|1
30T4072|1|1|1|0|246|309|309|1
30T4073|3|3|3|0|304|313|304|2
30T4074|1|1|1|0|281|289|281|2
30T4075|1|1|1|0|291|459|\N|\N
30T4076|1|1|1|0|226|286|286|1
30T4077|1|1|1|0|281|295|281|2
30T4078|3|4|4|1|288|445|445|1
30T4079|1|1|1|0|297|463|\N|\N
30T4080|3|4|4|1|302|473|473|1
30T4081|1|1|1|0|\N|\N|\N|\N
30T4082|3|3|3|0|\N|\N|\N|\N
30T4083|3|4|\N|\N|\N|\N|\N|\N
30T4084|3|4|\N|\N|\N|\N|\N|\N
30T4085|2|2|2|0|\N|\N|\N|\N
30T4086|1|1|1|0|\N|\N|\N|\N
30T4087|2|2|2|0|\N|\N|\N|\N
30T4088|1|1|1|0|\N|\N|\N|\N
30T4089|1|2|2|1|\N|\N|\N|\N
30T4090|1|1|1|0|\N|\N|\N|\N
30T4091|2|2|2|0|\N|\N|\N|\N
30T4092|2|2|2|0|\N|\N|\N|\N
30T4093|1|1|1|0|\N|\N|\N|\N
30T4094|2|2|2|0|\N|\N|\N|\N
30T4095|2|2|2|0|\N|\N|\N|\N
30T4096|1|1|1|0|\N|\N|\N|\N
30T4097|2|2|2|0|\N|\N|\N|\N
30T4098|1|1|1|0|\N|\N|\N|\N
30T4099|1|1|1|0|\N|\N|\N|\N
30T4100|2|2|2|0|\N|\N|\N|\N
30T4101|1|1|1|0|456|456|456|0
30T4102|2|2|2|0|556|556|556|0
30T4103|2|2|2|0|497|497|497|0
30T4104|2|2|2|0|354|354|354|0
30T4105|1|1|1|0|264|264|264|0
30T4106|2|2|2|0|1267|1267|1267|0
30T4107|1|1|1|0|1267|1267|1267|0
30T4108|1|1|1|0|506|506|506|0
30T4109|2|2|2|0|506|506|506|0
30T4110|1|1|1|0|159|159|159|0
30T4111|1|1|1|0|519|519|519|0
30T4112|1|1|1|0|1267|1267|1267|0
30T4113|2|2|2|0|215|215|215|0
30T4114|3|3|3|0|1238|2027|2027|1
30T4115|1|1|1|0|158|158|158|0
30T4116|2|2|2|0|589|1030|589|2
30T4117|3|3|3|0|1238|2027|2027|1
30T4118|1|1|1|0|519|519|519|0
30T4119|1|1|1|0|159|159|159|0
30T4120|1|1|1|0|506|506|506|0
30T4121|1|1|1|0|1267|1267|1267|0
30T4122|1|1|1|0|519|519|519|0
30T4123|1|1|1|0|158|158|158|0
30T4124|1|1|1|0|1267|1267|1267|0
30T4125|2|2|2|0|581|1047|581|2
30T4126|3|3|3|0|1238|2027|2027|1
30T4127|1|1|1|0|506|506|506|0
30T4128|1|1|1|0|521|521|521|0
30T4129|1|1|1|0|506|506|506|0
30T4130|2|2|2|0|581|1047|581|2
30T4131|2|2|2|0|506|506|506|0
30T4132|1|1|1|0|506|506|506|0
30T4133|1|1|1|0|158|158|158|0
30T4134|1|1|1|0|506|506|506|0
30T4135|1|1|1|0|3601|6567|6567|1
30T4136|1|1|1|0|506|506|506|0
30T4137|1|1|1|0|159|159|159|0
30T4138|1|1|1|0|521|521|521|0
30T4139|3|3|3|0|1238|2027|2027|1
30T4140|1|1|1|0|1267|1267|1267|0
30T4141|1|1|1|0|159|159|159|0
30T4142|1|1|1|0|2049|3543|3543|1
30T4143|1|1|1|0|506|506|506|0
30T4144|2|2|2|0|589|1030|589|2
30T4145|1|1|1|0|2177|3413|3413|1
30T4146|1|1|1|0|158|158|158|0
30T4147|1|1|1|0|521|521|521|0
30T4148|1|1|1|0|506|506|506|0
30T4149|1|1|1|0|506|506|506|0
30T4150|1|1|1|0|229|229|229|0
30T4151|1|1|1|0|769|769|769|0
30T4152|1|2|2|1|262|452|\N|\N
30T4153|1|1|1|0|559|617|617|1
30T4154|1|1|1|0|199|199|199|0
30T4155|\N|\N|\N|\N|340|587|\N|\N
30T4156|\N|\N|\N|\N|246|392|\N|\N
30T4157|\N|\N|\N|\N|592|1064|1064|1
30T4158|\N|\N|\N|\N|282|434|\N|\N
30T4159|\N|\N|\N|\N|228|326|\N|\N
30T4160|\N|\N|\N|\N|365|552|\N|\N
30T4161|\N|\N|\N|\N|\N|\N|\N|\N
30T4162|\N|\N|\N|\N|\N|\N|\N|\N
30T4163|\N|\N|\N|\N|\N|\N|\N|\N
30T4164|\N|\N|\N|\N|\N|\N|\N|\N
30T4165|\N|\N|\N|\N|\N|\N|\N|\N
30T4166|\N|\N|\N|\N|\N|\N|\N|\N
30T4167|\N|\N|\N|\N|\N|\N|\N|\N
30T4168|\N|\N|\N|\N|\N|\N|\N|\N
30T4169|\N|\N|\N|\N|\N|\N|\N|\N
30T4170|\N|\N|\N|\N|\N|\N|\N|\N
30T4171|\N|\N|\N|\N|\N|\N|\N|\N
30T4172|\N|\N|\N|\N|\N|\N|\N|\N
30T4173|\N|\N|\N|\N|\N|\N|\N|\N
30T4174|\N|\N|\N|\N|\N|\N|\N|\N
30T4175|1|1|1|0|\N|\N|\N|\N
30T4176|3|3|3|0|\N|\N|\N|\N
30T4177|1|1|1|0|\N|\N|\N|\N
30T4178|3|3|3|0|\N|\N|\N|\N
30T4179|2|2|2|0|\N|\N|\N|\N
30T4180|1|1|1|0|\N|\N|\N|\N
30T4181|3|3|3|0|279|279|279|0
30T4182|3|3|3|0|288|288|288|0
30T4183|2|2|2|0|345|345|345|0
30T4184|3|3|3|0|320|320|320|0
30T4185|3|3|3|0|227|227|227|0
30T4186|3|3|3|0|231|231|231|0
30T4187|2|2|2|0|133|139|139|1
30T4188|2|2|2|0|261|261|261|0
30T4189|4|4|4|0|220|260|260|1
30T4190|2|2|2|0|540|769|769|1
30T4191|3|3|3|0|609|609|609|0
30T4192|3|3|3|0|583|583|583|0
30T4193|1|1|1|0|246|246|246|0
30T4194|3|3|3|0|218|223|218|2
30T4195|4|4|4|0|403|683|683|1
30T4196|3|3|3|0|191|191|191|0
30T4197|3|3|3|0|286|286|286|0
30T4198|2|2|2|0|153|153|153|0
30T4199|4|4|4|0|393|671|393|2
30T4200|1|1|1|0|540|769|769|1
30T4201|2|2|2|0|223|223|223|0
30T4202|2|2|2|0|144|144|144|0
30T4203|2|2|2|0|196|203|203|1
30T4204|1|1|1|0|288|288|288|0
30T4205|1|1|1|0|217|217|217|0
30T4206|3|3|3|0|286|286|286|0
30T4207|2|2|2|0|191|191|191|0
30T4208|1|1|1|0|330|330|330|0
30T4209|3|3|3|0|278|278|278|0
30T4210|3|3|3|0|195|195|195|0
30T4211|2|2|2|0|206|206|206|0
30T4212|3|3|3|0|123|123|123|0
30T4213|1|1|1|0|278|278|278|0
30T4214|4|4|4|0|204|265|204|2
30T4215|3|3|3|0|128|128|128|0
30T4216|2|2|2|0|189|189|189|0
30T4217|4|4|4|0|229|277|257|3
30T4218|4|4|4|0|254|277|277|1
30T4219|3|3|3|0|177|177|177|0
30T4220|4|4|4|0|211|265|265|1
30T4221|1|1|1|0|165|165|165|0
30T4222|3|3|3|0|270|270|270|0
30T4223|1|1|1|0|156|156|156|0
30T4224|4|4|4|0|217|265|265|1
30T4225|2|2|2|0|181|181|181|0
30T4226|5|5|5|0|457|723|723|1
30T4227|3|3|3|0|189|189|189|0
30T4228|3|3|3|0|131|131|131|0
30T4229|3|3|3|0|143|151|143|2
30T4230|1|1|1|0|494|718|718|1
30T4231|1|1|1|0|210|210|210|0
30T4232|1|1|1|0|478|703|703|1
30T4233|3|3|3|0|330|330|330|0
30T4234|1|1|1|0|307|307|307|0
30T4235|3|3|3|0|278|278|278|0
30T4236|4|4|4|0|417|673|673|1
30T4237|5|5|5|0|442|691|442|2
30T4238|3|3|3|0|173|173|173|0
30T4239|3|3|3|0|279|279|279|0
30T4240|1|1|1|0|456|456|456|0
30T4241|3|3|3|0|166|166|166|0
30T4242|4|4|4|0|220|265|265|1
30T4243|2|2|2|0|225|230|225|2
30T4244|3|3|3|0|270|270|270|0
30T4245|3|3|3|0|156|156|156|0
30T4246|3|3|3|0|205|205|205|0
30T4247|1|1|1|0|258|258|258|0
30T4248|1|1|1|0|312|392|392|1
30T4249|4|4|4|0|399|683|399|2
30T4250|1|1|1|0|176|176|176|0
30T4251|3|3|3|0|116|116|116|0
30T4252|1|1|1|0|330|398|398|1
30T4253|3|3|3|0|127|127|127|0
30T4254|1|1|1|0|268|268|268|0
30T4255|3|3|3|0|607|607|607|0
30T4256|3|3|3|0|256|256|256|0
30T4257|1|1|1|0|295|295|295|0
30T4258|3|3|3|0|154|154|154|0
30T4259|3|3|3|0|133|143|133|2
30T4260|5|5|5|0|490|693|693|1
30T4261|5|5|5|0|455|723|455|2
30T4262|3|3|3|0|167|167|167|0
30T4263|3|3|3|0|137|137|137|0
30T4264|3|3|3|0|147|151|151|1
30T4265|2|2|2|0|208|208|208|0
30T4266|1|1|1|0|209|209|209|0
30T4267|1|1|1|0|339|414|339|2
30T4268|4|4|4|0|221|268|260|3
30T4269|2|2|2|0|221|221|221|0
30T4270|3|3|3|0|289|289|289|0
30T4271|1|1|1|0|433|683|683|1
30T4272|2|2|2|0|332|332|332|0
30T4273|2|2|2|0|212|212|212|0
30T4274|2|2|2|0|330|330|330|0
30T4275|3|3|3|0|170|170|170|0
30T4276|1|1|1|0|211|211|211|0
30T4277|1|1|1|0|293|293|293|0
30T4278|2|2|2|0|358|358|358|0
30T4279|2|2|2|0|654|823|823|1
30T4280|1|1|1|0|211|211|211|0
30T4281|1|1|1|0|293|293|293|0
30T4282|1|1|1|0|293|293|293|0
30T4283|1|1|1|0|217|217|217|0
30T4284|1|1|1|0|211|211|211|0
30T4285|1|1|1|0|164|164|164|0
30T4286|1|1|1|0|379|379|379|0
30T4287|1|1|1|0|293|293|293|0
30T4288|1|1|1|0|479|815|815|1
30T4289|1|1|1|0|379|379|379|0
30T4290|1|1|1|0|293|293|293|0
30T4291|3|3|3|0|769|769|769|0
30T4292|1|1|1|0|215|215|215|0
30T4293|1|1|1|0|211|211|211|0
30T4294|1|1|1|0|215|215|215|0
30T4295|1|1|1|0|397|439|439|1
30T4296|2|2|2|0|599|737|737|1
30T4297|3|3|3|0|769|769|769|0
30T4298|2|2|2|0|599|737|737|1
30T4299|2|2|2|0|654|823|823|1
30T4300|3|3|3|0|769|769|769|0
30T4301|1|1|1|0|211|211|211|0
30T4302|1|1|1|0|211|211|211|0
30T4303|1|1|1|0|397|439|439|1
30T4304|1|1|1|0|164|164|164|0
30T4305|1|1|1|0|379|379|379|0
30T4306|1|1|1|0|2045|2045|2045|0
30T4307|1|1|1|0|779|779|779|0
30T4308|1|1|1|0|211|211|211|0
30T4309|1|1|1|0|217|217|217|0
30T4310|1|1|1|0|787|787|787|0
30T4311|1|1|1|0|293|293|293|0
30T4312|1|1|1|0|164|164|164|0
30T4313|3|3|3|0|769|769|769|0
30T4314|1|1|1|0|164|164|164|0
30T4315|1|1|1|0|211|211|211|0
30T4316|1|1|1|0|675|761|761|1
30T4317|1|1|1|0|207|207|207|0
30T4318|1|2|2|1|703|1190|1190|1
30T4319|1|2|2|1|741|1304|1304|1
30T4320|1|1|1|0|318|340|340|1
30T4321|1|1|1|0|\N|\N|\N|\N
30T4322|1|1|1|0|\N|\N|\N|\N
30T4323|1|1|1|0|\N|\N|\N|\N
30T4324|1|2|2|1|\N|\N|\N|\N
30T4325|1|1|1|0|\N|\N|\N|\N
30T4326|1|1|1|0|\N|\N|\N|\N
30T4327|1|1|1|0|\N|\N|\N|\N
30T4328|1|1|1|0|\N|\N|\N|\N
30T4329|1|1|1|0|\N|\N|\N|\N
30T4330|1|2|2|1|\N|\N|\N|\N
30T4331|1|1|1|0|\N|\N|\N|\N
30T4332|1|1|1|0|\N|\N|\N|\N
30T4333|1|1|1|0|\N|\N|\N|\N
30T4334|1|1|1|0|\N|\N|\N|\N
30T4335|\N|\N|\N|\N|\N|\N|\N|\N
30T4336|\N|\N|\N|\N|\N|\N|\N|\N
30T4337|\N|\N|\N|\N|\N|\N|\N|\N
30T4338|\N|\N|\N|\N|\N|\N|\N|\N
30T4339|\N|\N|\N|\N|\N|\N|\N|\N
30T4340|\N|\N|\N|\N|\N|\N|\N|\N
30T4341|\N|\N|\N|\N|\N|\N|\N|\N
30T4342|\N|\N|\N|\N|\N|\N|\N|\N
30T4343|\N|\N|\N|\N|\N|\N|\N|\N
30T4344|\N|\N|\N|\N|\N|\N|\N|\N
30T4345|\N|\N|\N|\N|\N|\N|\N|\N
30T4346|\N|\N|\N|\N|\N|\N|\N|\N
30T4347|\N|\N|\N|\N|\N|\N|\N|\N
30T4348|\N|\N|\N|\N|\N|\N|\N|\N
30T4349|\N|\N|\N|\N|\N|\N|\N|\N
30T4350|\N|\N|\N|\N|\N|\N|\N|\N
30T4351|\N|\N|\N|\N|\N|\N|\N|\N
30T4352|\N|\N|\N|\N|\N|\N|\N|\N
30T4353|\N|\N|\N|\N|\N|\N|\N|\N
30T4354|\N|\N|\N|\N|\N|\N|\N|\N
30T4355|2|2|2|0|\N|\N|\N|\N
30T4356|1|1|1|0|\N|\N|\N|\N
30T4357|3|3|3|0|\N|\N|\N|\N
30T4358|3|3|3|0|\N|\N|\N|\N
30T4359|2|2|2|0|\N|\N|\N|\N
30T4360|1|1|1|0|\N|\N|\N|\N
30T4361|1|1|1|0|437|437|437|0
30T4362|1|1|1|0|365|403|403|1
30T4363|1|1|1|0|1837|1837|1837|0
30T4364|1|1|1|0|252|252|252|0
30T4365|2|2|2|0|5915|5915|5915|0
30T4366|1|1|1|0|231|243|243|1
30T4367|1|1|1|0|231|243|243|1
30T4368|1|1|1|0|235|235|235|0
30T4369|1|1|1|0|926|1250|1250|1
30T4370|2|2|2|0|379|379|379|0
30T4371|1|1|1|0|5939|5939|5939|0
30T4372|1|1|1|0|1535|1535|1535|0
30T4373|1|1|1|0|1842|1842|1842|0
30T4374|1|1|1|0|1677|1677|1677|0
30T4375|1|1|1|0|365|403|403|1
30T4376|2|2|2|0|595|595|595|0
30T4377|1|1|1|0|437|437|437|0
30T4378|2|2|2|0|379|379|379|0
30T4379|2|2|2|0|523|523|523|0
30T4380|1|1|1|0|1878|1878|1878|0
30T4381|1|1|1|0|254|264|264|1
30T4382|1|1|1|0|235|235|235|0
30T4383|3|3|3|0|1677|1677|1677|0
30T4384|3|3|3|0|1535|1535|1535|0
30T4385|2|2|2|0|427|427|427|0
30T4386|1|1|1|0|272|272|272|0
30T4387|2|2|2|0|305|305|305|0
30T4388|2|2|2|0|346|346|346|0
30T4389|1|1|1|0|1179|2061|1179|2
30T4390|1|1|1|0|1013|1013|1013|0
30T4391|1|1|1|0|1013|1013|1013|0
30T4392|2|2|2|0|305|305|305|0
30T4393|1|1|1|0|305|305|305|0
30T4394|1|1|1|0|305|305|305|0
30T4395|1|1|1|0|305|305|305|0
30T4396|2|2|2|0|286|290|290|1
30T4397|1|1|1|0|2477|4055|4055|1
30T4398|1|1|1|0|305|305|305|0
30T4399|2|2|2|0|685|1079|1079|1
30T4400|2|2|2|0|286|290|290|1
30T4401|2|2|2|0|\N|\N|\N|\N
30T4402|1|1|1|0|\N|\N|\N|\N
30T4403|1|1|1|0|\N|\N|\N|\N
30T4404|2|2|2|0|\N|\N|\N|\N
30T4405|1|1|1|0|\N|\N|\N|\N
30T4406|2|2|2|0|\N|\N|\N|\N
30T4407|2|2|2|0|\N|\N|\N|\N
30T4408|2|2|2|0|\N|\N|\N|\N
30T4409|2|2|2|0|\N|\N|\N|\N
30T4410|1|1|1|0|\N|\N|\N|\N
30T4411|2|2|2|0|\N|\N|\N|\N
30T4412|1|1|1|0|\N|\N|\N|\N
30T4413|1|1|1|0|\N|\N|\N|\N
30T4414|1|1|1|0|\N|\N|\N|\N
30T4415|1|1|1|0|\N|\N|\N|\N
30T4416|1|2|2|1|\N|\N|\N|\N
30T4417|1|1|1|0|\N|\N|\N|\N
30T4418|2|2|2|0|\N|\N|\N|\N
30T4419|1|1|1|0|\N|\N|\N|\N
30T4420|1|1|1|0|\N|\N|\N|\N
30T4421|1|1|1|0|\N|\N|\N|\N
30T4422|1|1|1|0|\N|\N|\N|\N
30T4423|1|1|1|0|\N|\N|\N|\N
30T4424|1|1|1|0|\N|\N|\N|\N
30T4425|1|1|1|0|\N|\N|\N|\N
30T4426|1|1|1|0|\N|\N|\N|\N
30T4427|1|1|1|0|\N|\N|\N|\N
30T4428|1|1|1|0|\N|\N|\N|\N
30T4429|1|1|1|0|\N|\N|\N|\N
30T4430|1|1|1|0|\N|\N|\N|\N
30T4431|1|1|1|0|\N|\N|\N|\N
30T4432|1|1|1|0|\N|\N|\N|\N
30T4433|3|3|3|0|\N|\N|\N|\N
30T4434|1|1|1|0|\N|\N|\N|\N
30T4435|3|3|3|0|\N|\N|\N|\N
30T4436|1|1|1|0|\N|\N|\N|\N
30T4437|1|1|1|0|\N|\N|\N|\N
30T4438|4|4|4|0|\N|\N|\N|\N
30T4439|1|1|1|0|\N|\N|\N|\N
30T4440|3|3|3|0|\N|\N|\N|\N
30T4441|3|3|3|0|214|214|214|0
30T4442|1|1|1|0|442|442|442|0
30T4443|1|1|1|0|515|515|515|0
30T4444|3|3|3|0|486|486|486|0
30T4445|1|1|1|0|341|341|341|0
30T4446|1|1|1|0|486|486|486|0
30T4447|1|1|1|0|787|1339|1339|1
30T4448|1|1|1|0|269|271|271|1
30T4449|3|3|3|0|242|242|242|0
30T4450|4|4|4|0|358|498|498|1
30T4451|4|4|4|0|403|488|488|1
30T4452|1|1|1|0|275|277|275|2
30T4453|3|3|3|0|239|239|239|0
30T4454|4|4|4|0|369|483|483|1
30T4455|3|3|3|0|473|473|473|0
30T4456|1|1|1|0|384|384|384|0
30T4457|1|1|1|0|439|439|439|0
30T4458|1|1|1|0|368|368|368|0
30T4459|1|1|1|0|262|262|262|0
30T4460|4|4|4|0|356|498|498|1
30T4461|4|4|4|0|332|479|430|3
30T4462|2|2|2|0|261|261|261|0
30T4463|1|1|1|0|270|270|270|0
30T4464|3|3|3|0|220|220|220|0
30T4465|4|4|4|0|371|514|514|1
30T4466|3|3|3|0|515|515|515|0
30T4467|3|3|3|0|214|214|214|0
30T4468|3|3|3|0|220|224|224|1
30T4469|3|3|3|0|294|294|294|0
30T4470|1|1|1|0|847|1377|847|2
30T4471|1|1|1|0|769|1337|769|2
30T4472|1|1|1|0|218|218|218|0
30T4473|1|1|1|0|439|439|439|0
30T4474|1|1|1|0|239|239|239|0
30T4475|1|1|1|0|383|383|383|0
30T4476|1|1|1|0|484|636|636|1
30T4477|1|1|1|0|406|514|514|1
30T4478|3|3|3|0|215|215|215|0
30T4479|1|1|1|0|301|301|301|0
30T4480|3|3|3|0|212|212|212|0
30T4481|1|1|1|0|232|232|232|0
30T4482|1|1|1|0|411|414|411|2
30T4483|1|1|1|0|237|265|237|2
30T4484|2|2|2|0|351|351|351|0
30T4485|1|1|1|0|484|484|484|0
30T4486|3|3|3|0|225|225|225|0
30T4487|4|4|4|0|341|483|432|3
30T4488|3|3|3|0|206|220|220|1
30T4489|1|1|1|0|587|587|587|0
30T4490|1|1|1|0|587|587|587|0
30T4491|1|1|1|0|1309|1647|1647|1
30T4492|2|2|2|0|714|714|714|0
30T4493|2|2|2|0|545|631|631|1
30T4494|1|1|1|0|285|285|285|0
30T4495|1|1|1|0|329|329|329|0
30T4496|2|2|2|0|545|631|631|1
30T4497|1|1|1|0|285|285|285|0
30T4498|1|1|1|0|1199|1475|1475|1
30T4499|2|2|2|0|296|296|296|0
30T4500|2|2|2|0|714|714|714|0
30T4501|1|1|1|0|\N|\N|\N|\N
30T4502|2|2|2|0|\N|\N|\N|\N
30T4503|1|1|1|0|\N|\N|\N|\N
30T4504|1|1|1|0|\N|\N|\N|\N
30T4505|1|1|1|0|\N|\N|\N|\N
30T4506|1|1|1|0|\N|\N|\N|\N
30T4507|1|1|1|0|\N|\N|\N|\N
30T4508|1|1|1|0|\N|\N|\N|\N
30T4509|2|2|2|0|\N|\N|\N|\N
30T4510|1|1|1|0|\N|\N|\N|\N
30T4511|1|1|1|0|\N|\N|\N|\N
30T4512|1|1|1|0|\N|\N|\N|\N
30T4513|2|2|2|0|\N|\N|\N|\N
30T4514|2|2|2|0|\N|\N|\N|\N
30T4515|\N|\N|\N|\N|\N|\N|\N|\N
30T4516|\N|\N|\N|\N|\N|\N|\N|\N
30T4517|\N|\N|\N|\N|\N|\N|\N|\N
30T4518|\N|\N|\N|\N|\N|\N|\N|\N
30T4519|\N|\N|\N|\N|\N|\N|\N|\N
30T4520|\N|\N|\N|\N|\N|\N|\N|\N
30T4521|\N|\N|\N|\N|505|505|505|0
30T4522|\N|\N|\N|\N|545|545|545|0
30T4523|\N|\N|\N|\N|335|335|335|0
30T4524|\N|\N|\N|\N|295|321|295|2
30T4525|\N|\N|\N|\N|1116|1928|1928|1
30T4526|\N|\N|\N|\N|1304|2231|2231|1
30T4527|\N|\N|\N|\N|483|483|483|0
30T4528|\N|\N|\N|\N|1111|1910|1910|1
30T4529|\N|\N|\N|\N|489|489|489|0
30T4530|\N|\N|\N|\N|388|388|388|0
30T4531|\N|\N|\N|\N|1382|2429|2429|1
30T4532|\N|\N|\N|\N|266|266|266|0
30T4533|\N|\N|\N|\N|1976|1976|1976|0
30T4534|\N|\N|\N|\N|1228|2177|2177|1
30T4535|\N|\N|\N|\N|348|348|348|0
30T4536|\N|\N|\N|\N|147|147|147|0
30T4537|\N|\N|\N|\N|460|460|460|0
30T4538|\N|\N|\N|\N|147|147|147|0
30T4539|\N|\N|\N|\N|161|161|161|0
30T4540|\N|\N|\N|\N|216|283|\N|\N
30T4541|\N|\N|\N|\N|\N|\N|\N|\N
30T4542|\N|\N|\N|\N|\N|\N|\N|\N
30T4543|\N|\N|\N|\N|\N|\N|\N|\N
30T4544|\N|\N|\N|\N|\N|\N|\N|\N
30T4545|\N|\N|\N|\N|\N|\N|\N|\N
30T4546|\N|\N|\N|\N|\N|\N|\N|\N
30T4547|\N|\N|\N|\N|\N|\N|\N|\N
30T4548|\N|\N|\N|\N|\N|\N|\N|\N
30T4549|\N|\N|\N|\N|\N|\N|\N|\N
30T4550|\N|\N|\N|\N|\N|\N|\N|\N
30T4551|\N|\N|\N|\N|\N|\N|\N|\N
30T4552|\N|\N|\N|\N|\N|\N|\N|\N
30T4553|\N|\N|\N|\N|\N|\N|\N|\N
30T4554|\N|\N|\N|\N|\N|\N|\N|\N
30T4555|2|2|2|0|\N|\N|\N|\N
30T4556|3|3|3|0|\N|\N|\N|\N
30T4557|2|2|2|0|\N|\N|\N|\N
30T4558|2|2|2|0|\N|\N|\N|\N
30T4559|3|3|3|0|\N|\N|\N|\N
30T4560|3|3|3|0|\N|\N|\N|\N
30T4561|3|3|3|0|\N|\N|\N|\N
30T4562|2|2|2|0|\N|\N|\N|\N
30T4563|3|3|3|0|\N|\N|\N|\N
30T4564|3|3|3|0|\N|\N|\N|\N
30T4565|1|1|1|0|\N|\N|\N|\N
30T4566|3|3|3|0|\N|\N|\N|\N
30T4567|3|3|3|0|\N|\N|\N|\N
30T4568|3|3|3|0|\N|\N|\N|\N
30T4569|3|3|3|0|\N|\N|\N|\N
30T4570|1|1|1|0|\N|\N|\N|\N
30T4571|3|3|3|0|\N|\N|\N|\N
30T4572|3|3|3|0|\N|\N|\N|\N
30T4573|2|2|2|0|\N|\N|\N|\N
30T4574|2|2|2|0|\N|\N|\N|\N
30T4575|2|2|2|0|\N|\N|\N|\N
30T4576|2|2|2|0|\N|\N|\N|\N
30T4577|1|1|1|0|\N|\N|\N|\N
30T4578|1|1|1|0|\N|\N|\N|\N
30T4579|2|2|2|0|\N|\N|\N|\N
30T4580|2|2|2|0|\N|\N|\N|\N
30T4581|2|2|2|0|\N|\N|\N|\N
30T4582|1|1|1|0|\N|\N|\N|\N
30T4583|1|1|1|0|\N|\N|\N|\N
30T4584|2|2|2|0|\N|\N|\N|\N
30T4585|6|6|6|0|\N|\N|\N|\N
30T4586|2|2|2|0|\N|\N|\N|\N
30T4587|1|1|1|0|\N|\N|\N|\N
30T4588|1|1|1|0|\N|\N|\N|\N
30T4589|2|2|2|0|\N|\N|\N|\N
30T4590|2|2|2|0|\N|\N|\N|\N
30T4591|2|2|2|0|\N|\N|\N|\N
30T4592|1|1|1|0|\N|\N|\N|\N
30T4593|1|1|1|0|\N|\N|\N|\N
30T4594|2|2|2|0|\N|\N|\N|\N
30T4595|2|2|2|0|\N|\N|\N|\N
30T4596|1|1|1|0|\N|\N|\N|\N
30T4597|2|2|2|0|\N|\N|\N|\N
30T4598|1|1|1|0|\N|\N|\N|\N
30T4599|1|1|1|0|\N|\N|\N|\N
30T4600|2|2|2|0|\N|\N|\N|\N
30T4601|2|2|2|0|\N|\N|\N|\N
30T4602|2|2|2|0|\N|\N|\N|\N
30T4603|1|1|1|0|\N|\N|\N|\N
30T4604|2|2|2|0|\N|\N|\N|\N
30T4605|2|2|2|0|\N|\N|\N|\N
30T4606|2|2|2|0|\N|\N|\N|\N
30T4607|8|8|8|0|\N|\N|\N|\N
30T4608|2|2|2|0|\N|\N|\N|\N
30T4609|8|8|8|0|\N|\N|\N|\N
30T4610|3|3|3|0|\N|\N|\N|\N
30T4611|2|2|2|0|\N|\N|\N|\N
30T4612|2|2|2|0|\N|\N|\N|\N
30T4613|1|1|1|0|\N|\N|\N|\N
30T4614|3|3|3|0|\N|\N|\N|\N
30T4615|2|2|2|0|\N|\N|\N|\N
30T4616|3|3|3|0|\N|\N|\N|\N
30T4617|1|1|1|0|\N|\N|\N|\N
30T4618|1|1|1|0|\N|\N|\N|\N
30T4619|6|6|6|0|\N|\N|\N|\N
30T4620|2|2|2|0|\N|\N|\N|\N
30T4621|2|2|2|0|3569|3569|3569|0
30T4622|2|2|2|0|391|467|391|2
30T4623|1|1|1|0|1062|1062|1062|0
30T4624|1|1|1|0|3566|3566|3566|0
30T4625|2|2|2|0|561|561|561|0
30T4626|1|1|1|0|161|190|161|2
30T4627|3|3|3|0|1062|1062|1062|0
30T4628|2|2|2|0|432|472|472|1
30T4629|1|1|1|0|389|389|389|0
30T4630|1|1|1|0|141|168|141|2
30T4631|1|1|1|0|1007|1058|1007|2
30T4632|1|1|1|0|402|402|402|0
30T4633|3|3|3|0|5006|5006|5006|0
30T4634|2|2|2|0|611|611|611|0
30T4635|\N|\N|\N|\N|1371|2159|2159|1
30T4636|\N|\N|\N|\N|499|499|499|0
30T4637|\N|\N|\N|\N|571|571|571|0
30T4638|\N|\N|\N|\N|693|693|693|0
30T4639|\N|\N|\N|\N|611|611|611|0
30T4640|\N|\N|\N|\N|499|499|499|0
30T4641|\N|\N|\N|\N|\N|\N|\N|\N
30T4642|\N|\N|\N|\N|\N|\N|\N|\N
30T4643|\N|\N|\N|\N|\N|\N|\N|\N
30T4644|\N|\N|\N|\N|\N|\N|\N|\N
30T4645|\N|\N|\N|\N|\N|\N|\N|\N
30T4646|\N|\N|\N|\N|\N|\N|\N|\N
30T4647|\N|\N|\N|\N|\N|\N|\N|\N
30T4648|\N|\N|\N|\N|\N|\N|\N|\N
30T4649|\N|\N|\N|\N|\N|\N|\N|\N
30T4650|\N|\N|\N|\N|\N|\N|\N|\N
30T4651|\N|\N|\N|\N|\N|\N|\N|\N
30T4652|\N|\N|\N|\N|\N|\N|\N|\N
30T4653|\N|\N|\N|\N|\N|\N|\N|\N
30T4654|\N|\N|\N|\N|\N|\N|\N|\N
30T4655|1|1|1|0|\N|\N|\N|\N
30T4656|1|1|1|0|\N|\N|\N|\N
30T4657|1|1|1|0|\N|\N|\N|\N
30T4658|1|1|1|0|\N|\N|\N|\N
30T4659|1|1|1|0|\N|\N|\N|\N
30T4660|3|3|3|0|\N|\N|\N|\N
30T4661|1|1|1|0|705|746|705|2
30T4662|1|1|1|0|935|935|935|0
30T4663|1|1|1|0|644|958|821|3
30T4664|1|1|1|0|296|341|296|2
30T4665|1|1|1|0|419|419|419|0
30T4666|1|1|1|0|440|440|440|0
30T4667|1|1|1|0|413|413|413|0
30T4668|1|1|1|0|451|451|451|0
30T4669|1|1|1|0|1517|2689|2689|1
30T4670|3|3|3|0|443|443|443|0
30T4671|1|1|1|0|608|947|947|1
30T4672|3|3|3|0|241|294|241|2
30T4673|3|3|3|0|249|294|294|1
30T4674|1|1|1|0|740|740|740|0
30T4675|1|1|1|0|447|447|447|0
30T4676|3|3|3|0|286|294|294|1
30T4677|1|1|1|0|579|579|579|0
30T4678|1|1|1|0|344|425|425|1
30T4679|3|3|3|0|280|294|294|1
30T4680|1|1|1|0|1433|2649|2649|1
30T4681|1|1|1|0|\N|\N|\N|\N
30T4682|1|1|1|0|\N|\N|\N|\N
30T4683|1|1|1|0|\N|\N|\N|\N
30T4684|1|1|1|0|\N|\N|\N|\N
30T4685|1|1|1|0|\N|\N|\N|\N
30T4686|2|2|2|0|\N|\N|\N|\N
30T4687|2|2|2|0|\N|\N|\N|\N
30T4688|1|1|1|0|\N|\N|\N|\N
30T4689|1|1|1|0|\N|\N|\N|\N
30T4690|1|1|1|0|\N|\N|\N|\N
30T4691|2|2|2|0|\N|\N|\N|\N
30T4692|2|2|2|0|\N|\N|\N|\N
30T4693|2|2|2|0|\N|\N|\N|\N
30T4694|2|2|2|0|\N|\N|\N|\N
30T4695|\N|\N|\N|\N|\N|\N|\N|\N
30T4696|\N|\N|\N|\N|\N|\N|\N|\N
30T4697|\N|\N|\N|\N|\N|\N|\N|\N
30T4698|\N|\N|\N|\N|\N|\N|\N|\N
30T4699|\N|\N|\N|\N|\N|\N|\N|\N
30T4700|\N|\N|\N|\N|\N|\N|\N|\N
30T4701|\N|\N|\N|\N|\N|\N|\N|\N
30T4702|\N|\N|\N|\N|\N|\N|\N|\N
30T4703|\N|\N|\N|\N|\N|\N|\N|\N
30T4704|\N|\N|\N|\N|\N|\N|\N|\N
30T4705|\N|\N|\N|\N|\N|\N|\N|\N
30T4706|\N|\N|\N|\N|\N|\N|\N|\N
30T4707|\N|\N|\N|\N|\N|\N|\N|\N
30T4708|\N|\N|\N|\N|\N|\N|\N|\N
30T4709|\N|\N|\N|\N|\N|\N|\N|\N
30T4710|\N|\N|\N|\N|\N|\N|\N|\N
30T4711|\N|\N|\N|\N|\N|\N|\N|\N
30T4712|\N|\N|\N|\N|\N|\N|\N|\N
30T4713|\N|\N|\N|\N|\N|\N|\N|\N
30T4714|\N|\N|\N|\N|\N|\N|\N|\N
30T4715|2|2|2|0|\N|\N|\N|\N
30T4716|2|2|2|0|\N|\N|\N|\N
30T4717|1|1|1|0|\N|\N|\N|\N
30T4718|1|1|1|0|\N|\N|\N|\N
30T4719|1|1|1|0|\N|\N|\N|\N
30T4720|1|1|1|0|\N|\N|\N|\N
30T4721|2|2|2|0|\N|\N|\N|\N
30T4722|1|1|1|0|\N|\N|\N|\N
30T4723|1|1|1|0|\N|\N|\N|\N
30T4724|1|1|1|0|\N|\N|\N|\N
30T4725|1|1|1|0|\N|\N|\N|\N
30T4726|1|1|1|0|\N|\N|\N|\N
30T4727|2|2|2|0|\N|\N|\N|\N
30T4728|1|1|1|0|\N|\N|\N|\N
30T4729|2|2|2|0|\N|\N|\N|\N
30T4730|1|1|1|0|\N|\N|\N|\N
30T4731|1|1|1|0|\N|\N|\N|\N
30T4732|1|1|1|0|\N|\N|\N|\N
30T4733|1|1|1|0|\N|\N|\N|\N
30T4734|1|1|1|0|\N|\N|\N|\N
30T4735|\N|\N|\N|\N|\N|\N|\N|\N
30T4736|\N|\N|\N|\N|\N|\N|\N|\N
30T4737|\N|\N|\N|\N|\N|\N|\N|\N
30T4738|\N|\N|\N|\N|\N|\N|\N|\N
30T4739|\N|\N|\N|\N|\N|\N|\N|\N
30T4740|\N|\N|\N|\N|\N|\N|\N|\N
30T4741|\N|\N|\N|\N|\N|\N|\N|\N
30T4742|\N|\N|\N|\N|\N|\N|\N|\N
30T4743|\N|\N|\N|\N|\N|\N|\N|\N
30T4744|\N|\N|\N|\N|\N|\N|\N|\N
30T4745|\N|\N|\N|\N|\N|\N|\N|\N
30T4746|\N|\N|\N|\N|\N|\N|\N|\N
30T4747|\N|\N|\N|\N|\N|\N|\N|\N
30T4748|\N|\N|\N|\N|\N|\N|\N|\N
30T4749|\N|\N|\N|\N|\N|\N|\N|\N
30T4750|\N|\N|\N|\N|\N|\N|\N|\N
30T4751|\N|\N|\N|\N|\N|\N|\N|\N
30T4752|\N|\N|\N|\N|\N|\N|\N|\N
30T4753|\N|\N|\N|\N|\N|\N|\N|\N
30T4754|\N|\N|\N|\N|\N|\N|\N|\N
30T4755|3|3|3|0|\N|\N|\N|\N
30T4756|1|1|1|0|\N|\N|\N|\N
30T4757|3|3|3|0|\N|\N|\N|\N
30T4758|3|3|3|0|\N|\N|\N|\N
30T4759|3|3|3|0|\N|\N|\N|\N
30T4760|3|3|3|0|\N|\N|\N|\N
30T4761|3|3|3|0|\N|\N|\N|\N
30T4762|3|3|3|0|\N|\N|\N|\N
30T4763|3|3|3|0|\N|\N|\N|\N
30T4764|1|1|1|0|\N|\N|\N|\N
30T4765|1|1|1|0|\N|\N|\N|\N
30T4766|3|3|3|0|\N|\N|\N|\N
30T4767|3|3|3|0|\N|\N|\N|\N
30T4768|3|3|3|0|\N|\N|\N|\N
30T4769|3|3|3|0|\N|\N|\N|\N
30T4770|3|3|3|0|\N|\N|\N|\N
30T4771|3|3|3|0|\N|\N|\N|\N
30T4772|3|3|3|0|\N|\N|\N|\N
30T4773|2|2|2|0|\N|\N|\N|\N
30T4774|2|2|2|0|\N|\N|\N|\N
30T4775|2|2|2|0|\N|\N|\N|\N
30T4776|2|2|2|0|\N|\N|\N|\N
30T4777|2|2|2|0|\N|\N|\N|\N
30T4778|2|2|2|0|\N|\N|\N|\N
30T4779|6|6|6|0|\N|\N|\N|\N
30T4780|1|1|1|0|\N|\N|\N|\N
30T4781|2|2|2|0|\N|\N|\N|\N
30T4782|2|2|2|0|\N|\N|\N|\N
30T4783|2|2|2|0|\N|\N|\N|\N
30T4784|2|2|2|0|\N|\N|\N|\N
30T4785|2|2|2|0|\N|\N|\N|\N
30T4786|2|2|2|0|\N|\N|\N|\N
30T4787|1|1|1|0|\N|\N|\N|\N
30T4788|2|2|2|0|\N|\N|\N|\N
30T4789|1|1|1|0|\N|\N|\N|\N
30T4790|6|6|6|0|\N|\N|\N|\N
30T4791|1|1|1|0|\N|\N|\N|\N
30T4792|1|1|1|0|\N|\N|\N|\N
30T4793|2|2|2|0|\N|\N|\N|\N
30T4794|2|2|2|0|\N|\N|\N|\N
30T4795|2|2|2|0|\N|\N|\N|\N
30T4796|2|2|2|0|\N|\N|\N|\N
30T4797|2|2|2|0|\N|\N|\N|\N
30T4798|1|1|1|0|\N|\N|\N|\N
30T4799|2|2|2|0|\N|\N|\N|\N
30T4800|1|1|1|0|\N|\N|\N|\N
30T4801|2|2|2|0|\N|\N|\N|\N
30T4802|2|2|2|0|\N|\N|\N|\N
30T4803|2|2|2|0|\N|\N|\N|\N
30T4804|2|2|2|0|\N|\N|\N|\N
30T4805|2|2|2|0|\N|\N|\N|\N
30T4806|5|5|5|0|\N|\N|\N|\N
30T4807|2|2|2|0|\N|\N|\N|\N
30T4808|2|2|2|0|\N|\N|\N|\N
30T4809|2|2|2|0|\N|\N|\N|\N
30T4810|2|2|2|0|\N|\N|\N|\N
30T4811|1|1|1|0|\N|\N|\N|\N
30T4812|2|2|2|0|\N|\N|\N|\N
30T4813|2|2|2|0|\N|\N|\N|\N
30T4814|2|2|2|0|\N|\N|\N|\N
30T4815|\N|\N|\N|\N|\N|\N|\N|\N
30T4816|\N|\N|\N|\N|\N|\N|\N|\N
30T4817|\N|\N|\N|\N|\N|\N|\N|\N
30T4818|\N|\N|\N|\N|\N|\N|\N|\N
30T4819|\N|\N|\N|\N|\N|\N|\N|\N
30T4820|\N|\N|\N|\N|\N|\N|\N|\N
30T4821|\N|\N|\N|\N|\N|\N|\N|\N
30T4822|\N|\N|\N|\N|\N|\N|\N|\N
30T4823|\N|\N|\N|\N|\N|\N|\N|\N
30T4824|\N|\N|\N|\N|\N|\N|\N|\N
30T4825|\N|\N|\N|\N|\N|\N|\N|\N
30T4826|\N|\N|\N|\N|\N|\N|\N|\N
30T4827|\N|\N|\N|\N|\N|\N|\N|\N
30T4828|\N|\N|\N|\N|\N|\N|\N|\N
30T4829|\N|\N|\N|\N|\N|\N|\N|\N
30T4830|\N|\N|\N|\N|\N|\N|\N|\N
30T4831|\N|\N|\N|\N|\N|\N|\N|\N
30T4832|\N|\N|\N|\N|\N|\N|\N|\N
30T4833|\N|\N|\N|\N|\N|\N|\N|\N
30T4834|\N|\N|\N|\N|\N|\N|\N|\N
30T4835|\N|\N|\N|\N|\N|\N|\N|\N
30T4836|\N|\N|\N|\N|\N|\N|\N|\N
30T4837|\N|\N|\N|\N|\N|\N|\N|\N
30T4838|\N|\N|\N|\N|\N|\N|\N|\N
30T4839|\N|\N|\N|\N|\N|\N|\N|\N
30T4840|\N|\N|\N|\N|\N|\N|\N|\N
30T4841|\N|\N|\N|\N|701|701|701|0
30T4842|\N|\N|\N|\N|773|773|773|0
30T4843|\N|\N|\N|\N|884|884|884|0
30T4844|\N|\N|\N|\N|1034|1034|1034|0
30T4845|\N|\N|\N|\N|461|541|541|1
30T4846|\N|\N|\N|\N|394|431|431|1
30T4847|\N|\N|\N|\N|548|563|563|1
30T4848|\N|\N|\N|\N|387|415|415|1
30T4849|\N|\N|\N|\N|465|465|465|0
30T4850|\N|\N|\N|\N|1108|1844|1844|1
30T4851|\N|\N|\N|\N|422|536|422|2
30T4852|\N|\N|\N|\N|389|415|415|1
30T4853|\N|\N|\N|\N|410|431|431|1
30T4854|\N|\N|\N|\N|667|667|667|0
30T4855|\N|\N|\N|\N|495|558|495|2
30T4856|\N|\N|\N|\N|838|976|976|1
30T4857|\N|\N|\N|\N|838|976|976|1
30T4858|\N|\N|\N|\N|838|976|976|1
30T4859|\N|\N|\N|\N|1173|1173|1173|0
30T4860|\N|\N|\N|\N|2261|2261|2261|0
30T4861|\N|\N|\N|\N|\N|\N|\N|\N
30T4862|\N|\N|\N|\N|\N|\N|\N|\N
30T4863|\N|\N|\N|\N|\N|\N|\N|\N
30T4864|\N|\N|\N|\N|\N|\N|\N|\N
30T4865|\N|\N|\N|\N|\N|\N|\N|\N
30T4866|\N|\N|\N|\N|\N|\N|\N|\N
30T4867|\N|\N|\N|\N|\N|\N|\N|\N
30T4868|\N|\N|\N|\N|\N|\N|\N|\N
30T4869|\N|\N|\N|\N|\N|\N|\N|\N
30T4870|\N|\N|\N|\N|\N|\N|\N|\N
30T4871|\N|\N|\N|\N|\N|\N|\N|\N
30T4872|\N|\N|\N|\N|\N|\N|\N|\N
30T4873|\N|\N|\N|\N|\N|\N|\N|\N
30T4874|\N|\N|\N|\N|\N|\N|\N|\N
30T4875|2|2|2|0|\N|\N|\N|\N
30T4876|2|2|2|0|\N|\N|\N|\N
30T4877|1|1|1|0|\N|\N|\N|\N
30T4878|1|1|1|0|\N|\N|\N|\N
30T4879|2|2|2|0|\N|\N|\N|\N
30T4880|1|1|1|0|\N|\N|\N|\N
30T4881|2|2|2|0|\N|\N|\N|\N
30T4882|1|1|1|0|\N|\N|\N|\N
30T4883|1|1|1|0|\N|\N|\N|\N
30T4884|1|1|1|0|\N|\N|\N|\N
30T4885|1|1|1|0|\N|\N|\N|\N
30T4886|1|1|1|0|\N|\N|\N|\N
30T4887|1|1|1|0|\N|\N|\N|\N
30T4888|2|2|2|0|\N|\N|\N|\N
30T4889|2|2|2|0|\N|\N|\N|\N
30T4890|1|1|1|0|\N|\N|\N|\N
30T4891|2|2|2|0|\N|\N|\N|\N
30T4892|1|1|1|0|\N|\N|\N|\N
30T4893|1|1|1|0|\N|\N|\N|\N
30T4894|2|2|2|0|\N|\N|\N|\N
30T4895|1|1|1|0|\N|\N|\N|\N
30T4896|1|1|1|0|\N|\N|\N|\N
30T4897|1|1|1|0|\N|\N|\N|\N
30T4898|1|1|1|0|\N|\N|\N|\N
30T4899|1|1|1|0|\N|\N|\N|\N
30T4900|1|1|1|0|\N|\N|\N|\N
30T4901|1|1|1|0|\N|\N|\N|\N
30T4902|1|1|1|0|\N|\N|\N|\N
30T4903|1|1|1|0|\N|\N|\N|\N
30T4904|1|1|1|0|\N|\N|\N|\N
30T4905|1|1|1|0|\N|\N|\N|\N
30T4906|1|1|1|0|\N|\N|\N|\N
30T4907|1|1|1|0|\N|\N|\N|\N
30T4908|2|2|2|0|\N|\N|\N|\N
30T4909|1|1|1|0|\N|\N|\N|\N
30T4910|1|1|1|0|\N|\N|\N|\N
30T4911|1|1|1|0|\N|\N|\N|\N
30T4912|1|1|1|0|\N|\N|\N|\N
30T4913|1|1|1|0|\N|\N|\N|\N
30T4914|1|1|1|0|\N|\N|\N|\N
30T4915|1|1|1|0|\N|\N|\N|\N
30T4916|1|1|1|0|\N|\N|\N|\N
30T4917|1|1|1|0|\N|\N|\N|\N
30T4918|1|1|1|0|\N|\N|\N|\N
30T4919|1|1|1|0|\N|\N|\N|\N
30T4920|1|1|1|0|\N|\N|\N|\N
30T4921|1|1|1|0|\N|\N|\N|\N
30T4922|1|1|1|0|\N|\N|\N|\N
30T4923|1|1|1|0|\N|\N|\N|\N
30T4924|3|3|3|0|\N|\N|\N|\N
30T4925|3|3|3|0|\N|\N|\N|\N
30T4926|1|1|1|0|\N|\N|\N|\N
30T4927|3|3|3|0|\N|\N|\N|\N
30T4928|1|1|1|0|\N|\N|\N|\N
30T4929|1|1|1|0|\N|\N|\N|\N
30T4930|1|1|1|0|\N|\N|\N|\N
30T4931|3|3|3|0|\N|\N|\N|\N
30T4932|1|1|1|0|\N|\N|\N|\N
30T4933|3|3|3|0|\N|\N|\N|\N
30T4934|3|3|3|0|\N|\N|\N|\N
30T4935|1|1|1|0|\N|\N|\N|\N
30T4936|1|1|1|0|\N|\N|\N|\N
30T4937|3|3|3|0|\N|\N|\N|\N
30T4938|3|3|3|0|\N|\N|\N|\N
30T4939|2|2|2|0|\N|\N|\N|\N
30T4940|2|2|2|0|\N|\N|\N|\N
30T4941|2|2|2|0|\N|\N|\N|\N
30T4942|2|2|2|0|\N|\N|\N|\N
30T4943|2|2|2|0|\N|\N|\N|\N
30T4944|4|4|4|0|\N|\N|\N|\N
30T4945|4|4|4|0|\N|\N|\N|\N
30T4946|2|2|2|0|\N|\N|\N|\N
30T4947|2|2|2|0|\N|\N|\N|\N
30T4948|2|2|2|0|\N|\N|\N|\N
30T4949|2|2|2|0|\N|\N|\N|\N
30T4950|2|2|2|0|\N|\N|\N|\N
30T4951|2|2|2|0|\N|\N|\N|\N
30T4952|2|2|2|0|\N|\N|\N|\N
30T4953|4|4|4|0|\N|\N|\N|\N
30T4954|2|2|2|0|\N|\N|\N|\N
30T4955|1|1|1|0|\N|\N|\N|\N
30T4956|2|2|2|0|\N|\N|\N|\N
30T4957|2|2|2|0|\N|\N|\N|\N
30T4958|1|1|1|0|\N|\N|\N|\N
30T4959|4|4|4|0|\N|\N|\N|\N
30T4960|3|3|3|0|\N|\N|\N|\N
30T4961|4|4|4|0|\N|\N|\N|\N
30T4962|1|1|1|0|\N|\N|\N|\N
30T4963|3|3|3|0|\N|\N|\N|\N
30T4964|1|1|1|0|\N|\N|\N|\N
30T4965|2|2|2|0|\N|\N|\N|\N
30T4966|1|1|1|0|\N|\N|\N|\N
30T4967|4|4|4|0|\N|\N|\N|\N
30T4968|2|2|2|0|\N|\N|\N|\N
30T4969|2|2|2|0|\N|\N|\N|\N
30T4970|2|2|2|0|\N|\N|\N|\N
30T4971|1|1|1|0|\N|\N|\N|\N
30T4972|1|1|1|0|\N|\N|\N|\N
30T4973|3|3|3|0|\N|\N|\N|\N
30T4974|3|3|3|0|\N|\N|\N|\N
30T4975|\N|\N|\N|\N|\N|\N|\N|\N
30T4976|\N|\N|\N|\N|\N|\N|\N|\N
30T4977|\N|\N|\N|\N|\N|\N|\N|\N
30T4978|\N|\N|\N|\N|\N|\N|\N|\N
30T4979|\N|\N|\N|\N|\N|\N|\N|\N
30T4980|\N|\N|\N|\N|\N|\N|\N|\N
30T4981|\N|\N|\N|\N|\N|\N|\N|\N
30T4982|\N|\N|\N|\N|\N|\N|\N|\N
30T4983|\N|\N|\N|\N|\N|\N|\N|\N
30T4984|\N|\N|\N|\N|\N|\N|\N|\N
30T4985|\N|\N|\N|\N|\N|\N|\N|\N
30T4986|\N|\N|\N|\N|\N|\N|\N|\N
30T4987|\N|\N|\N|\N|\N|\N|\N|\N
30T4988|\N|\N|\N|\N|\N|\N|\N|\N
30T4989|\N|\N|\N|\N|\N|\N|\N|\N
30T4990|\N|\N|\N|\N|\N|\N|\N|\N
30T4991|\N|\N|\N|\N|\N|\N|\N|\N
30T4992|\N|\N|\N|\N|\N|\N|\N|\N
30T4993|\N|\N|\N|\N|\N|\N|\N|\N
30T4994|\N|\N|\N|\N|\N|\N|\N|\N
30T4995|\N|\N|\N|\N|\N|\N|\N|\N
30T4996|\N|\N|\N|\N|\N|\N|\N|\N
30T4997|\N|\N|\N|\N|\N|\N|\N|\N
30T4998|\N|\N|\N|\N|\N|\N|\N|\N
30T4999|\N|\N|\N|\N|\N|\N|\N|\N
30T5000|\N|\N|\N|\N|\N|\N|\N|\N
30T5001|\N|\N|\N|\N|\N|\N|\N|\N
30T5002|\N|\N|\N|\N|\N|\N|\N|\N
30T5003|\N|\N|\N|\N|\N|\N|\N|\N
30T5004|\N|\N|\N|\N|\N|\N|\N|\N
30T5005|\N|\N|\N|\N|\N|\N|\N|\N
30T5006|\N|\N|\N|\N|\N|\N|\N|\N
30T5007|\N|\N|\N|\N|\N|\N|\N|\N
30T5008|\N|\N|\N|\N|\N|\N|\N|\N
30T5009|\N|\N|\N|\N|\N|\N|\N|\N
30T5010|\N|\N|\N|\N|\N|\N|\N|\N
30T5011|\N|\N|\N|\N|\N|\N|\N|\N
30T5012|\N|\N|\N|\N|\N|\N|\N|\N
30T5013|\N|\N|\N|\N|\N|\N|\N|\N
30T5014|\N|\N|\N|\N|\N|\N|\N|\N
30T5015|2|2|2|0|\N|\N|\N|\N
30T5016|1|1|1|0|\N|\N|\N|\N
30T5017|2|2|2|0|\N|\N|\N|\N
30T5018|1|1|1|0|\N|\N|\N|\N
30T5019|2|2|2|0|\N|\N|\N|\N
30T5020|1|1|1|0|\N|\N|\N|\N
30T5021|1|1|1|0|\N|\N|\N|\N
30T5022|1|1|1|0|\N|\N|\N|\N
30T5023|2|2|2|0|\N|\N|\N|\N
30T5024|1|1|1|0|\N|\N|\N|\N
30T5025|1|1|1|0|\N|\N|\N|\N
30T5026|1|1|1|0|\N|\N|\N|\N
30T5027|1|1|1|0|\N|\N|\N|\N
30T5028|1|1|1|0|\N|\N|\N|\N
30T5029|1|1|1|0|\N|\N|\N|\N
30T5030|1|1|1|0|\N|\N|\N|\N
30T5031|1|1|1|0|\N|\N|\N|\N
30T5032|1|1|1|0|\N|\N|\N|\N
30T5033|1|1|1|0|\N|\N|\N|\N
30T5034|1|1|1|0|\N|\N|\N|\N
30T5035|1|1|1|0|\N|\N|\N|\N
30T5036|1|1|1|0|\N|\N|\N|\N
30T5037|1|1|1|0|\N|\N|\N|\N
30T5038|1|1|1|0|\N|\N|\N|\N
30T5039|1|1|1|0|\N|\N|\N|\N
30T5040|1|1|1|0|\N|\N|\N|\N
30T5041|1|1|1|0|\N|\N|\N|\N
30T5042|1|1|1|0|\N|\N|\N|\N
30T5043|1|1|1|0|\N|\N|\N|\N
30T5044|1|1|1|0|\N|\N|\N|\N
30T5045|1|1|1|0|\N|\N|\N|\N
30T5046|1|1|1|0|\N|\N|\N|\N
30T5047|1|1|1|0|\N|\N|\N|\N
30T5048|1|1|1|0|\N|\N|\N|\N
30T5049|2|2|2|0|\N|\N|\N|\N
30T5050|1|1|1|0|\N|\N|\N|\N
30T5051|4|4|4|0|\N|\N|\N|\N
30T5052|2|2|2|0|\N|\N|\N|\N
30T5053|1|1|1|0|\N|\N|\N|\N
30T5054|1|1|1|0|\N|\N|\N|\N
30T5055|1|1|1|0|\N|\N|\N|\N
30T5056|3|3|3|0|\N|\N|\N|\N
30T5057|3|3|3|0|\N|\N|\N|\N
30T5058|2|2|2|0|\N|\N|\N|\N
30T5059|2|2|2|0|\N|\N|\N|\N
30T5060|1|1|1|0|\N|\N|\N|\N
30T5061|4|4|4|0|\N|\N|\N|\N
30T5062|2|2|2|0|\N|\N|\N|\N
30T5063|3|3|3|0|\N|\N|\N|\N
30T5064|2|2|2|0|\N|\N|\N|\N
30T5065|2|2|2|0|\N|\N|\N|\N
30T5066|2|2|2|0|\N|\N|\N|\N
30T5067|2|2|2|0|\N|\N|\N|\N
30T5068|3|3|3|0|\N|\N|\N|\N
30T5069|4|4|4|0|\N|\N|\N|\N
30T5070|4|4|4|0|\N|\N|\N|\N
30T5071|1|1|1|0|\N|\N|\N|\N
30T5072|4|4|4|0|\N|\N|\N|\N
30T5073|2|2|2|0|\N|\N|\N|\N
30T5074|3|3|3|0|\N|\N|\N|\N
30T5075|\N|\N|\N|\N|\N|\N|\N|\N
30T5076|\N|\N|\N|\N|\N|\N|\N|\N
30T5077|\N|\N|\N|\N|\N|\N|\N|\N
30T5078|\N|\N|\N|\N|\N|\N|\N|\N
30T5079|\N|\N|\N|\N|\N|\N|\N|\N
30T5080|\N|\N|\N|\N|\N|\N|\N|\N
30T5081|\N|\N|\N|\N|\N|\N|\N|\N
30T5082|\N|\N|\N|\N|\N|\N|\N|\N
30T5083|\N|\N|\N|\N|\N|\N|\N|\N
30T5084|\N|\N|\N|\N|\N|\N|\N|\N
30T5085|\N|\N|\N|\N|\N|\N|\N|\N
30T5086|\N|\N|\N|\N|\N|\N|\N|\N
30T5087|\N|\N|\N|\N|\N|\N|\N|\N
30T5088|\N|\N|\N|\N|\N|\N|\N|\N
30T5089|\N|\N|\N|\N|\N|\N|\N|\N
30T5090|\N|\N|\N|\N|\N|\N|\N|\N
30T5091|\N|\N|\N|\N|\N|\N|\N|\N
30T5092|\N|\N|\N|\N|\N|\N|\N|\N
30T5093|\N|\N|\N|\N|\N|\N|\N|\N
30T5094|\N|\N|\N|\N|\N|\N|\N|\N
30T5095|2|2|2|0|\N|\N|\N|\N
30T5096|3|3|3|0|\N|\N|\N|\N
30T5097|2|2|2|0|\N|\N|\N|\N
30T5098|4|4|4|0|\N|\N|\N|\N
30T5099|4|4|4|0|\N|\N|\N|\N
30T5100|2|2|2|0|\N|\N|\N|\N
30T5101|2|2|2|0|341|341|341|0
30T5102|1|1|1|0|399|399|399|0
30T5103|2|2|2|0|694|719|694|2
30T5104|2|2|2|0|1899|1899|1899|0
30T5105|1|1|1|0|374|374|374|0
30T5106|2|2|2|0|685|715|685|2
30T5107|2|2|2|0|705|705|705|0
30T5108|2|2|2|0|664|664|664|0
30T5109|1|1|1|0|1976|1976|1976|0
30T5110|2|2|2|0|386|386|386|0
30T5111|1|1|1|0|1910|1910|1910|0
30T5112|2|2|2|0|787|787|787|0
30T5113|1|1|1|0|399|399|399|0
30T5114|3|3|3|0|891|891|891|0
30T5115|4|4|4|0|685|715|685|2
30T5116|2|2|2|0|751|751|751|0
30T5117|2|2|2|0|862|862|862|0
30T5118|1|1|1|0|289|289|289|0
30T5119|1|1|1|0|253|267|253|2
30T5120|1|1|1|0|507|507|507|0
30T5121|1|1|1|0|\N|\N|\N|\N
30T5122|1|1|1|0|\N|\N|\N|\N
30T5123|1|1|1|0|\N|\N|\N|\N
30T5124|1|1|1|0|\N|\N|\N|\N
30T5125|1|1|1|0|\N|\N|\N|\N
30T5126|1|1|1|0|\N|\N|\N|\N
30T5127|1|1|1|0|\N|\N|\N|\N
30T5128|1|1|1|0|\N|\N|\N|\N
30T5129|1|1|1|0|\N|\N|\N|\N
30T5130|1|1|1|0|\N|\N|\N|\N
30T5131|1|1|1|0|\N|\N|\N|\N
30T5132|1|1|1|0|\N|\N|\N|\N
30T5133|1|1|1|0|\N|\N|\N|\N
30T5134|4|4|4|0|\N|\N|\N|\N
30T5135|4|4|4|0|\N|\N|\N|\N
30T5136|4|4|4|0|\N|\N|\N|\N
30T5137|4|4|4|0|\N|\N|\N|\N
30T5138|4|4|4|0|\N|\N|\N|\N
30T5139|4|4|4|0|\N|\N|\N|\N
30T5140|1|1|1|0|\N|\N|\N|\N
30T5141|1|1|1|0|\N|\N|\N|\N
30T5142|1|1|1|0|\N|\N|\N|\N
30T5143|1|1|1|0|\N|\N|\N|\N
30T5144|1|1|1|0|\N|\N|\N|\N
30T5145|1|1|1|0|\N|\N|\N|\N
30T5146|1|1|1|0|\N|\N|\N|\N
30T5147|1|1|1|0|\N|\N|\N|\N
30T5148|2|2|2|0|\N|\N|\N|\N
30T5149|2|2|2|0|\N|\N|\N|\N
30T5150|2|2|2|0|\N|\N|\N|\N
30T5151|1|1|1|0|\N|\N|\N|\N
30T5152|3|3|3|0|\N|\N|\N|\N
30T5153|3|3|3|0|\N|\N|\N|\N
30T5154|4|4|4|0|\N|\N|\N|\N
30T5155|2|2|2|0|\N|\N|\N|\N
30T5156|3|3|3|0|\N|\N|\N|\N
30T5157|3|3|3|0|\N|\N|\N|\N
30T5158|1|1|1|0|\N|\N|\N|\N
30T5159|4|4|4|0|\N|\N|\N|\N
30T5160|3|3|3|0|\N|\N|\N|\N
30T5161|4|4|4|0|\N|\N|\N|\N
30T5162|2|2|2|0|\N|\N|\N|\N
30T5163|2|2|2|0|\N|\N|\N|\N
30T5164|2|2|2|0|\N|\N|\N|\N
30T5165|3|3|3|0|\N|\N|\N|\N
30T5166|4|4|4|0|\N|\N|\N|\N
30T5167|2|2|2|0|\N|\N|\N|\N
30T5168|3|3|3|0|\N|\N|\N|\N
30T5169|3|3|3|0|\N|\N|\N|\N
30T5170|3|3|3|0|\N|\N|\N|\N
30T5171|3|3|3|0|\N|\N|\N|\N
30T5172|2|2|2|0|\N|\N|\N|\N
30T5173|3|3|3|0|\N|\N|\N|\N
30T5174|3|3|3|0|\N|\N|\N|\N
30T5175|1|1|1|0|\N|\N|\N|\N
30T5176|2|2|2|0|\N|\N|\N|\N
30T5177|2|2|2|0|\N|\N|\N|\N
30T5178|2|2|2|0|\N|\N|\N|\N
30T5179|2|2|2|0|\N|\N|\N|\N
30T5180|2|2|2|0|\N|\N|\N|\N
30T5181|4|4|4|0|\N|\N|\N|\N
30T5182|2|2|2|0|\N|\N|\N|\N
30T5183|1|1|1|0|\N|\N|\N|\N
30T5184|2|2|2|0|\N|\N|\N|\N
30T5185|1|1|1|0|\N|\N|\N|\N
30T5186|4|4|4|0|\N|\N|\N|\N
30T5187|2|2|2|0|\N|\N|\N|\N
30T5188|2|2|2|0|\N|\N|\N|\N
30T5189|2|2|2|0|\N|\N|\N|\N
30T5190|2|2|2|0|\N|\N|\N|\N
30T5191|2|2|2|0|\N|\N|\N|\N
30T5192|1|1|1|0|\N|\N|\N|\N
30T5193|2|2|2|0|\N|\N|\N|\N
30T5194|4|4|4|0|\N|\N|\N|\N
30T5195|2|2|2|0|\N|\N|\N|\N
30T5196|4|4|4|0|\N|\N|\N|\N
30T5197|2|2|2|0|\N|\N|\N|\N
30T5198|2|2|2|0|\N|\N|\N|\N
30T5199|1|1|1|0|\N|\N|\N|\N
30T5200|3|3|3|0|\N|\N|\N|\N
30T5201|2|2|2|0|\N|\N|\N|\N
30T5202|2|2|2|0|\N|\N|\N|\N
30T5203|2|2|2|0|\N|\N|\N|\N
30T5204|1|1|1|0|\N|\N|\N|\N
30T5205|1|1|1|0|\N|\N|\N|\N
30T5206|1|1|1|0|\N|\N|\N|\N
30T5207|1|1|1|0|\N|\N|\N|\N
30T5208|1|1|1|0|\N|\N|\N|\N
30T5209|1|1|1|0|\N|\N|\N|\N
30T5210|1|1|1|0|\N|\N|\N|\N
30T5211|1|1|1|0|\N|\N|\N|\N
30T5212|1|1|1|0|\N|\N|\N|\N
30T5213|1|1|1|0|\N|\N|\N|\N
30T5214|1|1|1|0|\N|\N|\N|\N
30T5215|1|1|1|0|\N|\N|\N|\N
30T5216|4|4|4|0|\N|\N|\N|\N
30T5217|3|3|3|0|\N|\N|\N|\N
30T5218|4|4|4|0|\N|\N|\N|\N
30T5219|3|3|3|0|\N|\N|\N|\N
30T5220|4|4|4|0|\N|\N|\N|\N
30T5221|4|4|4|0|3565|3565|3565|0
30T5222|1|1|1|0|3770|3770|3770|0
30T5223|1|1|1|0|3578|3578|3578|0
30T5224|3|3|3|0|1095|1095|1095|0
30T5225|3|3|3|0|1082|1082|1082|0
30T5226|1|1|1|0|1107|1107|1107|0
30T5227|1|1|1|0|703|703|703|0
30T5228|1|1|1|0|990|990|990|0
30T5229|1|1|1|0|990|990|990|0
30T5230|1|1|1|0|990|990|990|0
30T5231|1|1|1|0|559|559|559|0
30T5232|1|1|1|0|559|559|559|0
30T5233|2|2|2|0|1430|1430|1430|0
30T5234|1|1|1|0|661|661|661|0
30T5235|1|1|1|0|559|559|559|0
30T5236|1|1|1|0|559|559|559|0
30T5237|2|2|2|0|367|367|367|0
30T5238|2|2|2|0|276|276|276|0
30T5239|1|1|1|0|280|280|280|0
30T5240|2|2|2|0|262|262|262|0
30T5241|1|1|1|0|\N|\N|\N|\N
30T5242|3|3|3|0|\N|\N|\N|\N
30T5243|2|2|2|0|\N|\N|\N|\N
30T5244|2|2|2|0|\N|\N|\N|\N
30T5245|3|3|3|0|\N|\N|\N|\N
30T5246|1|1|1|0|\N|\N|\N|\N
30T5247|3|3|3|0|\N|\N|\N|\N
30T5248|1|1|1|0|\N|\N|\N|\N
30T5249|1|1|1|0|\N|\N|\N|\N
30T5250|3|3|3|0|\N|\N|\N|\N
30T5251|2|2|2|0|\N|\N|\N|\N
30T5252|1|1|1|0|\N|\N|\N|\N
30T5253|3|3|3|0|\N|\N|\N|\N
30T5254|3|3|3|0|\N|\N|\N|\N
30T5255|2|2|2|0|\N|\N|\N|\N
30T5256|3|3|3|0|\N|\N|\N|\N
30T5257|3|3|3|0|\N|\N|\N|\N
30T5258|3|3|3|0|\N|\N|\N|\N
30T5259|1|1|1|0|\N|\N|\N|\N
30T5260|2|2|2|0|\N|\N|\N|\N
30T5261|2|2|2|0|\N|\N|\N|\N
30T5262|3|3|3|0|\N|\N|\N|\N
30T5263|1|1|1|0|\N|\N|\N|\N
30T5264|1|1|1|0|\N|\N|\N|\N
30T5265|1|1|1|0|\N|\N|\N|\N
30T5266|2|2|2|0|\N|\N|\N|\N
30T5267|3|3|3|0|\N|\N|\N|\N
30T5268|2|2|2|0|\N|\N|\N|\N
30T5269|1|1|1|0|\N|\N|\N|\N
30T5270|1|1|1|0|\N|\N|\N|\N
30T5271|1|1|1|0|\N|\N|\N|\N
30T5272|1|1|1|0|\N|\N|\N|\N
30T5273|1|1|1|0|\N|\N|\N|\N
30T5274|3|3|3|0|\N|\N|\N|\N
30T5275|3|3|3|0|\N|\N|\N|\N
30T5276|1|1|1|0|\N|\N|\N|\N
30T5277|3|3|3|0|\N|\N|\N|\N
30T5278|3|3|3|0|\N|\N|\N|\N
30T5279|1|1|1|0|\N|\N|\N|\N
30T5280|1|1|1|0|\N|\N|\N|\N
30T5281|1|1|1|0|1973|1973|1973|0
30T5282|1|1|1|0|753|753|753|0
30T5283|1|1|1|0|753|753|753|0
30T5284|1|1|1|0|1973|1973|1973|0
30T5285|2|2|2|0|1043|1043|1043|0
30T5286|1|1|1|0|1981|1981|1981|0
30T5287|1|1|1|0|1981|1981|1981|0
30T5288|1|1|1|0|1973|1973|1973|0
30T5289|1|1|1|0|1981|1981|1981|0
30T5290|1|1|1|0|1973|1973|1973|0
30T5291|1|1|1|0|750|750|750|0
30T5292|1|1|1|0|753|753|753|0
30T5293|1|1|1|0|1973|1973|1973|0
30T5294|1|1|1|0|750|750|750|0
30T5295|2|2|2|0|1043|1043|1043|0
30T5296|1|1|1|0|750|750|750|0
30T5297|1|1|1|0|2861|2861|2861|0
30T5298|1|1|1|0|753|753|753|0
30T5299|2|2|2|0|1973|1973|1973|0
30T5300|1|1|1|0|750|750|750|0
30T5301|2|2|2|0|\N|\N|\N|\N
30T5302|2|2|2|0|\N|\N|\N|\N
30T5303|2|2|2|0|\N|\N|\N|\N
30T5304|2|2|2|0|\N|\N|\N|\N
30T5305|2|2|2|0|\N|\N|\N|\N
30T5306|2|2|2|0|\N|\N|\N|\N
30T5307|1|1|1|0|\N|\N|\N|\N
30T5308|2|2|2|0|\N|\N|\N|\N
30T5309|2|2|2|0|\N|\N|\N|\N
30T5310|2|2|2|0|\N|\N|\N|\N
30T5311|2|2|2|0|\N|\N|\N|\N
30T5312|1|1|1|0|\N|\N|\N|\N
30T5313|1|1|1|0|\N|\N|\N|\N
30T5314|1|1|1|0|\N|\N|\N|\N
30T5315|1|1|1|0|\N|\N|\N|\N
30T5316|3|3|3|0|\N|\N|\N|\N
30T5317|3|3|3|0|\N|\N|\N|\N
30T5318|3|3|3|0|\N|\N|\N|\N
30T5319|3|3|3|0|\N|\N|\N|\N
30T5320|1|1|1|0|\N|\N|\N|\N
30T5321|3|3|3|0|\N|\N|\N|\N
30T5322|1|1|1|0|\N|\N|\N|\N
30T5323|1|1|1|0|\N|\N|\N|\N
30T5324|1|1|1|0|\N|\N|\N|\N
30T5325|1|1|1|0|\N|\N|\N|\N
30T5326|2|2|2|0|\N|\N|\N|\N
30T5327|1|1|1|0|\N|\N|\N|\N
30T5328|2|2|2|0|\N|\N|\N|\N
30T5329|1|1|1|0|\N|\N|\N|\N
30T5330|1|1|1|0|\N|\N|\N|\N
30T5331|1|1|1|0|\N|\N|\N|\N
30T5332|2|2|2|0|\N|\N|\N|\N
30T5333|1|1|1|0|\N|\N|\N|\N
30T5334|1|1|1|0|\N|\N|\N|\N
30T5335|2|2|2|0|\N|\N|\N|\N
30T5336|1|1|1|0|\N|\N|\N|\N
30T5337|2|2|2|0|\N|\N|\N|\N
30T5338|1|1|1|0|\N|\N|\N|\N
30T5339|2|2|2|0|\N|\N|\N|\N
30T5340|2|2|2|0|\N|\N|\N|\N
30T5341|1|1|1|0|3947|3947|3947|0
30T5342|1|1|1|0|1501|1501|1501|0
30T5343|1|1|1|0|1481|1481|1481|0
30T5344|1|1|1|0|1501|1501|1501|0
30T5345|1|1|1|0|1507|1507|1507|0
30T5346|1|1|1|0|1481|1481|1481|0
30T5347|2|2|2|0|1481|1481|1481|0
30T5348|1|1|1|0|\N|\N|\N|\N
30T5349|2|2|2|0|\N|\N|\N|\N
30T5350|2|2|2|0|\N|\N|\N|\N
30T5351|1|1|1|0|\N|\N|\N|\N
30T5352|1|1|1|0|\N|\N|\N|\N
30T5353|1|1|1|0|\N|\N|\N|\N
30T5354|2|2|2|0|\N|\N|\N|\N
30T5355|2|2|2|0|\N|\N|\N|\N
30T5356|1|1|1|0|\N|\N|\N|\N
30T5357|1|1|1|0|\N|\N|\N|\N
30T5358|1|1|1|0|\N|\N|\N|\N
30T5359|3|3|3|0|\N|\N|\N|\N
30T5360|1|1|1|0|\N|\N|\N|\N
30T5361|3|3|3|0|\N|\N|\N|\N
30T5362|3|3|3|0|\N|\N|\N|\N
30T5363|3|3|3|0|\N|\N|\N|\N
30T5364|3|3|3|0|\N|\N|\N|\N
30T5365|3|3|3|0|\N|\N|\N|\N
30T5366|1|1|1|0|\N|\N|\N|\N
30T5367|1|1|1|0|\N|\N|\N|\N
30T5368|1|1|1|0|\N|\N|\N|\N
30T5369|1|1|1|0|\N|\N|\N|\N
30T5370|3|3|3|0|\N|\N|\N|\N
30T5371|2|2|2|0|\N|\N|\N|\N
30T5372|1|1|1|0|\N|\N|\N|\N
30T5373|1|1|1|0|\N|\N|\N|\N
30T5374|2|2|2|0|\N|\N|\N|\N
30T5375|2|2|2|0|\N|\N|\N|\N
30T5376|2|2|2|0|\N|\N|\N|\N
30T5377|1|1|1|0|\N|\N|\N|\N
30T5378|2|2|2|0|\N|\N|\N|\N
30T5379|2|2|2|0|\N|\N|\N|\N
30T5380|1|1|1|0|\N|\N|\N|\N
30T5381|1|1|1|0|\N|\N|\N|\N
30T5382|1|1|1|0|\N|\N|\N|\N
30T5383|1|1|1|0|\N|\N|\N|\N
30T5384|1|1|1|0|\N|\N|\N|\N
30T5385|2|2|2|0|\N|\N|\N|\N
30T5386|3|3|3|0|\N|\N|\N|\N
30T5387|3|3|3|0|\N|\N|\N|\N
30T5388|3|3|3|0|\N|\N|\N|\N
30T5389|1|1|1|0|\N|\N|\N|\N
30T5390|1|1|1|0|\N|\N|\N|\N
30T5391|1|1|1|0|\N|\N|\N|\N
30T5392|3|3|3|0|\N|\N|\N|\N
30T5393|1|1|1|0|\N|\N|\N|\N
30T5394|1|1|1|0|\N|\N|\N|\N
30T5395|\N|\N|\N|\N|\N|\N|\N|\N
30T5396|\N|\N|\N|\N|\N|\N|\N|\N
30T5397|\N|\N|\N|\N|\N|\N|\N|\N
30T5398|\N|\N|\N|\N|\N|\N|\N|\N
30T5399|\N|\N|\N|\N|\N|\N|\N|\N
30T5400|\N|\N|\N|\N|\N|\N|\N|\N
30T5401|\N|\N|\N|\N|\N|\N|\N|\N
30T5402|\N|\N|\N|\N|\N|\N|\N|\N
30T5403|\N|\N|\N|\N|\N|\N|\N|\N
30T5404|\N|\N|\N|\N|\N|\N|\N|\N
30T5405|\N|\N|\N|\N|\N|\N|\N|\N
30T5406|\N|\N|\N|\N|\N|\N|\N|\N
30T5407|\N|\N|\N|\N|\N|\N|\N|\N
30T5408|\N|\N|\N|\N|\N|\N|\N|\N
30T5409|\N|\N|\N|\N|\N|\N|\N|\N
30T5410|\N|\N|\N|\N|\N|\N|\N|\N
30T5411|\N|\N|\N|\N|\N|\N|\N|\N
30T5412|\N|\N|\N|\N|\N|\N|\N|\N
30T5413|\N|\N|\N|\N|\N|\N|\N|\N
30T5414|\N|\N|\N|\N|\N|\N|\N|\N
30T5415|\N|\N|\N|\N|\N|\N|\N|\N
30T5416|\N|\N|\N|\N|\N|\N|\N|\N
30T5417|\N|\N|\N|\N|\N|\N|\N|\N
30T5418|\N|\N|\N|\N|\N|\N|\N|\N
30T5419|\N|\N|\N|\N|\N|\N|\N|\N
30T5420|\N|\N|\N|\N|\N|\N|\N|\N
30T5421|\N|\N|\N|\N|\N|\N|\N|\N
30T5422|\N|\N|\N|\N|\N|\N|\N|\N
30T5423|\N|\N|\N|\N|\N|\N|\N|\N
30T5424|\N|\N|\N|\N|\N|\N|\N|\N
30T5425|\N|\N|\N|\N|\N|\N|\N|\N
30T5426|\N|\N|\N|\N|\N|\N|\N|\N
30T5427|\N|\N|\N|\N|\N|\N|\N|\N
30T5428|\N|\N|\N|\N|\N|\N|\N|\N
30T5429|\N|\N|\N|\N|\N|\N|\N|\N
30T5430|\N|\N|\N|\N|\N|\N|\N|\N
30T5431|\N|\N|\N|\N|\N|\N|\N|\N
30T5432|\N|\N|\N|\N|\N|\N|\N|\N
30T5433|\N|\N|\N|\N|\N|\N|\N|\N
30T5434|\N|\N|\N|\N|\N|\N|\N|\N
30T5435|2|2|2|0|\N|\N|\N|\N
30T5436|2|2|2|0|\N|\N|\N|\N
30T5437|2|2|2|0|\N|\N|\N|\N
30T5438|2|2|2|0|\N|\N|\N|\N
30T5439|2|2|2|0|\N|\N|\N|\N
30T5440|2|2|2|0|\N|\N|\N|\N
30T5441|1|1|1|0|452|452|452|0
30T5442|2|2|2|0|\N|\N|\N|\N
30T5443|3|3|3|0|\N|\N|\N|\N
30T5444|1|1|1|0|\N|\N|\N|\N
30T5445|3|3|3|0|\N|\N|\N|\N
30T5446|1|1|1|0|\N|\N|\N|\N
30T5447|3|3|3|0|\N|\N|\N|\N
30T5448|3|3|3|0|\N|\N|\N|\N
30T5449|2|2|2|0|\N|\N|\N|\N
30T5450|2|2|2|0|\N|\N|\N|\N
30T5451|2|2|2|0|\N|\N|\N|\N
30T5452|2|2|2|0|\N|\N|\N|\N
30T5453|2|2|2|0|\N|\N|\N|\N
30T5454|2|2|2|0|\N|\N|\N|\N
30T5455|2|2|2|0|\N|\N|\N|\N
30T5456|2|2|2|0|\N|\N|\N|\N
30T5457|2|2|2|0|\N|\N|\N|\N
30T5458|2|2|2|0|\N|\N|\N|\N
30T5459|2|2|2|0|\N|\N|\N|\N
30T5460|2|2|2|0|\N|\N|\N|\N
30T5461|2|2|2|0|\N|\N|\N|\N
30T5462|2|2|2|0|\N|\N|\N|\N
30T5463|2|2|2|0|\N|\N|\N|\N
30T5464|2|2|2|0|\N|\N|\N|\N
30T5465|2|2|2|0|\N|\N|\N|\N
30T5466|2|2|2|0|\N|\N|\N|\N
30T5467|2|2|2|0|\N|\N|\N|\N
30T5468|2|2|2|0|\N|\N|\N|\N
30T5469|1|1|1|0|\N|\N|\N|\N
30T5470|1|1|1|0|\N|\N|\N|\N
30T5471|1|1|1|0|\N|\N|\N|\N
30T5472|2|2|2|0|\N|\N|\N|\N
30T5473|2|2|2|0|\N|\N|\N|\N
30T5474|2|2|2|0|\N|\N|\N|\N
30T5475|2|2|2|0|\N|\N|\N|\N
30T5476|2|2|2|0|\N|\N|\N|\N
30T5477|2|2|2|0|\N|\N|\N|\N
30T5478|1|1|1|0|\N|\N|\N|\N
30T5479|2|2|2|0|\N|\N|\N|\N
30T5480|2|2|2|0|\N|\N|\N|\N
30T5481|2|2|2|0|\N|\N|\N|\N
30T5482|2|2|2|0|\N|\N|\N|\N
30T5483|2|2|2|0|\N|\N|\N|\N
30T5484|2|2|2|0|\N|\N|\N|\N
30T5485|2|2|2|0|\N|\N|\N|\N
30T5486|3|3|3|0|\N|\N|\N|\N
30T5487|3|3|3|0|\N|\N|\N|\N
30T5488|2|2|2|0|\N|\N|\N|\N
30T5489|2|2|2|0|\N|\N|\N|\N
30T5490|2|2|2|0|\N|\N|\N|\N
30T5491|2|2|2|0|\N|\N|\N|\N
30T5492|3|3|3|0|\N|\N|\N|\N
30T5493|2|2|2|0|\N|\N|\N|\N
30T5494|2|2|2|0|\N|\N|\N|\N
30T5495|2|2|2|0|\N|\N|\N|\N
30T5496|2|2|2|0|\N|\N|\N|\N
30T5497|3|3|3|0|\N|\N|\N|\N
30T5498|1|1|1|0|\N|\N|\N|\N
30T5499|2|2|2|0|\N|\N|\N|\N
30T5500|2|2|2|0|\N|\N|\N|\N
30T5501|1|1|1|0|\N|\N|\N|\N
30T5502|2|2|2|0|\N|\N|\N|\N
30T5503|2|2|2|0|\N|\N|\N|\N
30T5504|2|2|2|0|\N|\N|\N|\N
30T5505|2|2|2|0|\N|\N|\N|\N
30T5506|2|2|2|0|\N|\N|\N|\N
30T5507|2|2|2|0|\N|\N|\N|\N
30T5508|2|2|2|0|\N|\N|\N|\N
30T5509|2|2|2|0|\N|\N|\N|\N
30T5510|2|2|2|0|\N|\N|\N|\N
30T5511|2|2|2|0|\N|\N|\N|\N
30T5512|2|2|2|0|\N|\N|\N|\N
30T5513|2|2|2|0|\N|\N|\N|\N
30T5514|2|2|2|0|\N|\N|\N|\N
30T5515|2|2|2|0|\N|\N|\N|\N
30T5516|2|2|2|0|\N|\N|\N|\N
30T5517|3|3|3|0|\N|\N|\N|\N
30T5518|3|3|3|0|\N|\N|\N|\N
30T5519|2|2|2|0|\N|\N|\N|\N
30T5520|3|3|3|0|\N|\N|\N|\N
30T5521|3|3|3|0|\N|\N|\N|\N
30T5522|3|3|3|0|\N|\N|\N|\N
30T5523|2|2|2|0|\N|\N|\N|\N
30T5524|3|3|3|0|\N|\N|\N|\N
30T5525|2|2|2|0|\N|\N|\N|\N
30T5526|3|3|3|0|\N|\N|\N|\N
30T5527|3|3|3|0|\N|\N|\N|\N
30T5528|2|2|2|0|\N|\N|\N|\N
30T5529|2|2|2|0|\N|\N|\N|\N
30T5530|3|3|3|0|\N|\N|\N|\N
30T5531|3|3|3|0|\N|\N|\N|\N
30T5532|2|2|2|0|\N|\N|\N|\N
30T5533|2|2|2|0|\N|\N|\N|\N
30T5534|2|2|2|0|\N|\N|\N|\N
30T5535|2|2|2|0|\N|\N|\N|\N
30T5536|3|3|3|0|\N|\N|\N|\N
30T5537|2|2|2|0|\N|\N|\N|\N
30T5538|2|2|2|0|\N|\N|\N|\N
30T5539|2|2|2|0|\N|\N|\N|\N
30T5540|2|2|2|0|\N|\N|\N|\N
30T5541|2|2|2|0|\N|\N|\N|\N
30T5542|2|2|2|0|\N|\N|\N|\N
30T5543|2|2|2|0|\N|\N|\N|\N
30T5544|2|2|2|0|\N|\N|\N|\N
30T5545|2|2|2|0|\N|\N|\N|\N
30T5546|2|2|2|0|\N|\N|\N|\N
30T5547|3|3|3|0|\N|\N|\N|\N
30T5548|2|2|2|0|\N|\N|\N|\N
30T5549|3|3|3|0|\N|\N|\N|\N
30T5550|2|2|2|0|\N|\N|\N|\N
30T5551|3|3|3|0|\N|\N|\N|\N
30T5552|3|3|3|0|\N|\N|\N|\N
30T5553|3|3|3|0|\N|\N|\N|\N
30T5554|3|3|3|0|\N|\N|\N|\N
30T5555|2|2|2|0|\N|\N|\N|\N
30T5556|2|2|2|0|\N|\N|\N|\N
30T5557|3|3|3|0|\N|\N|\N|\N
30T5558|2|2|2|0|\N|\N|\N|\N
30T5559|5|5|5|0|\N|\N|\N|\N
30T5560|3|3|3|0|\N|\N|\N|\N
30T5561|3|3|3|0|\N|\N|\N|\N
30T5562|3|3|3|0|\N|\N|\N|\N
30T5563|3|3|3|0|\N|\N|\N|\N
30T5564|2|2|2|0|\N|\N|\N|\N
30T5565|3|3|3|0|\N|\N|\N|\N
30T5566|3|3|3|0|\N|\N|\N|\N
30T5567|3|3|3|0|\N|\N|\N|\N
30T5568|6|6|6|0|\N|\N|\N|\N
30T5569|3|3|3|0|\N|\N|\N|\N
30T5570|5|5|5|0|\N|\N|\N|\N
30T5571|6|6|6|0|\N|\N|\N|\N
30T5572|3|3|3|0|\N|\N|\N|\N
30T5573|3|3|3|0|\N|\N|\N|\N
30T5574|2|2|2|0|\N|\N|\N|\N
30T5575|2|2|2|0|\N|\N|\N|\N
30T5576|3|3|3|0|\N|\N|\N|\N
30T5577|3|3|3|0|\N|\N|\N|\N
30T5578|3|3|3|0|\N|\N|\N|\N
30T5579|2|2|2|0|\N|\N|\N|\N
30T5580|2|2|2|0|\N|\N|\N|\N
30T5581|2|2|2|0|\N|\N|\N|\N
30T5582|3|3|3|0|\N|\N|\N|\N
30T5583|2|2|2|0|\N|\N|\N|\N
30T5584|3|3|3|0|\N|\N|\N|\N
30T5585|5|5|5|0|\N|\N|\N|\N
30T5586|3|3|3|0|\N|\N|\N|\N
30T5587|3|3|3|0|\N|\N|\N|\N
30T5588|3|3|3|0|\N|\N|\N|\N
30T5589|5|5|5|0|\N|\N|\N|\N
30T5590|1|1|1|0|\N|\N|\N|\N
30T5591|3|3|3|0|\N|\N|\N|\N
30T5592|3|3|3|0|\N|\N|\N|\N
30T5593|1|1|1|0|\N|\N|\N|\N
30T5594|5|5|5|0|\N|\N|\N|\N
30T5595|3|3|3|0|\N|\N|\N|\N
30T5596|3|3|3|0|\N|\N|\N|\N
30T5597|3|3|3|0|\N|\N|\N|\N
30T5598|3|3|3|0|\N|\N|\N|\N
30T5599|5|5|5|0|\N|\N|\N|\N
30T5600|4|4|4|0|\N|\N|\N|\N
30T5601|3|3|3|0|\N|\N|\N|\N
30T5602|3|3|3|0|\N|\N|\N|\N
30T5603|3|3|3|0|\N|\N|\N|\N
30T5604|3|3|3|0|\N|\N|\N|\N
30T5605|3|3|3|0|\N|\N|\N|\N
30T5606|4|4|4|0|\N|\N|\N|\N
30T5607|3|3|3|0|\N|\N|\N|\N
30T5608|3|3|3|0|\N|\N|\N|\N
30T5609|3|3|3|0|\N|\N|\N|\N
30T5610|4|4|4|0|\N|\N|\N|\N
30T5611|3|3|3|0|\N|\N|\N|\N
30T5612|2|2|2|0|\N|\N|\N|\N
30T5613|2|2|2|0|\N|\N|\N|\N
30T5614|2|2|2|0|\N|\N|\N|\N
30T5615|2|2|2|0|\N|\N|\N|\N
30T5616|4|4|4|0|\N|\N|\N|\N
30T5617|3|3|3|0|\N|\N|\N|\N
30T5618|4|4|4|0|\N|\N|\N|\N
30T5619|1|1|1|0|\N|\N|\N|\N
30T5620|3|3|3|0|\N|\N|\N|\N
30T5621|4|4|4|0|\N|\N|\N|\N
30T5622|4|4|4|0|\N|\N|\N|\N
30T5623|4|4|4|0|\N|\N|\N|\N
30T5624|1|1|1|0|\N|\N|\N|\N
30T5625|4|4|4|0|\N|\N|\N|\N
30T5626|4|4|4|0|\N|\N|\N|\N
30T5627|1|1|1|0|\N|\N|\N|\N
30T5628|3|3|3|0|\N|\N|\N|\N
30T5629|3|3|3|0|\N|\N|\N|\N
30T5630|3|3|3|0|\N|\N|\N|\N
30T5631|3|3|3|0|\N|\N|\N|\N
30T5632|4|4|4|0|\N|\N|\N|\N
30T5633|4|4|4|0|\N|\N|\N|\N
30T5634|4|4|4|0|\N|\N|\N|\N
30T5635|4|4|4|0|\N|\N|\N|\N
30T5636|2|2|2|0|\N|\N|\N|\N
30T5637|2|2|2|0|\N|\N|\N|\N
30T5638|2|2|2|0|\N|\N|\N|\N
30T5639|2|2|2|0|\N|\N|\N|\N
30T5640|2|2|2|0|\N|\N|\N|\N
30T5641|4|4|4|0|\N|\N|\N|\N
30T5642|4|4|4|0|\N|\N|\N|\N
30T5643|1|1|1|0|\N|\N|\N|\N
30T5644|1|1|1|0|\N|\N|\N|\N
30T5645|1|1|1|0|\N|\N|\N|\N
30T5646|4|4|4|0|\N|\N|\N|\N
30T5647|4|4|4|0|\N|\N|\N|\N
30T5648|3|3|3|0|\N|\N|\N|\N
30T5649|1|1|1|0|\N|\N|\N|\N
30T5650|1|1|1|0|\N|\N|\N|\N
30T5651|4|4|4|0|\N|\N|\N|\N
30T5652|4|4|4|0|\N|\N|\N|\N
30T5653|4|4|4|0|\N|\N|\N|\N
30T5654|4|4|4|0|\N|\N|\N|\N
30T5655|2|2|2|0|\N|\N|\N|\N
30T5656|1|1|1|0|\N|\N|\N|\N
30T5657|2|2|2|0|\N|\N|\N|\N
30T5658|2|2|2|0|\N|\N|\N|\N
30T5659|2|2|2|0|\N|\N|\N|\N
30T5660|2|2|2|0|\N|\N|\N|\N
30T5661|1|1|1|0|\N|\N|\N|\N
30T5662|3|3|3|0|\N|\N|\N|\N
30T5663|1|1|1|0|\N|\N|\N|\N
30T5664|3|3|3|0|\N|\N|\N|\N
30T5665|1|1|1|0|\N|\N|\N|\N
30T5666|1|1|1|0|\N|\N|\N|\N
30T5667|2|2|2|0|\N|\N|\N|\N
30T5668|1|1|1|0|\N|\N|\N|\N
30T5669|2|2|2|0|\N|\N|\N|\N
30T5670|4|4|4|0|\N|\N|\N|\N
30T5671|3|3|3|0|\N|\N|\N|\N
30T5672|2|2|2|0|\N|\N|\N|\N
30T5673|2|2|2|0|\N|\N|\N|\N
30T5674|2|2|2|0|\N|\N|\N|\N
30T5675|4|4|4|0|\N|\N|\N|\N
30T5676|1|1|1|0|\N|\N|\N|\N
30T5677|4|4|4|0|\N|\N|\N|\N
30T5678|3|3|3|0|\N|\N|\N|\N
30T5679|1|1|1|0|\N|\N|\N|\N
30T5680|3|3|3|0|\N|\N|\N|\N
30T5681|2|2|2|0|\N|\N|\N|\N
30T5682|3|3|3|0|\N|\N|\N|\N
30T5683|3|3|3|0|\N|\N|\N|\N
30T5684|1|1|1|0|\N|\N|\N|\N
30T5685|1|1|1|0|\N|\N|\N|\N
30T5686|1|1|1|0|\N|\N|\N|\N
30T5687|3|3|3|0|\N|\N|\N|\N
30T5688|1|1|1|0|\N|\N|\N|\N
30T5689|1|1|1|0|\N|\N|\N|\N
30T5690|3|3|3|0|\N|\N|\N|\N
30T5691|3|3|3|0|\N|\N|\N|\N
30T5692|1|1|1|0|\N|\N|\N|\N
30T5693|2|2|2|0|\N|\N|\N|\N
30T5694|1|1|1|0|\N|\N|\N|\N
30T5695|1|1|1|0|\N|\N|\N|\N
30T5696|1|1|1|0|\N|\N|\N|\N
30T5697|2|2|2|0|\N|\N|\N|\N
30T5698|2|2|2|0|\N|\N|\N|\N
30T5699|2|2|2|0|\N|\N|\N|\N
30T5700|2|2|2|0|\N|\N|\N|\N
30T5701|3|3|3|0|\N|\N|\N|\N
30T5702|2|2|2|0|\N|\N|\N|\N
30T5703|1|1|1|0|\N|\N|\N|\N
30T5704|3|3|3|0|\N|\N|\N|\N
30T5705|3|3|3|0|\N|\N|\N|\N
30T5706|1|1|1|0|\N|\N|\N|\N
30T5707|2|2|2|0|\N|\N|\N|\N
30T5708|3|3|3|0|\N|\N|\N|\N
30T5709|3|3|3|0|\N|\N|\N|\N
30T5710|1|1|1|0|\N|\N|\N|\N
30T5711|2|2|2|0|\N|\N|\N|\N
30T5712|1|1|1|0|\N|\N|\N|\N
